{"type":"FeatureCollection","crs":{"type":"name","properties":{"name":"EPSG:4326"}},"features":[{"type":"Feature","geometry":{"type":"Polygon","coordinates":[[[-1.24118485027801,54.7233353052301],[-1.24099446513821,54.723193897637],[-1.17616941170087,54.6976864373962],[-1.17401455835006,54.6918753773587],[-1.17419304324753,54.6918818440136],[-1.19625576549429,54.698583734081],[-1.18804188222018,54.6933616754681],[-1.18886433508758,54.6924124072102],[-1.19210598408711,54.6925293699222],[-1.19437290138972,54.6860528646384],[-1.19910675817445,54.6805859394163],[-1.17588335601125,54.6534203435472],[-1.15763713826617,54.6482059780103],[-1.17316596143816,54.6337153993512],[-1.18824961393819,54.6326045284436],[-1.19227998362176,54.6294659591066],[-1.20939331192185,54.62168499561],[-1.23421018610497,54.6288774588091],[-1.25671736456406,54.6233505298615],[-1.29901427298173,54.6279818884868],[-1.31636432536428,54.6452348524527],[-1.32886363882166,54.6440016092939],[-1.33506092900011,54.6313239680584],[-1.38084708286666,54.6438022247404],[-1.34125422761501,54.6502118986462],[-1.34787134473742,54.6624292323825],[-1.33094416840882,54.6821617193165],[-1.34453719886964,54.6911216653161],[-1.31936389932285,54.6912974496848],[-1.30132484271011,54.7080916527674],[-1.30539662216899,54.7176144466872],[-1.2702517668578,54.727168687781],[-1.25186499193155,54.7196229898455],[-1.24118485027801,54.7233353052301]]]},"properties":{"CTYUA23CD":"E06000001","CTYUA23NM":"Hartlepool"}},{"type":"Feature","geometry":{"type":"Polygon","coordinates":[[[-1.19860514666249,54.5828675967107],[-1.16664379236633,54.5542344040448],[-1.19906310206351,54.5444972331317],[-1.16131999257655,54.5249793625718],[-1.15974002031795,54.5158365045043],[-1.13736871919394,54.5149951327635],[-1.14619694918505,54.5028216123635],[-1.2348659056463,54.5103160454452],[-1.28224939504062,54.5183804426516],[-1.28543171080611,54.5362499540584],[-1.27061195907946,54.556024484252],[-1.28262621501787,54.5652835671641],[-1.26255895403343,54.5702928296856],[-1.25235914677446,54.5913145430831],[-1.19860514666249,54.5828675967107]]]},"properties":{"CTYUA23CD":"E06000002","CTYUA23NM":"Middlesbrough"}},{"type":"Feature","geometry":{"type":"Polygon","coordinates":[[[-0.791803406684005,54.5583130360091],[-0.80041918962436,54.5510109262824],[-0.827081463556422,54.5485187060854],[-0.848647297024731,54.5300038297076],[-0.848530740694743,54.4879729376572],[-0.880825023321814,54.4970468612461],[-0.952589374508347,54.4880153432179],[-1.00340105305077,54.5030121002798],[-1.0368514550928,54.4940440605226],[-1.09473696863192,54.5066956099133],[-1.11838000658732,54.4981985705854],[-1.14619694918505,54.5028216123635],[-1.13736871919394,54.5149951327635],[-1.15974002031795,54.5158365045043],[-1.16131999257655,54.5249793625718],[-1.19906310206351,54.5444972331317],[-1.16664379236633,54.5542344040448],[-1.19860514666249,54.5828675967107],[-1.18771768746909,54.5897411044241],[-1.19751626703973,54.5821095485903],[-1.1601890467375,54.6045000950557],[-1.1467473278275,54.5990819136984],[-1.15753376316828,54.6054167308634],[-1.15177599272898,54.6145313009875],[-1.13228972511792,54.6085739702736],[-1.15084115505409,54.6151357631031],[-1.15433161080956,54.6277027523744],[-1.13538931589707,54.6296951466783],[-1.13692853048525,54.6431883148922],[-1.12562932672816,54.6380767126362],[-1.11278072375207,54.6277089371567],[-1.07234156599659,54.6201626338144],[-1.05257983062295,54.6164690030561],[-1.04035425870814,54.6110155235296],[-1.03663668687146,54.6084867350771],[-1.02702169533725,54.6050651779034],[-1.00054364237584,54.5932384845271],[-0.961483425260444,54.5849131915143],[-0.947076641366433,54.5874099192451],[-0.936269831613294,54.5881090180606],[-0.898265057834884,54.5712655994025],[-0.853433805366454,54.5717802775552],[-0.844236166514544,54.5697099846074],[-0.794250934628727,54.5584429492982],[-0.791803406684005,54.5583130360091]]]},"properties":{"CTYUA23CD":"E06000003","CTYUA23NM":"Redcar and Cleveland"}},{"type":"Feature","geometry":{"type":"Polygon","coordinates":[[[-1.19227998362176,54.6294659591066],[-1.20065229905146,54.6229442016829],[-1.1729776845626,54.6215416379341],[-1.16796351841264,54.6293347715757],[-1.15997501820635,54.6113285710455],[-1.18557933801797,54.5914060605112],[-1.18771768746909,54.5897411044241],[-1.19860514666249,54.5828675967107],[-1.25235914677446,54.5913145430831],[-1.26255895403343,54.5702928296856],[-1.28262621501787,54.5652835671641],[-1.27061195907946,54.556024484252],[-1.28543171080611,54.5362499540584],[-1.28224939504062,54.5183804426516],[-1.2348659056463,54.5103160454452],[-1.25667466779605,54.5011079136759],[-1.25740307371,54.4873218300283],[-1.28109315435744,54.4905672487205],[-1.30043052365099,54.4758220056787],[-1.3436289617262,54.4641554130233],[-1.34491503450455,54.4724080092533],[-1.36441713758622,54.4659524096737],[-1.37256157635986,54.4723074618139],[-1.38101055095849,54.4940289315591],[-1.39505004776972,54.4856799730286],[-1.4070888004288,54.4935296390409],[-1.4127863622095,54.4771953992089],[-1.43211777207151,54.4794545660635],[-1.43490529222604,54.4874931719167],[-1.42148546431813,54.5196376092943],[-1.44960745554185,54.5329679204731],[-1.44675561644352,54.555668351305],[-1.41134632042076,54.5648192973913],[-1.40729171028139,54.593728413478],[-1.42332719850805,54.6031268661412],[-1.43835548898022,54.5950796119261],[-1.45091942351288,54.6105396138688],[-1.41253632830273,54.6168008798432],[-1.38084708286666,54.6438022247404],[-1.33506092900011,54.6313239680584],[-1.32886363882166,54.6440016092939],[-1.31636432536428,54.6452348524527],[-1.29901427298173,54.6279818884868],[-1.25671736456406,54.6233505298615],[-1.23421018610497,54.6288774588091],[-1.20939331192185,54.62168499561],[-1.19227998362176,54.6294659591066]]]},"properties":{"CTYUA23CD":"E06000004","CTYUA23NM":"Stockton-on-Tees"}},{"type":"Feature","geometry":{"type":"Polygon","coordinates":[[[-1.43835548898022,54.5950796119261],[-1.42332719850805,54.6031268661412],[-1.40729171028139,54.593728413478],[-1.41134632042076,54.5648192973913],[-1.44675561644352,54.555668351305],[-1.44960745554185,54.5329679204731],[-1.42148546431813,54.5196376092943],[-1.43490529222604,54.4874931719167],[-1.45850783644379,54.5039188897358],[-1.47484256726738,54.5004265241088],[-1.45838201882701,54.4925217632892],[-1.46231204065857,54.4512285066101],[-1.475464579469,54.4739075698749],[-1.49878945098745,54.4753428296909],[-1.49177548206257,54.4862004926085],[-1.51134080604103,54.4750122616584],[-1.51413191899894,54.4837750921411],[-1.52883695102378,54.4848137386155],[-1.51969374190879,54.4711152253795],[-1.54567271781715,54.4712384767644],[-1.55519520906131,54.484978191684],[-1.58298032825201,54.4971007337083],[-1.57921485380735,54.5051876853776],[-1.5918807025688,54.5043008614548],[-1.58106853741621,54.512845659506],[-1.60249810301447,54.5104886371089],[-1.61148472706396,54.5200007878436],[-1.63344443619249,54.5141122922505],[-1.63377378148266,54.5253643798481],[-1.65467519937522,54.5246500970582],[-1.65793716561516,54.5345889230914],[-1.69692636355207,54.5360064297071],[-1.70527424961459,54.5491719567045],[-1.69120671271364,54.5562446290065],[-1.70928210885412,54.5631794622174],[-1.70898440615518,54.5741416873651],[-1.69402783337592,54.586893850473],[-1.67931169574512,54.5859733295815],[-1.68242215879617,54.6177711334526],[-1.60676411917432,54.6175403660373],[-1.60621813900068,54.6034402424268],[-1.58419280946254,54.6104860465821],[-1.59340930184247,54.5950771640614],[-1.57626627480123,54.5801984886256],[-1.55282400409124,54.5823421868969],[-1.55864448318351,54.5921168483847],[-1.5267640482967,54.5964541221721],[-1.46885572081472,54.6005273354345],[-1.45170547077754,54.5908279807612],[-1.43835548898022,54.5950796119261]]]},"properties":{"CTYUA23CD":"E06000005","CTYUA23NM":"Darlington"}},{"type":"Feature","geometry":{"type":"MultiPolygon","coordinates":[[[[-2.63062192979903,53.3640498201747],[-2.63146774491781,53.3460335211033],[-2.60660651159164,53.3429958909847],[-2.61912539675201,53.3310706410163],[-2.59522305170231,53.3224543711675],[-2.60908651552069,53.3120712133787],[-2.61996173477241,53.3202652492724],[-2.62412274757937,53.3093981931032],[-2.64506142803031,53.3101350721447],[-2.64155693821446,53.3050347970597],[-2.68515177103575,53.3154514620959],[-2.70079895863185,53.3057928192336],[-2.72355800180627,53.313125424124],[-2.73892866186995,53.306764273019],[-2.75245521144682,53.3147870174098],[-2.76339190544171,53.3276754297393],[-2.75433708739384,53.3431594290408],[-2.7189977032762,53.3448375188315],[-2.69935240672089,53.356709863676],[-2.67868932329394,53.3547820525005],[-2.67464077832375,53.3536643586096],[-2.63062192979903,53.3640498201747]]],[[[-2.69063279918862,53.3853882195736],[-2.69088091909772,53.3608057382767],[-2.6933786824617,53.3618161881832],[-2.73430922778042,53.3477745659613],[-2.76449140010952,53.3552864529334],[-2.75913359064553,53.3496073904317],[-2.77822048536501,53.332626043558],[-2.78428782985774,53.3364309773966],[-2.77769098803628,53.3292802782324],[-2.78863136183167,53.3225396179952],[-2.82666108251466,53.331656791369],[-2.82786480033037,53.3314723678215],[-2.83233934882774,53.3372862552482],[-2.81873167222311,53.3398033332105],[-2.81880693241227,53.3480007079547],[-2.78730169890451,53.3562903954798],[-2.77667109006624,53.3810587132587],[-2.75765407352424,53.3807378701135],[-2.74517463855405,53.402095646477],[-2.71522678914772,53.3990348997275],[-2.71280344145918,53.3906260083639],[-2.69063279918862,53.3853882195736]]]]},"properties":{"CTYUA23CD":"E06000006","CTYUA23NM":"Halton"}},{"type":"Feature","geometry":{"type":"Polygon","coordinates":[[[-2.48971382174961,53.460282297438],[-2.44937818830286,53.4158914442799],[-2.47804769508193,53.3957042399311],[-2.42658992510444,53.3874615169358],[-2.43987999487119,53.3666626456098],[-2.48687843882333,53.3679038004418],[-2.52104960816655,53.3479004826802],[-2.51839296054763,53.3423902754329],[-2.56187507812781,53.3233428508857],[-2.58628969384403,53.3293968051751],[-2.59522305170231,53.3224543711675],[-2.61912539675201,53.3310706410163],[-2.60660651159164,53.3429958909847],[-2.63146774491781,53.3460335211033],[-2.63062192979903,53.3640498201747],[-2.67464077832375,53.3536643586096],[-2.67868932329394,53.3547820525005],[-2.67518815433053,53.3544550300627],[-2.69088091909772,53.3608057382767],[-2.69063279918862,53.3853882195736],[-2.67631721273559,53.3876193652007],[-2.66355469839731,53.4287136603009],[-2.67526772503103,53.4329653045709],[-2.66851362188863,53.4409070517932],[-2.68207563750069,53.4389014095777],[-2.67718842620519,53.4527798657742],[-2.63913593419739,53.4443910202317],[-2.62746241529418,53.4344126024006],[-2.59623052707265,53.442666292997],[-2.59868492292473,53.4504137677632],[-2.58529604429635,53.4398072160608],[-2.57666478059629,53.4460852732717],[-2.57032006670683,53.4585336800578],[-2.54908962869768,53.4615115566576],[-2.55263854410147,53.4678134069205],[-2.4963344588829,53.4809294219504],[-2.48971382174961,53.460282297438]]]},"properties":{"CTYUA23CD":"E06000007","CTYUA23NM":"Warrington"}},{"type":"Feature","geometry":{"type":"Polygon","coordinates":[[[-2.41099845161325,53.7051758117169],[-2.39834827805747,53.6915598628812],[-2.37442427465371,53.6872544342486],[-2.37123619444388,53.667080654493],[-2.36264954975664,53.6559199386866],[-2.37009698250137,53.6319480677494],[-2.37912645804028,53.6308524488527],[-2.42169643500597,53.623835573874],[-2.43868216156574,53.6460720343122],[-2.45970004381105,53.6200426941985],[-2.47918554429441,53.6170104176005],[-2.51132292934796,53.6269949667172],[-2.53236956619436,53.6648762944689],[-2.51565600534206,53.6924029421821],[-2.53977957143907,53.7021842995436],[-2.56160160852994,53.7469013543165],[-2.55126201509644,53.7563663504931],[-2.46580771374763,53.7808134079364],[-2.44631709415123,53.7665897010512],[-2.45163333979243,53.7564683821806],[-2.44006779499927,53.7494181204385],[-2.4336882915626,53.7192143419331],[-2.41099845161325,53.7051758117169]]]},"properties":{"CTYUA23CD":"E06000008","CTYUA23NM":"Blackburn with Darwen"}},{"type":"Feature","geometry":{"type":"Polygon","coordinates":[[[-3.01065293005663,53.8261939007195],[-2.99500424807209,53.8184887245035],[-2.98335722276106,53.7938034453417],[-3.00388680512874,53.7913422868504],[-2.99647825993957,53.7745040254686],[-3.02880130418184,53.7731167798034],[-3.03282276979925,53.7808616734318],[-3.05710546677166,53.7765334150351],[-3.05001345229291,53.8516452454782],[-3.04785645120624,53.874437169167],[-3.0197498931885,53.8685995788685],[-3.01065293005663,53.8261939007195]]]},"properties":{"CTYUA23CD":"E06000009","CTYUA23NM":"Blackpool"}},{"type":"Feature","geometry":{"type":"Polygon","coordinates":[[[-0.251299631854577,53.7335992252335],[-0.286639848236336,53.7425452097406],[-0.331215339638069,53.7383128278085],[-0.419109372020862,53.7196022685962],[-0.422301309344807,53.7315042915925],[-0.401939174774099,53.7499873006913],[-0.422275951488394,53.7509800706341],[-0.418203810999879,53.760632345122],[-0.388109704295119,53.7693453926635],[-0.392219628895841,53.7911328814836],[-0.359405407063181,53.7934040126952],[-0.362337858605689,53.8049282035243],[-0.316134326202857,53.8132701672882],[-0.278250259007925,53.7820601876125],[-0.252324831097553,53.781328333266],[-0.254260015416039,53.7634700670413],[-0.241453823958227,53.7547558273186],[-0.251299631854577,53.7335992252335]]]},"properties":{"CTYUA23CD":"E06000010","CTYUA23NM":"Kingston upon Hull, City of"}},{"type":"Feature","geometry":{"type":"Polygon","coordinates":[[[-0.212665470866143,54.1577338804314],[-0.212509855046284,54.1576920315038],[-0.16436260193432,54.1458555062859],[-0.0969870541091598,54.1292484168326],[-0.0808136991529905,54.119486566936],[-0.0763046353875034,54.1163599894276],[-0.104481722870351,54.1041455586934],[-0.166436540220089,54.0988956934067],[-0.166815043322521,54.0988635175923],[-0.176659138273152,54.0897160177433],[-0.191876171153166,54.0799571708687],[-0.19997752534826,54.0680277758915],[-0.212282575480449,54.0565717649017],[-0.2128365261777,54.0227232365168],[-0.213085827109281,54.0074592248311],[-0.173653310527935,53.9343887242879],[-0.156013256944389,53.9016139928616],[-0.147155160573956,53.8932394826076],[-0.147048574947464,53.8930491075493],[-0.145985257606318,53.8921331507676],[-0.0920816174976036,53.8410835608393],[-0.0371256689628836,53.7888857326837],[0.116534301015206,53.6631060893321],[0.117246141473237,53.6617543913566],[0.119360621178712,53.6577387395237],[0.145639402472557,53.6077671968014],[0.146157876058011,53.6041278016746],[0.144973684675415,53.5987228774761],[0.141991934060034,53.5957143326288],[0.112915084949757,53.5751046427443],[0.109104688004594,53.5724016830189],[0.109160549604589,53.5724983423801],[0.112925046562089,53.5753046693787],[0.142476631948672,53.5973164027351],[0.144683014700431,53.6046075585033],[0.142362087313204,53.6094371075224],[0.11531715302394,53.6232092270678],[0.0814282896642986,53.6404455319619],[0.0324669900580587,53.6493460269488],[-0.0534067460370155,53.629193677738],[-0.0558408143194678,53.6293227074384],[-0.103431308926768,53.635285222584],[-0.143677489379657,53.6621051518716],[-0.184283928069472,53.6891173432131],[-0.214019080189804,53.7088674212547],[-0.227145797843287,53.7084958067226],[-0.230224209345142,53.7335530887079],[-0.243074244918635,53.7294645906742],[-0.244332662413289,53.7371763288779],[-0.244040643165144,53.7375320406923],[-0.247304680963925,53.7411713801422],[-0.245133176730637,53.7365589724539],[-0.250157330935867,53.7333098262588],[-0.251299631854577,53.7335992252335],[-0.241453823958227,53.7547558273186],[-0.254260015416039,53.7634700670413],[-0.252324831097553,53.781328333266],[-0.278250259007925,53.7820601876125],[-0.316134326202857,53.8132701672882],[-0.362337858605689,53.8049282035243],[-0.359405407063181,53.7934040126952],[-0.392219628895841,53.7911328814836],[-0.388109704295119,53.7693453926635],[-0.418203810999879,53.760632345122],[-0.422275951488394,53.7509800706341],[-0.401939174774099,53.7499873006913],[-0.422301309344807,53.7315042915925],[-0.419109372020862,53.7196022685962],[-0.419208056089771,53.719581214081],[-0.486294740293649,53.7135399014815],[-0.542564628152399,53.7084428375779],[-0.583338025607579,53.726600467585],[-0.630217952702746,53.7339935237051],[-0.637248965621267,53.7288934521943],[-0.618534438772313,53.730510238373],[-0.671611925277973,53.7218427376872],[-0.695979861644625,53.7043619833418],[-0.742598590885512,53.7069815211668],[-0.712492069703981,53.7023346652396],[-0.698526469683329,53.6977334739359],[-0.70997840572146,53.6958644220923],[-0.699725310049221,53.695693402953],[-0.699125441023546,53.6902967587964],[-0.702380787457698,53.6774872657324],[-0.72176846098143,53.6793606095305],[-0.774499549375076,53.6562092291607],[-0.772135989616307,53.6640752763458],[-0.788743473253485,53.6592097362658],[-0.84826408757923,53.6330366610864],[-0.865338726025611,53.6377082330427],[-0.946844642823067,53.6591417674831],[-1.04866263627315,53.6560574799883],[-1.10335931463428,53.6694993150062],[-1.08105979945912,53.6845261163248],[-1.07491406055148,53.7039428068863],[-1.06165845001237,53.7067658870138],[-1.03892593442347,53.6938822988663],[-0.98031983964866,53.6969451198143],[-0.980546833755429,53.704983238834],[-0.962649915494684,53.7007959045694],[-0.957714760664253,53.7148354865322],[-0.90373907840941,53.7183593948181],[-0.910951228887268,53.7326702588199],[-0.960825708909963,53.7360029819787],[-0.973593546117509,53.7498570430785],[-0.9282535548479,53.7655984452703],[-0.934499012722836,53.801777189949],[-0.920106077429086,53.8160929938847],[-0.940610986349814,53.8235184672165],[-0.948190213018105,53.8615827000673],[-0.92340332414165,53.8807196192133],[-0.920841870612821,53.8906903441492],[-0.949519693908425,53.8939148052901],[-0.921532912196918,53.9214065307341],[-0.921212172316722,53.960422224726],[-0.934106000959381,53.9684564232377],[-0.925294992911636,53.9915183749039],[-0.893902669681898,53.999535080715],[-0.878427062104742,54.0171996463864],[-0.800704633922219,54.0241186193512],[-0.799191011163153,54.0190548395313],[-0.734257303331504,54.0302587746812],[-0.730489261578151,54.0127008358487],[-0.68350162911553,54.0088018537222],[-0.687039074332374,54.0307676605558],[-0.659484342246755,54.0371698266984],[-0.644653954650704,54.0551130976901],[-0.660316933915928,54.0631000537815],[-0.615523445115742,54.0704937097045],[-0.563137247607814,54.0939995264476],[-0.524612344870749,54.0854747476295],[-0.465942458016893,54.1076329777782],[-0.454351131499513,54.1167625123579],[-0.458539666811106,54.1259736092488],[-0.427093852639448,54.1374425618928],[-0.433168631458221,54.1640727154203],[-0.418427787901165,54.1740253124123],[-0.390747238234669,54.1765207062365],[-0.37492744814463,54.1541131538012],[-0.346397161515299,54.1468729425246],[-0.323841934250232,54.1502969345498],[-0.304236423519452,54.1362618525541],[-0.265419797803465,54.1405585100405],[-0.22974662180302,54.1324403558],[-0.212665470866143,54.1577338804314]]]},"properties":{"CTYUA23CD":"E06000011","CTYUA23NM":"East Riding of Yorkshire"}},{"type":"Feature","geometry":{"type":"Polygon","coordinates":[[[0.0153544542883226,53.528122344429],[-0.0147992888545281,53.5153685728982],[-0.0650454106098383,53.5187396577703],[-0.0752620038904992,53.4893357399272],[-0.0954884503108306,53.4859889965573],[-0.0898037355375292,53.4776824153005],[-0.10782063241139,53.4698627577246],[-0.0822093450711557,53.4511510063818],[-0.120343715760136,53.4335649233719],[-0.131844979439125,53.435925544369],[-0.149227746736442,53.4466996653901],[-0.153680016923717,53.4656777580012],[-0.181804717740498,53.4686494122524],[-0.188565229273785,53.4845380584939],[-0.210604976147154,53.4862884751414],[-0.204086448790055,53.5117673428116],[-0.210589579218055,53.5317064650029],[-0.219882527217496,53.5326064916734],[-0.189340889945024,53.5659225885263],[-0.195185374970214,53.5716193575954],[-0.222558901329779,53.5680169282635],[-0.234668675193634,53.586250419398],[-0.251395553409818,53.584653076988],[-0.24847604907361,53.5936636925887],[-0.29211512919743,53.6132674312187],[-0.232616662304542,53.6240029893557],[-0.200792478870285,53.6400207766857],[-0.200723603455493,53.6399659715778],[-0.186723670633616,53.6322771546127],[-0.0938439619732944,53.5811556843544],[-0.0792728736743649,53.5769564434915],[-0.0649567017794863,53.5833721456157],[-0.0623632705989351,53.5827124458429],[-0.0150376667550763,53.5515090601444],[-0.0035200292353848,53.5467196079998],[-0.00854107572778755,53.5556690400336],[0.0153544542883226,53.528122344429]]]},"properties":{"CTYUA23CD":"E06000012","CTYUA23NM":"North East Lincolnshire"}},{"type":"Feature","geometry":{"type":"MultiPolygon","coordinates":[[[[-0.520770416932692,53.6852188060417],[-0.535747782738275,53.6812564238745],[-0.55371706680489,53.6903324578193],[-0.520770416932692,53.6852188060417]]],[[[-0.294150161665221,53.714141503455],[-0.252344264348963,53.6809904578147],[-0.237855982165026,53.6635711532267],[-0.203332656716278,53.6420418925106],[-0.200792478870285,53.6400207766857],[-0.232616662304542,53.6240029893557],[-0.29211512919743,53.6132674312187],[-0.308555246775199,53.6143287578592],[-0.300743140941247,53.5952836309763],[-0.335938821094677,53.5586265922375],[-0.41696297298743,53.5632146898956],[-0.429001046046789,53.5745247151217],[-0.467018371437879,53.5489606923849],[-0.490926930402738,53.5458749237782],[-0.50125785289296,53.5374615766105],[-0.430664749921137,53.5463371564568],[-0.408145080459695,53.5321088685983],[-0.405074524830151,53.5176169033637],[-0.488383657821996,53.5048602245041],[-0.486630004727343,53.4804701677829],[-0.471749465254693,53.4748729017697],[-0.551788631166795,53.4595199872907],[-0.629752674978015,53.4582189924615],[-0.624491104429227,53.5128392148578],[-0.739591684118626,53.5199359490779],[-0.752113860480161,53.500530608656],[-0.768109606084077,53.4989256083412],[-0.771568244935175,53.4792015606648],[-0.784388777567045,53.4766692157187],[-0.784364875033277,53.4633795465991],[-0.797483349537156,53.4550644469113],[-0.871919281432214,53.4663108039549],[-0.916249020723134,53.4602956897155],[-0.920246794246959,53.4655076505704],[-0.9004706270826,53.4751558672792],[-0.935564625288195,53.5025165293909],[-0.932094163383945,53.5106718236165],[-0.950009087300711,53.5136574344691],[-0.943715825340442,53.5306430186682],[-0.892295380495885,53.5374669638455],[-0.901265910078631,53.5479084252502],[-0.890995208077956,53.5665589822921],[-0.901117807880235,53.5687242266136],[-0.897926451077773,53.5832774385938],[-0.865338726025611,53.6377082330427],[-0.84826408757923,53.6330366610864],[-0.788743473253485,53.6592097362658],[-0.772135989616307,53.6640752763458],[-0.774499549375076,53.6562092291607],[-0.72176846098143,53.6793606095305],[-0.702380787457698,53.6774872657324],[-0.699125441023546,53.6902967587964],[-0.698493650558127,53.6846112388925],[-0.691738953885145,53.6787532983637],[-0.684916026531492,53.6728342894755],[-0.694908836006211,53.6945228870885],[-0.639504133860446,53.7101691883243],[-0.610655001720264,53.7144582497398],[-0.586254456949993,53.6933387526972],[-0.523512658257057,53.6769937308949],[-0.487081675840563,53.691610149322],[-0.470575723188397,53.6982254614012],[-0.443415969655919,53.6973541779952],[-0.442844430384238,53.6892812187967],[-0.442570645390069,53.6973313244509],[-0.39494446993873,53.7000482130947],[-0.390496302246744,53.6892467239763],[-0.387605025750805,53.7021888289882],[-0.294150161665221,53.714141503455]]]]},"properties":{"CTYUA23CD":"E06000013","CTYUA23NM":"North Lincolnshire"}},{"type":"Feature","geometry":{"type":"Polygon","coordinates":[[[-0.925294992911636,53.9915183749039],[-0.934106000959381,53.9684564232377],[-0.921212172316722,53.960422224726],[-0.921532912196918,53.9214065307341],[-0.949519693908425,53.8939148052901],[-0.920841870612821,53.8906903441492],[-0.92340332414165,53.8807196192133],[-0.94398126304104,53.8880584289192],[-0.99280308596167,53.875191698595],[-1.00818565733314,53.8899358044213],[-1.06498679396312,53.8746106755461],[-1.09116902566234,53.8857885932879],[-1.10526167148522,53.8756572810458],[-1.19949479443534,53.9253512745255],[-1.22371908740097,53.9747546314411],[-1.21659687756026,53.9856125434161],[-1.18210315303178,53.9853452650908],[-1.18880639954997,54.0024801563799],[-1.15168802423516,53.9891154404805],[-1.13699822638128,53.9910826227764],[-1.14909066483636,54.0029473807412],[-1.14079656188959,54.0298588147557],[-1.12017616405721,54.0290263629553],[-1.08940781055503,54.0480145581272],[-1.05873382513449,54.0478451039287],[-1.05971214270556,54.0568828853467],[-1.01437741453304,54.0493218162912],[-1.00208473428272,54.05526306804],[-0.966863590182243,54.0229665625771],[-0.984707223975977,54.0025472500991],[-0.975366299699151,54.0047315730567],[-0.971919430860755,53.9967101665702],[-0.9948365230849,53.983064171689],[-0.925294992911636,53.9915183749039]]]},"properties":{"CTYUA23CD":"E06000014","CTYUA23NM":"York"}},{"type":"Feature","geometry":{"type":"Polygon","coordinates":[[[-1.3883558021229,52.9014737254587],[-1.4027722736366,52.9004624528618],[-1.41891258900273,52.8845464719659],[-1.42356745031987,52.8650780490912],[-1.44622683054701,52.8613094242586],[-1.46408640129894,52.8725599145534],[-1.4945127882837,52.8700789964507],[-1.50311222561322,52.8848454480296],[-1.54169100450497,52.8895399274417],[-1.5568346800686,52.9146454554536],[-1.54406849888716,52.9242077388049],[-1.508028820759,52.9374518096928],[-1.49540548177514,52.9658793628944],[-1.4746889725232,52.9659093501289],[-1.46855219193081,52.9506623061892],[-1.40928062885273,52.9503226440389],[-1.42396412434777,52.9356510691741],[-1.38307440746764,52.9259315696433],[-1.3883558021229,52.9014737254587]]]},"properties":{"CTYUA23CD":"E06000015","CTYUA23NM":"Derby"}},{"type":"Feature","geometry":{"type":"Polygon","coordinates":[[[-1.04861278988328,52.6549959563935],[-1.04696224710518,52.6346200812552],[-1.07048970747673,52.6180668313852],[-1.09661352028508,52.616491381756],[-1.10365075505458,52.595911794444],[-1.12017085196089,52.5975440768737],[-1.14361854307226,52.5880254265962],[-1.14949577431606,52.5810241157686],[-1.16094169838228,52.5825305499133],[-1.15789024255452,52.5908219889961],[-1.17422436304014,52.5929263417255],[-1.16549861830906,52.6131026368302],[-1.215980784602,52.6345335562772],[-1.20725216803536,52.6425879716146],[-1.19065594938898,52.6403938594434],[-1.18528923933493,52.6606440961908],[-1.17810614733343,52.6780104508785],[-1.15725203286727,52.6915230260726],[-1.14326236102496,52.6871571580807],[-1.12922467843509,52.6653897823953],[-1.11881182169027,52.673186318861],[-1.0750788495323,52.6696256375045],[-1.04861278988328,52.6549959563935]]]},"properties":{"CTYUA23CD":"E06000016","CTYUA23NM":"Leicester"}},{"type":"Feature","geometry":{"type":"Polygon","coordinates":[[[-0.495025802128916,52.6402363852471],[-0.517203112387242,52.6424417331296],[-0.540260653382861,52.6259657691596],[-0.552938000985828,52.6014118632505],[-0.544175784928157,52.5928658572734],[-0.558080856418455,52.5945092146006],[-0.571903726305604,52.5858033698147],[-0.58147859321182,52.5958833512294],[-0.588743270020906,52.5867933349992],[-0.602968554664781,52.5886516124364],[-0.660912737595725,52.5689457054421],[-0.713658337963826,52.524963968358],[-0.742206489930266,52.5394859770229],[-0.738864421751923,52.5488833379763],[-0.759893743806875,52.5649060343668],[-0.765276706324838,52.5824981914995],[-0.792435455444373,52.5976141699617],[-0.820950352829114,52.596454861719],[-0.805824670618499,52.6206878783449],[-0.80876039097453,52.6461209886762],[-0.782041592366397,52.669481438542],[-0.786037151849535,52.6947509404179],[-0.821752864472965,52.715675184548],[-0.813435226931193,52.7291297328888],[-0.776484384415236,52.7439341917561],[-0.751697884509706,52.7367121861722],[-0.664101453534753,52.756710460936],[-0.610288468749071,52.759821379638],[-0.6054438425778,52.7504929444177],[-0.572636470370485,52.7531090381208],[-0.539974276076003,52.7384017547715],[-0.542433641184147,52.7232814494385],[-0.49453090710973,52.7096532797771],[-0.430443229209799,52.7054219474813],[-0.434054536211506,52.6837050717487],[-0.456191200774775,52.6703934333934],[-0.50667432122478,52.6595259212941],[-0.523586001633851,52.6652337202479],[-0.495025802128916,52.6402363852471]]]},"properties":{"CTYUA23CD":"E06000017","CTYUA23NM":"Rutland"}},{"type":"Feature","geometry":{"type":"Polygon","coordinates":[[[-1.08611507246246,52.9485698839615],[-1.0996766978426,52.9419751354145],[-1.13176001590183,52.9428159257364],[-1.14188338396034,52.9319895309035],[-1.15228878148246,52.9370264523314],[-1.15856393277553,52.9000357977526],[-1.17653752595522,52.8890277540577],[-1.21391985222849,52.9044147876099],[-1.21089944638808,52.912152759478],[-1.1990092076238,52.9094788675439],[-1.1823012510609,52.9173362705305],[-1.24689074252863,52.9531957032849],[-1.23197884944612,52.9676427065689],[-1.24683864344809,52.9845431945876],[-1.22617837809272,52.9811421831213],[-1.20336759608895,52.9875096952567],[-1.21911498293446,52.9914444948972],[-1.22519109963406,53.0081370692538],[-1.21003739743806,53.0181167436974],[-1.1827461829988,53.01856914589],[-1.14351267958868,53.0065011444905],[-1.15365597377739,52.9971852178717],[-1.13825471637456,52.9948435788441],[-1.14248865969578,52.9862884053635],[-1.12278627374494,52.9834669491086],[-1.12010685417214,52.9678253942361],[-1.08611507246246,52.9485698839615]]]},"properties":{"CTYUA23CD":"E06000018","CTYUA23NM":"Nottingham"}},{"type":"Feature","geometry":{"type":"Polygon","coordinates":[[[-2.61809524430103,52.3069466460635],[-2.66320730775251,52.3039514499865],[-2.63988032086721,52.2863112178431],[-2.59793122459573,52.2816177134603],[-2.62829691741787,52.261164580506],[-2.6289691880592,52.2403729170107],[-2.57420551071335,52.2527313850736],[-2.53167300470246,52.2532767669944],[-2.52589623273457,52.2481671192709],[-2.49565385062614,52.2569078336602],[-2.50311281254,52.2774495632506],[-2.45140272258487,52.2850827749681],[-2.42799581004903,52.2706099357052],[-2.46809895102878,52.256038011508],[-2.47470174108041,52.2413590868946],[-2.46497842153313,52.2343830090495],[-2.42307129047108,52.2372452881166],[-2.38419832847772,52.2252227383784],[-2.40392023874367,52.2214815494493],[-2.39267869727477,52.2086147380727],[-2.4078942095378,52.2027409582351],[-2.42207066277723,52.1723470663268],[-2.43518169514866,52.168218894324],[-2.41500125501049,52.1451641257883],[-2.37938385825026,52.1550552028879],[-2.35140196148415,52.1446241346638],[-2.35214734429092,52.1034855887708],[-2.33796261565779,52.0898846202391],[-2.35137852244174,52.0213590290394],[-2.39289223171328,52.0129587700424],[-2.3990184898963,51.9961459478794],[-2.41319627507641,51.9940903078117],[-2.43729372314514,51.9971670434287],[-2.43655767424144,52.0148038387328],[-2.46337278472343,52.0140424477572],[-2.4640393485931,52.0232480079025],[-2.47893230092191,52.02253041104],[-2.49198479935107,52.0076618755015],[-2.47099259337338,51.9947360731079],[-2.49491293332375,51.9810752068267],[-2.49224484623915,51.9641287773142],[-2.50090645407367,51.9606091442864],[-2.46557353500141,51.9517045852884],[-2.4660430006938,51.9279745035373],[-2.44818479288624,51.9186682322372],[-2.43927491603518,51.8973822861564],[-2.48779469274655,51.8804175459086],[-2.50862440109418,51.8851690569453],[-2.53162394037576,51.8607715469017],[-2.58076385588478,51.861588881601],[-2.58281688241695,51.849577352947],[-2.60121663304725,51.8562162644087],[-2.62546695815918,51.8389640024544],[-2.63671005341688,51.8430952612886],[-2.65040070567432,51.8261246889383],[-2.66619753963782,51.8356235570426],[-2.69329553822647,51.8338410121663],[-2.69730211579747,51.844809127665],[-2.71512837058452,51.840243927709],[-2.71966531119947,51.8488696900263],[-2.73884858634764,51.8366165103794],[-2.77879887552431,51.8658590666979],[-2.76830730538435,51.880444841636],[-2.83610650626024,51.9060535390347],[-2.84194532227904,51.9177278136695],[-2.86187161480982,51.9139790713439],[-2.84499642015606,51.922087190666],[-2.87783522764085,51.9338143761337],[-2.97184633087118,51.9049816267882],[-2.97666533447377,51.9274901991849],[-3.00812331564277,51.9271305466736],[-3.02592825998755,51.9572707700542],[-3.06737674091607,51.9831362974613],[-3.09919890693024,52.0226858085701],[-3.08628664345927,52.0401943744894],[-3.09058811273154,52.0505132879254],[-3.1258949917356,52.0783106756457],[-3.12267991084996,52.103148786506],[-3.10534931223889,52.10541782273],[-3.10492212967307,52.1167418938091],[-3.14192072484887,52.1278671854243],[-3.13587330508285,52.1379083922528],[-3.09369007605061,52.144305996423],[-3.0725382658941,52.1557732347873],[-3.08254318096633,52.1630471608847],[-3.09889603996449,52.1547338860874],[-3.12243047087079,52.1634196055799],[-3.09465104889233,52.1837422730342],[-3.10208187078616,52.2027204256414],[-3.07209180392951,52.213087287645],[-3.07303671037743,52.2358769206364],[-3.04421511696905,52.2379274562501],[-3.04831809735968,52.2502329092591],[-3.03586088954314,52.2567570188263],[-3.00577598466957,52.2642595027327],[-2.97718162692593,52.2596861472059],[-2.94963475580722,52.2694682342234],[-3.01262166661965,52.2792068059116],[-3.0008661068012,52.3217658048495],[-2.96680116367831,52.3294490746378],[-2.95465135625057,52.3491547628498],[-2.93314924449305,52.3500521344638],[-2.93888929692198,52.3610579830377],[-2.9261433373763,52.366995255805],[-2.90080513581716,52.3672702614202],[-2.92231079516907,52.3751473465218],[-2.9176851490735,52.3862884794478],[-2.89309757739588,52.3740858006073],[-2.88841573955345,52.3851704261481],[-2.85503772047807,52.3954860196285],[-2.81822288080805,52.3912299529276],[-2.80543256064045,52.3882520709597],[-2.80732909741049,52.3759114490775],[-2.79250462990759,52.375283534138],[-2.79242010801848,52.3568636039561],[-2.73274009474419,52.3555154187161],[-2.74844780693571,52.3349045685158],[-2.76700541828437,52.3361574630029],[-2.71423508446195,52.3088346808092],[-2.67981117516044,52.312023092938],[-2.68912776448561,52.3166054827206],[-2.66513163045228,52.3422842492876],[-2.62393298559876,52.3213880860647],[-2.61809524430103,52.3069466460635]]]},"properties":{"CTYUA23CD":"E06000019","CTYUA23NM":"Herefordshire, County of"}},{"type":"Feature","geometry":{"type":"Polygon","coordinates":[[[-2.31220797845677,52.7408377150748],[-2.3156367525332,52.7329399837307],[-2.35776744733042,52.7312464749437],[-2.37654762449238,52.7395970625078],[-2.41902901166181,52.6628920164182],[-2.41829505360872,52.6337749410688],[-2.43663474871759,52.6270940478354],[-2.43809990290042,52.6145683443583],[-2.50177354912493,52.6290188142103],[-2.54838538604587,52.6546343495067],[-2.55564737354675,52.6710981077424],[-2.62259601335968,52.6990244638577],[-2.59741996828975,52.7182511698821],[-2.66019992044015,52.7317241062009],[-2.66351492320801,52.7604027003421],[-2.64306350259403,52.7670763853992],[-2.63232377968668,52.7595749510905],[-2.6210084701581,52.7764659020659],[-2.59226703186324,52.7768194456686],[-2.59813350120405,52.7979960492242],[-2.58277402480627,52.8055975060376],[-2.55176917292884,52.8025156553025],[-2.53369894147206,52.793999527823],[-2.53745077758983,52.7850584410577],[-2.5219476722418,52.79890912762],[-2.50293179651684,52.7966151816849],[-2.48650658342808,52.8052457111754],[-2.47712088994151,52.7993785524561],[-2.48970354173006,52.7829732899282],[-2.47280977449132,52.7804223278005],[-2.45625527532494,52.7841864530811],[-2.47289499273347,52.8208034197707],[-2.41634660240013,52.8270059910047],[-2.37765452619335,52.8116428155263],[-2.37132740406142,52.7953044376388],[-2.38503500767273,52.7895891023787],[-2.31220797845677,52.7408377150748]]]},"properties":{"CTYUA23CD":"E06000020","CTYUA23NM":"Telford and Wrekin"}},{"type":"Feature","geometry":{"type":"Polygon","coordinates":[[[-2.18114817752347,53.0898438594641],[-2.17170015872383,53.0894471480733],[-2.16110100828987,53.0700838434449],[-2.12537270499514,53.0646149017844],[-2.11658296910728,53.0480329248832],[-2.13177855900004,53.0473338825019],[-2.12376331441735,53.021589594686],[-2.10346667550099,53.0108579649111],[-2.10501609434108,52.997658256164],[-2.08851755084279,52.9970664313834],[-2.09199697509273,52.9855683414463],[-2.07923858928417,52.9745002729811],[-2.0881312250497,52.9738483530544],[-2.08123086259215,52.966902016962],[-2.12165690294565,52.9560862416133],[-2.13040308885892,52.9711763983094],[-2.14571072867989,52.9761107985749],[-2.16259461482334,52.9533653743282],[-2.17681385739838,52.9536936157176],[-2.18156045981073,52.9461581579688],[-2.21251365491189,52.9805750697944],[-2.20434090153092,52.9813982117568],[-2.21553062616227,53.0152831360441],[-2.20251669188531,53.0199598851989],[-2.23876135172224,53.0733392655837],[-2.19856288702297,53.0927331685879],[-2.18114817752347,53.0898438594641]]]},"properties":{"CTYUA23CD":"E06000021","CTYUA23NM":"Stoke-on-Trent"}},{"type":"Feature","geometry":{"type":"Polygon","coordinates":[[[-2.29464220744988,51.4288037094027],[-2.27853827641173,51.4158151814915],[-2.29080374096335,51.4057164986867],[-2.28191115864131,51.3972104112139],[-2.29670873229616,51.3948461932014],[-2.29204208281613,51.3695656589168],[-2.34433841756594,51.3455637229005],[-2.29640906948892,51.3426619850286],[-2.30092693165784,51.3332225319919],[-2.28909082429693,51.3252720485445],[-2.38718077281427,51.2946434487968],[-2.40091745014227,51.3048002330501],[-2.45172260312224,51.2742514031922],[-2.47377194266362,51.2779707136435],[-2.47800109139509,51.273096744002],[-2.50635554510196,51.2789910539498],[-2.49722110687873,51.2908409039615],[-2.55782420176251,51.3026613960108],[-2.6274364897476,51.282823955208],[-2.63862471913682,51.2948003236681],[-2.6948765814064,51.3180763899415],[-2.68718162543518,51.3303580432272],[-2.70789213030415,51.3378032259358],[-2.69050128551099,51.3495282691268],[-2.69419132196097,51.3798368809509],[-2.67968832706256,51.3600853621769],[-2.66872547084079,51.3606137044348],[-2.67656947866913,51.3419398650607],[-2.65897203199174,51.3415074660861],[-2.64440530457317,51.3751337688209],[-2.63002323391255,51.3752130515128],[-2.62695332738531,51.3871339748704],[-2.61405177046776,51.3808794572392],[-2.62270430622918,51.389409178561],[-2.60311593760598,51.3888241977527],[-2.59013231973091,51.3975452080684],[-2.57075429208891,51.3993691613727],[-2.56087461617567,51.4117212601687],[-2.53600697442852,51.4111368088606],[-2.5262905152521,51.4347771717972],[-2.51046233684169,51.4287821637134],[-2.49171567270931,51.4290348578086],[-2.49272573969773,51.4181523242521],[-2.48095542089661,51.421578490535],[-2.46945193676625,51.4159018061483],[-2.34328969454878,51.4395334928121],[-2.32502844496388,51.4369906306011],[-2.31261574802172,51.4224461818413],[-2.29464220744988,51.4288037094027]]]},"properties":{"CTYUA23CD":"E06000022","CTYUA23NM":"Bath and North East Somerset"}},{"type":"Feature","geometry":{"type":"MultiPolygon","coordinates":[[[[-2.83054623186366,51.4664547644252],[-2.8576659934318,51.4482515869295],[-2.85277205424544,51.4528615297162],[-2.83054623186366,51.4664547644252]]],[[[-2.68465355541014,51.4805136973786],[-2.68484840255875,51.4804620725687],[-2.72732262040413,51.5018876401104],[-2.71648224169541,51.5006083244321],[-2.68465355541014,51.4805136973786]]],[[[-2.72907477256531,51.502094323022],[-2.73256637495998,51.4924628953467],[-2.74333401364315,51.4930893010864],[-2.73259059994563,51.4924865881997],[-2.73052469336393,51.5022653340673],[-2.72907477256531,51.502094323022]]],[[[-2.67381351919379,51.5444310619551],[-2.65254055854146,51.5130981654745],[-2.58098846828396,51.5174088245448],[-2.58814992658474,51.501234701161],[-2.55185112128076,51.49224881712],[-2.51586501173572,51.4938673464108],[-2.51224610442628,51.4623332964114],[-2.52177049603221,51.4501003453282],[-2.53932530809583,51.4458429902626],[-2.51046233684169,51.4287821637134],[-2.5262905152521,51.4347771717972],[-2.53600697442852,51.4111368088606],[-2.56087461617567,51.4117212601687],[-2.57075429208891,51.3993691613727],[-2.59013231973091,51.3975452080684],[-2.63328561591729,51.4034758756782],[-2.62952463445009,51.4373717867571],[-2.64008287540491,51.4404634287068],[-2.62580146261484,51.4487546196468],[-2.63486374373569,51.4671861086658],[-2.66175446088305,51.4865777475286],[-2.68464986489814,51.4805146756677],[-2.70881598627728,51.4977992592067],[-2.71821750267118,51.5082397657133],[-2.70774593536939,51.516781391674],[-2.67381351919379,51.5444310619551]]]]},"properties":{"CTYUA23CD":"E06000023","CTYUA23NM":"Bristol, City of"}},{"type":"Feature","geometry":{"type":"MultiPolygon","coordinates":[[[[-2.98635736448069,51.3124639212332],[-2.98695466470382,51.3114589516252],[-2.98664958724306,51.3127813826489],[-2.98635736448069,51.3124639212332]]],[[[-2.99427657404061,51.3210652599099],[-2.99011400394716,51.3165446229993],[-3.00013840924515,51.3221293449622],[-2.99427657404061,51.3210652599099]]],[[[-2.72732262040413,51.5018876401104],[-2.68484840255875,51.4804620725687],[-2.68465355541014,51.4805136973786],[-2.68461040352096,51.4804864355812],[-2.68464986489814,51.4805146756677],[-2.66175446088305,51.4865777475286],[-2.63486374373569,51.4671861086658],[-2.62580146261484,51.4487546196468],[-2.64008287540491,51.4404634287068],[-2.62952463445009,51.4373717867571],[-2.63328561591729,51.4034758756782],[-2.59013231973091,51.3975452080684],[-2.60311593760598,51.3888241977527],[-2.62270430622918,51.389409178561],[-2.61405177046776,51.3808794572392],[-2.62695332738531,51.3871339748704],[-2.63002323391255,51.3752130515128],[-2.64440530457317,51.3751337688209],[-2.65897203199174,51.3415074660861],[-2.67656947866913,51.3419398650607],[-2.66872547084079,51.3606137044348],[-2.67968832706256,51.3600853621769],[-2.69419132196097,51.3798368809509],[-2.69050128551099,51.3495282691268],[-2.70789213030415,51.3378032259358],[-2.68718162543518,51.3303580432272],[-2.6948765814064,51.3180763899415],[-2.81472248237028,51.3270244805754],[-2.81023646544598,51.3014243120215],[-2.87718865145921,51.300103650483],[-2.88493601533683,51.3066603113632],[-2.89710380982307,51.2906145791208],[-2.93687950389505,51.3030788529746],[-2.9620389423923,51.3047909942121],[-2.97261926639963,51.2957124823566],[-2.9898200343769,51.2990347778219],[-2.98810382352796,51.3064770100914],[-2.98297645880641,51.3120154171226],[-2.98961293632401,51.3174924308287],[-2.98585367069829,51.3349341086531],[-2.98278785857956,51.3491491118863],[-2.99457587649122,51.3565243649996],[-2.96749710835432,51.3636647467965],[-2.9622008781648,51.3747651612511],[-2.9630511038088,51.3829337876519],[-2.98082379743117,51.3884289965411],[-2.9710258223432,51.3907536596557],[-2.93964350299917,51.3964163806451],[-2.9392792076602,51.3910229243799],[-2.91731265341787,51.3958656099442],[-2.89045814212137,51.387499998492],[-2.91279750503947,51.3962414049968],[-2.86466928548709,51.4416527187866],[-2.8576659934318,51.4482515869295],[-2.83054623186366,51.4664547644252],[-2.79986609904919,51.4851984602463],[-2.75574630647793,51.4937843989881],[-2.74333401364315,51.4930893010864],[-2.73256637495998,51.4924628953467],[-2.72907477256531,51.502094323022],[-2.72732262040413,51.5018876401104]]]]},"properties":{"CTYUA23CD":"E06000024","CTYUA23NM":"North Somerset"}},{"type":"Feature","geometry":{"type":"Polygon","coordinates":[[[-2.291637286721,51.5936959211034],[-2.28274577923905,51.5785165620246],[-2.27262994085636,51.5775575723344],[-2.26028641253826,51.5698801489716],[-2.26652266822564,51.536267916198],[-2.25240978443968,51.5268896673818],[-2.32427608910811,51.4975166014544],[-2.3115304857608,51.4872579976708],[-2.29046578148789,51.4866510040105],[-2.29574294629382,51.458590039344],[-2.28509443323933,51.457884866372],[-2.29464220744988,51.4288037094027],[-2.31261574802172,51.4224461818413],[-2.32502844496388,51.4369906306011],[-2.34328969454878,51.4395334928121],[-2.46945193676625,51.4159018061483],[-2.48095542089661,51.421578490535],[-2.49272573969773,51.4181523242521],[-2.49171567270931,51.4290348578086],[-2.51046233684169,51.4287821637134],[-2.53932530809583,51.4458429902626],[-2.52177049603221,51.4501003453282],[-2.51224610442628,51.4623332964114],[-2.51586501173572,51.4938673464108],[-2.55185112128076,51.49224881712],[-2.58814992658474,51.501234701161],[-2.58098846828396,51.5174088245448],[-2.65254055854146,51.5130981654745],[-2.67381351919379,51.5444310619551],[-2.66344644179591,51.5736238484764],[-2.62779006181031,51.6056459961281],[-2.57928639445979,51.6295065602379],[-2.5754619436399,51.6313860493671],[-2.56910626844932,51.6555467595021],[-2.53478909673859,51.6772836173709],[-2.54235461055758,51.6815402563537],[-2.54081319713281,51.6823970971399],[-2.48964630141277,51.6639645104182],[-2.49067532485481,51.6448339839705],[-2.44298607534301,51.65248662559],[-2.38598850246378,51.6399431096316],[-2.40047490634886,51.6351434811121],[-2.38890966915367,51.6275403745685],[-2.39465737965729,51.5973688240373],[-2.37042970085191,51.5975734297586],[-2.36564150390742,51.6037411198519],[-2.33106255956941,51.5916021906171],[-2.291637286721,51.5936959211034]]]},"properties":{"CTYUA23CD":"E06000025","CTYUA23NM":"South Gloucestershire"}},{"type":"Feature","geometry":{"type":"MultiPolygon","coordinates":[[[[-4.17321191852709,50.4238897530152],[-4.17667003538121,50.4225686150015],[-4.1852828688216,50.4264237566067],[-4.17321191852709,50.4238897530152]]],[[[-4.11348830320444,50.4441538016389],[-4.10954061298207,50.4320946555489],[-4.082667475929,50.4246563990732],[-4.07150999070002,50.4018503235349],[-4.03964982237787,50.4014204728754],[-4.02116944556102,50.3917770378327],[-4.02706143660235,50.3790316713663],[-4.05019965234195,50.3774707342474],[-4.05294433052337,50.3565199840264],[-4.09061840685327,50.3408970189308],[-4.12312669225292,50.3467808444962],[-4.12351540865009,50.3471842392429],[-4.13082639850887,50.3589992651852],[-4.10538735791812,50.3565072006101],[-4.11243592643045,50.3594347560472],[-4.09978229616671,50.3792725094363],[-4.10143722883704,50.3826912871899],[-4.11570407347047,50.361786271635],[-4.13273318310496,50.3620796349031],[-4.13347905385787,50.3632844490996],[-4.14092927734403,50.3622198771246],[-4.15282869438648,50.362422413488],[-4.15438127815243,50.3675475149854],[-4.16408426761573,50.3589179715093],[-4.16368010547366,50.3694485029524],[-4.17437223203863,50.3667759326804],[-4.18250098644924,50.3670913619419],[-4.18430714353004,50.3710789508764],[-4.18223418000107,50.3779727494614],[-4.19062146729644,50.3850135255668],[-4.192916776614,50.3900763447773],[-4.17978116718415,50.3966278037764],[-4.19454319582552,50.3920860096383],[-4.20467173386886,50.399073439549],[-4.20442633536047,50.4012942288343],[-4.19520520006229,50.4191182248299],[-4.19232419822018,50.4246838695324],[-4.16547770379296,50.419723923668],[-4.1635274939179,50.427588667067],[-4.16565101392996,50.4267777142483],[-4.15585554605072,50.4364270138787],[-4.13566341622028,50.4329284402434],[-4.11348830320444,50.4441538016389]]]]},"properties":{"CTYUA23CD":"E06000026","CTYUA23NM":"Plymouth"}},{"type":"Feature","geometry":{"type":"Polygon","coordinates":[[[-3.50910978149381,50.5166199357432],[-3.50913535137322,50.5165786701646],[-3.51484222293155,50.4817583021228],[-3.48059441325885,50.4635180509051],[-3.51593414740442,50.4537627969957],[-3.54067000210069,50.4610695179673],[-3.55650036914243,50.4294186792532],[-3.55953632203826,50.423343788759],[-3.54483096895344,50.4021062494973],[-3.51952206080181,50.403175498603],[-3.51191461824754,50.3958990993055],[-3.50518248052754,50.4000046910865],[-3.51298626449597,50.4056278650398],[-3.48238785725264,50.4000269127692],[-3.50764454709004,50.3791676280852],[-3.50771475895685,50.3789429985302],[-3.54417851822823,50.3734426023727],[-3.57474380089074,50.3941344351542],[-3.5798511279214,50.4102051896984],[-3.59903835412775,50.4093367096873],[-3.62795399249945,50.4259493746679],[-3.62512865723184,50.441274290228],[-3.58688486139577,50.4522296000076],[-3.58424985487516,50.4777231181161],[-3.56978204388095,50.49070275993],[-3.5647735727694,50.4869669717565],[-3.52994344243771,50.5045528234306],[-3.52082991405517,50.5176983782854],[-3.50910978149381,50.5166199357432]]]},"properties":{"CTYUA23CD":"E06000027","CTYUA23NM":"Torbay"}},{"type":"Feature","geometry":{"type":"Polygon","coordinates":[[[-1.68313461199299,51.690126377727],[-1.70021189280661,51.6708830748455],[-1.69188577119607,51.6521617513575],[-1.65992419135007,51.635015925134],[-1.67372908103647,51.6228363434038],[-1.66698974337017,51.6162194516661],[-1.69059536080077,51.6054112343858],[-1.69110586307939,51.583505684584],[-1.67654765821201,51.5693909375595],[-1.65504259728401,51.5764933609045],[-1.64768626504516,51.5719347094789],[-1.60282488305727,51.5183097255545],[-1.71908165367462,51.5007055402528],[-1.71573673989899,51.4883833461806],[-1.77433053529391,51.4824545734086],[-1.79779682111143,51.4844459329131],[-1.81345034633343,51.5070421801524],[-1.83758492292658,51.5008374700594],[-1.8467213359405,51.5244403991078],[-1.83698745012491,51.5108616164418],[-1.83009405215828,51.5154033249039],[-1.85390577104808,51.5462426754531],[-1.84920317425281,51.5533417814376],[-1.86512047840834,51.5595881614552],[-1.86009282557496,51.5652203539193],[-1.84511997889254,51.5617470687729],[-1.84310540516334,51.5787051367176],[-1.823733053229,51.5822091981918],[-1.83758612085906,51.587219958117],[-1.83180132055688,51.5967364016932],[-1.84228479519275,51.6125177526638],[-1.82789707256142,51.6253268120903],[-1.78864233032141,51.6327149891541],[-1.79917222668193,51.662491137355],[-1.78860021502991,51.6670069396076],[-1.75382175989693,51.6621732059294],[-1.727488092936,51.6672085677174],[-1.71098922041805,51.6717911954376],[-1.69661143422916,51.6920997018623],[-1.68313461199299,51.690126377727]]]},"properties":{"CTYUA23CD":"E06000030","CTYUA23NM":"Swindon"}},{"type":"Feature","geometry":{"type":"Polygon","coordinates":[[[-0.0312706832650579,52.6615327439854],[-0.0127518351453913,52.5942462282237],[-0.186980183895209,52.568506749644],[-0.197873350783597,52.5508058317013],[-0.187849987826575,52.541863098196],[-0.200398362872374,52.5452158473434],[-0.217663960470306,52.5379234262253],[-0.234798325598806,52.54366719422],[-0.244780466792031,52.5229988649975],[-0.269294934340273,52.5208245712026],[-0.293289613103781,52.5068891095325],[-0.332735786022453,52.5465454377598],[-0.325458398681252,52.5528890326316],[-0.348477510272296,52.5643700887977],[-0.38545106933809,52.5671897117264],[-0.396839712356373,52.5829983382952],[-0.415381402678347,52.5787426397479],[-0.478814868225147,52.573645147065],[-0.492664861408749,52.5819002633897],[-0.470921180908155,52.6235593380481],[-0.494688679013636,52.6402652609402],[-0.452832300952799,52.6542749156432],[-0.405694618313302,52.6480559479697],[-0.350076984266874,52.6616700392401],[-0.335037147761973,52.6748659736262],[-0.289240338532188,52.6702761885072],[-0.260753908799236,52.6514179778757],[-0.212501332962663,52.6666794930237],[-0.192867813968712,52.652438511053],[-0.180020104975691,52.6605611585471],[-0.14106199482318,52.6515074247825],[-0.102195958212229,52.6722061953853],[-0.087752503198597,52.6667860926836],[-0.0637138143765743,52.6752330946213],[-0.0312706832650579,52.6615327439854]]]},"properties":{"CTYUA23CD":"E06000031","CTYUA23NM":"Peterborough"}},{"type":"Feature","geometry":{"type":"Polygon","coordinates":[[[-0.385615555724027,51.9156803959794],[-0.377489882291102,51.8984330964785],[-0.349836724804763,51.8786756735621],[-0.354833888657066,51.8740145293011],[-0.369755351222524,51.8681152304062],[-0.39586015374901,51.8705810262898],[-0.422774558845709,51.8545519365069],[-0.455274925246212,51.882287034331],[-0.505923085960359,51.9006124971274],[-0.482276166347529,51.9077947227365],[-0.485701416266266,51.9227011901167],[-0.436106923836832,51.9276663379005],[-0.421681634403011,51.9256807379631],[-0.419064998588213,51.9123036451975],[-0.385615555724027,51.9156803959794]]]},"properties":{"CTYUA23CD":"E06000032","CTYUA23NM":"Luton"}},{"type":"Feature","geometry":{"type":"MultiPolygon","coordinates":[[[[0.627086241765192,51.5325776451623],[0.626697489580456,51.5321276679995],[0.625920991053543,51.5322463406253],[0.626621157486853,51.5366038212021],[0.645828637789079,51.5392223700702],[0.627427300641537,51.5330905177632],[0.627086241765192,51.5325776451623]]],[[[0.786689932259859,51.5529433965889],[0.788990551027069,51.5424441263832],[0.819168409590216,51.5422065408971],[0.820841262671775,51.5408567905858],[0.78209563454212,51.5213360139181],[0.669513307307074,51.5384737378275],[0.648004939163022,51.5383534915283],[0.64641140820195,51.539550419491],[0.62688695736313,51.5382577890452],[0.632077284564213,51.5705294757645],[0.638950939122342,51.5768010714265],[0.675333610589035,51.5728679764088],[0.786689932259859,51.5529433965889]]]]},"properties":{"CTYUA23CD":"E06000033","CTYUA23NM":"Southend-on-Sea"}},{"type":"Feature","geometry":{"type":"MultiPolygon","coordinates":[[[[0.548030413942597,51.515743319547],[0.548618769264489,51.5127240741593],[0.543174399678314,51.515793816224],[0.548030413942597,51.515743319547]]],[[[0.418649311114341,51.5566704699627],[0.427649758787028,51.5450987645271],[0.461697348176906,51.5536888975517],[0.466748362555259,51.546695522852],[0.481978280556521,51.5485964233038],[0.509063702337398,51.5342337658754],[0.521688493998144,51.5162372631338],[0.541250286443781,51.512577840032],[0.441789429693932,51.5008268511215],[0.42336977005769,51.5145332797807],[0.435804562732395,51.5001168896909],[0.44556716826376,51.498014379019],[0.444111319060525,51.4934570536336],[0.433901513174793,51.4614703849578],[0.405311094329377,51.453987412232],[0.340862890078857,51.4523336797806],[0.318409966717706,51.4741586751463],[0.302381184292331,51.4726389871062],[0.29778055114939,51.4722023840404],[0.281446487010772,51.4613930976052],[0.211792634982751,51.4897529936162],[0.214156929096117,51.4960396107991],[0.229965349544136,51.4993659196352],[0.226597286350539,51.5065632436345],[0.241919319161816,51.507960127814],[0.23717600954358,51.5193344344092],[0.248964774122808,51.5286740297463],[0.253834318187163,51.5178858725017],[0.263682923643184,51.517869793022],[0.265347272043956,51.5321502659796],[0.334024218329939,51.5405038046851],[0.313035079940716,51.5658181328032],[0.38260509348446,51.5658238168464],[0.391753003150788,51.5671906212204],[0.393500848006137,51.5577113055056],[0.418649311114341,51.5566704699627]]]]},"properties":{"CTYUA23CD":"E06000034","CTYUA23NM":"Thurrock"}},{"type":"Feature","geometry":{"type":"MultiPolygon","coordinates":[[[[0.608113907189036,51.4015436391241],[0.615324178551404,51.3953841238209],[0.597014785817756,51.3960797906858],[0.608113907189036,51.4015436391241]]],[[[0.582572584376833,51.4031341862917],[0.561520430470314,51.402233422324],[0.564435834328907,51.4079545427279],[0.582572584376833,51.4031341862917]]],[[[0.590771860836167,51.4793713460179],[0.615242150910657,51.4751109773912],[0.659953033847258,51.4776694098738],[0.690283421546067,51.4593783879044],[0.671336659776413,51.4722645245027],[0.700321276501137,51.4725957496523],[0.720507730715131,51.4597628214107],[0.723477057480236,51.4445125210234],[0.710336835188912,51.4348306739577],[0.677839495660246,51.4331777824218],[0.672000159962251,51.4480068219982],[0.658921251336351,51.4473668161764],[0.636037588004861,51.4462434653696],[0.618998377363623,51.4374609748038],[0.605211274930445,51.4205483820036],[0.617350756357686,51.4284301785473],[0.623750538591582,51.42411576561],[0.610877332774769,51.4174016995784],[0.58704291822536,51.4134510989814],[0.563548610624482,51.4095514171949],[0.532457405934914,51.4126752013126],[0.515656065280089,51.40035517057],[0.522582468802749,51.3851000005006],[0.537549271413019,51.4102807507338],[0.560969312344262,51.3947901973103],[0.585647977848983,51.3887312215227],[0.594530655271358,51.3865487400617],[0.602097565642981,51.3906350148435],[0.596739085161682,51.3868259546596],[0.612054542068478,51.3788451150871],[0.619609325176722,51.3881603536763],[0.632369758969761,51.3889357646207],[0.626121810076958,51.3788125499944],[0.623292522422213,51.3692226415195],[0.63490813345762,51.3663699845452],[0.601403554174045,51.3333011048713],[0.563457198962717,51.3387431250211],[0.544003569633395,51.3278964123716],[0.525641085381921,51.3347171670639],[0.505845958766913,51.3429369755333],[0.503039344873498,51.354710562773],[0.456233540778611,51.3687628438094],[0.453485925272683,51.3406104311936],[0.418594662757666,51.3479121920606],[0.399919664491311,51.3444569026071],[0.401283124306125,51.35295476259],[0.431109487937637,51.3880330266591],[0.45332222350032,51.3913787704197],[0.451853402814579,51.3983210211132],[0.467687121016724,51.3983013741054],[0.475140243345384,51.412947138434],[0.489235421459888,51.415325902756],[0.487960076101346,51.4432845747706],[0.457560479333401,51.4582957169035],[0.454345031858931,51.4634198868062],[0.467729303920621,51.4642956280501],[0.458122647129502,51.4669575644424],[0.468461923525824,51.4826582329036],[0.546076139506005,51.4871380955421],[0.590771860836167,51.4793713460179]]]]},"properties":{"CTYUA23CD":"E06000035","CTYUA23NM":"Medway"}},{"type":"Feature","geometry":{"type":"Polygon","coordinates":[[[-0.667634283855982,51.3845713456129],[-0.735335360826244,51.3650095832703],[-0.775466206963731,51.3319589032434],[-0.837373716901633,51.3528861225891],[-0.813571306715724,51.3703184869801],[-0.788839993914029,51.3717507068192],[-0.801521116860122,51.4053010341783],[-0.792505466831662,51.4088496305634],[-0.800038271695469,51.4411799175281],[-0.78256490664671,51.4686900761317],[-0.76462816963277,51.459722619744],[-0.724526232749236,51.4561391526177],[-0.71441818197128,51.4671441640858],[-0.688866170515666,51.4669598587046],[-0.672746126800362,51.4578491131412],[-0.656755756603434,51.4614941608613],[-0.661982328325828,51.4443193337879],[-0.630552938632746,51.442192361264],[-0.631309270281672,51.4144545434314],[-0.676260503648725,51.4315828698535],[-0.696540470455116,51.4109103697849],[-0.667634283855982,51.3845713456129]]]},"properties":{"CTYUA23CD":"E06000036","CTYUA23NM":"Bracknell Forest"}},{"type":"Feature","geometry":{"type":"Polygon","coordinates":[[[-1.22679203559485,51.5351584620885],[-1.20464416143085,51.537603894896],[-1.20465030082425,51.5283945154373],[-1.14037476539537,51.5429113017947],[-1.14205314180795,51.5161954403677],[-1.1130174680504,51.5094886961382],[-1.10217985266957,51.4896735713327],[-1.0878821588534,51.4857544151913],[-1.05134983656427,51.4918599385978],[-1.03655747758827,51.4752267537868],[-1.05297452901207,51.46036993537],[-1.04918512239338,51.4514113000552],[-1.03398294957401,51.4527275339556],[-1.00125895346176,51.4263414329649],[-1.01188405929674,51.392866627908],[-0.981724611413117,51.3757487836556],[-0.986123750530059,51.3628482885656],[-1.05008141284422,51.358109167003],[-1.08664067565436,51.3839112051256],[-1.1154571911925,51.374214909415],[-1.11579091152374,51.3604661648818],[-1.13858996979348,51.3571910724835],[-1.17689427560879,51.3573240538202],[-1.25113955136333,51.3720405294303],[-1.34978173494559,51.3671195761655],[-1.41111323915575,51.3728583460675],[-1.42847578984356,51.3566995630357],[-1.44411579097067,51.3549138322925],[-1.42970566274725,51.3365441689774],[-1.49828689474575,51.3293617176529],[-1.48561782031052,51.3476506895843],[-1.50063304963128,51.3563211275534],[-1.49537262165059,51.3696578986654],[-1.55559663765941,51.3955386540797],[-1.55292234102159,51.4100374220283],[-1.57096980348612,51.4152945965752],[-1.56511865145832,51.4220434340803],[-1.52653517029054,51.4239718916141],[-1.52402343880987,51.4474724287348],[-1.58240025292512,51.4942544255071],[-1.58469504578326,51.5249220610758],[-1.58118687450076,51.5369949629826],[-1.55500824660554,51.5533709401076],[-1.53095864819817,51.5460694666429],[-1.51293889355992,51.5507598098694],[-1.47074436480117,51.5286068389578],[-1.46442254094774,51.5385166987317],[-1.44783186160006,51.5364265429324],[-1.42659119274702,51.5455988598669],[-1.42276866886813,51.5357649276512],[-1.4048577107684,51.5472352184892],[-1.38377881234937,51.5404262109553],[-1.3673210476583,51.5524667176092],[-1.34240310935362,51.543686280692],[-1.3287207966799,51.5637124135033],[-1.26065559107578,51.5377899051538],[-1.22679203559485,51.5351584620885]]]},"properties":{"CTYUA23CD":"E06000037","CTYUA23NM":"West Berkshire"}},{"type":"Feature","geometry":{"type":"Polygon","coordinates":[[[-0.949167813963054,51.4595133249537],[-0.928560000159745,51.4450569731251],[-0.945215133170977,51.4461698757389],[-0.943398584563263,51.42930984107],[-0.961925701360532,51.4123449068238],[-0.973789854915503,51.409753890114],[-0.981369938339059,51.4206280959175],[-0.99628348779658,51.4195963014508],[-1.00125895346176,51.4263414329649],[-1.03398294957401,51.4527275339556],[-1.04918512239338,51.4514113000552],[-1.05297452901207,51.46036993537],[-1.03655747758827,51.4752267537868],[-1.01356370078558,51.466292019823],[-0.99839893680447,51.4843048201943],[-0.957486894679264,51.4930805511612],[-0.941136942883797,51.4749776509985],[-0.955183902930422,51.4653338410832],[-0.949167813963054,51.4595133249537]]]},"properties":{"CTYUA23CD":"E06000038","CTYUA23NM":"Reading"}},{"type":"Feature","geometry":{"type":"Polygon","coordinates":[[[-0.490024731164425,51.4947476352948],[-0.509807321692741,51.4692072646179],[-0.524358681535487,51.471528484042],[-0.534354978818388,51.4867853339592],[-0.560550664270769,51.4972117158478],[-0.565568404210051,51.4913420176521],[-0.600575771452686,51.5023044758944],[-0.607716162352804,51.4972515023419],[-0.626529885484881,51.5044137150605],[-0.642211995205478,51.5006272384143],[-0.659271318680068,51.5049023574704],[-0.659944895908714,51.5284469814789],[-0.6305355776221,51.5388952073441],[-0.589867740822717,51.5226767053001],[-0.567256016672106,51.532981036095],[-0.57509465893991,51.5292998722364],[-0.56870897687743,51.5112690474853],[-0.526981060815463,51.5095056025316],[-0.531819526768283,51.4933944621435],[-0.490024731164425,51.4947476352948]]]},"properties":{"CTYUA23CD":"E06000039","CTYUA23NM":"Slough"}},{"type":"Feature","geometry":{"type":"Polygon","coordinates":[[[-0.642211995205478,51.5006272384143],[-0.626529885484881,51.5044137150605],[-0.607716162352804,51.4972515023419],[-0.600575771452686,51.5023044758944],[-0.565568404210051,51.4913420176521],[-0.560550664270769,51.4972117158478],[-0.534354978818388,51.4867853339592],[-0.524358681535487,51.471528484042],[-0.54061316396913,51.4578521275783],[-0.522777872600698,51.4353037092165],[-0.571675217761157,51.451007631736],[-0.594015154893955,51.4416752475832],[-0.618495201013367,51.3923882534352],[-0.616344267326498,51.3835395923837],[-0.667634283855982,51.3845713456129],[-0.696540470455116,51.4109103697849],[-0.676260503648725,51.4315828698535],[-0.631309270281672,51.4144545434314],[-0.630552938632746,51.442192361264],[-0.661982328325828,51.4443193337879],[-0.656755756603434,51.4614941608613],[-0.672746126800362,51.4578491131412],[-0.688866170515666,51.4669598587046],[-0.71441818197128,51.4671441640858],[-0.724526232749236,51.4561391526177],[-0.76462816963277,51.459722619744],[-0.78256490664671,51.4686900761317],[-0.800038271695469,51.4411799175281],[-0.818085732865223,51.4431909950858],[-0.833754365368195,51.4640986840307],[-0.821784170089364,51.472602466139],[-0.829375464515667,51.4870691973525],[-0.817390197616722,51.5072375468219],[-0.853907491772685,51.5260731085118],[-0.842708591070275,51.5447715747092],[-0.792963793969878,51.5513590831944],[-0.774336543774475,51.5669227549263],[-0.757072515977257,51.5647999986907],[-0.718102246096498,51.5775502892801],[-0.711794367842966,51.5647712940724],[-0.69647360090748,51.5652035041693],[-0.691203240309587,51.5568191355917],[-0.70316470355774,51.5111067363008],[-0.652125325213239,51.4854936423975],[-0.633881969088683,51.492381769527],[-0.642211995205478,51.5006272384143]]]},"properties":{"CTYUA23CD":"E06000040","CTYUA23NM":"Windsor and Maidenhead"}},{"type":"Feature","geometry":{"type":"Polygon","coordinates":[[[-0.842708591070275,51.5447715747092],[-0.853907491772685,51.5260731085118],[-0.817390197616722,51.5072375468219],[-0.829375464515667,51.4870691973525],[-0.821784170089364,51.472602466139],[-0.833754365368195,51.4640986840307],[-0.818085732865223,51.4431909950858],[-0.800038271695469,51.4411799175281],[-0.792505466831662,51.4088496305634],[-0.801521116860122,51.4053010341783],[-0.788839993914029,51.3717507068192],[-0.813571306715724,51.3703184869801],[-0.837373716901633,51.3528861225891],[-0.878057285570353,51.3526294433729],[-0.92369481434098,51.3660104953327],[-0.986740059567131,51.3598556248242],[-0.986123750530059,51.3628482885656],[-0.981724611413117,51.3757487836556],[-1.01188405929674,51.392866627908],[-1.00125895346176,51.4263414329649],[-0.99628348779658,51.4195963014508],[-0.981369938339059,51.4206280959175],[-0.973789854915503,51.409753890114],[-0.961925701360532,51.4123449068238],[-0.943398584563263,51.42930984107],[-0.945215133170977,51.4461698757389],[-0.928560000159745,51.4450569731251],[-0.949167813963054,51.4595133249537],[-0.921698113854484,51.4679314572446],[-0.893850446902064,51.496642617907],[-0.870304673324217,51.5035928881502],[-0.878512270321433,51.5234856398144],[-0.900134311968213,51.5366613900098],[-0.896882190115767,51.5448630133878],[-0.879723063740375,51.5621275792716],[-0.842708591070275,51.5447715747092]]]},"properties":{"CTYUA23CD":"E06000041","CTYUA23NM":"Wokingham"}},{"type":"Feature","geometry":{"type":"Polygon","coordinates":[[[-0.591810331121503,52.1106918880999],[-0.66897597717708,52.0487168407765],[-0.643047384421451,52.03724943846],[-0.640200287337004,52.0240657826329],[-0.650960161931678,52.0185469839789],[-0.643460193916601,52.0109005925551],[-0.661689665376442,51.9997363853462],[-0.645680806107934,51.9722283113145],[-0.653016974736432,51.9692494370867],[-0.713113480946886,51.9898099441801],[-0.713941366477039,51.9778705046005],[-0.740379237640103,51.9698626271811],[-0.761997302027608,51.9855584760346],[-0.803659591001856,51.985523165789],[-0.819817648789318,52.0122859293589],[-0.871273944930241,52.0402199275033],[-0.852446930044217,52.0507050939995],[-0.862678645822757,52.0609340387573],[-0.839594622604854,52.0637959332893],[-0.831313005313099,52.0720063385771],[-0.846712543491745,52.0915087034718],[-0.869530890831007,52.1000376603272],[-0.871472753510848,52.1117797319681],[-0.887033141552335,52.1142149340775],[-0.880758452631504,52.1262921523493],[-0.828204674516664,52.1326105528126],[-0.831966629471785,52.1436835087174],[-0.814018926401135,52.1424745144121],[-0.807587882658753,52.1569790143848],[-0.792091270533438,52.1513294604513],[-0.777975100575612,52.1687324929908],[-0.749734768722189,52.1668767684431],[-0.705455584072188,52.1915707007857],[-0.668135637658982,52.1950341117758],[-0.627446652788111,52.1815454683205],[-0.630687617590423,52.1550241219381],[-0.64076532109467,52.1528171137803],[-0.635451654776416,52.1392536208873],[-0.607249381411581,52.1338687517842],[-0.591810331121503,52.1106918880999]]]},"properties":{"CTYUA23CD":"E06000042","CTYUA23NM":"Milton Keynes"}},{"type":"Feature","geometry":{"type":"Polygon","coordinates":[[[-0.135004643104498,50.8866504966042],[-0.135279339082157,50.878098358445],[-0.12179965145279,50.8734281552786],[-0.0975192636219945,50.8779454253866],[-0.0849276342430443,50.8731196294769],[-0.0734523413829599,50.8412145634759],[-0.0368600534958184,50.8411732470389],[-0.0459683931136427,50.8218246617317],[-0.02042837615218,50.8218303556257],[-0.0160023583696679,50.8148750652864],[-0.0384766479745245,50.7990565164647],[-0.0385642003977241,50.7990773687868],[-0.0428330102178665,50.7997666205315],[-0.0923842825191576,50.8107610121948],[-0.0918788001876448,50.8076730436503],[-0.110444367795574,50.8106598457141],[-0.110237460333136,50.8131761130774],[-0.192760757110724,50.8238627751644],[-0.216033878994041,50.827583764194],[-0.216815845622336,50.8276406063771],[-0.244970867103618,50.8638089043948],[-0.239238286310074,50.8678855967986],[-0.226719329968901,50.8781806386737],[-0.18773445855603,50.8685704699966],[-0.182416849918432,50.8882710475641],[-0.168577549008713,50.8923794447914],[-0.168124071976243,50.8807695015467],[-0.135004643104498,50.8866504966042]]]},"properties":{"CTYUA23CD":"E06000043","CTYUA23NM":"Brighton and Hove"}},{"type":"Feature","geometry":{"type":"MultiPolygon","coordinates":[[[[-1.0926096752797,50.8151105716638],[-1.10147485536478,50.8135922866808],[-1.09649634846136,50.8206385278056],[-1.0926096752797,50.8151105716638]]],[[[-1.04423118218365,50.8316944135723],[-1.0442455495371,50.7956367048616],[-1.04424761456082,50.7905149219629],[-1.03383543370569,50.7955512508125],[-1.03143440541691,50.7967123607147],[-1.03102001282028,50.7955279475809],[-1.0288625506635,50.7893604964335],[-1.0885941422214,50.7777142207812],[-1.09533861787975,50.7817123887516],[-1.1089236745791,50.7904384626669],[-1.10982548345459,50.7961558610148],[-1.11152102865734,50.8069018592372],[-1.0911786242944,50.8090688095554],[-1.09471376135908,50.8117998392594],[-1.09063230593382,50.8164971129527],[-1.09402758438586,50.8230075996193],[-1.10022301474976,50.8266865561611],[-1.08446852615611,50.8248197648991],[-1.07581268676816,50.8370070793816],[-1.04423118218365,50.8316944135723]]],[[[-1.15692892882084,50.8383042217689],[-1.15694255830349,50.8375250541133],[-1.16130195636781,50.8381125679749],[-1.15692892882084,50.8383042217689]]],[[[-1.15448347429157,50.8450553168281],[-1.11842762122027,50.8372826202628],[-1.11890952857625,50.8355015685796],[-1.14916592768439,50.8435265668478],[-1.154329577075,50.8448950701958],[-1.17118516081388,50.8399766049358],[-1.17122223272469,50.8408538339414],[-1.15448347429157,50.8450553168281]]],[[[-1.02263575697472,50.8521010331396],[-1.02395202124522,50.8315859393973],[-1.02497406356872,50.8264419461938],[-1.03631095415884,50.8354257480258],[-1.07800676573634,50.8373184633923],[-1.0886515334146,50.8284534902681],[-1.10630712763256,50.8378939313526],[-1.1027076678488,50.8460781413301],[-1.11393420663218,50.8435300878958],[-1.11578319799786,50.8582738494491],[-1.0540820707523,50.856530230275],[-1.02263575697472,50.8521010331396]]]]},"properties":{"CTYUA23CD":"E06000044","CTYUA23NM":"Portsmouth"}},{"type":"Feature","geometry":{"type":"Polygon","coordinates":[[[-1.37989189534768,50.9475180703815],[-1.35468995194608,50.9410218344503],[-1.35793338490146,50.9307313459938],[-1.33335691001506,50.9198827716172],[-1.32197756217243,50.9009534990777],[-1.36287630856461,50.8787499624324],[-1.36512907204106,50.880026976555],[-1.38431679018768,50.8915521150912],[-1.38487443276622,50.9039957745277],[-1.37170356962312,50.9121302827779],[-1.37627533653745,50.9106890589734],[-1.38796442062754,50.9069045636745],[-1.39325416408114,50.8830286926333],[-1.39902102115988,50.8945676665148],[-1.43246292376788,50.9073296193906],[-1.44261242259214,50.9111996252493],[-1.44705578373211,50.9037918222916],[-1.46512306441935,50.9103437479272],[-1.47451382628847,50.924285758902],[-1.4770603549891,50.9286687961772],[-1.44954581112644,50.9499113532644],[-1.42366272212772,50.9472334974688],[-1.40613979538219,50.9561274536544],[-1.37989189534768,50.9475180703815]]]},"properties":{"CTYUA23CD":"E06000045","CTYUA23NM":"Southampton"}},{"type":"Feature","geometry":{"type":"Polygon","coordinates":[[[-1.30376044782562,50.7647739439495],[-1.29609714853291,50.7617764271214],[-1.29489503047226,50.7619811976485],[-1.28295875523301,50.7300328629304],[-1.29138282951802,50.7625793861034],[-1.27459016885121,50.7654377413372],[-1.24778603600004,50.7518652849714],[-1.24252178054301,50.7385374254166],[-1.23491441338319,50.7432761060437],[-1.22788037523981,50.7415184533709],[-1.21642988277835,50.7351993484034],[-1.21665461703654,50.7349419204396],[-1.21592887158006,50.7349227947867],[-1.21453483766021,50.73415327071],[-1.20866995844008,50.7347312510965],[-1.15457965044967,50.7332899451159],[-1.1511820185163,50.7323587869949],[-1.10870001252852,50.7207032924856],[-1.096090623818,50.6943892812701],[-1.10288960453021,50.6998787479586],[-1.10829185102894,50.6935034069139],[-1.08597394170129,50.6943265747987],[-1.07037691303565,50.687581358843],[-1.0702356754457,50.6875007160174],[-1.09854495096676,50.6649692489754],[-1.13172351876458,50.6623279103933],[-1.1526153945459,50.6529067509759],[-1.16036019623443,50.6494123615296],[-1.17602804388635,50.6167840248791],[-1.18539974651291,50.5972447475013],[-1.30125092563529,50.575574244273],[-1.34510194345534,50.6010229136083],[-1.37388252468608,50.6180148220329],[-1.38897028308281,50.6269150125586],[-1.43568272412706,50.6402814209388],[-1.44808171948387,50.6438248935601],[-1.4844124540677,50.6667609381064],[-1.58654257502514,50.6631252727173],[-1.54822423813342,50.6782809188958],[-1.52212656233147,50.7070221434026],[-1.52041568910205,50.7071249812537],[-1.50156827688998,50.7068070240839],[-1.50967039709627,50.7058149557404],[-1.4998352834462,50.6979536873634],[-1.4965850924012,50.700934740767],[-1.50393007609483,50.7056534368672],[-1.46946387054805,50.7095556409253],[-1.43468656889706,50.7232739592716],[-1.42806709472966,50.7258829257148],[-1.41701274903595,50.7252363145735],[-1.41175296320724,50.7243760076826],[-1.42201026864972,50.7246156133692],[-1.41298551253039,50.7186244562354],[-1.41423674916251,50.7153033349818],[-1.41305623728034,50.703532162239],[-1.41190284892874,50.7144768058125],[-1.39774295879168,50.7104480311391],[-1.40811946505584,50.7190812657385],[-1.38482203025885,50.722476366537],[-1.40356772054242,50.7265572375459],[-1.39528491610402,50.7288174512406],[-1.35329639919519,50.7390898064935],[-1.31469585225121,50.7654664708621],[-1.31109848984391,50.7670452290135],[-1.30376044782562,50.7647739439495]]]},"properties":{"CTYUA23CD":"E06000046","CTYUA23NM":"Isle of Wight"}},{"type":"Feature","geometry":{"type":"Polygon","coordinates":[[[-1.55941079225447,54.8820371188128],[-1.56180965217131,54.8757167569592],[-1.531781773186,54.8781883872433],[-1.50653070203232,54.8710801017226],[-1.50427968057368,54.8312298106981],[-1.48185556201966,54.8096514145345],[-1.49072646804405,54.7993041361112],[-1.4225524435527,54.803170907028],[-1.41295475126421,54.8236547090542],[-1.42157982749195,54.8394710601043],[-1.34733192429187,54.860417230991],[-1.32085204613017,54.8375768941643],[-1.32937635351434,54.8381012341429],[-1.30204383445095,54.7684733519362],[-1.28092724463302,54.7528262898077],[-1.24118485027801,54.7233353052301],[-1.25186499193155,54.7196229898455],[-1.2702517668578,54.727168687781],[-1.30539662216899,54.7176144466872],[-1.30132484271011,54.7080916527674],[-1.31936389932285,54.6912974496848],[-1.34453719886964,54.6911216653161],[-1.33094416840882,54.6821617193165],[-1.34787134473742,54.6624292323825],[-1.34125422761501,54.6502118986462],[-1.38084708286666,54.6438022247404],[-1.41253632830273,54.6168008798432],[-1.45091942351288,54.6105396138688],[-1.43835548898022,54.5950796119261],[-1.45170547077754,54.5908279807612],[-1.46885572081472,54.6005273354345],[-1.5267640482967,54.5964541221721],[-1.55864448318351,54.5921168483847],[-1.55282400409124,54.5823421868969],[-1.57626627480123,54.5801984886256],[-1.59340930184247,54.5950771640614],[-1.58419280946254,54.6104860465821],[-1.60621813900068,54.6034402424268],[-1.60676411917432,54.6175403660373],[-1.68242215879617,54.6177711334526],[-1.67931169574512,54.5859733295815],[-1.69402783337592,54.586893850473],[-1.70898440615518,54.5741416873651],[-1.70928210885412,54.5631794622174],[-1.69120671271364,54.5562446290065],[-1.70527424961459,54.5491719567045],[-1.69692636355207,54.5360064297071],[-1.7213108898176,54.5423017252838],[-1.73309136190533,54.5277364132303],[-1.77969652861129,54.5318729948094],[-1.77613231485782,54.5067285050585],[-1.79297648414091,54.4844924296004],[-1.83943329269054,54.5084372364891],[-1.85780051144888,54.5035397952873],[-1.85912998438283,54.4818579033168],[-1.94254323627035,54.4533953549934],[-1.97005959181258,54.4515215419127],[-1.99676437249469,54.4669034492372],[-2.04472952149334,54.4751862741994],[-2.04319843418637,54.4835994484301],[-2.11659617374357,54.4622634788675],[-2.17021302340634,54.4581987855746],[-2.15899719522345,54.4720296362657],[-2.17239803091537,54.5324441161867],[-2.19753056810017,54.5327039659281],[-2.20948818801938,54.5517133732167],[-2.30451453732035,54.5961978460776],[-2.32493776754246,54.6316502370591],[-2.28797868797798,54.6504801041079],[-2.29287495116333,54.6638852920078],[-2.32728766378882,54.6707277195715],[-2.35176911416252,54.6859308509191],[-2.35574349125271,54.6976521794555],[-2.32574674351607,54.7266292305767],[-2.31208952139602,54.791015046825],[-2.28267781083991,54.7982520767098],[-2.21890675191817,54.7823773837281],[-2.19860065839177,54.8067362782731],[-2.16947003967283,54.8036099742436],[-2.13978896462199,54.8418707207387],[-2.08257516389669,54.8381692439752],[-2.03965493918131,54.8482409864857],[-2.00096698452765,54.8696677128467],[-1.98023634067633,54.8681834576866],[-1.94930606160323,54.852978946275],[-1.93261549256872,54.8541608364077],[-1.9136194476563,54.8340070843703],[-1.91367076069486,54.8396736921875],[-1.87010387418602,54.8508656853951],[-1.85443666752614,54.8911845472788],[-1.82063707341034,54.9057710870582],[-1.79452230430584,54.9035741243037],[-1.78163702129734,54.9115565994245],[-1.7687448779223,54.9067261188574],[-1.73611952843859,54.9185578236474],[-1.72492282931812,54.9088445509693],[-1.69848150976366,54.9090455028849],[-1.69168984097383,54.9025976041606],[-1.6747777845835,54.9095601452187],[-1.67557639645876,54.8980968546757],[-1.64931878603612,54.8929873124636],[-1.65055954794471,54.8793235541439],[-1.59422138886645,54.9020004160817],[-1.57990946563576,54.8777701487896],[-1.55941079225447,54.8820371188128]]]},"properties":{"CTYUA23CD":"E06000047","CTYUA23NM":"County Durham"}},{"type":"Feature","geometry":{"type":"Polygon","coordinates":[[[-2.31401249663183,53.3574304174436],[-2.29701253705802,53.3486474604196],[-2.30135901104771,53.340120620359],[-2.25644728585402,53.3606768412766],[-2.24079008412411,53.3595742669914],[-2.18543826739703,53.3526515832411],[-2.18097727745663,53.3440438011382],[-2.19416286501527,53.3386504410584],[-2.16071094860953,53.3272003478822],[-2.14409931007101,53.3428710074742],[-2.15119059702052,53.3481331353572],[-2.13902531020559,53.3673170116013],[-2.12326623398133,53.3619079049104],[-2.09511992692868,53.3660736488543],[-2.06823913874582,53.357363733138],[-2.04056362489501,53.3740877663963],[-2.031058463243,53.3702623861094],[-2.00678505242821,53.3545721125535],[-2.0094248420728,53.2606147236468],[-1.97487979601863,53.230954989863],[-1.99024867768893,53.2230222911312],[-1.98737982955689,53.2136037474881],[-2.00174927099309,53.1929557241948],[-2.04610965363786,53.1927771383059],[-2.07021816358765,53.171653125585],[-2.11186950066067,53.1686364893159],[-2.1403630699576,53.1838497792182],[-2.14142291774514,53.1566124896779],[-2.15554543171792,53.1596534951874],[-2.21131492476988,53.1158244641257],[-2.24742276488468,53.0898700471271],[-2.25324848942767,53.093976994431],[-2.29337580822217,53.0783263872942],[-2.31805569446669,53.0814075176033],[-2.34758567133388,53.0561702924311],[-2.38148099775442,53.0524751040772],[-2.38422739107302,53.0261675772654],[-2.37042155075988,53.0145296490635],[-2.38304468514478,53.0077867863604],[-2.38079367936827,52.9984110622549],[-2.43676051035908,52.9862560835512],[-2.43466847192472,52.9695572523834],[-2.48113332913399,52.9588365851221],[-2.52136030854293,52.9743418208615],[-2.52951582206291,52.9471648775005],[-2.56126288258472,52.9649521051142],[-2.58641372797688,52.9553790887172],[-2.59769347128031,52.9630059899653],[-2.59488906784906,52.979607147503],[-2.63265093996284,52.9966707872024],[-2.67466228547344,52.9856628103872],[-2.69929243706707,52.9954387986715],[-2.66881731014789,53.038653936523],[-2.70241055647356,53.054321250716],[-2.71826281201215,53.0442140957596],[-2.7529286634929,53.0692262393893],[-2.73173861065917,53.0918089842094],[-2.71136358397739,53.0936424027863],[-2.70605412094603,53.1185091315368],[-2.67114512359379,53.1158700125604],[-2.65973028828682,53.1307164169775],[-2.64126344182425,53.128421104265],[-2.62524282834534,53.1508429861394],[-2.59200516674297,53.1445158941258],[-2.59650472428264,53.1588720697338],[-2.58358096941245,53.1554979028643],[-2.57240251940964,53.1634722243599],[-2.54292435422605,53.1497721745099],[-2.49974071074995,53.1641519597481],[-2.46886728049918,53.1527366906675],[-2.44375960478923,53.1598832401732],[-2.44347744623549,53.170838203302],[-2.45737416426073,53.1766939328178],[-2.45655683567035,53.2026129583739],[-2.4306634553297,53.1979652850791],[-2.40636653381983,53.1740874564619],[-2.3921096750195,53.179915218434],[-2.37831956492192,53.1720129140127],[-2.36868607467663,53.1829171566337],[-2.37255434004135,53.1955828990789],[-2.41016086415475,53.2056963595254],[-2.41418179859763,53.2192997654368],[-2.40117228412505,53.2217587591391],[-2.39628927821287,53.2343623560282],[-2.36379985115036,53.2235708441722],[-2.34905575054226,53.2490143245824],[-2.36465011579822,53.2486797182785],[-2.394115156195,53.2667543082205],[-2.41445485676336,53.2683194002073],[-2.42746080927847,53.2611695330385],[-2.45317072412463,53.2845507578268],[-2.49800605204794,53.289908956227],[-2.51228119048505,53.3213462104506],[-2.49396788490726,53.3432985736825],[-2.51839296054763,53.3423902754329],[-2.52104960816655,53.3479004826802],[-2.48687843882333,53.3679038004418],[-2.43987999487119,53.3666626456098],[-2.42658992510444,53.3874615169358],[-2.36958798162436,53.3636340261229],[-2.33997311542925,53.3674446410141],[-2.31401249663183,53.3574304174436]]]},"properties":{"CTYUA23CD":"E06000049","CTYUA23NM":"Cheshire East"}},{"type":"Feature","geometry":{"type":"Polygon","coordinates":[[[-2.69929243706707,52.9954387986715],[-2.7268406065337,52.9832729462979],[-2.7599401790776,52.9864196664707],[-2.76827535224616,52.9948605041922],[-2.80331096693005,52.9895941844813],[-2.83599558996295,52.997150146825],[-2.84406201373811,53.0176683670735],[-2.86104429459502,53.0228486549975],[-2.85571506741516,53.0372559042528],[-2.87011791101549,53.0453605932239],[-2.85924038438122,53.0542555278963],[-2.87255483685911,53.0586155397174],[-2.86147506310468,53.0606604001837],[-2.88164358493242,53.0743920840043],[-2.87572225442175,53.0815220285336],[-2.90207396485117,53.0920394250028],[-2.88109940909981,53.1216037184015],[-2.91023233565262,53.1126389642335],[-2.96381312518341,53.1327575250671],[-2.97949802680966,53.1506216460487],[-2.9950883100933,53.1541959619647],[-2.92783850918185,53.1714114107239],[-2.92229929317117,53.1892926717249],[-2.9983782407184,53.2358586442706],[-3.0360241317657,53.2518049835481],[-3.08601484756326,53.2567989847436],[-3.08607619005066,53.2568297615746],[-3.10739770594214,53.2717650996898],[-3.10724540426193,53.2719735561058],[-3.08881215107436,53.2680004029238],[-3.08554879096477,53.2722540673011],[-3.11006071297982,53.2767946142457],[-3.07754938947303,53.2795778639008],[-3.10810266511703,53.2783387951589],[-3.10290442052463,53.2804784266434],[-3.09863297109461,53.2799274653319],[-3.08920538430642,53.2861150877401],[-3.10226063606944,53.2807433819657],[-3.10744932529457,53.2819101545828],[-3.09698129328709,53.2893482024404],[-3.10961297000744,53.2825799527116],[-3.1202681364413,53.2885766359252],[-3.10520696776839,53.2916362898152],[-3.12300428172316,53.2893039519754],[-3.11387067598427,53.2943716327275],[-3.09631673017228,53.2939504452581],[-3.1090482669874,53.2970466359508],[-3.07416551138978,53.3163809033363],[-3.02613955180197,53.297748658583],[-2.99273779101907,53.3071087583506],[-2.96803333271532,53.3012551099336],[-2.93960850114793,53.3103882166835],[-2.9317023798692,53.3060361417186],[-2.92884421120653,53.3083898156628],[-2.92863596687009,53.3082020886499],[-2.90165051426276,53.2954158290798],[-2.88947025232767,53.2896400248015],[-2.90053434197305,53.2970099236817],[-2.85556828280237,53.2920219578222],[-2.85728106183669,53.2869075049881],[-2.83960110742911,53.2987369258447],[-2.84638345444798,53.3069444911666],[-2.81595600396396,53.3061631569299],[-2.788795747642,53.2954088521151],[-2.75278930962497,53.314569610108],[-2.75243197509548,53.3147596244631],[-2.75245521144682,53.3147870174098],[-2.73892866186995,53.306764273019],[-2.72355800180627,53.313125424124],[-2.70079895863185,53.3057928192336],[-2.68515177103575,53.3154514620959],[-2.64155693821446,53.3050347970597],[-2.64506142803031,53.3101350721447],[-2.62412274757937,53.3093981931032],[-2.61996173477241,53.3202652492724],[-2.60908651552069,53.3120712133787],[-2.59522305170231,53.3224543711675],[-2.58628969384403,53.3293968051751],[-2.56187507812781,53.3233428508857],[-2.51839296054763,53.3423902754329],[-2.49396788490726,53.3432985736825],[-2.51228119048505,53.3213462104506],[-2.49800605204794,53.289908956227],[-2.45317072412463,53.2845507578268],[-2.42746080927847,53.2611695330385],[-2.41445485676336,53.2683194002073],[-2.394115156195,53.2667543082205],[-2.36465011579822,53.2486797182785],[-2.34905575054226,53.2490143245824],[-2.36379985115036,53.2235708441722],[-2.39628927821287,53.2343623560282],[-2.40117228412505,53.2217587591391],[-2.41418179859763,53.2192997654368],[-2.41016086415475,53.2056963595254],[-2.37255434004135,53.1955828990789],[-2.36868607467663,53.1829171566337],[-2.37831956492192,53.1720129140127],[-2.3921096750195,53.179915218434],[-2.40636653381983,53.1740874564619],[-2.4306634553297,53.1979652850791],[-2.45655683567035,53.2026129583739],[-2.45737416426073,53.1766939328178],[-2.44347744623549,53.170838203302],[-2.44375960478923,53.1598832401732],[-2.46886728049918,53.1527366906675],[-2.49974071074995,53.1641519597481],[-2.54292435422605,53.1497721745099],[-2.57240251940964,53.1634722243599],[-2.58358096941245,53.1554979028643],[-2.59650472428264,53.1588720697338],[-2.59200516674297,53.1445158941258],[-2.62524282834534,53.1508429861394],[-2.64126344182425,53.128421104265],[-2.65973028828682,53.1307164169775],[-2.67114512359379,53.1158700125604],[-2.70605412094603,53.1185091315368],[-2.71136358397739,53.0936424027863],[-2.73173861065917,53.0918089842094],[-2.7529286634929,53.0692262393893],[-2.71826281201215,53.0442140957596],[-2.70241055647356,53.054321250716],[-2.66881731014789,53.038653936523],[-2.69929243706707,52.9954387986715]]]},"properties":{"CTYUA23CD":"E06000050","CTYUA23NM":"Cheshire West and Chester"}},{"type":"Feature","geometry":{"type":"Polygon","coordinates":[[[-2.37893788163928,52.8917205240456],[-2.39375624971319,52.8366200385749],[-2.41634660240013,52.8270059910047],[-2.47289499273347,52.8208034197707],[-2.45625527532494,52.7841864530811],[-2.47280977449132,52.7804223278005],[-2.48970354173006,52.7829732899282],[-2.47712088994151,52.7993785524561],[-2.48650658342808,52.8052457111754],[-2.50293179651684,52.7966151816849],[-2.5219476722418,52.79890912762],[-2.53745077758983,52.7850584410577],[-2.53369894147206,52.793999527823],[-2.55176917292884,52.8025156553025],[-2.58277402480627,52.8055975060376],[-2.59813350120405,52.7979960492242],[-2.59226703186324,52.7768194456686],[-2.6210084701581,52.7764659020659],[-2.63232377968668,52.7595749510905],[-2.64306350259403,52.7670763853992],[-2.66351492320801,52.7604027003421],[-2.66019992044015,52.7317241062009],[-2.59741996828975,52.7182511698821],[-2.62259601335968,52.6990244638577],[-2.55564737354675,52.6710981077424],[-2.54838538604587,52.6546343495067],[-2.50177354912493,52.6290188142103],[-2.43809990290042,52.6145683443583],[-2.43663474871759,52.6270940478354],[-2.41829505360872,52.6337749410688],[-2.41902901166181,52.6628920164182],[-2.37654762449238,52.7395970625078],[-2.35776744733042,52.7312464749437],[-2.3156367525332,52.7329399837307],[-2.30860350792447,52.7207461373701],[-2.3248336041539,52.7053358311102],[-2.3199078211235,52.6953977627732],[-2.30304049939528,52.6829527800275],[-2.2476955172485,52.683043071635],[-2.23871532272218,52.6637013164014],[-2.24768735730075,52.6566601357049],[-2.23470907735918,52.6558541575355],[-2.23289449572097,52.6476942062433],[-2.25617061500712,52.6097982928444],[-2.28158430525676,52.6058738514889],[-2.32379942705026,52.6129531057319],[-2.32202449570949,52.5936360480848],[-2.30029269773898,52.5930271010792],[-2.26193773864192,52.5690598023103],[-2.28247661716922,52.5533960748376],[-2.25642651698257,52.5417415042464],[-2.2692153554449,52.5306887975025],[-2.26094318513366,52.5241024164049],[-2.29139000182827,52.511679924962],[-2.3127491667011,52.4892088291572],[-2.28738237113973,52.4553169285039],[-2.31175006207078,52.4375311774161],[-2.36352792484789,52.4394258309826],[-2.3729571483549,52.4019338462062],[-2.33555409893311,52.3853372696917],[-2.36735191957292,52.3880630032731],[-2.39067324035235,52.381527855865],[-2.41047383637194,52.3871532921095],[-2.41469594598204,52.3682480396559],[-2.47474855503537,52.3671804967092],[-2.48838300008294,52.3554017891665],[-2.48179590843371,52.3310777473859],[-2.51320477489778,52.3292139122079],[-2.51212945833582,52.3371102595184],[-2.53914994730822,52.3441390883156],[-2.56221899576703,52.3331082832588],[-2.56257481693948,52.3110901542851],[-2.57467429972343,52.3176186652381],[-2.61809524430103,52.3069466460635],[-2.62393298559876,52.3213880860647],[-2.66513163045228,52.3422842492876],[-2.68912776448561,52.3166054827206],[-2.67981117516044,52.312023092938],[-2.71423508446195,52.3088346808092],[-2.76700541828437,52.3361574630029],[-2.74844780693571,52.3349045685158],[-2.73274009474419,52.3555154187161],[-2.79242010801848,52.3568636039561],[-2.79250462990759,52.375283534138],[-2.80732909741049,52.3759114490775],[-2.80543256064045,52.3882520709597],[-2.81822288080805,52.3912299529276],[-2.85503772047807,52.3954860196285],[-2.88841573955345,52.3851704261481],[-2.89309757739588,52.3740858006073],[-2.9176851490735,52.3862884794478],[-2.92231079516907,52.3751473465218],[-2.90080513581716,52.3672702614202],[-2.9261433373763,52.366995255805],[-2.93888929692198,52.3610579830377],[-2.93314924449305,52.3500521344638],[-2.95465135625057,52.3491547628498],[-2.97450325778266,52.3547007719923],[-3.04017440612675,52.344326449559],[-3.06066441920979,52.3482395297035],[-3.11060650812059,52.3771928586202],[-3.15444662965246,52.3877151721652],[-3.17885189317182,52.4094453019878],[-3.21954231380943,52.4212465662123],[-3.23555343310675,52.4425111841],[-3.19724017301225,52.4759894045068],[-3.18021448078352,52.4739344858705],[-3.11101713479608,52.498934828381],[-3.02920219998827,52.501268025898],[-3.03237893922629,52.5237313433299],[-3.00387364775971,52.5198330371476],[-2.99416397610144,52.5529108742502],[-3.014230447679,52.5754965437771],[-3.08727582526502,52.5513315082532],[-3.08541228712571,52.5345027028164],[-3.13307842958419,52.527472074805],[-3.1370447146752,52.5340448107619],[-3.11149542440582,52.5413637648399],[-3.13950076571608,52.5857198080728],[-3.11741414899447,52.5857631475343],[-3.08955816271373,52.5995062980213],[-3.09362257365342,52.6093390876565],[-3.07318689672821,52.6289626623494],[-3.05981991551762,52.6307103332527],[-3.08356627752097,52.6412925202018],[-3.05112433418108,52.6473703199561],[-3.03858027691564,52.675373166834],[-3.04704782420661,52.6912658409262],[-3.0224859512498,52.7066679421564],[-3.02035717507642,52.7251022420807],[-3.00055465557069,52.720275310728],[-2.97759195389928,52.7265916760122],[-2.97810302517224,52.7153573258909],[-2.96107942399414,52.7164656946471],[-2.96506569361931,52.7322680648372],[-2.99131975668694,52.7338180016925],[-2.99199278312435,52.7437560385489],[-3.02180979863464,52.7519407818244],[-3.01081496516033,52.758474134926],[-3.01714764503031,52.7676217642356],[-3.03536166527588,52.7640327168387],[-3.03898477959301,52.7703945083183],[-3.05254038732917,52.7685883487679],[-3.04779141568697,52.7726355742841],[-3.07951607132088,52.7715139126723],[-3.09168246698264,52.7866629795941],[-3.08663218442715,52.795593156752],[-3.11828683786622,52.7835824209746],[-3.16085535746191,52.795745086062],[-3.15319003437988,52.8063686258345],[-3.16820515656899,52.807328443007],[-3.16788753046969,52.8192666796899],[-3.15126038171278,52.8425648882919],[-3.16301475130881,52.8474909452542],[-3.12771287514737,52.8671030328106],[-3.15241672487316,52.8787478871554],[-3.13552413220342,52.8850136669707],[-3.14750393983102,52.8901693458012],[-3.11416217688046,52.8939782165098],[-3.09595322236249,52.9302818603715],[-3.07651316772971,52.9254793440269],[-3.03512347363092,52.9294624894448],[-3.00964949707879,52.9561994732342],[-2.98202234589558,52.9591982546682],[-2.97502999812956,52.9689845241295],[-2.9598133204483,52.9511695556905],[-2.9288886576968,52.9386788302752],[-2.88743132915924,52.9525298908831],[-2.88353939739913,52.9466392170532],[-2.84101496067848,52.9426237150063],[-2.79884789455756,52.8957587642381],[-2.75532645758129,52.9246280372655],[-2.72843937384749,52.9253018633927],[-2.72417751071701,52.9571216556058],[-2.73529356518204,52.9699461900541],[-2.7268406065337,52.9832729462979],[-2.69929243706707,52.9954387986715],[-2.67466228547344,52.9856628103872],[-2.63265093996284,52.9966707872024],[-2.59488906784906,52.979607147503],[-2.59769347128031,52.9630059899653],[-2.58641372797688,52.9553790887172],[-2.56126288258472,52.9649521051142],[-2.52951582206291,52.9471648775005],[-2.52136030854293,52.9743418208615],[-2.48113332913399,52.9588365851221],[-2.43466847192472,52.9695572523834],[-2.43676051035908,52.9862560835512],[-2.38079367936827,52.9984110622549],[-2.3687305558901,52.9793594897804],[-2.37971828550886,52.9760652635183],[-2.38620832086667,52.9532172782145],[-2.4129171269442,52.9617707322305],[-2.40550267573913,52.9473175552808],[-2.42515061577032,52.9500126414776],[-2.43672273371605,52.9438698235999],[-2.4707891204993,52.905863030615],[-2.446096803267,52.8740029902976],[-2.44041158371091,52.8812273008096],[-2.37893788163928,52.8917205240456]]]},"properties":{"CTYUA23CD":"E06000051","CTYUA23NM":"Shropshire"}},{"type":"Feature","geometry":{"type":"MultiPolygon","coordinates":[[[[-4.72691368032223,50.6828722829497],[-4.72664429787625,50.6825688218615],[-4.72712191373254,50.6825814376676],[-4.72691368032223,50.6828722829497]]],[[[-5.02515427788986,50.2151548068382],[-5.02410564064617,50.2225031969398],[-5.00599656401254,50.2276059333074],[-5.01444044167282,50.2270887925446],[-5.0215558274724,50.2446925695369],[-5.01677046190736,50.2263475732219],[-5.02923365316934,50.2228376603778],[-5.02824432169634,50.2157124321984],[-5.03131570973379,50.2106715918257],[-5.03897711050394,50.2126638007653],[-5.04307926557348,50.2042995913432],[-5.04807629797126,50.2090255080206],[-5.04392239662628,50.2033098935208],[-5.05897012060523,50.1932436138126],[-5.06343224726339,50.1961859811155],[-5.05435220385665,50.1803276641443],[-5.077300177426,50.1842208734536],[-5.05118952052524,50.1771325257191],[-5.04770530779035,50.1716076644456],[-5.05287885627186,50.1635493409132],[-5.05446725620211,50.1623885449363],[-5.07164346085944,50.1650352241728],[-5.07751083465274,50.1668142612559],[-5.07661287094508,50.1658003808531],[-5.08197845044786,50.1666262693682],[-5.10225182912795,50.1697443124531],[-5.08155507610197,50.1600506225993],[-5.0635196605772,50.1515970979903],[-5.05058508287714,50.1554272090111],[-5.04924082980052,50.1557385415123],[-5.04199140274995,50.1439516621474],[-5.04454565662055,50.1447347080574],[-5.05506064042702,50.1482851873315],[-5.07653089329431,50.1404780187972],[-5.07308595037723,50.1341980025583],[-5.07972538859807,50.1315797424893],[-5.09369318239742,50.1260693992697],[-5.08176872321673,50.1093947674485],[-5.09481231645603,50.1022796191218],[-5.12193269272264,50.0999769800691],[-5.13471163953856,50.1001035252552],[-5.13752913570795,50.1029909251997],[-5.13033910379376,50.1101941915778],[-5.13790875184084,50.1117242886458],[-5.14046160587167,50.1059956967413],[-5.14063128243512,50.1061695430914],[-5.14530227909471,50.0986938435855],[-5.16050759840784,50.0970212817085],[-5.1635723032622,50.1003935171687],[-5.16490019912657,50.112600493957],[-5.16913174459194,50.0997832468133],[-5.16356647116155,50.0964303470264],[-5.16345810933324,50.0958893306906],[-5.162765917933,50.0959479779391],[-5.15951885509899,50.0939913209989],[-5.1723155362568,50.0909909676891],[-5.15440048551504,50.092735033844],[-5.14763815752199,50.0853430268418],[-5.15059304322866,50.0931053180209],[-5.1388558716115,50.0942459107117],[-5.13573329458321,50.0913745707891],[-5.10655204560986,50.0941856356415],[-5.10169244850692,50.092940538929],[-5.09484912667897,50.0891444394263],[-5.09694254131359,50.0871967292737],[-5.11790259288018,50.0822811590205],[-5.0767712743002,50.0855205567469],[-5.07599929093324,50.085581215531],[-5.07659664036765,50.0827927123526],[-5.07959444544096,50.0687933872985],[-5.07567543994389,50.0684074540716],[-5.06773438937121,50.0676250131653],[-5.057817176001,50.0527793839277],[-5.06605209702107,50.0395820123756],[-5.0688420544995,50.0351091279245],[-5.07345412867179,50.0336678601475],[-5.09680343681117,50.0263671231481],[-5.09116078321612,50.0157128520763],[-5.1013098316807,50.0042476124602],[-5.12258712760523,50.0092388557617],[-5.16662818005827,50.0037724353338],[-5.18876739779647,49.9738766751082],[-5.18586954877603,49.9629833450384],[-5.21015559335114,49.9601940520863],[-5.2191119335186,49.9700230661411],[-5.2195468820196,49.9714454705861],[-5.23284410802402,49.9735570480725],[-5.24567499706478,49.9761710197419],[-5.24399064782674,49.9840999525218],[-5.24518715988139,49.9851032886385],[-5.24509812335151,49.985400422091],[-5.25768751345197,49.9955821388826],[-5.26839864588234,50.0045562968251],[-5.26702033414206,50.0067101915193],[-5.25593314512732,50.0216170405742],[-5.25657946187485,50.023019693311],[-5.2564695537537,50.0231913160924],[-5.25675512742537,50.0234009108197],[-5.26175226153283,50.0342425980951],[-5.26177388949383,50.0342895095962],[-5.28004728510995,50.0418597875069],[-5.2794218854401,50.0563726701649],[-5.31630488856993,50.0852227595994],[-5.33911567039403,50.0919718529652],[-5.34355020818049,50.0914238692977],[-5.34630676644422,50.0921595596032],[-5.36251403554228,50.0890784282439],[-5.36318976286291,50.0889947931291],[-5.39177770374754,50.1035008743777],[-5.42935984415677,50.0969060759206],[-5.4291539233978,50.1054553707056],[-5.43477811235327,50.10772756631],[-5.46347832171687,50.1227315422297],[-5.46707954125662,50.1207678195423],[-5.48390152718835,50.1275523118639],[-5.5301080151592,50.1237122093144],[-5.53103494652719,50.1142676508431],[-5.54936096412508,50.1064820271456],[-5.54842719763947,50.1054382205949],[-5.54883169807437,50.1052594650509],[-5.53956917941469,50.0955334994683],[-5.53329185762811,50.0885113774354],[-5.54217471898191,50.0705690295204],[-5.57722862898811,50.0517738290498],[-5.58536213371978,50.0516364515602],[-5.61914106394694,50.0512184113169],[-5.63279198350019,50.0422939156087],[-5.63631385737814,50.0399906458463],[-5.64843089756447,50.0438274698948],[-5.65357841638889,50.0419141894204],[-5.67673300935349,50.0356531186961],[-5.68087098916732,50.0367924678234],[-5.69035778173875,50.0494908478368],[-5.6925770556485,50.0540141988537],[-5.69462393004747,50.0544788000666],[-5.71313654994083,50.0623294892857],[-5.71405816162867,50.0638852144442],[-5.69166296309696,50.0879863268629],[-5.68858613803498,50.0902955028909],[-5.70955879333752,50.1263015971603],[-5.71011647979321,50.127422463164],[-5.67305967252751,50.1662441348497],[-5.642267278536,50.1672860672961],[-5.62907261461017,50.167730024881],[-5.62833626351026,50.1683942799882],[-5.628009207066,50.168408267037],[-5.60657388860635,50.1880157743661],[-5.60070724105076,50.1933019393395],[-5.60005965951229,50.1930497144551],[-5.59085525409839,50.1886629928331],[-5.55921554117229,50.2054281227581],[-5.53878391415607,50.2162437155935],[-5.53654006103557,50.2164454160798],[-5.48156018245792,50.2191558714937],[-5.47730312470505,50.2189730785985],[-5.47239714507335,50.2092014472031],[-5.47200533405347,50.2080701006993],[-5.46916469606142,50.1998659811745],[-5.4368083441993,50.1935243262727],[-5.43369843341748,50.1937291048141],[-5.41347651735217,50.2098056691727],[-5.39362517988591,50.2255739789529],[-5.39525333986408,50.2405157928323],[-5.37810149923982,50.2440710315047],[-5.36837711660057,50.2361658373563],[-5.36700157237685,50.2364218362976],[-5.32480734271536,50.2442653587504],[-5.30375843529999,50.2617280296772],[-5.28918518512171,50.2610457109354],[-5.2813732301954,50.2706550937354],[-5.25134579865602,50.2825702368215],[-5.24952329233738,50.28464952837],[-5.24369581011188,50.2868723333421],[-5.24211072030151,50.2931044148813],[-5.23546130826904,50.3006859770065],[-5.23412094941938,50.3183509940429],[-5.20061060049716,50.3201426997916],[-5.18149101875633,50.3403352373744],[-5.15384624653133,50.3461371564433],[-5.14648531118574,50.3752654184915],[-5.15314361766245,50.3837813985737],[-5.15179812618325,50.3893016750634],[-5.143585713295,50.3889046825401],[-5.14542424091583,50.3972963312292],[-5.14718796088821,50.4053435551217],[-5.1463842250044,50.405600595341],[-5.10878317070247,50.4128575985213],[-5.10243484541206,50.4131138986882],[-5.09980300471222,50.425633091651],[-5.09552794482144,50.424006040877],[-5.07753458894287,50.4158423715681],[-5.05477689103968,50.4257268903811],[-5.04378825275585,50.4422290622208],[-5.04260514533663,50.4620623367461],[-5.04205767263877,50.4642901830206],[-5.03186440119644,50.4676169054044],[-5.03966620896786,50.4740195747895],[-5.03602727023607,50.488817062584],[-5.03604549025655,50.4888318749421],[-5.03482681494771,50.4936874479832],[-5.04680707283456,50.4978267914525],[-5.02404518805437,50.5087212295615],[-5.02835717116404,50.5176511762761],[-5.02691140403154,50.5239783316634],[-5.02263757019703,50.5265394563529],[-5.03652515550442,50.5495587050443],[-5.03594328805995,50.5494855582381],[-4.98386583043079,50.5422107920838],[-4.97207706892609,50.557780169903],[-4.94511999886469,50.5691474433183],[-4.94959409039878,50.5565619809277],[-4.93511380726353,50.5489868073973],[-4.93090721010886,50.5300034785551],[-4.92473037937437,50.5311756263356],[-4.92637128298768,50.5452858552605],[-4.93144375727827,50.5648109113516],[-4.91580041395331,50.575877822943],[-4.92823437129905,50.5828770550924],[-4.93537580608854,50.586895507221],[-4.92144400929732,50.5932402441262],[-4.91549517220222,50.5914580388372],[-4.90828934590339,50.5845070956694],[-4.89890560222235,50.5836115397235],[-4.88522893865096,50.5823048628169],[-4.88055307696711,50.584066867279],[-4.86752465562518,50.5889747045943],[-4.86998617228391,50.595370476667],[-4.86988998403666,50.5953864828609],[-4.83822538965683,50.5944151024139],[-4.8324389873183,50.5921356756205],[-4.82712854372422,50.5930066471929],[-4.79622009594882,50.5980705493514],[-4.79165946662158,50.6023720160739],[-4.79058315844047,50.6026412679383],[-4.78946948519192,50.6044372155504],[-4.77044152123395,50.6223718150181],[-4.75871806437452,50.6528499700768],[-4.76058072014637,50.653323474494],[-4.7644968758956,50.6695897491647],[-4.76446329901571,50.6698212753706],[-4.74329441842283,50.6763797305196],[-4.74109431612882,50.6759288073831],[-4.73505131576147,50.6715033408921],[-4.73306263728457,50.6742822254007],[-4.72978467353415,50.6736099973599],[-4.72606190064329,50.6840619496994],[-4.68024568558363,50.6959935839061],[-4.68113141008299,50.7036434089972],[-4.68100501954875,50.704467363506],[-4.65457628700499,50.7162665386562],[-4.65387758337848,50.739837694969],[-4.64869815834764,50.7401384516225],[-4.64028390932565,50.7401419472827],[-4.63969021170756,50.7406609692064],[-4.63452235895129,50.7409604149496],[-4.63456967706775,50.7451368575074],[-4.62532626178804,50.7532139243814],[-4.58550550826297,50.7708874916878],[-4.56194358672403,50.7813324251339],[-4.55868322816147,50.8287617696855],[-4.55732284413912,50.828896799522],[-4.54667214375138,50.8299534404391],[-4.5561170737732,50.8368616439009],[-4.55835139376797,50.8477069475923],[-4.55986636229716,50.8550574211508],[-4.55926840281847,50.8657047211454],[-4.56681594784925,50.8887418047392],[-4.56991556816818,50.9037477436435],[-4.56187902707891,50.9120494841276],[-4.54606650554742,50.9283736243073],[-4.5459728370411,50.9288053630097],[-4.45605816327938,50.9288691859367],[-4.46268330272599,50.9134897827932],[-4.42095916744729,50.8660861656174],[-4.43372646821496,50.8655092549759],[-4.44224390037994,50.8469426738633],[-4.44679067285866,50.808223723643],[-4.49349652984377,50.7929237615558],[-4.45132992301362,50.7856541959699],[-4.42394702206902,50.7645494039465],[-4.40872280864792,50.7624168901687],[-4.41441712623775,50.774395582117],[-4.39355720461678,50.7782322892646],[-4.38102508886451,50.7705509475102],[-4.38499915489107,50.7477558251361],[-4.36158610651669,50.7187672077225],[-4.3693407564535,50.7023413430557],[-4.34894080349311,50.6895382574278],[-4.33522641876651,50.6465408609257],[-4.32563065951261,50.6377307106888],[-4.30030704765174,50.6338524388804],[-4.31162974247687,50.5860774690858],[-4.30691506779935,50.5785850671305],[-4.29132756980882,50.5838578780695],[-4.28606176960213,50.5749421988971],[-4.28598133511437,50.5846654246939],[-4.27114961706166,50.5822142028992],[-4.27951593682655,50.5691733356699],[-4.25928500625729,50.545846766211],[-4.271526014024,50.5365851977345],[-4.24789096992557,50.543922189578],[-4.23229543056486,50.5310174672764],[-4.20730714918843,50.5335626851357],[-4.20279303109881,50.5031798283113],[-4.18575017328832,50.5083572104039],[-4.18070463552914,50.5037280294746],[-4.1993570856001,50.4923687643603],[-4.22086898555329,50.4980727231674],[-4.2180822401953,50.4759428728942],[-4.23859198555515,50.463969167011],[-4.22957621468745,50.4557824500726],[-4.21511461185356,50.4665965484822],[-4.20073188916644,50.436423347125],[-4.22228115682423,50.4262356974357],[-4.23831164789496,50.4390433583983],[-4.22387210622313,50.4219831899093],[-4.20991099724708,50.4254398172418],[-4.21040823359946,50.4188306443514],[-4.21147184454887,50.4046814995785],[-4.22675047150616,50.3935120735571],[-4.22730195729596,50.3932965579784],[-4.23301521332515,50.3935564667957],[-4.23083331778328,50.3905261272591],[-4.23085946547008,50.3905070033328],[-4.23082586429694,50.3905157745805],[-4.2307657805096,50.3904323205729],[-4.20221408312714,50.3883832433898],[-4.2094682466173,50.3856664449772],[-4.1947836548681,50.3718565646645],[-4.20923499262772,50.3689321894229],[-4.20892604555953,50.3686934070265],[-4.20918521546659,50.3686508204386],[-4.20827035771723,50.3681866214274],[-4.19711586759944,50.359562953921],[-4.20761609787209,50.3469069166985],[-4.17268882713334,50.3585728848478],[-4.17155371910001,50.357224833105],[-4.17059386864706,50.346813886957],[-4.19958956336345,50.3334262499172],[-4.2012714929036,50.3328725050499],[-4.18840249187205,50.3177313078943],[-4.18946428586093,50.3175463402187],[-4.21019204828477,50.3182573930649],[-4.22147587592455,50.3119646632605],[-4.22319796199603,50.311664108014],[-4.22361862342103,50.3127651823976],[-4.21952359652147,50.3246060286682],[-4.2291698060828,50.3335041683542],[-4.24990627703412,50.3408360147108],[-4.30815097061245,50.3613974939706],[-4.41022406369339,50.3641474155398],[-4.43658028864627,50.3610208464476],[-4.45110107143495,50.3509188830849],[-4.45063459874991,50.3481886937381],[-4.47268923139113,50.3332086380988],[-4.4975251869775,50.3373904803165],[-4.49801879317039,50.336616014251],[-4.53830354101928,50.3238441319652],[-4.53895801877531,50.3237222913372],[-4.578492219299,50.3325701752242],[-4.59841531946951,50.323887091438],[-4.60665219748754,50.3289613259122],[-4.63303983104348,50.3243616079833],[-4.63850652127732,50.3298527401319],[-4.63738513028148,50.3301587552949],[-4.61805251573374,50.3348673059801],[-4.61900802852687,50.3351716090697],[-4.60883484075742,50.3379449624023],[-4.62135983993942,50.3359205426324],[-4.63108190923905,50.3390157652738],[-4.64212877742846,50.3321131146416],[-4.66761504459016,50.3230787738413],[-4.6725498155824,50.3138763831305],[-4.68482549730037,50.3201229768255],[-4.68491866564187,50.3206846099194],[-4.68242459992516,50.3380112626441],[-4.68808183190924,50.3397437567034],[-4.6894612144636,50.3480497900957],[-4.75561153906562,50.3313820125461],[-4.75647245112486,50.3311868688618],[-4.75649522641574,50.3311590228031],[-4.75684792499123,50.3310700200857],[-4.76691588624591,50.3208290505342],[-4.76604933259818,50.3194745972642],[-4.76613431223596,50.3193706405379],[-4.75264882920183,50.2985077112059],[-4.76413446815713,50.3004206355072],[-4.78124321981332,50.2901344669442],[-4.7870179658562,50.2695000004271],[-4.78568369137301,50.2617567133246],[-4.76698708423713,50.2566398883176],[-4.78554633144658,50.2455712742712],[-4.78096229591406,50.2374804010498],[-4.78402189136762,50.2361215328347],[-4.79826333204283,50.2301995998714],[-4.79835162776805,50.2262605477677],[-4.79850280458658,50.2195151080508],[-4.80521188588127,50.2234848272117],[-4.80945051303905,50.2259922518039],[-4.81892073428986,50.2315929592603],[-4.86245624775839,50.2360275718515],[-4.87869624379253,50.2242966467002],[-4.90317550005225,50.2065990139796],[-4.91698742480734,50.1972347252664],[-4.93373777428959,50.2070934466272],[-4.95590609134957,50.2029335302299],[-4.97360302186291,50.1856483326261],[-4.98196994791055,50.1518060845972],[-5.00960504148784,50.1392977823864],[-5.00966034179957,50.1393602853607],[-5.01766327425982,50.1489671189252],[-5.00940402221639,50.1500211476952],[-5.00406486264834,50.150602625618],[-5.00401426272186,50.1507086378749],[-5.0039557722408,50.1507160973354],[-4.99573919333681,50.162237393347],[-5.02370860806065,50.1573313157653],[-5.01435519472635,50.1904741799851],[-5.02560420397386,50.1822191968209],[-5.03483214266902,50.2039175636408],[-5.02677316208619,50.2039617944779],[-5.02841026410205,50.2099159186999],[-5.02848960353537,50.2099365556182],[-5.02751800154651,50.2104798401265],[-5.02515427788986,50.2151548068382]]]]},"properties":{"CTYUA23CD":"E06000052","CTYUA23NM":"Cornwall"}},{"type":"Feature","geometry":{"type":"MultiPolygon","coordinates":[[[[-6.34905063698858,49.8982198773861],[-6.32842255580921,49.8924563081537],[-6.32851419772116,49.8920519719425],[-6.33779744285269,49.8931292309287],[-6.33833748048622,49.8934128600728],[-6.34126068734852,49.8823405171977],[-6.34234643782324,49.882885460062],[-6.3527673717682,49.8892260021436],[-6.34905063698858,49.8982198773861]]],[[[-6.27583724948072,49.9212271971615],[-6.28782904813455,49.9100221779833],[-6.30300390583224,49.9115332337526],[-6.30393769094131,49.9031962185862],[-6.30608773151811,49.9054255245563],[-6.31287821027284,49.9132390743996],[-6.31336103528759,49.9129650786841],[-6.31353200551293,49.9131422731998],[-6.3136454087717,49.9128036987798],[-6.32051455072413,49.9089049796816],[-6.3266371152401,49.911622596699],[-6.32764388449862,49.9125747441382],[-6.30909420519122,49.9166184405404],[-6.31035804438423,49.9195169408996],[-6.3121245194452,49.9285359525935],[-6.29777466555399,49.9367940511231],[-6.27662950341114,49.9287815883493],[-6.27583724948072,49.9212271971615]]],[[[-6.33190786624801,49.9395919737819],[-6.33248011696287,49.9395046611598],[-6.34431732204487,49.9605686860255],[-6.3464636798,49.9669251123916],[-6.32066634211293,49.9540682074921],[-6.3199715000141,49.9524717304262],[-6.33190786624801,49.9395919737819]]],[[[-6.34949393521094,49.9519210004464],[-6.35573538641128,49.9464509418215],[-6.36029701223157,49.9489780828867],[-6.35872037824527,49.9670131041196],[-6.34807363717608,49.9556526340887],[-6.34949393521094,49.9519210004464]]],[[[-6.29356553658171,49.9783292451712],[-6.28970753428646,49.9699073468953],[-6.28874857988966,49.9661723289318],[-6.26173195371061,49.9628627172554],[-6.26316440139207,49.9623801349372],[-6.28385208069647,49.9563368091916],[-6.28614338129591,49.9568686480157],[-6.29418647387847,49.9600231177374],[-6.29418806046087,49.9603855005839],[-6.29439236177574,49.9601038533247],[-6.3023050989383,49.9632062091382],[-6.30368358373152,49.9646746864126],[-6.2954108431127,49.9758395602582],[-6.29215937203599,49.9744135937614],[-6.29367511798735,49.9781814060591],[-6.29356553658171,49.9783292451712]]]]},"properties":{"CTYUA23CD":"E06000053","CTYUA23NM":"Isles of Scilly"}},{"type":"Feature","geometry":{"type":"Polygon","coordinates":[[[-1.78860021502991,51.6670069396076],[-1.79917222668193,51.662491137355],[-1.78864233032141,51.6327149891541],[-1.82789707256142,51.6253268120903],[-1.84228479519275,51.6125177526638],[-1.83180132055688,51.5967364016932],[-1.83758612085906,51.587219958117],[-1.823733053229,51.5822091981918],[-1.84310540516334,51.5787051367176],[-1.84511997889254,51.5617470687729],[-1.86009282557496,51.5652203539193],[-1.86512047840834,51.5595881614552],[-1.84920317425281,51.5533417814376],[-1.85390577104808,51.5462426754531],[-1.83009405215828,51.5154033249039],[-1.83698745012491,51.5108616164418],[-1.8467213359405,51.5244403991078],[-1.83758492292658,51.5008374700594],[-1.81345034633343,51.5070421801524],[-1.79779682111143,51.4844459329131],[-1.77433053529391,51.4824545734086],[-1.71573673989899,51.4883833461806],[-1.71908165367462,51.5007055402528],[-1.60282488305727,51.5183097255545],[-1.58469504578326,51.5249220610758],[-1.58240025292512,51.4942544255071],[-1.52402343880987,51.4474724287348],[-1.52653517029054,51.4239718916141],[-1.56511865145832,51.4220434340803],[-1.57096980348612,51.4152945965752],[-1.55292234102159,51.4100374220283],[-1.55559663765941,51.3955386540797],[-1.49537262165059,51.3696578986654],[-1.50063304963128,51.3563211275534],[-1.48561782031052,51.3476506895843],[-1.49828689474575,51.3293617176529],[-1.52750793808987,51.3384441174773],[-1.53356185391502,51.3162235803486],[-1.51940862318842,51.2959528007858],[-1.5227771840447,51.28706332452],[-1.54262001501247,51.2812415026738],[-1.54059897066636,51.2608311904227],[-1.5298179468057,51.2608018465514],[-1.53603185288199,51.2485479818718],[-1.54584181725981,51.245251361758],[-1.57757201593558,51.2555795590364],[-1.60759078945477,51.2527924070843],[-1.63362097701599,51.2175905587049],[-1.68969464697899,51.2148276707553],[-1.69409695143106,51.204043239813],[-1.66882042147437,51.1907592194979],[-1.67227119754693,51.1785463714458],[-1.65404004725731,51.1562528482212],[-1.66297542061049,51.1271919942692],[-1.62633709616521,51.1173233719074],[-1.63731080993168,51.092165472254],[-1.62780997211858,51.0782283918058],[-1.63492593348603,51.0404375883883],[-1.63237574994688,51.0327797089411],[-1.59939671455144,51.0237293759632],[-1.59738550046853,51.0097469912478],[-1.62888498210167,50.9990317656901],[-1.61973084457042,50.9830349746602],[-1.60292975190204,50.9785041796413],[-1.61975086537986,50.958566922566],[-1.63496498191182,50.959242203305],[-1.66165999760679,50.9452778925552],[-1.71957103083064,50.9767862625426],[-1.75440191299908,50.9778920957637],[-1.80031396441254,50.9913948004776],[-1.81542176154033,50.9859226506618],[-1.83581730052681,51.0094733419781],[-1.85338113087344,51.0046795408065],[-1.87391116606953,50.9845006397084],[-1.87448162937032,51.0063305730385],[-1.88674132171074,50.9995277362902],[-1.92787590068259,50.9976972353567],[-1.94993597428249,50.982310587126],[-1.95683008078171,50.9898002885712],[-1.98526594366025,50.9847136665567],[-1.99383003479632,50.9757710660237],[-2.03655897229158,50.9721768970225],[-2.06831287946984,50.9511940147577],[-2.10179195110563,50.9449855124625],[-2.12067094650373,50.9615394746872],[-2.11976435895004,50.9781906486388],[-2.17257990630718,51.00110046192],[-2.19331116982019,51.0377514215439],[-2.24203331768667,51.0710417177331],[-2.26859581115027,51.0687257144264],[-2.32586314227273,51.079678339545],[-2.36086958335645,51.0990175009608],[-2.3645276284756,51.11887884006],[-2.34453924740452,51.1246781602203],[-2.34585866968418,51.1333687940645],[-2.29846468216909,51.1753224442548],[-2.24534123488723,51.2538761371033],[-2.25349723752292,51.2898347409545],[-2.26525311710259,51.2962199832276],[-2.28068002440096,51.2934629278997],[-2.28512005576167,51.3095280438478],[-2.27195450640093,51.3142540539339],[-2.27309487103777,51.3228790460251],[-2.28909082429693,51.3252720485445],[-2.30092693165784,51.3332225319919],[-2.29640906948892,51.3426619850286],[-2.34433841756594,51.3455637229005],[-2.29204208281613,51.3695656589168],[-2.29670873229616,51.3948461932014],[-2.28191115864131,51.3972104112139],[-2.29080374096335,51.4057164986867],[-2.27853827641173,51.4158151814915],[-2.29464220744988,51.4288037094027],[-2.28509443323933,51.457884866372],[-2.29574294629382,51.458590039344],[-2.29046578148789,51.4866510040105],[-2.3115304857608,51.4872579976708],[-2.32427608910811,51.4975166014544],[-2.25240978443968,51.5268896673818],[-2.26652266822564,51.536267916198],[-2.26028641253826,51.5698801489716],[-2.27262994085636,51.5775575723344],[-2.2450978410726,51.5813830123298],[-2.24190435846893,51.5920918317043],[-2.20766478973341,51.6034039914773],[-2.20667832394276,51.5959413390896],[-2.19002396047558,51.59247564011],[-2.17952710424549,51.600014165713],[-2.15255295284545,51.5903259204315],[-2.07347692778425,51.6594984866414],[-2.07881101192249,51.6652991916143],[-2.07341140682766,51.6594989668112],[-2.05717380115619,51.6724431322141],[-2.01510144317502,51.6503682394804],[-1.99531096059941,51.6513768293704],[-1.97719872120297,51.6379297423611],[-1.95067417019488,51.6370354478024],[-1.9629675452052,51.6586868816824],[-1.94212716982488,51.6704296589237],[-1.92093625899621,51.6572314729441],[-1.87661122669359,51.6515492366802],[-1.89901603884181,51.6796910478417],[-1.87388422633388,51.6825897759801],[-1.85061102869137,51.6562857862082],[-1.81590758350003,51.6629808528163],[-1.82328624616454,51.6735430357288],[-1.81193331078398,51.7031238925381],[-1.78860021502991,51.6670069396076]]]},"properties":{"CTYUA23CD":"E06000054","CTYUA23NM":"Wiltshire"}},{"type":"Feature","geometry":{"type":"Polygon","coordinates":[[[-0.249785149179338,52.1843710271715],[-0.28911707135863,52.1909257732246],[-0.306026233346526,52.1655590509798],[-0.32155290182113,52.1687895239726],[-0.346235054803753,52.145972440882],[-0.361081716756794,52.1441683088826],[-0.344804182727541,52.1159557948291],[-0.381287439047321,52.0934648503063],[-0.38488607188822,52.0754996419055],[-0.403087301606866,52.0692234334328],[-0.440437296443602,52.0633737513436],[-0.47152698515917,52.0880086570609],[-0.499672352600228,52.0755654292168],[-0.508514766144411,52.0545431786636],[-0.54095613532627,52.0816268928893],[-0.589185945140159,52.0974991888419],[-0.583235250641575,52.1045588995328],[-0.591810331121503,52.1106918880999],[-0.607249381411581,52.1338687517842],[-0.635451654776416,52.1392536208873],[-0.64076532109467,52.1528171137803],[-0.630687617590423,52.1550241219381],[-0.627446652788111,52.1815454683205],[-0.668135637658982,52.1950341117758],[-0.63733162156624,52.2273176317195],[-0.653655470981071,52.2682893071709],[-0.603337324956545,52.2788024382021],[-0.565693055132987,52.2534682264436],[-0.541971909036615,52.2560727485565],[-0.531190184929433,52.2704024303694],[-0.541969414284237,52.2899424469085],[-0.514051195755829,52.3146970761678],[-0.519829880170178,52.3176925680897],[-0.465365756545097,52.3229532812371],[-0.436088655177378,52.3144708459939],[-0.435761112192004,52.2966568800962],[-0.421767439464139,52.2849474985045],[-0.375009968281875,52.2804693783712],[-0.372175068758848,52.2734998531163],[-0.382341197020937,52.2711256565426],[-0.374375681124288,52.2329982884739],[-0.341010840873401,52.2306474937778],[-0.34346885979841,52.2418744209852],[-0.335249413126625,52.2428818077989],[-0.29320898808327,52.2405161819444],[-0.285613647569757,52.2372770686813],[-0.296267726158592,52.2104823932789],[-0.261845188172905,52.2098669211304],[-0.240723002820836,52.1901931437342],[-0.249785149179338,52.1843710271715]]]},"properties":{"CTYUA23CD":"E06000055","CTYUA23NM":"Bedford"}},{"type":"Feature","geometry":{"type":"Polygon","coordinates":[[[-0.249785149179338,52.1843710271715],[-0.26069408798734,52.1764014218502],[-0.2166619212819,52.1587665256199],[-0.234804043652189,52.144726758307],[-0.171534734092178,52.1395025909765],[-0.154352348807397,52.1444079263781],[-0.144462739636375,52.138221800022],[-0.157605055560218,52.0804409513694],[-0.172540383850461,52.0602232681247],[-0.194982619305265,52.0624150813563],[-0.219493434451981,52.0367412591483],[-0.201256006066088,52.0098246885529],[-0.244078670645728,51.9990232893037],[-0.247983026838786,51.9850799856718],[-0.270653744162195,51.9796116307737],[-0.282415833818799,52.0015640162212],[-0.296089150328657,52.0021924394519],[-0.312233444953791,51.9819325799327],[-0.3672962650547,51.9837494454859],[-0.349316410296868,51.9711535331886],[-0.350197697131372,51.9575982909897],[-0.374104653314752,51.9477693266355],[-0.382989183780684,51.9518175704233],[-0.379630061965801,51.9779575240599],[-0.39135545828658,51.9769889766933],[-0.405647618919527,51.9324661771397],[-0.385615555724027,51.9156803959794],[-0.419064998588213,51.9123036451975],[-0.421681634403011,51.9256807379631],[-0.436106923836832,51.9276663379005],[-0.485701416266266,51.9227011901167],[-0.482276166347529,51.9077947227365],[-0.505923085960359,51.9006124971274],[-0.455274925246212,51.882287034331],[-0.422774558845709,51.8545519365069],[-0.39586015374901,51.8705810262898],[-0.369755351222524,51.8681152304062],[-0.354833888657066,51.8740145293011],[-0.339485894640329,51.8496055510724],[-0.363307665681262,51.8421047414207],[-0.373362805065754,51.8292291683642],[-0.404858806630098,51.8406074650737],[-0.421500810100557,51.8502052260499],[-0.447524508948031,51.8476015346548],[-0.470419996730907,51.8557101697987],[-0.47829846763004,51.8531365025918],[-0.471195676810699,51.8454678697177],[-0.501818268966651,51.8367948225647],[-0.511192917001904,51.8258936103662],[-0.502282758285977,51.8154586940914],[-0.519728847877412,51.8050953620297],[-0.553613859712542,51.8267529281925],[-0.543730170171154,51.8245761858016],[-0.537619262375032,51.8314728030516],[-0.583563578497735,51.8703238406752],[-0.6200891563295,51.8854855177811],[-0.651985919199778,51.8868522847296],[-0.672969117918549,51.9017527155225],[-0.693308161397624,51.9003480469886],[-0.702156753865155,51.909119113469],[-0.653016974736432,51.9692494370867],[-0.645680806107934,51.9722283113145],[-0.661689665376442,51.9997363853462],[-0.643460193916601,52.0109005925551],[-0.650960161931678,52.0185469839789],[-0.640200287337004,52.0240657826329],[-0.643047384421451,52.03724943846],[-0.66897597717708,52.0487168407765],[-0.591810331121503,52.1106918880999],[-0.583235250641575,52.1045588995328],[-0.589185945140159,52.0974991888419],[-0.54095613532627,52.0816268928893],[-0.508514766144411,52.0545431786636],[-0.499672352600228,52.0755654292168],[-0.47152698515917,52.0880086570609],[-0.440437296443602,52.0633737513436],[-0.403087301606866,52.0692234334328],[-0.38488607188822,52.0754996419055],[-0.381287439047321,52.0934648503063],[-0.344804182727541,52.1159557948291],[-0.361081716756794,52.1441683088826],[-0.346235054803753,52.145972440882],[-0.32155290182113,52.1687895239726],[-0.306026233346526,52.1655590509798],[-0.28911707135863,52.1909257732246],[-0.249785149179338,52.1843710271715]]]},"properties":{"CTYUA23CD":"E06000056","CTYUA23NM":"Central Bedfordshire"}},{"type":"Feature","geometry":{"type":"MultiPolygon","coordinates":[[[[-1.77908795987536,55.6856777645349],[-1.77865649285957,55.6675945190174],[-1.80285469017326,55.6683490713791],[-1.81547751645511,55.6821570747762],[-1.85478733341072,55.6804363974647],[-1.85105010435205,55.6884713057772],[-1.81486092720814,55.6892363688242],[-1.78980014916222,55.6876015819406],[-1.77908795987536,55.6856777645349]]],[[[-1.98863911850325,55.768943440082],[-1.98799973142785,55.7649016468146],[-2.00157807886169,55.7653864142264],[-2.00424227577983,55.7654813545545],[-2.00157804508799,55.763647790851],[-1.95869115304864,55.7341007234143],[-1.95784694897657,55.7334276415405],[-1.9574370299258,55.7332357927392],[-1.93809635261851,55.7198906524086],[-1.91014312013948,55.7110796084048],[-1.90754753019702,55.7098623734095],[-1.90266989471157,55.7087222450303],[-1.87060734203204,55.6986000091228],[-1.87415903124864,55.6839317094158],[-1.88557370176714,55.6847839778444],[-1.87321110369777,55.6827780902191],[-1.87163042079157,55.6660910469218],[-1.85509459074242,55.6534441495153],[-1.84147671153596,55.6430211048664],[-1.80836050896798,55.6343971433096],[-1.79019550601625,55.6504777154342],[-1.79178982147344,55.6533528722824],[-1.79501992128821,55.6591766179364],[-1.78819984059169,55.6567105473328],[-1.78914937690041,55.653348329271],[-1.79084477087128,55.6473436924536],[-1.75451777297921,55.6233974415665],[-1.75578869368358,55.6183159825801],[-1.78582944976654,55.6170902510131],[-1.77037695276508,55.6034078937924],[-1.74543953482732,55.6189600926636],[-1.72261701079078,55.6167919190943],[-1.68418785769231,55.5990382699192],[-1.66706928627749,55.5911208797259],[-1.66202338347847,55.5869201741753],[-1.65038125214428,55.583397620975],[-1.63959889300321,55.5784053982669],[-1.65215380911896,55.5713521701367],[-1.64555061466209,55.5741449089411],[-1.64204890501976,55.5712813067705],[-1.6421234888861,55.5711426685578],[-1.63930696575464,55.5690386629589],[-1.61878354522286,55.5522419069482],[-1.61894254345641,55.5521415830172],[-1.63146390682202,55.5483454565129],[-1.63147831503501,55.5442295984886],[-1.64204256810635,55.5375583842711],[-1.61065620099406,55.5217779501544],[-1.61101391735865,55.5177478971726],[-1.616183683914,55.5129294996643],[-1.61144956628028,55.5128387495697],[-1.61245376176075,55.501518062184],[-1.61352257036668,55.5002521926993],[-1.61259425163371,55.4999337281721],[-1.61287383062077,55.496780434294],[-1.59118435048404,55.4924111391036],[-1.59199188409099,55.4731464091867],[-1.59336474091017,55.4403491374632],[-1.59050727455852,55.4389028772622],[-1.5905028666335,55.4377252677834],[-1.57556105244498,55.4304599468384],[-1.57826653947515,55.4168891476246],[-1.57831966147886,55.4168308527894],[-1.57828471763884,55.4167979316221],[-1.58028045752047,55.4067810754933],[-1.61165782679215,55.3850075764098],[-1.60892450840409,55.3839922965095],[-1.60222272908896,55.3702577407706],[-1.60220538042795,55.3697332944577],[-1.60140431187562,55.3685798099111],[-1.59167875465719,55.3486290427054],[-1.58660131689102,55.3360198918728],[-1.57287436867095,55.338575766263],[-1.56438159214146,55.3338347492516],[-1.54932136863303,55.3220429213305],[-1.56847322878669,55.2933554012872],[-1.57035533577657,55.2905337799834],[-1.56902208418764,55.2716583513041],[-1.56415948493218,55.2656865787499],[-1.56412918273687,55.2654938395598],[-1.56364120042597,55.2650499559976],[-1.52228024548007,55.2141728106347],[-1.52217304794505,55.2098441775872],[-1.51475836314603,55.2049048409413],[-1.49914014031991,55.185645781359],[-1.50577254655195,55.1844416786286],[-1.51181488068625,55.1835712286096],[-1.52515726180707,55.1626393623337],[-1.54026869998144,55.1616112346696],[-1.52614083542656,55.1599714122525],[-1.4867154449804,55.1165025947388],[-1.4867213064425,55.1165006757522],[-1.50038251915801,55.1279179162899],[-1.52193933066772,55.1435759867865],[-1.52002015315567,55.1388260494255],[-1.53325167024429,55.1390625736728],[-1.55903286794584,55.1466676048147],[-1.53394327689367,55.1375960204987],[-1.56880709403642,55.1308890516489],[-1.52765875457441,55.13718231829],[-1.50585527324807,55.1297775839525],[-1.49884222630273,55.1244693710404],[-1.49419184027921,55.1140539859527],[-1.49624643195223,55.1133809492164],[-1.4914525274583,55.1000964149281],[-1.48588743388224,55.0954410632306],[-1.47844277069734,55.0787397639845],[-1.47250108145132,55.0842373655201],[-1.46457968471167,55.0776039106772],[-1.46182442674428,55.0743503319863],[-1.49225352553912,55.0660871659181],[-1.4877669177721,55.0535868670427],[-1.50870604892087,55.0480276740018],[-1.5102739909997,55.0550524818989],[-1.53239349851521,55.0541256351739],[-1.53988095494966,55.0615822391136],[-1.55705109541522,55.054081733054],[-1.57508009741004,55.0556198920735],[-1.57853962866581,55.0630812854251],[-1.63789356936638,55.0647685986038],[-1.64768125804879,55.07938870152],[-1.71377414645177,55.0654631338258],[-1.694991232534,55.0429558920247],[-1.75024527652204,55.0240207799207],[-1.75656332387461,55.0032632890456],[-1.77384237281685,55.0041394758906],[-1.76948002257309,54.9809468096864],[-1.78851501661457,54.9842673636274],[-1.81280740471121,54.9762855689695],[-1.83363253744904,54.9533333335877],[-1.82693347994531,54.9302864685928],[-1.84114925719419,54.9297254843691],[-1.85272134451354,54.9174135398416],[-1.82063707341034,54.9057710870582],[-1.85443666752614,54.8911845472788],[-1.87010387418602,54.8508656853951],[-1.91367076069486,54.8396736921875],[-1.9136194476563,54.8340070843703],[-1.93261549256872,54.8541608364077],[-1.94930606160323,54.852978946275],[-1.98023634067633,54.8681834576866],[-2.00096698452765,54.8696677128467],[-2.03965493918131,54.8482409864857],[-2.08257516389669,54.8381692439752],[-2.13978896462199,54.8418707207387],[-2.16947003967283,54.8036099742436],[-2.19860065839177,54.8067362782731],[-2.21890675191817,54.7823773837281],[-2.28267781083991,54.7982520767098],[-2.31208952139602,54.791015046825],[-2.32738520521004,54.8053324704389],[-2.34842858236683,54.8070792761441],[-2.38998545538645,54.8321552442485],[-2.41165834715293,54.8564544841115],[-2.42275637725897,54.8428302557336],[-2.46060153125164,54.8341721857399],[-2.4953568980919,54.8103421048662],[-2.52347067288973,54.8060428481117],[-2.5583066678318,54.8167246166541],[-2.58267104737595,54.8458667824507],[-2.57335234214531,54.8535461971699],[-2.60543022085515,54.8843823124884],[-2.57641404338101,54.8967171106932],[-2.56622128211943,54.9192380637087],[-2.54527258594749,54.9291719631133],[-2.56764946010163,54.9408560220603],[-2.56849154078611,54.9583618179879],[-2.59556897269462,54.9634809328243],[-2.60142928961523,54.9713401703018],[-2.5733107670136,54.9876377877579],[-2.57285163622922,55.0163983334404],[-2.48304985288842,55.0400190767258],[-2.503984940725,55.0624298945368],[-2.48608636846352,55.0824435692357],[-2.50257438882916,55.0907586762788],[-2.56213639511458,55.0834621700379],[-2.5684260078781,55.0962614140758],[-2.59353940991365,55.1050960593852],[-2.59890282488408,55.1245757167589],[-2.65693941785208,55.1361318311632],[-2.67732441001798,55.1554875886212],[-2.67455532373979,55.1758914671104],[-2.68978972314827,55.1889838768114],[-2.666814789349,55.2215803908599],[-2.63141420722149,55.2236980857955],[-2.63022898081735,55.2447914968204],[-2.61145085823107,55.247134430211],[-2.64677118121333,55.2600438638246],[-2.62665606673464,55.262220938519],[-2.60923810323899,55.283248026502],[-2.57336309653362,55.2968843981579],[-2.55900833851599,55.3178528230182],[-2.52026965851612,55.3230470920814],[-2.47539346393945,55.3547399208929],[-2.41499664354287,55.3589219038862],[-2.39924454089922,55.3481854415864],[-2.37891180668306,55.3491694380124],[-2.33752995734802,55.3671909676834],[-2.34623321175053,55.3730610542629],[-2.33002052064065,55.381241567215],[-2.34494682160794,55.399313431888],[-2.33562914471265,55.4082080643391],[-2.31325356259942,55.4067893351075],[-2.26061128927204,55.4329339989058],[-2.2312819124724,55.4284292928826],[-2.19485820047688,55.4445902852248],[-2.18807797549864,55.4621152753329],[-2.1655212321177,55.4683818989758],[-2.20133583318611,55.4752675207087],[-2.2026492750732,55.489541288571],[-2.22884551551699,55.509518780902],[-2.2403065059112,55.5556271692665],[-2.28881057092811,55.5803072667808],[-2.2892322950467,55.6037736967936],[-2.3160941125707,55.6204584689942],[-2.30862602967662,55.628875977236],[-2.3243105601635,55.6261659078181],[-2.33600510128162,55.6324814828842],[-2.30578970416838,55.6470437745825],[-2.23436858586757,55.6410421018837],[-2.24834586160377,55.6521497554078],[-2.21845272804607,55.6642602683354],[-2.21865916071879,55.6759071381416],[-2.16723105928948,55.7060351656943],[-2.17668873824399,55.718689497621],[-2.15057590272351,55.7231544083591],[-2.14429584165104,55.7392700694797],[-2.11763747623683,55.7387750010784],[-2.10764153175897,55.7598881506854],[-2.0856391490368,55.7620403330448],[-2.0861230942702,55.793045271488],[-2.03449605548557,55.8112090710434],[-2.03435750917377,55.8110853660943],[-2.00157809777485,55.7808812090225],[-1.98863911850325,55.768943440082]]]]},"properties":{"CTYUA23CD":"E06000057","CTYUA23NM":"Northumberland"}},{"type":"Feature","geometry":{"type":"MultiPolygon","coordinates":[[[[-2.04249013365415,50.7175248952066],[-2.04249163918944,50.7175061608397],[-2.0425077383507,50.7175130171935],[-2.04249013365415,50.7175248952066]]],[[[-1.8039049599245,50.7959652097351],[-1.78549590627468,50.7647520319108],[-1.74884631724303,50.7794943875112],[-1.73895962345847,50.7632705334556],[-1.74416871755885,50.7474553887605],[-1.68181880176013,50.751850045709],[-1.69185543770666,50.7373291375221],[-1.69253547260995,50.7373979527712],[-1.71795540943005,50.7347137991335],[-1.72445537729127,50.7340265155451],[-1.72714599229066,50.7324470218017],[-1.72899034207095,50.7322105758093],[-1.73075839475284,50.7303261349513],[-1.74233853680595,50.7235252622657],[-1.75731862910948,50.7310550071221],[-1.76180681065066,50.7230963028932],[-1.76127141265948,50.7180126794458],[-1.74612185534504,50.7155061772735],[-1.73948136463686,50.7244350273199],[-1.74853427718082,50.7113702539805],[-1.74880875321022,50.7110774158699],[-1.80417313761084,50.7200598938797],[-1.81193003005313,50.7196975533759],[-1.81819023028744,50.7205543378342],[-1.83753813679371,50.7184976359833],[-1.86686756324785,50.717116362804],[-1.87714100795998,50.7142772364109],[-1.88526989463712,50.7134092002244],[-1.89130185540078,50.7103617530625],[-1.9127647914811,50.7044227745754],[-1.94686578632143,50.6826489234549],[-1.93399708106305,50.699146768865],[-1.95227153517919,50.7041333791695],[-1.95819190503604,50.7156059309391],[-1.99213052511296,50.7126888784873],[-1.98429715356843,50.7193015055242],[-1.99501016069765,50.7298586779249],[-1.98981482543049,50.7372465938501],[-2.00135866981897,50.7340707743781],[-2.01150260324484,50.7312785950386],[-2.00135809824861,50.7208062469417],[-1.98846238454365,50.7074853835738],[-2.00135759919275,50.7103399176484],[-2.04036035967269,50.7189618238812],[-2.01352898762332,50.7370535481281],[-2.00932066886414,50.7825892397548],[-1.9991328618375,50.7881281243351],[-2.0058746084598,50.7909264788556],[-1.95794557083555,50.7893060367461],[-1.93915836465387,50.798706859751],[-1.93283239318493,50.7800090449391],[-1.91950553583124,50.7840023061042],[-1.91473422588305,50.7733502730509],[-1.89375542159428,50.7800750016838],[-1.87338279385872,50.763380463127],[-1.86459187789431,50.8066435701102],[-1.84520202520419,50.8096386567636],[-1.83374629665673,50.8000334339778],[-1.8039049599245,50.7959652097351]]]]},"properties":{"CTYUA23CD":"E06000058","CTYUA23NM":"Bournemouth, Christchurch and Poole"}},{"type":"Feature","geometry":{"type":"MultiPolygon","coordinates":[[[[-1.95624025439997,50.6919628182729],[-1.96158467721217,50.6862824143967],[-1.98803823899505,50.6924503311195],[-1.96526040460952,50.6948227172968],[-1.95624025439997,50.6919628182729]]],[[[-2.32586314227273,51.079678339545],[-2.26859581115027,51.0687257144264],[-2.24203331768667,51.0710417177331],[-2.19331116982019,51.0377514215439],[-2.17257990630718,51.00110046192],[-2.11976435895004,50.9781906486388],[-2.12067094650373,50.9615394746872],[-2.10179195110563,50.9449855124625],[-2.06831287946984,50.9511940147577],[-2.03655897229158,50.9721768970225],[-1.99383003479632,50.9757710660237],[-1.98526594366025,50.9847136665567],[-1.95683008078171,50.9898002885712],[-1.95546558071481,50.9782663327052],[-1.92084101012651,50.9614073112474],[-1.87364432144964,50.9172258897865],[-1.84184002606343,50.931680374307],[-1.8106580896691,50.9272033833848],[-1.8165419268142,50.9039481458121],[-1.84855553218411,50.8898873570296],[-1.85353883472863,50.8634601106413],[-1.83000872917239,50.8552737977567],[-1.80711024689597,50.8633153672182],[-1.80247295729644,50.8429625299587],[-1.79061492044422,50.8363141194303],[-1.80340083464914,50.8303392083796],[-1.81189346961485,50.8086420525353],[-1.8039049599245,50.7959652097351],[-1.83374629665673,50.8000334339778],[-1.84520202520419,50.8096386567636],[-1.86459187789431,50.8066435701102],[-1.87338279385872,50.763380463127],[-1.89375542159428,50.7800750016838],[-1.91473422588305,50.7733502730509],[-1.91950553583124,50.7840023061042],[-1.93283239318493,50.7800090449391],[-1.93915836465387,50.798706859751],[-1.95794557083555,50.7893060367461],[-2.0058746084598,50.7909264788556],[-1.9991328618375,50.7881281243351],[-2.00932066886414,50.7825892397548],[-2.01352898762332,50.7370535481281],[-2.04036035967269,50.7189618238812],[-2.04074622764021,50.719047045872],[-2.02751369292783,50.72924446136],[-2.05381190943339,50.7289974402073],[-2.04181398953184,50.7259379309509],[-2.04249013365415,50.7175248952066],[-2.0425077383507,50.7175130171935],[-2.04249163918944,50.7175061608397],[-2.04273125648007,50.714523871078],[-2.06751376572921,50.715072059232],[-2.07190065627071,50.7079147264905],[-2.05767636101088,50.7055935766328],[-2.07373296329802,50.7059612646065],[-2.07108870168815,50.6981237458694],[-2.07950595282605,50.6946775075749],[-2.07934185493865,50.6942848276933],[-2.07897417693925,50.6902010989505],[-2.0789130545005,50.6895221527445],[-2.06580712209624,50.6869902509659],[-2.05445483663497,50.6998540410492],[-2.02608687825716,50.7074295963658],[-2.01848711788567,50.7007416069086],[-2.03476627417928,50.7020960171701],[-2.02472138634893,50.6876234691756],[-2.05297350830908,50.677885542811],[-2.02515449632016,50.6844656078835],[-2.02662687844291,50.6780886486469],[-2.04712950447356,50.670428956565],[-2.0289833583238,50.674389485593],[-2.02706021276549,50.6680620454422],[-2.0216427633655,50.6821021646795],[-2.01141928171846,50.6827103181339],[-2.01048635624549,50.6709383037567],[-2.00135587175068,50.6750467990482],[-1.99979714294347,50.6757480536213],[-1.99328463414901,50.6672594580719],[-1.97831704413365,50.6769449525862],[-1.98351912817648,50.6670473981144],[-1.96809781952328,50.6604307866108],[-1.97096030648175,50.6692599329026],[-1.9498107355223,50.6801876417011],[-1.94111990950151,50.6720686284475],[-1.94316206678822,50.6659793868803],[-1.95184316555674,50.6500707309003],[-1.94921203492972,50.6479295353138],[-1.9498118291119,50.646139181758],[-1.9463529618365,50.6456025517145],[-1.940610947337,50.6409282396411],[-1.92643253497531,50.6425098927188],[-1.92376533354734,50.6420955424529],[-1.95350548201448,50.6196860988356],[-1.95661366678612,50.6173423941231],[-1.95659604039835,50.6171003878427],[-1.95672646623215,50.6170018303123],[-1.95642326271717,50.6147278975311],[-1.95597436644396,50.6085628768393],[-1.95559699656285,50.6085301125558],[-1.95556577276682,50.6082958766225],[-1.94774176779457,50.6078477901409],[-1.94393695520526,50.6075170917148],[-1.95122938671126,50.5945641690028],[-2.02634590356957,50.5890017812645],[-2.0548724784336,50.5765280117669],[-2.05699101148286,50.5803529866849],[-2.06395961589252,50.5935252922633],[-2.06431090264243,50.5935638611153],[-2.06435818690159,50.5936491726429],[-2.06588630741962,50.5937368164914],[-2.1107075246294,50.598648324206],[-2.13345659528205,50.6122810075348],[-2.13382630486247,50.61216047013],[-2.13454593616707,50.6126493770207],[-2.14604188718755,50.608478037284],[-2.15798307656983,50.6154639540463],[-2.17257121008884,50.6151975933172],[-2.19751592820478,50.6226780367146],[-2.19798789131953,50.6226049745898],[-2.19850295803181,50.6229800625175],[-2.222910755064,50.6194819110014],[-2.24389040807324,50.6164705229408],[-2.25034435771333,50.6171308632745],[-2.2669736387279,50.6193894190253],[-2.28408121754601,50.621710206114],[-2.33074413411269,50.6280263323663],[-2.3389420905444,50.6318890340334],[-2.36728519356412,50.6329580896179],[-2.39485291738899,50.6366704886458],[-2.42278082484444,50.6360364392431],[-2.42461839729174,50.6350993838304],[-2.42556400738516,50.635134463057],[-2.4273335777194,50.6337146791342],[-2.4394303155835,50.6275437449015],[-2.44790935762177,50.6188344527404],[-2.4525215390027,50.6140953844524],[-2.44491886137599,50.6093635591965],[-2.4596711792932,50.607797850504],[-2.44474800610918,50.6092572038619],[-2.44144237765512,50.6096824549811],[-2.44143981749563,50.6096811723776],[-2.45098096213016,50.6037817677274],[-2.44799182904386,50.6025697384946],[-2.44904679006509,50.6014501304889],[-2.43237854077768,50.5962365983531],[-2.45031278303277,50.6010733746336],[-2.47020382663612,50.5839671492459],[-2.46991539069276,50.583579823691],[-2.47039906977319,50.5831480036175],[-2.49705780319442,50.5973072018779],[-2.49566663260034,50.6028879088333],[-2.51748623996442,50.6178652801717],[-2.53390667566795,50.6184712653079],[-2.5351457396481,50.6185168980614],[-2.56043725111189,50.6391429086875],[-2.56703976041518,50.6410727073811],[-2.61152731004792,50.6540617031564],[-2.56692567040971,50.6315974941568],[-2.54083580880722,50.6184390232707],[-2.49727419241701,50.596439056819],[-2.46953293983819,50.5824095868526],[-2.46140479155973,50.5721479967829],[-2.46059593843725,50.5710611778047],[-2.4605421831537,50.5710586709926],[-2.46050379610544,50.5710101929656],[-2.43769626338352,50.5699721815923],[-2.4221803544434,50.5692634406275],[-2.4283771063158,50.5660591324224],[-2.41999495702305,50.5551335071118],[-2.41862550949965,50.546274774566],[-2.45560931065773,50.5139515239946],[-2.4567307785946,50.5130865047899],[-2.45029977655719,50.5612200815128],[-2.53112599558584,50.6120540893393],[-2.54413598267587,50.6184236194198],[-2.56690113115858,50.6295614844559],[-2.63741697515208,50.6639994578494],[-2.7933521340075,50.7181112930551],[-2.85141960233205,50.7258136484846],[-2.90550355717903,50.7329599209208],[-2.90852007740465,50.7333626895137],[-2.90852949627812,50.7333589424183],[-2.91175408568322,50.733784065539],[-2.94743336848927,50.7183607067569],[-2.9530673537135,50.7284970686059],[-2.93506310735221,50.7542660848456],[-2.95433354829791,50.7677102249702],[-2.88664434482201,50.794807333036],[-2.89280364355642,50.8047767521255],[-2.96130299095557,50.8155547839501],[-2.95432229557041,50.8211655673479],[-2.94167534121695,50.835890539599],[-2.88913318145445,50.8500325305815],[-2.82884896233592,50.8487386684321],[-2.81142509401011,50.8634098189166],[-2.79229423668103,50.8528182460667],[-2.75751174276903,50.8668891717014],[-2.71452438087078,50.8639393757104],[-2.71441140072303,50.8711611434334],[-2.66066607869173,50.8871431765217],[-2.61553187683303,50.8818991369553],[-2.60954134221856,50.8915262934872],[-2.62408761306542,50.9077490380931],[-2.60404000220076,50.926724702452],[-2.61609375160151,50.9405812729446],[-2.59820027247584,50.9485744877741],[-2.6033871710982,50.9763444694623],[-2.59584521904693,50.9813399701132],[-2.5860233663728,50.9768692890978],[-2.5746303684989,50.9866936813582],[-2.55620702557173,50.9795351575811],[-2.54542343612897,50.9850805010583],[-2.54743511832829,50.9995416872973],[-2.52641625853615,50.9919077041006],[-2.50234661127076,50.9938363586746],[-2.49034524922401,50.9727724066294],[-2.45620376827821,50.9493438830886],[-2.44286746193651,50.9596600858945],[-2.4471777663599,50.9678502227922],[-2.42799147535897,50.9713867575952],[-2.41492761933618,50.960583438301],[-2.34455653686763,50.9788293029238],[-2.35489702801029,50.9908805160152],[-2.37692092962676,50.9907648130566],[-2.3813483865981,51.0049224774254],[-2.3300144212501,51.0413445746229],[-2.34998725978621,51.0688819939964],[-2.32586314227273,51.079678339545]]]]},"properties":{"CTYUA23CD":"E06000059","CTYUA23NM":"Dorset"}},{"type":"Feature","geometry":{"type":"Polygon","coordinates":[[[-0.871273944930241,52.0402199275033],[-0.819817648789318,52.0122859293589],[-0.803659591001856,51.985523165789],[-0.761997302027608,51.9855584760346],[-0.740379237640103,51.9698626271811],[-0.713941366477039,51.9778705046005],[-0.713113480946886,51.9898099441801],[-0.653016974736432,51.9692494370867],[-0.702156753865155,51.909119113469],[-0.693308161397624,51.9003480469886],[-0.672969117918549,51.9017527155225],[-0.651985919199778,51.8868522847296],[-0.6200891563295,51.8854855177811],[-0.583563578497735,51.8703238406752],[-0.537619262375032,51.8314728030516],[-0.543730170171154,51.8245761858016],[-0.553613859712542,51.8267529281925],[-0.560656237503438,51.830082630502],[-0.581825667306615,51.8069054436194],[-0.632939595714382,51.8199461874726],[-0.667245098413582,51.8158052624771],[-0.695449593789592,51.8411106768875],[-0.686770330064733,51.8492206309632],[-0.696426502919578,51.8581573404529],[-0.717415813900058,51.8571598166362],[-0.745841415726905,51.8418443951218],[-0.724234882170819,51.8181444133606],[-0.709295276544129,51.8205395961038],[-0.685394264649477,51.8001859212165],[-0.690190999010661,51.7923392108272],[-0.670126919039173,51.7664681629271],[-0.612935985356938,51.7474272560625],[-0.586379726976092,51.752115950395],[-0.57487874585542,51.7369685250425],[-0.553645081612158,51.7340179577892],[-0.550413609644404,51.7230428902594],[-0.563209678177221,51.7118798635673],[-0.544017145197112,51.6968174726995],[-0.54868869522748,51.6826545448642],[-0.5242727897625,51.682112655748],[-0.505107856324304,51.6730768935581],[-0.520994790005152,51.6680453786674],[-0.522777811384923,51.6583975690829],[-0.536891506831177,51.6606244728575],[-0.539260817248429,51.6380393912766],[-0.520534550264269,51.6019076657205],[-0.500595886737316,51.5996898995638],[-0.476620654293635,51.5591888378134],[-0.495487343928382,51.538545230935],[-0.4832235109622,51.5070849125763],[-0.490024731164425,51.4947476352948],[-0.531819526768283,51.4933944621435],[-0.526981060815463,51.5095056025316],[-0.56870897687743,51.5112690474853],[-0.57509465893991,51.5292998722364],[-0.567256016672106,51.532981036095],[-0.589867740822717,51.5226767053001],[-0.6305355776221,51.5388952073441],[-0.659944895908714,51.5284469814789],[-0.659271318680068,51.5049023574704],[-0.642211995205478,51.5006272384143],[-0.633881969088683,51.492381769527],[-0.652125325213239,51.4854936423975],[-0.70316470355774,51.5111067363008],[-0.691203240309587,51.5568191355917],[-0.69647360090748,51.5652035041693],[-0.711794367842966,51.5647712940724],[-0.718102246096498,51.5775502892801],[-0.757072515977257,51.5647999986907],[-0.774336543774475,51.5669227549263],[-0.792963793969878,51.5513590831944],[-0.842708591070275,51.5447715747092],[-0.879723063740375,51.5621275792716],[-0.896882190115767,51.5448630133878],[-0.901680596010387,51.5561657738043],[-0.93842713855053,51.5711555383331],[-0.94147123230418,51.5855069546108],[-0.916933649244239,51.5996475026708],[-0.943092319329677,51.6049421076086],[-0.938644424025197,51.617786881244],[-0.950029511752735,51.6289071647048],[-0.934586126755807,51.6366985714793],[-0.950725842013544,51.6507411973348],[-0.927251214485182,51.6514436207499],[-0.932212883219972,51.6648684666832],[-0.9177290186767,51.6724004078012],[-0.877706762468148,51.6683850758408],[-0.897896373360577,51.6764007553867],[-0.879895887122356,51.6808648769757],[-0.894772980132941,51.6925222890904],[-0.888377397705651,51.719226660985],[-0.924115298282358,51.7477150779008],[-0.954181922808247,51.7578577280186],[-0.97979648625965,51.7607054549317],[-0.98631786027973,51.7520582911413],[-1.02978259318824,51.7578890168578],[-1.03043536180328,51.7449285729707],[-1.04547146097639,51.7445992127829],[-1.08085173738086,51.756553657355],[-1.08323928312899,51.7805175968097],[-1.10636133376123,51.781630502706],[-1.12354117099906,51.7941812934693],[-1.12488968962276,51.8075112142446],[-1.11009656481819,51.8173050363525],[-1.14075388125809,51.8346761212775],[-1.12159886352224,51.8453420987276],[-1.07844944295484,51.8292545769782],[-1.0471229362899,51.8398136635254],[-1.06197784920729,51.8441266357268],[-1.0646424320269,51.8686971833462],[-1.07760518877841,51.876730766172],[-1.06897524962351,51.8872626698247],[-1.09351899137334,51.8939368967027],[-1.07935639023285,51.9172219822449],[-1.0866733468149,51.9226458788993],[-1.05461629259457,51.9479588124095],[-1.0789921042063,51.94339446818],[-1.09516668657217,51.9574323430641],[-1.053130685858,52.0024464175604],[-1.11808639729751,52.015426172085],[-1.13666519177378,52.0222431393199],[-1.12198746604179,52.0451472428701],[-1.06206502018462,52.0627354079628],[-1.02766844665035,52.0637342663437],[-1.04220828140128,52.0737089578241],[-1.02631813741674,52.0756755640341],[-0.967805300661276,52.0709109281604],[-0.951872932630787,52.0815336222521],[-0.906030231113269,52.0212211091716],[-0.890117418394569,52.031533601987],[-0.877557824518293,52.0299049696112],[-0.871273944930241,52.0402199275033]]]},"properties":{"CTYUA23CD":"E06000060","CTYUA23NM":"Buckinghamshire"}},{"type":"Feature","geometry":{"type":"Polygon","coordinates":[[[-0.495025802128916,52.6402363852471],[-0.494688679013636,52.6402652609402],[-0.470921180908155,52.6235593380481],[-0.492664861408749,52.5819002633897],[-0.478814868225147,52.573645147065],[-0.415381402678347,52.5787426397479],[-0.407290921113568,52.564054854817],[-0.419593787330186,52.5589619550433],[-0.401283297186851,52.5386846825222],[-0.413602640818525,52.5256796137016],[-0.354345203263394,52.5064950723187],[-0.359404306001708,52.4898300891516],[-0.341590492473876,52.4669426273503],[-0.370217036825639,52.4399302714173],[-0.362408041008102,52.4335312780284],[-0.417072832141305,52.4115991109509],[-0.441509864468212,52.3849964344035],[-0.495946267815481,52.3795155302795],[-0.488518815845791,52.374023541935],[-0.498699838187518,52.3600958388278],[-0.477682425550585,52.3489199917172],[-0.483264192761938,52.3409032974573],[-0.466656737619639,52.3389275764],[-0.465365756545097,52.3229532812371],[-0.519829880170178,52.3176925680897],[-0.514051195755829,52.3146970761678],[-0.541969414284237,52.2899424469085],[-0.531190184929433,52.2704024303694],[-0.541971909036615,52.2560727485565],[-0.565693055132987,52.2534682264436],[-0.603337324956545,52.2788024382021],[-0.653655470981071,52.2682893071709],[-0.63733162156624,52.2273176317195],[-0.668135637658982,52.1950341117758],[-0.705455584072188,52.1915707007857],[-0.727567309260867,52.2381923558088],[-0.762357238697783,52.2488158994623],[-0.791415863707147,52.2422415137879],[-0.801430156574401,52.2526864461132],[-0.817950353609315,52.3095959445528],[-0.785779453314657,52.3306167672904],[-0.79120288193622,52.3559673616883],[-0.83085325697563,52.3759677188716],[-0.840597978248014,52.3928513970347],[-0.873695474959517,52.4026739574774],[-0.890537063118278,52.3985942544952],[-0.886936611261352,52.4233541360679],[-0.86438000879232,52.4342149700076],[-0.904383712639054,52.4421710764276],[-0.9012806064268,52.4597558601064],[-0.882395514787867,52.4712828444433],[-0.898047834720489,52.4869184507176],[-0.882125559613792,52.4931658050431],[-0.883443190675843,52.5139701581084],[-0.868699498890148,52.5270028931444],[-0.820121757601639,52.5155410008461],[-0.774866784894676,52.5182763361657],[-0.757215564663111,52.5109492213207],[-0.713658337963826,52.524963968358],[-0.660912737595725,52.5689457054421],[-0.602968554664781,52.5886516124364],[-0.588743270020906,52.5867933349992],[-0.58147859321182,52.5958833512294],[-0.571903726305604,52.5858033698147],[-0.558080856418455,52.5945092146006],[-0.544175784928157,52.5928658572734],[-0.552938000985828,52.6014118632505],[-0.540260653382861,52.6259657691596],[-0.517203112387242,52.6424417331296],[-0.495025802128916,52.6402363852471]]]},"properties":{"CTYUA23CD":"E06000061","CTYUA23NM":"North Northamptonshire"}},{"type":"Feature","geometry":{"type":"Polygon","coordinates":[[[-0.9012806064268,52.4597558601064],[-0.904383712639054,52.4421710764276],[-0.86438000879232,52.4342149700076],[-0.886936611261352,52.4233541360679],[-0.890537063118278,52.3985942544952],[-0.873695474959517,52.4026739574774],[-0.840597978248014,52.3928513970347],[-0.83085325697563,52.3759677188716],[-0.79120288193622,52.3559673616883],[-0.785779453314657,52.3306167672904],[-0.817950353609315,52.3095959445528],[-0.801430156574401,52.2526864461132],[-0.791415863707147,52.2422415137879],[-0.762357238697783,52.2488158994623],[-0.727567309260867,52.2381923558088],[-0.705455584072188,52.1915707007857],[-0.749734768722189,52.1668767684431],[-0.777975100575612,52.1687324929908],[-0.792091270533438,52.1513294604513],[-0.807587882658753,52.1569790143848],[-0.814018926401135,52.1424745144121],[-0.831966629471785,52.1436835087174],[-0.828204674516664,52.1326105528126],[-0.880758452631504,52.1262921523493],[-0.887033141552335,52.1142149340775],[-0.871472753510848,52.1117797319681],[-0.869530890831007,52.1000376603272],[-0.846712543491745,52.0915087034718],[-0.831313005313099,52.0720063385771],[-0.839594622604854,52.0637959332893],[-0.862678645822757,52.0609340387573],[-0.852446930044217,52.0507050939995],[-0.871273944930241,52.0402199275033],[-0.877557824518293,52.0299049696112],[-0.890117418394569,52.031533601987],[-0.906030231113269,52.0212211091716],[-0.951872932630787,52.0815336222521],[-0.967805300661276,52.0709109281604],[-1.02631813741674,52.0756755640341],[-1.04220828140128,52.0737089578241],[-1.02766844665035,52.0637342663437],[-1.06206502018462,52.0627354079628],[-1.12198746604179,52.0451472428701],[-1.13666519177378,52.0222431393199],[-1.11808639729751,52.015426172085],[-1.13432869833779,51.997296387881],[-1.16382348465592,51.993412226747],[-1.19625975033443,51.9774314432067],[-1.24161223468245,51.9862933638439],[-1.28349719185547,51.9795649901667],[-1.27816401885651,52.0142726693672],[-1.31292004347286,52.0514526634399],[-1.29750881413832,52.0780566948102],[-1.31815993117564,52.0799212576787],[-1.32116486414435,52.0870189284444],[-1.2480850615427,52.0971607919138],[-1.3318971346503,52.168485056197],[-1.31313453207951,52.1904676302914],[-1.25498199738882,52.1978310710958],[-1.28472976783494,52.2384420167797],[-1.26685236231198,52.2352486391455],[-1.23299880379763,52.2532588499543],[-1.21564683212275,52.2663906902047],[-1.23378270441023,52.2903286482947],[-1.20923383158981,52.3152040796742],[-1.26535489040084,52.3283606829397],[-1.23379041110916,52.3464136571622],[-1.17497303441117,52.3562898079582],[-1.20163348439696,52.3967344083336],[-1.18397472701336,52.3921717367682],[-1.14935295147126,52.3970406268669],[-1.12926952385576,52.4161034521555],[-1.08438179273988,52.4362981479721],[-1.04998493314387,52.422208448854],[-1.03427367925882,52.4362852730348],[-1.04449403157973,52.4458370181789],[-1.00069265209655,52.4709404177629],[-0.951908262509529,52.4774239308037],[-0.942191918774036,52.4677725225308],[-0.9012806064268,52.4597558601064]]]},"properties":{"CTYUA23CD":"E06000062","CTYUA23NM":"West Northamptonshire"}},{"type":"Feature","geometry":{"type":"Polygon","coordinates":[[[-2.58267104737595,54.8458667824507],[-2.60374506812191,54.8533224513162],[-2.65533903570579,54.8547425213013],[-2.68013667560407,54.835317414804],[-2.70122446991913,54.8336049227518],[-2.68971646694427,54.819356125041],[-2.70566264155142,54.8163626263471],[-2.7495773675657,54.8291271616137],[-2.75642779989083,54.8228577776168],[-2.79937799358632,54.8187181647024],[-2.86308069706419,54.8372316338126],[-2.88146344954301,54.823446659292],[-2.90738713131952,54.8218877440337],[-2.90441421867941,54.8130190789603],[-2.92108151224533,54.8092072906001],[-2.93117157954003,54.7921578140628],[-2.98443686624382,54.7761579309015],[-2.99383143405527,54.7596340771376],[-3.02608956488319,54.7480813675384],[-2.98364586434086,54.7209384246182],[-2.99227461065416,54.6962429141638],[-3.06379850515297,54.7000820972859],[-3.08192015128774,54.6952538424625],[-3.0871910117655,54.6860919587122],[-3.05460439900446,54.6797572319003],[-3.08665259057617,54.6635567662475],[-3.09429434507791,54.6438697715014],[-3.08696522192402,54.6127021488944],[-3.04444539901191,54.614214691186],[-3.03433205529018,54.6027704966212],[-3.00743516498197,54.595268367941],[-3.03705083533644,54.5809261878735],[-3.01828886856839,54.5749561965536],[-3.02882229099679,54.5669088798529],[-3.01672573766949,54.5615693292853],[-3.02576843831683,54.5299790316633],[-3.01529691192041,54.5255332957992],[-3.01354760425201,54.5010665448847],[-3.07621436683208,54.4893655016804],[-3.09775314487292,54.471903443782],[-3.1094789593098,54.4740037274828],[-3.11257305674493,54.4614907783258],[-3.13644410048438,54.4707460250028],[-3.16689415755992,54.4543844724164],[-3.15701833917043,54.430281330034],[-3.13597805970072,54.4218834683168],[-3.12399616467033,54.4275066506221],[-3.11414417918803,54.4182804454411],[-3.17075794156601,54.3997302535283],[-3.19459920159338,54.3543510453189],[-3.20708504139559,54.3529577486197],[-3.24189573621454,54.3234751015067],[-3.23092234559174,54.3146798562962],[-3.23048130161104,54.2698255041293],[-3.23369265740103,54.2602364192377],[-3.22951765830291,54.2568522887251],[-3.22294835847883,54.2515259668409],[-3.22931246390365,54.2499597360809],[-3.24367029073434,54.2464245572225],[-3.2292890127418,54.2491719903558],[-3.22818031366543,54.2493837133071],[-3.22571208629263,54.2397525788158],[-3.22894538541977,54.237632481862],[-3.26587127395947,54.2133984129566],[-3.2541228942307,54.2103008748486],[-3.25149845296001,54.2158306540979],[-3.24515518493931,54.2093030840288],[-3.23928635744296,54.2032616178742],[-3.2542342141569,54.1915431472555],[-3.28769043874587,54.1970702113775],[-3.29798674859206,54.1886521672246],[-3.32170584053956,54.1902610776891],[-3.34201556769913,54.2082636665371],[-3.39372581991417,54.2540127326045],[-3.42115452865345,54.2846577465726],[-3.42363800941761,54.3383576453878],[-3.4101277752554,54.3503866017222],[-3.41730341090879,54.3489752981744],[-3.43529628991901,54.3434114248467],[-3.47844140337371,54.3864297768298],[-3.50299686661292,54.4108654783643],[-3.54342906452615,54.4410225151794],[-3.61775629472011,54.4963084723617],[-3.63783445684591,54.5125939638065],[-3.61327858537943,54.5252610491111],[-3.60928497089485,54.5301119263753],[-3.60801840683175,54.5307296259888],[-3.60503843955814,54.5352686103023],[-3.59110971856104,54.552172601235],[-3.58718570453771,54.5624387196069],[-3.58526705301396,54.5653564169783],[-3.58227754139764,54.5752723512205],[-3.57254544065115,54.6006956912239],[-3.56587887249883,54.6122861580659],[-3.57992389218566,54.6523060929086],[-3.57171229927862,54.6509051437246],[-3.55127011648942,54.6481249624057],[-3.54433497279801,54.6471808942658],[-3.55127224775831,54.6481808637502],[-3.57147903960021,54.6510910062735],[-3.55197517936895,54.6666242461248],[-3.51920505141286,54.692689492652],[-3.51447352713873,54.7066553706718],[-3.50767347551117,54.7168333742923],[-3.49393308709911,54.7125184481717],[-3.50728814335284,54.7174099602337],[-3.50687256077377,54.7180317909731],[-3.45820419867999,54.7461835942946],[-3.43685965605082,54.7585120844388],[-3.43776337258913,54.8019042676163],[-3.39985761369859,54.8674151096153],[-3.36746156706288,54.8910734586185],[-3.33804122038995,54.9002767908812],[-3.28562570148331,54.8783055047568],[-3.28725743594504,54.8914923627785],[-3.27504591743596,54.8878431294191],[-3.26245923201949,54.8951146603766],[-3.26381188530612,54.889084928646],[-3.24953878046653,54.9007207885345],[-3.2524478404842,54.9111949102197],[-3.27172937884571,54.8995153933301],[-3.3085081624768,54.9116348450494],[-3.31428356394279,54.9203379098357],[-3.30420390997731,54.927680394519],[-3.28514248532819,54.9415560740384],[-3.26528062149076,54.9430441781962],[-3.26884482456821,54.9370780584615],[-3.25043929843779,54.9450961673885],[-3.2320871627843,54.953085077038],[-3.20439693660345,54.9537395666337],[-3.15339599617139,54.9318759189688],[-3.13806478859947,54.9293505398401],[-3.11879493423356,54.9261731729077],[-3.11867455103816,54.9257589689471],[-3.11892992727613,54.9255491101698],[-3.11893287217663,54.9253835097198],[-3.0840894455927,54.9298441587744],[-3.08408551861442,54.9298446611125],[-3.11893710299614,54.934574239076],[-3.1251982386522,54.9440475649535],[-3.11389274181655,54.9407055175093],[-3.12194805883777,54.9445392650163],[-3.11419408923445,54.9471963829164],[-3.12707163911517,54.9509161969341],[-3.09570457133573,54.946222009192],[-3.1038154099739,54.9486017442549],[-3.11727194238696,54.9559112521131],[-3.10559929267497,54.9506683232826],[-3.11160806177241,54.9576275385853],[-3.08541802549693,54.965166954767],[-3.06336697067458,54.9834767559588],[-3.06033221758426,54.9845174855148],[-3.04969911914366,54.9835262704237],[-3.04831472102066,54.9833971453348],[-3.05218005608859,54.990476244066],[-3.04408382356934,54.998556775184],[-3.04945669761314,55.0093950282139],[-3.02587564330566,55.036486661068],[-3.05341969195431,55.0472840380947],[-3.05092854160806,55.0528035980455],[-2.95859356798911,55.0492945920762],[-2.93640742375778,55.0595859281934],[-2.94042911604544,55.0691281612352],[-2.89687924721878,55.0779496478708],[-2.88629245338616,55.0948098956192],[-2.85854005901994,55.108348804226],[-2.82760794396969,55.124836869601],[-2.82550257520544,55.1383140722935],[-2.7848482544576,55.1417914408718],[-2.70347661666498,55.173173160778],[-2.68978972314827,55.1889838768114],[-2.67455532373979,55.1758914671104],[-2.67732441001798,55.1554875886212],[-2.65693941785208,55.1361318311632],[-2.59890282488408,55.1245757167589],[-2.59353940991365,55.1050960593852],[-2.5684260078781,55.0962614140758],[-2.56213639511458,55.0834621700379],[-2.50257438882916,55.0907586762788],[-2.48608636846352,55.0824435692357],[-2.503984940725,55.0624298945368],[-2.48304985288842,55.0400190767258],[-2.57285163622922,55.0163983334404],[-2.5733107670136,54.9876377877579],[-2.60142928961523,54.9713401703018],[-2.59556897269462,54.9634809328243],[-2.56849154078611,54.9583618179879],[-2.56764946010163,54.9408560220603],[-2.54527258594749,54.9291719631133],[-2.56622128211943,54.9192380637087],[-2.57641404338101,54.8967171106932],[-2.60543022085515,54.8843823124884],[-2.57335234214531,54.8535461971699],[-2.58267104737595,54.8458667824507]]]},"properties":{"CTYUA23CD":"E06000063","CTYUA23NM":"Cumberland"}},{"type":"Feature","geometry":{"type":"MultiPolygon","coordinates":[[[[-3.24293638304044,54.0989390227959],[-3.25246271722293,54.0957650228913],[-3.24315966275771,54.0975198527239],[-3.24719285956558,54.092203437281],[-3.22433693414325,54.0820072701453],[-3.22095529220927,54.0804979069459],[-3.22414929147294,54.0756345332347],[-3.22681625445275,54.0715727454244],[-3.2239971928029,54.0704868259299],[-3.21026624924842,54.065195864049],[-3.2048924930785,54.0516166252676],[-3.17858767237087,54.0552646139441],[-3.17410086163805,54.0482939390889],[-3.17302733249502,54.0552727460432],[-3.1731611097089,54.0470766161124],[-3.20991255885691,54.0476711092428],[-3.22374027168623,54.0617668722281],[-3.26855382921652,54.1073707841784],[-3.27638163870848,54.1428860394],[-3.25228742598976,54.1503697672924],[-3.26687449786406,54.1419213633256],[-3.24560541870846,54.1098592279291],[-3.24293638304044,54.0989390227959]]],[[[-2.34842858236683,54.8070792761441],[-2.32738520521004,54.8053324704389],[-2.31208952139602,54.791015046825],[-2.32574674351607,54.7266292305767],[-2.35574349125271,54.6976521794555],[-2.35176911416252,54.6859308509191],[-2.32728766378882,54.6707277195715],[-2.29287495116333,54.6638852920078],[-2.28797868797798,54.6504801041079],[-2.32493776754246,54.6316502370591],[-2.30451453732035,54.5961978460776],[-2.20948818801938,54.5517133732167],[-2.19753056810017,54.5327039659281],[-2.17239803091537,54.5324441161867],[-2.15899719522345,54.4720296362657],[-2.17021302340634,54.4581987855746],[-2.17750847989225,54.4616256756333],[-2.18931554536681,54.4489784740485],[-2.24953922329874,54.4519434362394],[-2.29286520125281,54.4393074918431],[-2.30814588994671,54.4197937724531],[-2.30544502560032,54.3970864180789],[-2.29170338915819,54.3906297025826],[-2.2974404079712,54.3768987653342],[-2.31704255658246,54.3763105185636],[-2.34464790841351,54.3596285107861],[-2.36771223910638,54.3560706152439],[-2.30984140863991,54.3243149783909],[-2.3230323098134,54.311082787262],[-2.31719184100725,54.2871656656679],[-2.32589176655811,54.2796929168974],[-2.31549577489661,54.2700755431875],[-2.32564664212512,54.2414383484097],[-2.34805240648407,54.2378066823428],[-2.36231711509247,54.2497526297027],[-2.37302060410132,54.2400989043776],[-2.39677965225249,54.239381080598],[-2.40563193679838,54.2249151689987],[-2.46086273483392,54.2267161360628],[-2.45958529173133,54.2395684104832],[-2.5760776553629,54.1955951834225],[-2.62495689056548,54.1955687289251],[-2.63993581265475,54.2020329759193],[-2.67984171291155,54.1611857015867],[-2.73648907076834,54.1690242520953],[-2.7343869846531,54.1841109651538],[-2.76823199124557,54.1859641133149],[-2.79898153022298,54.1977407703035],[-2.83721686204006,54.1741724007201],[-2.83791619316485,54.1742265695563],[-2.86353636050711,54.1825498893088],[-2.86413625014924,54.1919973743317],[-2.84251014251282,54.2055914917548],[-2.88723999541488,54.1990695271572],[-2.90204148877986,54.189384776696],[-2.89609019775481,54.1811799557605],[-2.9107040810438,54.1795395813601],[-2.89941932329488,54.1761091586117],[-2.92047738559316,54.1659119683532],[-2.92227404774213,54.1650415477917],[-2.92045740430492,54.1650120686909],[-2.90832735362018,54.164814529478],[-2.92022786831272,54.1546691705372],[-2.9253595496205,54.1502924529874],[-2.99986531098492,54.1547641483434],[-2.9894185372414,54.1794552591602],[-3.00648866080173,54.1722494756328],[-3.00503103449878,54.1802783275806],[-3.0102819385971,54.1769084197907],[-3.03866105294493,54.1972507792585],[-3.02295398771924,54.1915604091321],[-3.03474478216628,54.1962947760005],[-3.0329481584776,54.2113110285549],[-3.03278759964741,54.2126524606885],[-3.03435913862166,54.2112988866923],[-3.06351928095241,54.1861631276735],[-3.06085394204944,54.1620429868887],[-3.10574272380438,54.1190378684389],[-3.14910224003047,54.0935714556484],[-3.17245176634143,54.0817613750795],[-3.15074352127841,54.0648101784215],[-3.17142736225561,54.0796335719051],[-3.17803439975689,54.0749170593719],[-3.17368927448801,54.0833230014236],[-3.191702546106,54.1030629025665],[-3.21478539668759,54.0980541483201],[-3.22017801791181,54.08973379868],[-3.22468323384569,54.0937625505823],[-3.24210103045427,54.1093292309558],[-3.23696441312236,54.1546838570895],[-3.24942328424079,54.1547257776922],[-3.25756916744061,54.1664813190825],[-3.22707983869432,54.1747887075919],[-3.21715649699402,54.1774901741346],[-3.22307462414529,54.1877780329661],[-3.21484519355637,54.1856352212478],[-3.21307847021506,54.2071814736063],[-3.20594537237362,54.2097022611276],[-3.2020275356652,54.2110864854198],[-3.20235016513421,54.2114055565867],[-3.2024389046324,54.2115351210961],[-3.20271438634452,54.2117194739633],[-3.20322243192548,54.2121945078046],[-3.20328191129382,54.2123345429238],[-3.17969915557214,54.2388182531304],[-3.19773549984822,54.2289034861714],[-3.21030869616764,54.2540462963598],[-3.22911797982576,54.259971519675],[-3.22783621329278,54.2777201940447],[-3.22995091359922,54.2714087711373],[-3.23048130161104,54.2698255041293],[-3.23092234559174,54.3146798562962],[-3.24189573621454,54.3234751015067],[-3.20708504139559,54.3529577486197],[-3.19459920159338,54.3543510453189],[-3.17075794156601,54.3997302535283],[-3.11414417918803,54.4182804454411],[-3.12399616467033,54.4275066506221],[-3.13597805970072,54.4218834683168],[-3.15701833917043,54.430281330034],[-3.16689415755992,54.4543844724164],[-3.13644410048438,54.4707460250028],[-3.11257305674493,54.4614907783258],[-3.1094789593098,54.4740037274828],[-3.09775314487292,54.471903443782],[-3.07621436683208,54.4893655016804],[-3.01354760425201,54.5010665448847],[-3.01529691192041,54.5255332957992],[-3.02576843831683,54.5299790316633],[-3.01672573766949,54.5615693292853],[-3.02882229099679,54.5669088798529],[-3.01828886856839,54.5749561965536],[-3.03705083533644,54.5809261878735],[-3.00743516498197,54.595268367941],[-3.03433205529018,54.6027704966212],[-3.04444539901191,54.614214691186],[-3.08696522192402,54.6127021488944],[-3.09429434507791,54.6438697715014],[-3.08665259057617,54.6635567662475],[-3.05460439900446,54.6797572319003],[-3.0871910117655,54.6860919587122],[-3.08192015128774,54.6952538424625],[-3.06379850515297,54.7000820972859],[-2.99227461065416,54.6962429141638],[-2.98364586434086,54.7209384246182],[-3.02608956488319,54.7480813675384],[-2.99383143405527,54.7596340771376],[-2.98443686624382,54.7761579309015],[-2.93117157954003,54.7921578140628],[-2.92108151224533,54.8092072906001],[-2.90441421867941,54.8130190789603],[-2.90738713131952,54.8218877440337],[-2.88146344954301,54.823446659292],[-2.86308069706419,54.8372316338126],[-2.79937799358632,54.8187181647024],[-2.75642779989083,54.8228577776168],[-2.7495773675657,54.8291271616137],[-2.70566264155142,54.8163626263471],[-2.68971646694427,54.819356125041],[-2.70122446991913,54.8336049227518],[-2.68013667560407,54.835317414804],[-2.65533903570579,54.8547425213013],[-2.60374506812191,54.8533224513162],[-2.58267104737595,54.8458667824507],[-2.5583066678318,54.8167246166541],[-2.52347067288973,54.8060428481117],[-2.4953568980919,54.8103421048662],[-2.46060153125164,54.8341721857399],[-2.42275637725897,54.8428302557336],[-2.41165834715293,54.8564544841115],[-2.38998545538645,54.8321552442485],[-2.34842858236683,54.8070792761441]]]]},"properties":{"CTYUA23CD":"E06000064","CTYUA23NM":"Westmorland and Furness"}},{"type":"Feature","geometry":{"type":"Polygon","coordinates":[[[-0.212665470866143,54.1577338804314],[-0.22974662180302,54.1324403558],[-0.265419797803465,54.1405585100405],[-0.304236423519452,54.1362618525541],[-0.323841934250232,54.1502969345498],[-0.346397161515299,54.1468729425246],[-0.37492744814463,54.1541131538012],[-0.390747238234669,54.1765207062365],[-0.418427787901165,54.1740253124123],[-0.433168631458221,54.1640727154203],[-0.427093852639448,54.1374425618928],[-0.458539666811106,54.1259736092488],[-0.454351131499513,54.1167625123579],[-0.465942458016893,54.1076329777782],[-0.524612344870749,54.0854747476295],[-0.563137247607814,54.0939995264476],[-0.615523445115742,54.0704937097045],[-0.660316933915928,54.0631000537815],[-0.644653954650704,54.0551130976901],[-0.659484342246755,54.0371698266984],[-0.687039074332374,54.0307676605558],[-0.68350162911553,54.0088018537222],[-0.730489261578151,54.0127008358487],[-0.734257303331504,54.0302587746812],[-0.799191011163153,54.0190548395313],[-0.800704633922219,54.0241186193512],[-0.878427062104742,54.0171996463864],[-0.893902669681898,53.999535080715],[-0.925294992911636,53.9915183749039],[-0.9948365230849,53.983064171689],[-0.971919430860755,53.9967101665702],[-0.975366299699151,54.0047315730567],[-0.984707223975977,54.0025472500991],[-0.966863590182243,54.0229665625771],[-1.00208473428272,54.05526306804],[-1.01437741453304,54.0493218162912],[-1.05971214270556,54.0568828853467],[-1.05873382513449,54.0478451039287],[-1.08940781055503,54.0480145581272],[-1.12017616405721,54.0290263629553],[-1.14079656188959,54.0298588147557],[-1.14909066483636,54.0029473807412],[-1.13699822638128,53.9910826227764],[-1.15168802423516,53.9891154404805],[-1.18880639954997,54.0024801563799],[-1.18210315303178,53.9853452650908],[-1.21659687756026,53.9856125434161],[-1.22371908740097,53.9747546314411],[-1.19949479443534,53.9253512745255],[-1.10526167148522,53.8756572810458],[-1.09116902566234,53.8857885932879],[-1.06498679396312,53.8746106755461],[-1.00818565733314,53.8899358044213],[-0.99280308596167,53.875191698595],[-0.94398126304104,53.8880584289192],[-0.92340332414165,53.8807196192133],[-0.948190213018105,53.8615827000673],[-0.940610986349814,53.8235184672165],[-0.920106077429086,53.8160929938847],[-0.934499012722836,53.801777189949],[-0.9282535548479,53.7655984452703],[-0.973593546117509,53.7498570430785],[-0.960825708909963,53.7360029819787],[-0.910951228887268,53.7326702588199],[-0.90373907840941,53.7183593948181],[-0.957714760664253,53.7148354865322],[-0.962649915494684,53.7007959045694],[-0.980546833755429,53.704983238834],[-0.98031983964866,53.6969451198143],[-1.03892593442347,53.6938822988663],[-1.06165845001237,53.7067658870138],[-1.07491406055148,53.7039428068863],[-1.08105979945912,53.6845261163248],[-1.10335931463428,53.6694993150062],[-1.04866263627315,53.6560574799883],[-1.06613883749557,53.6488548644138],[-1.12161806948654,53.6467498920623],[-1.13491215514482,53.6326980613642],[-1.15509032420189,53.6431984766914],[-1.18924649793491,53.6359169763152],[-1.20982718259376,53.6431641296687],[-1.21746850825603,53.6242243268899],[-1.23284427243353,53.6211122464196],[-1.25547556487338,53.6454182650975],[-1.24442802583222,53.6924689586606],[-1.19906068308451,53.6948947178058],[-1.19876646275588,53.7007146062631],[-1.21981187384993,53.7144190177334],[-1.22632884303256,53.7098678106495],[-1.22940808376884,53.7148899784923],[-1.2687022564653,53.7149803707965],[-1.30196724055708,53.7416722172624],[-1.31535678189555,53.7436807032153],[-1.31223876959692,53.7558885052162],[-1.29494200882328,53.7554628335729],[-1.29038607043323,53.763194462259],[-1.31381045925485,53.7815557500984],[-1.31487208408644,53.8095574148486],[-1.30362345902206,53.8165359902506],[-1.33609674496188,53.8335897533881],[-1.32655713555967,53.840423430327],[-1.3529698771545,53.8567507520096],[-1.31237643321928,53.8656824033419],[-1.32183217384471,53.9028760375283],[-1.30045310633845,53.9075195154784],[-1.29720289653827,53.9216377933638],[-1.30735579340276,53.9211502187787],[-1.29408489805138,53.9269140237863],[-1.30889461278843,53.9240397726405],[-1.30713408561422,53.9345362723904],[-1.34470601313736,53.9394989803883],[-1.34040516519185,53.9458881880291],[-1.39718249968378,53.9425351723531],[-1.40670956648195,53.927849708617],[-1.43260133613277,53.9272366053921],[-1.43299734465415,53.9108051834652],[-1.46293086327229,53.905896619276],[-1.49878116161895,53.9153069395781],[-1.54879322245249,53.9109138390916],[-1.5518811444059,53.9029584614153],[-1.58361500128836,53.9092774050301],[-1.58792488986376,53.9012915430338],[-1.599388174075,53.9096751529447],[-1.62065920104965,53.9033869907267],[-1.65172654586808,53.9056388581268],[-1.65508298511049,53.9124842989602],[-1.68462724326052,53.9105880911715],[-1.70708308020122,53.9191312559919],[-1.71796986402232,53.9085310061164],[-1.72721731903531,53.9101672464159],[-1.74562604180612,53.9230037629874],[-1.77597854946963,53.9214883686093],[-1.80508916329937,53.9390226691492],[-1.84773108570453,53.9408007136092],[-1.83616699057491,53.9314114193012],[-1.86061101903697,53.9327812422238],[-1.87951306390985,53.9628386251705],[-1.92797977690032,53.9504588455711],[-1.95065798396997,53.9566695719334],[-1.96618594335563,53.9515549652604],[-1.96307646765848,53.9334042141564],[-1.97686723160789,53.9264177673808],[-1.95241716962651,53.9035275224167],[-1.97941943031718,53.9011319984765],[-1.98019888373294,53.8711154028578],[-2.02175085543423,53.8715375090729],[-2.04613032171259,53.8501412464577],[-2.08991499194819,53.8681819729435],[-2.08144705819635,53.8756803214603],[-2.10301894796253,53.8909412971484],[-2.11334616135047,53.9156268544808],[-2.13222410689956,53.9265088512197],[-2.18227343100205,53.9354059641897],[-2.18446422707568,53.9522113899003],[-2.1960183674942,53.9695758455163],[-2.22567381467208,53.9611195240562],[-2.23209923454447,53.9712160508476],[-2.22111218452458,53.9779017078813],[-2.23039881478544,53.9815667896336],[-2.29451918094864,53.9744631577094],[-2.31917729442185,53.9938205142511],[-2.33999932342476,53.9894768973423],[-2.35219961279232,53.9946235107344],[-2.35228494459096,54.0105532697488],[-2.33956433043647,54.0093207230696],[-2.35732329416741,54.019117094779],[-2.37407297715162,54.0490890614635],[-2.42582648982368,54.03809491029],[-2.46954984634616,54.0462122430995],[-2.46434741774283,54.0752794330057],[-2.50952601849528,54.0954253307687],[-2.52400965394564,54.0946224801854],[-2.56474222741882,54.1268638437646],[-2.56050449737639,54.1530521184271],[-2.53397895530311,54.1576927137726],[-2.46086273483392,54.2267161360628],[-2.40563193679838,54.2249151689987],[-2.39677965225249,54.239381080598],[-2.37302060410132,54.2400989043776],[-2.36231711509247,54.2497526297027],[-2.34805240648407,54.2378066823428],[-2.32564664212512,54.2414383484097],[-2.31549577489661,54.2700755431875],[-2.32589176655811,54.2796929168974],[-2.31719184100725,54.2871656656679],[-2.3230323098134,54.311082787262],[-2.30984140863991,54.3243149783909],[-2.36771223910638,54.3560706152439],[-2.34464790841351,54.3596285107861],[-2.31704255658246,54.3763105185636],[-2.2974404079712,54.3768987653342],[-2.29170338915819,54.3906297025826],[-2.30544502560032,54.3970864180789],[-2.30814588994671,54.4197937724531],[-2.29286520125281,54.4393074918431],[-2.24953922329874,54.4519434362394],[-2.18931554536681,54.4489784740485],[-2.17750847989225,54.4616256756333],[-2.17021302340634,54.4581987855746],[-2.11659617374357,54.4622634788675],[-2.04319843418637,54.4835994484301],[-2.04472952149334,54.4751862741994],[-1.99676437249469,54.4669034492372],[-1.97005959181258,54.4515215419127],[-1.94254323627035,54.4533953549934],[-1.85912998438283,54.4818579033168],[-1.85780051144888,54.5035397952873],[-1.83943329269054,54.5084372364891],[-1.79297648414091,54.4844924296004],[-1.77613231485782,54.5067285050585],[-1.77969652861129,54.5318729948094],[-1.73309136190533,54.5277364132303],[-1.7213108898176,54.5423017252838],[-1.69692636355207,54.5360064297071],[-1.65793716561516,54.5345889230914],[-1.65467519937522,54.5246500970582],[-1.63377378148266,54.5253643798481],[-1.63344443619249,54.5141122922505],[-1.61148472706396,54.5200007878436],[-1.60249810301447,54.5104886371089],[-1.58106853741621,54.512845659506],[-1.5918807025688,54.5043008614548],[-1.57921485380735,54.5051876853776],[-1.58298032825201,54.4971007337083],[-1.55519520906131,54.484978191684],[-1.54567271781715,54.4712384767644],[-1.51969374190879,54.4711152253795],[-1.52883695102378,54.4848137386155],[-1.51413191899894,54.4837750921411],[-1.51134080604103,54.4750122616584],[-1.49177548206257,54.4862004926085],[-1.49878945098745,54.4753428296909],[-1.475464579469,54.4739075698749],[-1.46231204065857,54.4512285066101],[-1.45838201882701,54.4925217632892],[-1.47484256726738,54.5004265241088],[-1.45850783644379,54.5039188897358],[-1.43490529222604,54.4874931719167],[-1.43211777207151,54.4794545660635],[-1.4127863622095,54.4771953992089],[-1.4070888004288,54.4935296390409],[-1.39505004776972,54.4856799730286],[-1.38101055095849,54.4940289315591],[-1.37256157635986,54.4723074618139],[-1.36441713758622,54.4659524096737],[-1.34491503450455,54.4724080092533],[-1.3436289617262,54.4641554130233],[-1.30043052365099,54.4758220056787],[-1.28109315435744,54.4905672487205],[-1.25740307371,54.4873218300283],[-1.25667466779605,54.5011079136759],[-1.2348659056463,54.5103160454452],[-1.14619694918505,54.5028216123635],[-1.11838000658732,54.4981985705854],[-1.09473696863192,54.5066956099133],[-1.0368514550928,54.4940440605226],[-1.00340105305077,54.5030121002798],[-0.952589374508347,54.4880153432179],[-0.880825023321814,54.4970468612461],[-0.848530740694743,54.4879729376572],[-0.848647297024731,54.5300038297076],[-0.827081463556422,54.5485187060854],[-0.80041918962436,54.5510109262824],[-0.791803406684005,54.5583130360091],[-0.78459498335559,54.5579301245714],[-0.766823760942907,54.5501773365572],[-0.764776936442302,54.5482499883018],[-0.743495645446768,54.5281982698092],[-0.734514711044779,54.530204466307],[-0.712805867377049,54.5330302500933],[-0.699120602087245,54.5270584401505],[-0.692782844332321,54.5206925000807],[-0.683472315932026,54.5202260074897],[-0.682059034739363,54.5196087227392],[-0.670416084425388,54.5007706785618],[-0.623877001698064,54.4954664328287],[-0.610366837851536,54.4935140881762],[-0.573628428888186,54.4813196336688],[-0.554425742784659,54.4696557099516],[-0.52083919440307,54.4462629138471],[-0.532719092710363,54.4334461445216],[-0.528473861935599,54.4253773932067],[-0.528715067851505,54.4248604949354],[-0.527928757998375,54.4243410988488],[-0.524202393839579,54.41725547738],[-0.51178559888683,54.4136737498849],[-0.503741190339727,54.4083551737752],[-0.497689998330275,54.4096054630605],[-0.490976421873198,54.4076669348768],[-0.463607051390559,54.3890325355122],[-0.461667198973488,54.3859699904622],[-0.461490892254704,54.3856916216354],[-0.432691541513805,54.340166838913],[-0.417081352345487,54.3314440001116],[-0.407436469873212,54.2934615354145],[-0.384767305901954,54.288224624963],[-0.384878099216037,54.2880652360156],[-0.396691450227985,54.2745273220732],[-0.368720227987309,54.2484565836294],[-0.366138029867442,54.2476599943274],[-0.365826894634149,54.2473646162836],[-0.355181069867644,54.2442788973604],[-0.265490680966476,54.2165440171536],[-0.277444257925742,54.2121051004408],[-0.280704848930495,54.2116008654196],[-0.280548255877256,54.2109520805697],[-0.28382256446133,54.2097356349102],[-0.281992462795174,54.2035051449382],[-0.276889815207312,54.1861241509612],[-0.245193486151483,54.1664751235378],[-0.212665470866143,54.1577338804314]]]},"properties":{"CTYUA23CD":"E06000065","CTYUA23NM":"North Yorkshire"}},{"type":"Feature","geometry":{"type":"Polygon","coordinates":[[[-3.00013840924515,51.3221293449622],[-2.99011400394716,51.3165446229993],[-2.98987343636891,51.3162833288551],[-2.98664958724306,51.3127813826489],[-2.98695466470382,51.3114589516252],[-2.99316268851688,51.3010110831057],[-2.98810382352796,51.3064770100914],[-2.9898200343769,51.2990347778219],[-2.97261926639963,51.2957124823566],[-2.9620389423923,51.3047909942121],[-2.93687950389505,51.3030788529746],[-2.89710380982307,51.2906145791208],[-2.88493601533683,51.3066603113632],[-2.87718865145921,51.300103650483],[-2.81023646544598,51.3014243120215],[-2.81472248237028,51.3270244805754],[-2.6948765814064,51.3180763899415],[-2.63862471913682,51.2948003236681],[-2.6274364897476,51.282823955208],[-2.55782420176251,51.3026613960108],[-2.49722110687873,51.2908409039615],[-2.50635554510196,51.2789910539498],[-2.47800109139509,51.273096744002],[-2.47377194266362,51.2779707136435],[-2.45172260312224,51.2742514031922],[-2.40091745014227,51.3048002330501],[-2.38718077281427,51.2946434487968],[-2.28909082429693,51.3252720485445],[-2.27309487103777,51.3228790460251],[-2.27195450640093,51.3142540539339],[-2.28512005576167,51.3095280438478],[-2.28068002440096,51.2934629278997],[-2.26525311710259,51.2962199832276],[-2.25349723752292,51.2898347409545],[-2.24534123488723,51.2538761371033],[-2.29846468216909,51.1753224442548],[-2.34585866968418,51.1333687940645],[-2.34453924740452,51.1246781602203],[-2.3645276284756,51.11887884006],[-2.36086958335645,51.0990175009608],[-2.32586314227273,51.079678339545],[-2.34998725978621,51.0688819939964],[-2.3300144212501,51.0413445746229],[-2.3813483865981,51.0049224774254],[-2.37692092962676,50.9907648130566],[-2.35489702801029,50.9908805160152],[-2.34455653686763,50.9788293029238],[-2.41492761933618,50.960583438301],[-2.42799147535897,50.9713867575952],[-2.4471777663599,50.9678502227922],[-2.44286746193651,50.9596600858945],[-2.45620376827821,50.9493438830886],[-2.49034524922401,50.9727724066294],[-2.50234661127076,50.9938363586746],[-2.52641625853615,50.9919077041006],[-2.54743511832829,50.9995416872973],[-2.54542343612897,50.9850805010583],[-2.55620702557173,50.9795351575811],[-2.5746303684989,50.9866936813582],[-2.5860233663728,50.9768692890978],[-2.59584521904693,50.9813399701132],[-2.6033871710982,50.9763444694623],[-2.59820027247584,50.9485744877741],[-2.61609375160151,50.9405812729446],[-2.60404000220076,50.926724702452],[-2.62408761306542,50.9077490380931],[-2.60954134221856,50.8915262934872],[-2.61553187683303,50.8818991369553],[-2.66066607869173,50.8871431765217],[-2.71441140072303,50.8711611434334],[-2.71452438087078,50.8639393757104],[-2.75751174276903,50.8668891717014],[-2.79229423668103,50.8528182460667],[-2.81142509401011,50.8634098189166],[-2.82884896233592,50.8487386684321],[-2.88913318145445,50.8500325305815],[-2.94167534121695,50.835890539599],[-2.95432229557041,50.8211655673479],[-2.96982908150892,50.8341996691845],[-2.97363168996566,50.8557594448463],[-3.03680608618723,50.8510651729283],[-3.03263151653362,50.8616392391691],[-3.05498743545546,50.8744870099697],[-3.05258258350788,50.9086129130285],[-3.12634080218261,50.9017199612309],[-3.14418503962857,50.8913981826917],[-3.18796247786107,50.9103440864798],[-3.1664788965881,50.947713484474],[-3.25483048358088,50.9418457496667],[-3.29384739259865,50.9551387048495],[-3.3336699633033,50.9827882869913],[-3.37866358603564,50.9775085066137],[-3.38048774397398,51.0184858606913],[-3.41417405059937,51.0197027051077],[-3.42130388849576,51.0307781806816],[-3.46019383383282,51.0252167281119],[-3.48336552993693,51.0338313791514],[-3.50426136251134,51.0301792763691],[-3.52045780685949,51.0258953369544],[-3.51888138570953,51.0147955198935],[-3.53504945700714,51.003347265335],[-3.60320812898055,51.0072332306659],[-3.61470093632614,51.0155497352223],[-3.59447111942891,51.0551947239991],[-3.64670925190031,51.0580591629496],[-3.69246375831133,51.0805654417917],[-3.71994749264962,51.0808206531176],[-3.80428873272582,51.1156852822548],[-3.83449124892582,51.1383810136856],[-3.83917542483951,51.1769230993772],[-3.78630346639543,51.1719269221801],[-3.72498387980715,51.1795920629985],[-3.73320126956949,51.2227250757068],[-3.72056139113603,51.2330575870449],[-3.72016877139454,51.2330158656903],[-3.63304126594712,51.2237225984231],[-3.62248054596861,51.2174478005598],[-3.62124038345122,51.2166429750358],[-3.57870861546137,51.2321417026212],[-3.54216486095581,51.2322566633685],[-3.49573197186276,51.2236458107687],[-3.47040825893854,51.2081503815399],[-3.44760212743594,51.2089016584595],[-3.43268007125644,51.2004503649769],[-3.40080830053328,51.1823824630771],[-3.27736518241093,51.1795686619484],[-3.15394211238269,51.2087737224379],[-3.14663188910567,51.2094389699947],[-3.12549727468118,51.2113595497542],[-3.07632204478222,51.2012523568808],[-3.0547640823823,51.2059422142293],[-3.01926285898763,51.2184763433373],[-3.03254964006662,51.1945761948162],[-3.02265502683765,51.1962824858694],[-3.00226525256156,51.225954409193],[-2.99893555821856,51.2231719036139],[-2.98428564189524,51.2204263139817],[-2.99908943311234,51.2249782560885],[-3.00050760858755,51.2416191571193],[-3.02153817023771,51.2654739212463],[-3.01206241782109,51.321029541893],[-3.0354696915471,51.3285356003504],[-3.00013840924515,51.3221293449622]]]},"properties":{"CTYUA23CD":"E06000066","CTYUA23NM":"Somerset"}},{"type":"Feature","geometry":{"type":"Polygon","coordinates":[[[-2.37912645804028,53.6308524488527],[-2.37943642698578,53.6202982211543],[-2.36299441860479,53.610306608559],[-2.37705749556499,53.5929173758218],[-2.37398896308778,53.5708379977295],[-2.35603230934973,53.5606666071227],[-2.35897845853427,53.5529369657782],[-2.37358896596843,53.5539141077711],[-2.34147978194383,53.5458821355359],[-2.33819354516769,53.5336141403946],[-2.35369556560839,53.5350565931541],[-2.35438848105194,53.5262406598844],[-2.43714722764451,53.5422534894246],[-2.4510972318287,53.5286053947657],[-2.50584636407123,53.5389920829183],[-2.53374718087245,53.5230144462743],[-2.56960380656572,53.5478547881025],[-2.55962527802362,53.5612310787845],[-2.57766251928133,53.5810593435228],[-2.62593620171468,53.5936955523287],[-2.59585449396683,53.6107991587726],[-2.56919721747098,53.5955651701553],[-2.51132292934796,53.6269949667172],[-2.47918554429441,53.6170104176005],[-2.45970004381105,53.6200426941985],[-2.43868216156574,53.6460720343122],[-2.42169643500597,53.623835573874],[-2.37912645804028,53.6308524488527]]]},"properties":{"CTYUA23CD":"E08000001","CTYUA23NM":"Bolton"}},{"type":"Feature","geometry":{"type":"Polygon","coordinates":[[[-2.27176557607027,53.6144780087313],[-2.24507858231904,53.600139458401],[-2.2823739776338,53.5838881184607],[-2.27333429535468,53.5793161700283],[-2.259239989758,53.5852699814249],[-2.24330452949509,53.5717042340664],[-2.23722983442873,53.538860508026],[-2.25173729405739,53.5446085369161],[-2.26827062532941,53.5374259585062],[-2.26411429994798,53.5246904872906],[-2.24664494747926,53.5292363541213],[-2.25696583528548,53.5179457852013],[-2.29079629439424,53.5120211683573],[-2.31047252571556,53.5271872440401],[-2.33819354516769,53.5336141403946],[-2.34147978194383,53.5458821355359],[-2.37358896596843,53.5539141077711],[-2.35897845853427,53.5529369657782],[-2.35603230934973,53.5606666071227],[-2.37398896308778,53.5708379977295],[-2.37705749556499,53.5929173758218],[-2.36299441860479,53.610306608559],[-2.37943642698578,53.6202982211543],[-2.37912645804028,53.6308524488527],[-2.37009698250137,53.6319480677494],[-2.36264954975664,53.6559199386866],[-2.37123619444388,53.667080654493],[-2.316664441188,53.6549146939187],[-2.29900613061694,53.6667094535584],[-2.2951870593827,53.6401795209529],[-2.27176557607027,53.6144780087313]]]},"properties":{"CTYUA23CD":"E08000002","CTYUA23NM":"Bury"}},{"type":"Feature","geometry":{"type":"Polygon","coordinates":[[[-2.23722983442873,53.538860508026],[-2.21872522512353,53.5439068308222],[-2.18601421381712,53.5290593985386],[-2.1547610370867,53.5180331570046],[-2.17871040149036,53.5058499512093],[-2.16303024605401,53.4928491976846],[-2.16806377593825,53.4800875732214],[-2.14682778417064,53.4676587261985],[-2.15845128388528,53.4549368626877],[-2.17287963616394,53.4480011075821],[-2.17647056948892,53.4330992228678],[-2.18853962247078,53.4366527361042],[-2.21342771329714,53.4189147309679],[-2.21259491408902,53.406968011696],[-2.24682802957703,53.3960599942886],[-2.24079008412411,53.3595742669914],[-2.25644728585402,53.3606768412766],[-2.30135901104771,53.340120620359],[-2.29701253705802,53.3486474604196],[-2.31401249663183,53.3574304174436],[-2.29859454979864,53.3608249460527],[-2.28566460664445,53.3762451149181],[-2.31991901980795,53.4116235539266],[-2.29771555782357,53.4083616708883],[-2.27777960010051,53.4155080296877],[-2.27362065909694,53.4225008392898],[-2.30018623198938,53.4364163338285],[-2.25368727534751,53.4599456438348],[-2.26532011730774,53.4727290184161],[-2.24513722219961,53.4860868252658],[-2.25542250647567,53.499119126694],[-2.2452274841905,53.5121567078394],[-2.25696583528548,53.5179457852013],[-2.24664494747926,53.5292363541213],[-2.26411429994798,53.5246904872906],[-2.26827062532941,53.5374259585062],[-2.25173729405739,53.5446085369161],[-2.23722983442873,53.538860508026]]]},"properties":{"CTYUA23CD":"E08000003","CTYUA23NM":"Manchester"}},{"type":"Feature","geometry":{"type":"Polygon","coordinates":[[[-2.00947078713106,53.6167795111392],[-1.94272585126694,53.5616412941119],[-1.9128846428011,53.5516436149553],[-1.90962083195551,53.5383909865468],[-1.92678065561025,53.5209487496897],[-1.92197284577495,53.5099546848918],[-1.95133267475833,53.5041988388905],[-1.96338598926022,53.509827260669],[-2.05491706940516,53.5313929556254],[-2.05414814082372,53.5222691624695],[-2.09325828992356,53.5206166937392],[-2.13612452440151,53.4919276000956],[-2.16303024605401,53.4928491976846],[-2.17871040149036,53.5058499512093],[-2.1547610370867,53.5180331570046],[-2.18601421381712,53.5290593985386],[-2.1694402426419,53.5461593060782],[-2.17199289453171,53.5582322919289],[-2.15092967782001,53.5671241537886],[-2.15658638842001,53.582287462879],[-2.12584468713238,53.5864979736429],[-2.11063766856673,53.5997088234209],[-2.05988208527965,53.5924870043127],[-2.03582706317256,53.6029323753639],[-2.02681574056412,53.6241671461057],[-2.02303595762586,53.6158394769092],[-2.00947078713106,53.6167795111392]]]},"properties":{"CTYUA23CD":"E08000004","CTYUA23NM":"Oldham"}},{"type":"Feature","geometry":{"type":"Polygon","coordinates":[[[-2.02681574056412,53.6241671461057],[-2.03582706317256,53.6029323753639],[-2.05988208527965,53.5924870043127],[-2.11063766856673,53.5997088234209],[-2.12584468713238,53.5864979736429],[-2.15658638842001,53.582287462879],[-2.15092967782001,53.5671241537886],[-2.17199289453171,53.5582322919289],[-2.1694402426419,53.5461593060782],[-2.18601421381712,53.5290593985386],[-2.21872522512353,53.5439068308222],[-2.23722983442873,53.538860508026],[-2.24330452949509,53.5717042340664],[-2.259239989758,53.5852699814249],[-2.27333429535468,53.5793161700283],[-2.2823739776338,53.5838881184607],[-2.24507858231904,53.600139458401],[-2.27176557607027,53.6144780087313],[-2.25679062940177,53.6204421040098],[-2.26992520624279,53.6460572706939],[-2.24586450632537,53.6634417602814],[-2.21772889962318,53.6689807388165],[-2.2052468919727,53.6543615218364],[-2.18236631347857,53.6482630692672],[-2.18539583912308,53.6382240927871],[-2.1613528322883,53.6413741752366],[-2.14632807589576,53.6822315294492],[-2.14225755110277,53.6780058089642],[-2.13412727234523,53.6857340290757],[-2.1180850077117,53.6712452241623],[-2.09289023797517,53.6701612643545],[-2.05124217318775,53.6836917586463],[-2.02681574056412,53.6241671461057]]]},"properties":{"CTYUA23CD":"E08000005","CTYUA23NM":"Rochdale"}},{"type":"Feature","geometry":{"type":"Polygon","coordinates":[[[-2.33819354516769,53.5336141403946],[-2.31047252571556,53.5271872440401],[-2.29079629439424,53.5120211683573],[-2.25696583528548,53.5179457852013],[-2.2452274841905,53.5121567078394],[-2.25542250647567,53.499119126694],[-2.24513722219961,53.4860868252658],[-2.26532011730774,53.4727290184161],[-2.28158629238645,53.4648656882003],[-2.32205934253643,53.4801704925733],[-2.35497662386571,53.4740174954745],[-2.39631826576338,53.4584258556261],[-2.41958295901607,53.4293189038056],[-2.44937818830286,53.4158914442799],[-2.48971382174961,53.460282297438],[-2.43446941523023,53.4650444080407],[-2.438506957341,53.4924021569053],[-2.41453919482293,53.5148934298652],[-2.4510972318287,53.5286053947657],[-2.43714722764451,53.5422534894246],[-2.35438848105194,53.5262406598844],[-2.35369556560839,53.5350565931541],[-2.33819354516769,53.5336141403946]]]},"properties":{"CTYUA23CD":"E08000006","CTYUA23NM":"Salford"}},{"type":"Feature","geometry":{"type":"Polygon","coordinates":[[[-2.0262554175393,53.4298651614286],[-2.0136971820304,53.4158901098022],[-1.99232947055908,53.4151931330374],[-2.00464286724195,53.3863272775011],[-2.03377543264394,53.3755415697783],[-2.031058463243,53.3702623861094],[-2.04056362489501,53.3740877663963],[-2.06823913874582,53.357363733138],[-2.09511992692868,53.3660736488543],[-2.12326623398133,53.3619079049104],[-2.13902531020559,53.3673170116013],[-2.15119059702052,53.3481331353572],[-2.14409931007101,53.3428710074742],[-2.16071094860953,53.3272003478822],[-2.19416286501527,53.3386504410584],[-2.18097727745663,53.3440438011382],[-2.18543826739703,53.3526515832411],[-2.24079008412411,53.3595742669914],[-2.24682802957703,53.3960599942886],[-2.21259491408902,53.406968011696],[-2.21342771329714,53.4189147309679],[-2.18853962247078,53.4366527361042],[-2.17647056948892,53.4330992228678],[-2.17287963616394,53.4480011075821],[-2.15845128388528,53.4549368626877],[-2.1416899764136,53.4382510252798],[-2.11608483341291,53.4407461032175],[-2.10234191352923,53.4326108683742],[-2.08904002865182,53.4373095418526],[-2.0798034760136,53.426176632721],[-2.0262554175393,53.4298651614286]]]},"properties":{"CTYUA23CD":"E08000007","CTYUA23NM":"Stockport"}},{"type":"Feature","geometry":{"type":"Polygon","coordinates":[[[-1.96338598926022,53.509827260669],[-1.98781957548853,53.4811103993828],[-1.98579237816046,53.4552267721605],[-2.00823485273611,53.4415492995151],[-2.00421605197447,53.4359217858561],[-2.01422750540755,53.43976275466],[-2.0262554175393,53.4298651614286],[-2.0798034760136,53.426176632721],[-2.08904002865182,53.4373095418526],[-2.10234191352923,53.4326108683742],[-2.11608483341291,53.4407461032175],[-2.1416899764136,53.4382510252798],[-2.15845128388528,53.4549368626877],[-2.14682778417064,53.4676587261985],[-2.16806377593825,53.4800875732214],[-2.16303024605401,53.4928491976846],[-2.13612452440151,53.4919276000956],[-2.09325828992356,53.5206166937392],[-2.05414814082372,53.5222691624695],[-2.05491706940516,53.5313929556254],[-1.96338598926022,53.509827260669]]]},"properties":{"CTYUA23CD":"E08000008","CTYUA23NM":"Tameside"}},{"type":"Feature","geometry":{"type":"Polygon","coordinates":[[[-2.26532011730774,53.4727290184161],[-2.25368727534751,53.4599456438348],[-2.30018623198938,53.4364163338285],[-2.27362065909694,53.4225008392898],[-2.27777960010051,53.4155080296877],[-2.29771555782357,53.4083616708883],[-2.31991901980795,53.4116235539266],[-2.28566460664445,53.3762451149181],[-2.29859454979864,53.3608249460527],[-2.31401249663183,53.3574304174436],[-2.33997311542925,53.3674446410141],[-2.36958798162436,53.3636340261229],[-2.42658992510444,53.3874615169358],[-2.47804769508193,53.3957042399311],[-2.44937818830286,53.4158914442799],[-2.41958295901607,53.4293189038056],[-2.39631826576338,53.4584258556261],[-2.35497662386571,53.4740174954745],[-2.32205934253643,53.4801704925733],[-2.28158629238645,53.4648656882003],[-2.26532011730774,53.4727290184161]]]},"properties":{"CTYUA23CD":"E08000009","CTYUA23NM":"Trafford"}},{"type":"Feature","geometry":{"type":"Polygon","coordinates":[[[-2.62593620171468,53.5936955523287],[-2.57766251928133,53.5810593435228],[-2.55962527802362,53.5612310787845],[-2.56960380656572,53.5478547881025],[-2.53374718087245,53.5230144462743],[-2.50584636407123,53.5389920829183],[-2.4510972318287,53.5286053947657],[-2.41453919482293,53.5148934298652],[-2.438506957341,53.4924021569053],[-2.43446941523023,53.4650444080407],[-2.48971382174961,53.460282297438],[-2.4963344588829,53.4809294219504],[-2.55263854410147,53.4678134069205],[-2.54908962869768,53.4615115566576],[-2.57032006670683,53.4585336800578],[-2.57666478059629,53.4460852732717],[-2.61535915029557,53.4636014203614],[-2.61218386432308,53.4811626037527],[-2.64553701039882,53.4802712188829],[-2.66625404343937,53.4997387956715],[-2.6989618030454,53.5020124964916],[-2.73041764234418,53.520581370431],[-2.71783520038214,53.5273092252674],[-2.70481914779262,53.5591921853052],[-2.71922262231971,53.5761141813386],[-2.69335212229441,53.5894286646168],[-2.68945573934377,53.6042795359639],[-2.63459215891522,53.6082827625043],[-2.62593620171468,53.5936955523287]]]},"properties":{"CTYUA23CD":"E08000010","CTYUA23NM":"Wigan"}},{"type":"Feature","geometry":{"type":"Polygon","coordinates":[[[-2.82496446472738,53.4852092192654],[-2.81871177202822,53.4668910846076],[-2.80440760197138,53.4672366240522],[-2.79506946349562,53.4432300921268],[-2.80502953645005,53.4386600052569],[-2.77620142616997,53.4266870417184],[-2.78677596712423,53.4011875685258],[-2.74517463855405,53.402095646477],[-2.75765407352424,53.3807378701135],[-2.77667109006624,53.3810587132587],[-2.78730169890451,53.3562903954798],[-2.81880693241227,53.3480007079547],[-2.84040558010117,53.3473311035908],[-2.85349581026672,53.3635144479379],[-2.85616502047381,53.378814988182],[-2.82195480947219,53.3806670450162],[-2.83719376161634,53.3997413922119],[-2.85621983009431,53.3949601434108],[-2.89241121568825,53.4107621255249],[-2.86592724972323,53.4183016094447],[-2.8678553409707,53.4492945977933],[-2.90031500926339,53.4691586779097],[-2.91437759224157,53.4650051646435],[-2.92261510760143,53.4749832157279],[-2.88796343716735,53.5038459496941],[-2.86515490038089,53.4920871492598],[-2.8498364247934,53.4931391728108],[-2.84442114863858,53.4841303894131],[-2.82496446472738,53.4852092192654]]]},"properties":{"CTYUA23CD":"E08000011","CTYUA23NM":"Knowsley"}},{"type":"Feature","geometry":{"type":"Polygon","coordinates":[[[-2.81880693241227,53.3480007079547],[-2.81873167222311,53.3398033332105],[-2.83233934882774,53.3372862552482],[-2.82786480033037,53.3314723678215],[-2.85442768254741,53.3273991325323],[-2.87815839926006,53.3341988408009],[-2.90270834347078,53.3455569474959],[-2.97465150886949,53.3787774642196],[-3.00184542297024,53.410325574597],[-3.00862921607139,53.437881436884],[-2.97491461632544,53.4433239988498],[-2.97382315442724,53.4627566033193],[-2.95630659000364,53.4729934783111],[-2.92261510760143,53.4749832157279],[-2.91437759224157,53.4650051646435],[-2.90031500926339,53.4691586779097],[-2.8678553409707,53.4492945977933],[-2.86592724972323,53.4183016094447],[-2.89241121568825,53.4107621255249],[-2.85621983009431,53.3949601434108],[-2.83719376161634,53.3997413922119],[-2.82195480947219,53.3806670450162],[-2.85616502047381,53.378814988182],[-2.85349581026672,53.3635144479379],[-2.84040558010117,53.3473311035908],[-2.81880693241227,53.3480007079547]]]},"properties":{"CTYUA23CD":"E08000012","CTYUA23NM":"Liverpool"}},{"type":"Feature","geometry":{"type":"Polygon","coordinates":[[[-2.73041764234418,53.520581370431],[-2.6989618030454,53.5020124964916],[-2.66625404343937,53.4997387956715],[-2.64553701039882,53.4802712188829],[-2.61218386432308,53.4811626037527],[-2.61535915029557,53.4636014203614],[-2.57666478059629,53.4460852732717],[-2.58529604429635,53.4398072160608],[-2.59868492292473,53.4504137677632],[-2.59623052707265,53.442666292997],[-2.62746241529418,53.4344126024006],[-2.63913593419739,53.4443910202317],[-2.67718842620519,53.4527798657742],[-2.68207563750069,53.4389014095777],[-2.66851362188863,53.4409070517932],[-2.67526772503103,53.4329653045709],[-2.66355469839731,53.4287136603009],[-2.67631721273559,53.3876193652007],[-2.69063279918862,53.3853882195736],[-2.71280344145918,53.3906260083639],[-2.71522678914772,53.3990348997275],[-2.74517463855405,53.402095646477],[-2.78677596712423,53.4011875685258],[-2.77620142616997,53.4266870417184],[-2.80502953645005,53.4386600052569],[-2.79506946349562,53.4432300921268],[-2.80440760197138,53.4672366240522],[-2.81871177202822,53.4668910846076],[-2.82496446472738,53.4852092192654],[-2.81661562875716,53.51228231991],[-2.78247648838422,53.5314301969823],[-2.76887248377879,53.513571464193],[-2.73041764234418,53.520581370431]]]},"properties":{"CTYUA23CD":"E08000013","CTYUA23NM":"St. Helens"}},{"type":"Feature","geometry":{"type":"MultiPolygon","coordinates":[[[[-2.95415634922314,53.69541718898],[-2.95047123033527,53.6917183780021],[-2.96230114861707,53.6938047902124],[-2.95415634922314,53.69541718898]]],[[[-2.95998353705903,53.6917875065343],[-2.96073416226787,53.6858162986865],[-2.95371749361695,53.6916127905113],[-2.9574948267835,53.6832855609035],[-2.94625404486887,53.6792481441161],[-2.94976401013062,53.6909962816433],[-2.95031011440914,53.691547807631],[-2.95045032085472,53.6916969879953],[-2.94678566949808,53.6880175654031],[-2.94014344409029,53.6586105188298],[-2.9672591070023,53.6313286187843],[-2.98182313089385,53.6222051359481],[-2.99788936527924,53.6266670880998],[-3.02882214969535,53.6023199753557],[-3.03598609449788,53.5872183408673],[-3.02070918258232,53.5836752117772],[-3.02261999765623,53.5695979068693],[-3.04038847552938,53.565272120384],[-3.04669858190109,53.5429583288114],[-2.97582621873825,53.515287937911],[-2.96298364850007,53.5237605570865],[-2.97727810557614,53.5462271580019],[-2.94788017879154,53.5443216462044],[-2.92300940751067,53.5252200425158],[-2.88168765511613,53.520522907255],[-2.88796343716735,53.5038459496941],[-2.92261510760143,53.4749832157279],[-2.95630659000364,53.4729934783111],[-2.97382315442724,53.4627566033193],[-2.97491461632544,53.4433239988498],[-3.00862921607139,53.437881436884],[-3.00875228191605,53.438380991495],[-3.02653515166251,53.4531285658587],[-3.02629543118617,53.4540608100115],[-3.0386478711829,53.4631664427333],[-3.04137001912836,53.4654215047934],[-3.05623653252405,53.4920490486636],[-3.06373684924024,53.5054686771475],[-3.06275875510167,53.5299501494209],[-3.06831679467828,53.5199000243537],[-3.08574739254574,53.5254036381008],[-3.10189925042513,53.5371402882266],[-3.10423854228946,53.554459810211],[-3.0587181576406,53.6212021461444],[-3.0056632016861,53.6646918033689],[-3.0100407471008,53.6722217550455],[-3.01406936407839,53.6791489566711],[-2.98286556408102,53.6825859128693],[-2.98721404807591,53.6892564135951],[-2.97764390936288,53.6857412942133],[-2.96726148627491,53.6984478039265],[-2.97156486543916,53.6922740014116],[-2.95998353705903,53.6917875065343]]]]},"properties":{"CTYUA23CD":"E08000014","CTYUA23NM":"Sefton"}},{"type":"Feature","geometry":{"type":"MultiPolygon","coordinates":[[[[-3.11387067598427,53.2943716327275],[-3.12300428172316,53.2893039519754],[-3.11835037905506,53.2919598956556],[-3.11706113742963,53.2926844758504],[-3.11657287212287,53.2929588829413],[-3.11630778182078,53.293107862151],[-3.11409090785379,53.2943769005661],[-3.11387067598427,53.2943716327275]]],[[[-3.00254547537506,53.3747021324275],[-2.93427763357537,53.3132871937879],[-2.92884421120653,53.3083898156628],[-2.9317023798692,53.3060361417186],[-2.93960850114793,53.3103882166835],[-2.96803333271532,53.3012551099336],[-2.99273779101907,53.3071087583506],[-3.02613955180197,53.297748658583],[-3.07416551138978,53.3163809033363],[-3.1090482669874,53.2970466359508],[-3.10928952733083,53.2971052907774],[-3.11261853096692,53.2952135340498],[-3.12391555496401,53.2960719081848],[-3.11615687187497,53.3008191829222],[-3.12743612079501,53.2943532959931],[-3.13798001157518,53.2976396940758],[-3.13441428359391,53.308012681427],[-3.13303182967529,53.2997083719684],[-3.12393526131734,53.3002384175407],[-3.12673908790272,53.3007373805699],[-3.13074919596589,53.3072699792915],[-3.12813665794485,53.3045743203883],[-3.12872579173274,53.3061915371889],[-3.10713362347341,53.3017319352843],[-3.12682089951784,53.3063367242281],[-3.11263398227093,53.3090949158549],[-3.12057637422186,53.3116816322743],[-3.12645390337778,53.3135953117093],[-3.11906723698709,53.3162167663433],[-3.12931293760442,53.3143702338216],[-3.12268920116551,53.3174212131111],[-3.1356468481557,53.3157817671653],[-3.13641252955693,53.3284095820391],[-3.10604485309061,53.3135741846458],[-3.20407457615058,53.3832491360842],[-3.17762493980129,53.3997077236718],[-3.04118061119981,53.4429241136581],[-3.00254547537506,53.3747021324275]]]]},"properties":{"CTYUA23CD":"E08000015","CTYUA23NM":"Wirral"}},{"type":"Feature","geometry":{"type":"Polygon","coordinates":[[[-1.34873341137308,53.5833476300582],[-1.32680704640604,53.5581853270764],[-1.29765726882895,53.551496216825],[-1.29380884811291,53.535810405983],[-1.27572648676218,53.5298373129109],[-1.28617228194707,53.5267603459674],[-1.28128337823297,53.5164922779904],[-1.31244277467456,53.5137944816166],[-1.38009949340725,53.514228083387],[-1.42796513905113,53.4858537054123],[-1.44105081986194,53.4911054898742],[-1.4522066569649,53.4849288644871],[-1.4552192140429,53.471750945559],[-1.49474873428307,53.4862692667841],[-1.51481383416335,53.4636667757772],[-1.51317073618626,53.4514230223319],[-1.5329268641654,53.4383153120021],[-1.55126185631079,53.4462043902545],[-1.53904691905296,53.4617154908734],[-1.5496581099153,53.4784942363179],[-1.60659084349599,53.4929071730766],[-1.70108876364153,53.5031209760333],[-1.73198288405881,53.4908966467704],[-1.7385030596915,53.4771389572781],[-1.78363475618131,53.4847791642632],[-1.80143009642957,53.4809625506677],[-1.80146466287506,53.4809874589245],[-1.80147063244941,53.4809917607504],[-1.79628821898355,53.503152990572],[-1.82222878111984,53.5210909218023],[-1.80428301600162,53.5370133734778],[-1.77187711533163,53.5338525681019],[-1.74155538329141,53.5410707350573],[-1.7231775076069,53.5599267415214],[-1.66946580092353,53.5532275163473],[-1.64823447446973,53.5621950353801],[-1.61563188440644,53.5630283217832],[-1.59619871324849,53.5769869083184],[-1.60175211286839,53.5877589598561],[-1.58797836748171,53.5934865509527],[-1.58645325959614,53.6071740555695],[-1.56045276872154,53.6075517956732],[-1.53078144404236,53.5931293799247],[-1.51867106657984,53.5997192966797],[-1.49656246300737,53.5973737497565],[-1.49511957803327,53.6031902329812],[-1.48370858443037,53.5948687916124],[-1.44763061376209,53.6127388206827],[-1.4003598366971,53.5986710223328],[-1.37670296002844,53.606478418801],[-1.34873341137308,53.5833476300582]]]},"properties":{"CTYUA23CD":"E08000016","CTYUA23NM":"Barnsley"}},{"type":"Feature","geometry":{"type":"Polygon","coordinates":[[[-0.865338726025611,53.6377082330427],[-0.897926451077773,53.5832774385938],[-0.901117807880235,53.5687242266136],[-0.890995208077956,53.5665589822921],[-0.901265910078631,53.5479084252502],[-0.892295380495885,53.5374669638455],[-0.943715825340442,53.5306430186682],[-0.950009087300711,53.5136574344691],[-0.932094163383945,53.5106718236165],[-0.935564625288195,53.5025165293909],[-0.953259205587141,53.4844235292892],[-0.985978085087804,53.471673371995],[-0.995669798894032,53.4369266843309],[-1.01434673955409,53.4262954965662],[-1.03051529485536,53.4251953103943],[-1.0309498187762,53.4309795264014],[-1.08043943279743,53.4268678599403],[-1.11604100602787,53.4073493537968],[-1.14594565153652,53.4123246237971],[-1.13601973902786,53.4244825565683],[-1.16049315962097,53.4243522324476],[-1.17029071040231,53.435301635616],[-1.23809855203463,53.4327545117386],[-1.25815500897971,53.454983094882],[-1.24992621552798,53.4768236603122],[-1.26981681024038,53.4858463225594],[-1.29849026472853,53.47558742853],[-1.28906385046596,53.4910408571929],[-1.3100581321947,53.4979329061978],[-1.31244277467456,53.5137944816166],[-1.28128337823297,53.5164922779904],[-1.28617228194707,53.5267603459674],[-1.27572648676218,53.5298373129109],[-1.29380884811291,53.535810405983],[-1.29765726882895,53.551496216825],[-1.32680704640604,53.5581853270764],[-1.34873341137308,53.5833476300582],[-1.3078197080881,53.5753669707637],[-1.28824945731244,53.5807323871395],[-1.25802813621318,53.5919974498377],[-1.24824986714938,53.6163532847014],[-1.22791199943292,53.617330409457],[-1.23284427243353,53.6211122464196],[-1.21746850825603,53.6242243268899],[-1.20982718259376,53.6431641296687],[-1.18924649793491,53.6359169763152],[-1.15509032420189,53.6431984766914],[-1.13491215514482,53.6326980613642],[-1.12161806948654,53.6467498920623],[-1.06613883749557,53.6488548644138],[-1.04866263627315,53.6560574799883],[-0.946844642823067,53.6591417674831],[-0.865338726025611,53.6377082330427]]]},"properties":{"CTYUA23CD":"E08000017","CTYUA23NM":"Doncaster"}},{"type":"Feature","geometry":{"type":"Polygon","coordinates":[[[-1.31244277467456,53.5137944816166],[-1.3100581321947,53.4979329061978],[-1.28906385046596,53.4910408571929],[-1.29849026472853,53.47558742853],[-1.26981681024038,53.4858463225594],[-1.24992621552798,53.4768236603122],[-1.25815500897971,53.454983094882],[-1.23809855203463,53.4327545117386],[-1.17029071040231,53.435301635616],[-1.16049315962097,53.4243522324476],[-1.13601973902786,53.4244825565683],[-1.14594565153652,53.4123246237971],[-1.11604100602787,53.4073493537968],[-1.11557938044441,53.3971857499007],[-1.13460768887929,53.3900315644246],[-1.13053708984926,53.3755712195116],[-1.14603291441165,53.3690411457852],[-1.13853968203233,53.3559075142163],[-1.16261328765896,53.356843862023],[-1.15684339220656,53.344969500268],[-1.14100746087464,53.3467476780075],[-1.13871810210376,53.3413828117799],[-1.19974282859,53.3114401853799],[-1.2032390468772,53.3042232405841],[-1.23068793446757,53.3085597350777],[-1.2438683827737,53.301569792195],[-1.28201141324174,53.3094625902199],[-1.29567816421914,53.3150369724564],[-1.28858902654107,53.3262280549039],[-1.29902301015448,53.3325116373731],[-1.32466917492843,53.3288100139839],[-1.3319766635888,53.3523558731307],[-1.39139831426442,53.3833206447868],[-1.37579834104707,53.3936742394447],[-1.39352979520877,53.4200030136557],[-1.3804390068682,53.4241688666922],[-1.40850407737209,53.420349395185],[-1.44153520395415,53.4454336444506],[-1.4552192140429,53.471750945559],[-1.4522066569649,53.4849288644871],[-1.44105081986194,53.4911054898742],[-1.42796513905113,53.4858537054123],[-1.38009949340725,53.514228083387],[-1.31244277467456,53.5137944816166]]]},"properties":{"CTYUA23CD":"E08000018","CTYUA23NM":"Rotherham"}},{"type":"Feature","geometry":{"type":"Polygon","coordinates":[[[-1.4552192140429,53.471750945559],[-1.44153520395415,53.4454336444506],[-1.40850407737209,53.420349395185],[-1.3804390068682,53.4241688666922],[-1.39352979520877,53.4200030136557],[-1.37579834104707,53.3936742394447],[-1.39139831426442,53.3833206447868],[-1.3319766635888,53.3523558731307],[-1.32466917492843,53.3288100139839],[-1.3377510519613,53.315848052015],[-1.38673871273592,53.3176321354686],[-1.3865715460456,53.3349025072696],[-1.41103390674883,53.341992492071],[-1.42086649613,53.334567952456],[-1.44197211462372,53.3374924890743],[-1.45988027916359,53.3306893691217],[-1.45522358182387,53.3218691412009],[-1.4679128327397,53.3171200557715],[-1.50213193956548,53.3175820764004],[-1.5367688622067,53.3047486744278],[-1.56172989361096,53.3064113177333],[-1.56173104513262,53.3159708929528],[-1.58053389587991,53.3117380892291],[-1.58490201019108,53.3215879523676],[-1.59909327897252,53.3113181996876],[-1.6092015844932,53.3226639610628],[-1.62759442860749,53.316240575598],[-1.63272698677736,53.3208392129653],[-1.61230306160512,53.3432186697883],[-1.59054795436381,53.345920985244],[-1.66354854039897,53.3665951663589],[-1.65381782187416,53.3919108271105],[-1.70496532088341,53.4050559739585],[-1.70853223310302,53.4173394742133],[-1.73976196210261,53.420987916439],[-1.74532296726174,53.4621753961118],[-1.80143009642957,53.4809625506677],[-1.78363475618131,53.4847791642632],[-1.7385030596915,53.4771389572781],[-1.73198288405881,53.4908966467704],[-1.70108876364153,53.5031209760333],[-1.60659084349599,53.4929071730766],[-1.5496581099153,53.4784942363179],[-1.53904691905296,53.4617154908734],[-1.55126185631079,53.4462043902545],[-1.5329268641654,53.4383153120021],[-1.51317073618626,53.4514230223319],[-1.51481383416335,53.4636667757772],[-1.49474873428307,53.4862692667841],[-1.4552192140429,53.471750945559]]]},"properties":{"CTYUA23CD":"E08000019","CTYUA23NM":"Sheffield"}},{"type":"Feature","geometry":{"type":"Polygon","coordinates":[[[-1.63789356936638,55.0647685986038],[-1.63850785874478,55.0415513474158],[-1.59263768532565,55.0389403658381],[-1.58738252090505,55.0257777727946],[-1.60026644234707,55.0098384131371],[-1.55850401184555,55.0055436440418],[-1.56298107729353,54.9923174956305],[-1.52921303495831,54.9833413264886],[-1.53552528994903,54.9652348447808],[-1.55388177614905,54.9590848858707],[-1.59433261330954,54.9706053999804],[-1.6400739876474,54.9592656699677],[-1.70155584726857,54.9708441472861],[-1.71955422512026,54.9674667134449],[-1.74627859673549,54.9815863598672],[-1.76948002257309,54.9809468096864],[-1.77384237281685,55.0041394758906],[-1.75656332387461,55.0032632890456],[-1.75024527652204,55.0240207799207],[-1.694991232534,55.0429558920247],[-1.71377414645177,55.0654631338258],[-1.64768125804879,55.07938870152],[-1.63789356936638,55.0647685986038]]]},"properties":{"CTYUA23CD":"E08000021","CTYUA23NM":"Newcastle upon Tyne"}},{"type":"Feature","geometry":{"type":"Polygon","coordinates":[[[-1.47451752220319,54.9864442822277],[-1.52921303495831,54.9833413264886],[-1.56298107729353,54.9923174956305],[-1.55850401184555,55.0055436440418],[-1.60026644234707,55.0098384131371],[-1.58738252090505,55.0257777727946],[-1.59263768532565,55.0389403658381],[-1.63850785874478,55.0415513474158],[-1.63789356936638,55.0647685986038],[-1.57853962866581,55.0630812854251],[-1.57508009741004,55.0556198920735],[-1.55705109541522,55.054081733054],[-1.53988095494966,55.0615822391136],[-1.53239349851521,55.0541256351739],[-1.5102739909997,55.0550524818989],[-1.50870604892087,55.0480276740018],[-1.4877669177721,55.0535868670427],[-1.49225352553912,55.0660871659181],[-1.46182442674428,55.0743503319863],[-1.46179374970094,55.0743141040297],[-1.44994701659142,55.0585460282569],[-1.45053056692368,55.0551970721259],[-1.4443049526683,55.0510316374986],[-1.42071394421678,55.0195786580871],[-1.4028696133561,55.0145633198103],[-1.41678966933527,55.0165301479979],[-1.42175144015696,55.0136592803613],[-1.42985104890825,55.0132821060597],[-1.4560212776443,54.9886629473072],[-1.50178143406318,54.9885270556704],[-1.51782683495907,54.9963870433532],[-1.50252097888871,54.9884923436214],[-1.53084429541888,54.9840152789423],[-1.47450166038465,54.9864749505734],[-1.47451752220319,54.9864442822277]]]},"properties":{"CTYUA23CD":"E08000022","CTYUA23NM":"North Tyneside"}},{"type":"Feature","geometry":{"type":"MultiPolygon","coordinates":[[[[-1.41997919458222,55.00453593956],[-1.41860375890732,55.0032309845948],[-1.41222723833407,55.0061704960487],[-1.4091847290874,55.0010642880469],[-1.41090492392259,54.998900177621],[-1.37659989286456,54.9776555473734],[-1.35661832192635,54.9652664395527],[-1.3639710172479,54.9441194804249],[-1.36400043019682,54.9438742236562],[-1.41937079278914,54.9299239966335],[-1.51121751654077,54.9316658784504],[-1.51532982678574,54.9573498033564],[-1.53552528994903,54.9652348447808],[-1.52921303495831,54.9833413264886],[-1.47451752220319,54.9864442822277],[-1.48048609480626,54.9749011704141],[-1.45655418850596,54.9774359970839],[-1.47187843569643,54.9860772168552],[-1.44943209596967,54.9843513278971],[-1.42563677051095,55.0064151343666],[-1.41997919458222,55.00453593956]]],[[[-1.40111364934538,55.0112147426987],[-1.40490889217253,55.0095432334872],[-1.40484748208284,55.0095715306013],[-1.40111364934538,55.0112147426987]]]]},"properties":{"CTYUA23CD":"E08000023","CTYUA23NM":"South Tyneside"}},{"type":"Feature","geometry":{"type":"Polygon","coordinates":[[[-1.34733192429187,54.860417230991],[-1.42157982749195,54.8394710601043],[-1.41295475126421,54.8236547090542],[-1.4225524435527,54.803170907028],[-1.49072646804405,54.7993041361112],[-1.48185556201966,54.8096514145345],[-1.50427968057368,54.8312298106981],[-1.50653070203232,54.8710801017226],[-1.531781773186,54.8781883872433],[-1.56180965217131,54.8757167569592],[-1.55941079225447,54.8820371188128],[-1.55708031451973,54.9092112536279],[-1.56889133560984,54.9246247988281],[-1.51121751654077,54.9316658784504],[-1.41937079278914,54.9299239966335],[-1.36400043019682,54.9438742236562],[-1.36530091006636,54.9330274223717],[-1.36613008670018,54.9261083574018],[-1.35894096630313,54.9236079720406],[-1.35864350925733,54.9221380029749],[-1.3634778749248,54.9227686286797],[-1.37096831298611,54.9117047256278],[-1.35764226388955,54.9171892921324],[-1.35635981986155,54.910848977103],[-1.3616070236887,54.8982268256495],[-1.34756912654959,54.860621687746],[-1.34733192429187,54.860417230991]]]},"properties":{"CTYUA23CD":"E08000024","CTYUA23NM":"Sunderland"}},{"type":"Feature","geometry":{"type":"Polygon","coordinates":[[[-1.78800228267072,52.5878978630761],[-1.76360629686474,52.5709105497763],[-1.7742300480517,52.5646277806898],[-1.7559982648358,52.5553824957752],[-1.74908599922833,52.5314223642904],[-1.72887793344338,52.524562767624],[-1.753810175173,52.5212131624278],[-1.75351881384396,52.5129615064625],[-1.7994466173531,52.504293229929],[-1.75578291862516,52.4994801098965],[-1.75960051292333,52.45191095861],[-1.77914629442649,52.4501546161748],[-1.80031736681895,52.4582975785202],[-1.83464356060036,52.4174332812171],[-1.84449615918718,52.4102526399837],[-1.86664513342295,52.4110453152608],[-1.86874678259764,52.4047375099132],[-1.8826972850066,52.3998129649372],[-1.91367502449958,52.4074643041657],[-1.93431470610424,52.3872363795687],[-1.95361379620871,52.3933706517577],[-1.99848638916746,52.3811379967551],[-2.03364061279039,52.4023279275498],[-1.98603705906246,52.4167261859898],[-2.01699028095924,52.4326829309962],[-2.01324348263751,52.4621907903812],[-1.97789677393305,52.4671654765627],[-1.96400703683339,52.481985693935],[-1.95077702386458,52.4832466622701],[-1.93813215324312,52.4984247557075],[-1.96302485370939,52.5048973105992],[-1.96198143019223,52.5284157207099],[-1.92944518787316,52.5313067403526],[-1.93314991922693,52.5458128130404],[-1.91815749708244,52.5473065302947],[-1.87871599452266,52.5694343752689],[-1.87256445035415,52.5849446957769],[-1.85363050818885,52.6020736320404],[-1.82812858189664,52.6087219886757],[-1.7965280894026,52.5991229386816],[-1.78800228267072,52.5878978630761]]]},"properties":{"CTYUA23CD":"E08000025","CTYUA23NM":"Birmingham"}},{"type":"Feature","geometry":{"type":"Polygon","coordinates":[[[-1.45905317416489,52.4551580337385],[-1.4239324884753,52.4329788214798],[-1.43794722338479,52.41036473545],[-1.43141290559778,52.3968030290594],[-1.46401360334253,52.3732671682518],[-1.50449893765669,52.377807147852],[-1.51393967013815,52.3690198664175],[-1.52465132517521,52.3794009009746],[-1.5524124217106,52.3638920750157],[-1.56760688746162,52.3846889239322],[-1.60106738247379,52.3892994855589],[-1.60217550224297,52.41605701555],[-1.61445000065458,52.4279679997273],[-1.60827084648276,52.4388409749033],[-1.59522861041217,52.4399264159155],[-1.59548725924308,52.4559197590616],[-1.58986310702649,52.4619121090901],[-1.56119166726618,52.4552225694476],[-1.53979081939549,52.4647986868735],[-1.5050136515019,52.4500680663581],[-1.49198638009856,52.4586021811432],[-1.45905317416489,52.4551580337385]]]},"properties":{"CTYUA23CD":"E08000026","CTYUA23NM":"Coventry"}},{"type":"Feature","geometry":{"type":"Polygon","coordinates":[[[-2.07394205771191,52.5498796749801],[-2.07959040786026,52.5240847825462],[-2.0572576082469,52.5122714753012],[-2.0643228987227,52.4871689853206],[-2.09709041517253,52.4683948200989],[-2.05901666622542,52.4619753507455],[-2.02274923685235,52.480551405526],[-2.01324348263751,52.4621907903812],[-2.01699028095924,52.4326829309962],[-2.03698776266666,52.4275457075304],[-2.03788100010757,52.4415575551052],[-2.05578306154507,52.4413058490695],[-2.06246734325287,52.4274306533899],[-2.06805186468972,52.4351950959813],[-2.08479648698127,52.4321518337181],[-2.09856509199697,52.4452835394779],[-2.13602683609072,52.4262682229475],[-2.16485128257998,52.4302041413132],[-2.17648315747155,52.4548218475081],[-2.16741962532073,52.4715410983952],[-2.19194273238093,52.5034507344606],[-2.1442106820995,52.5170740585455],[-2.15221000603085,52.525696073702],[-2.13558727620906,52.5344609374318],[-2.13348672789088,52.5540666639507],[-2.12145369207196,52.5569349883017],[-2.10824437895226,52.54394488066],[-2.07987656607507,52.5570655228086],[-2.07394205771191,52.5498796749801]]]},"properties":{"CTYUA23CD":"E08000027","CTYUA23NM":"Dudley"}},{"type":"Feature","geometry":{"type":"Polygon","coordinates":[[[-1.91815749708244,52.5473065302947],[-1.93314991922693,52.5458128130404],[-1.92944518787316,52.5313067403526],[-1.96198143019223,52.5284157207099],[-1.96302485370939,52.5048973105992],[-1.93813215324312,52.4984247557075],[-1.95077702386458,52.4832466622701],[-1.96400703683339,52.481985693935],[-1.97789677393305,52.4671654765627],[-2.01324348263751,52.4621907903812],[-2.02274923685235,52.480551405526],[-2.05901666622542,52.4619753507455],[-2.09709041517253,52.4683948200989],[-2.0643228987227,52.4871689853206],[-2.0572576082469,52.5122714753012],[-2.07959040786026,52.5240847825462],[-2.07394205771191,52.5498796749801],[-2.05098246778017,52.5527291152837],[-2.01097848483523,52.5690653353549],[-1.97549655588075,52.5555604055438],[-1.96414344608535,52.563226772202],[-1.95106861813868,52.556833061133],[-1.93392727461876,52.5600341734747],[-1.91815749708244,52.5473065302947]]]},"properties":{"CTYUA23CD":"E08000028","CTYUA23NM":"Sandwell"}},{"type":"Feature","geometry":{"type":"Polygon","coordinates":[[[-1.59548725924308,52.4559197590616],[-1.59522861041217,52.4399264159155],[-1.60827084648276,52.4388409749033],[-1.61445000065458,52.4279679997273],[-1.60217550224297,52.41605701555],[-1.60106738247379,52.3892994855589],[-1.62250698532454,52.3661644313338],[-1.64841803963759,52.3567433964995],[-1.66088809306568,52.3656701065801],[-1.68433734679143,52.3631462713815],[-1.69388500073929,52.3510133572142],[-1.7185353656547,52.3558178534257],[-1.72047128876548,52.3725682244062],[-1.73523358502696,52.3700624101327],[-1.7459260666355,52.3548769773948],[-1.77961371235848,52.3642761869253],[-1.77579040098877,52.3479657876883],[-1.80780141734951,52.3666080026736],[-1.87202017377615,52.3676090061427],[-1.84549830963187,52.3997822153889],[-1.86874678259764,52.4047375099132],[-1.86664513342295,52.4110453152608],[-1.84449615918718,52.4102526399837],[-1.83464356060036,52.4174332812171],[-1.80031736681895,52.4582975785202],[-1.77914629442649,52.4501546161748],[-1.75960051292333,52.45191095861],[-1.75578291862516,52.4994801098965],[-1.7994466173531,52.504293229929],[-1.75351881384396,52.5129615064625],[-1.67715419118533,52.4363566272537],[-1.66658594082774,52.4354715665142],[-1.66228667335888,52.4442993244246],[-1.64159005921899,52.4432713600035],[-1.62445220517117,52.4635386718159],[-1.59548725924308,52.4559197590616]]]},"properties":{"CTYUA23CD":"E08000029","CTYUA23NM":"Solihull"}},{"type":"Feature","geometry":{"type":"Polygon","coordinates":[[[-1.87256445035415,52.5849446957769],[-1.87871599452266,52.5694343752689],[-1.91815749708244,52.5473065302947],[-1.93392727461876,52.5600341734747],[-1.95106861813868,52.556833061133],[-1.96414344608535,52.563226772202],[-1.97549655588075,52.5555604055438],[-2.01097848483523,52.5690653353549],[-2.05098246778017,52.5527291152837],[-2.06195257793633,52.55824905929],[-2.05002212961767,52.5721405432493],[-2.07782393325462,52.5860604686774],[-2.05459907538167,52.600847565362],[-2.05071786918317,52.6205226805822],[-2.03017356071362,52.6169540099162],[-2.02953294734342,52.625639839505],[-1.98655031223884,52.6404092782399],[-1.96096309818208,52.6428146771464],[-1.95461260583226,52.6626834341351],[-1.94544608874089,52.6563256915127],[-1.93366343195041,52.6615864859491],[-1.91087797950224,52.656500776471],[-1.91812069842629,52.6499509725465],[-1.90508380548937,52.6432075574539],[-1.91598526501652,52.6352857818685],[-1.88599897186694,52.6153787879061],[-1.8922660164266,52.599151928031],[-1.87256445035415,52.5849446957769]]]},"properties":{"CTYUA23CD":"E08000030","CTYUA23NM":"Walsall"}},{"type":"Feature","geometry":{"type":"Polygon","coordinates":[[[-2.05071786918317,52.6205226805822],[-2.05459907538167,52.600847565362],[-2.07782393325462,52.5860604686774],[-2.05002212961767,52.5721405432493],[-2.06195257793633,52.55824905929],[-2.05098246778017,52.5527291152837],[-2.07394205771191,52.5498796749801],[-2.07987656607507,52.5570655228086],[-2.10824437895226,52.54394488066],[-2.12145369207196,52.5569349883017],[-2.13348672789088,52.5540666639507],[-2.1755346715768,52.5544071322454],[-2.18033702695604,52.5745049370417],[-2.20669618824762,52.5851794880261],[-2.18918611805601,52.5887750856374],[-2.19639726168784,52.6066153665899],[-2.16915726306372,52.609338361657],[-2.16835061769236,52.6199896641602],[-2.13164409782653,52.6376230828785],[-2.10124106052418,52.6350533628848],[-2.08100174127972,52.6119049797521],[-2.05071786918317,52.6205226805822]]]},"properties":{"CTYUA23CD":"E08000031","CTYUA23NM":"Wolverhampton"}},{"type":"Feature","geometry":{"type":"Polygon","coordinates":[[[-1.72721731903531,53.9101672464159],[-1.7320521227989,53.8959699524101],[-1.71706056028283,53.8922661621196],[-1.72542889664168,53.8856944378819],[-1.7563449226269,53.8847039523803],[-1.78746483055355,53.8969004813653],[-1.80042422664219,53.8859645649888],[-1.76051110244658,53.8636090293232],[-1.71528600995672,53.8662445633474],[-1.6950919532714,53.857537953259],[-1.7119957394645,53.7830697684932],[-1.68227057161415,53.7864149156248],[-1.67423335807779,53.7800047806695],[-1.64040591340331,53.7796837040251],[-1.64956380563777,53.7681979235657],[-1.68162088419758,53.7564689245215],[-1.71443157386961,53.7624581400957],[-1.73376536725727,53.7469183394299],[-1.74722512348894,53.7468142079434],[-1.74590093133047,53.7344898403371],[-1.76090891409939,53.7346454154492],[-1.77008624312907,53.7262523423731],[-1.80936786794178,53.7643807054358],[-1.82783641987897,53.7637326806219],[-1.85545631955713,53.7483079538574],[-1.87265337279891,53.7549408823826],[-1.87340280610694,53.7786904064963],[-1.92817167079471,53.7875770158841],[-1.98084882466309,53.786352988811],[-1.98676518647138,53.7961506149606],[-2.06122232901262,53.8256202153325],[-2.04692463706631,53.8295102819506],[-2.04613032171259,53.8501412464577],[-2.02175085543423,53.8715375090729],[-1.98019888373294,53.8711154028578],[-1.97941943031718,53.9011319984765],[-1.95241716962651,53.9035275224167],[-1.97686723160789,53.9264177673808],[-1.96307646765848,53.9334042141564],[-1.96618594335563,53.9515549652604],[-1.95065798396997,53.9566695719334],[-1.92797977690032,53.9504588455711],[-1.87951306390985,53.9628386251705],[-1.86061101903697,53.9327812422238],[-1.83616699057491,53.9314114193012],[-1.84773108570453,53.9408007136092],[-1.80508916329937,53.9390226691492],[-1.77597854946963,53.9214883686093],[-1.74562604180612,53.9230037629874],[-1.72721731903531,53.9101672464159]]]},"properties":{"CTYUA23CD":"E08000032","CTYUA23NM":"Bradford"}},{"type":"Feature","geometry":{"type":"Polygon","coordinates":[[[-1.77008624312907,53.7262523423731],[-1.75363679123141,53.7258602592013],[-1.73587108417812,53.7132428087885],[-1.7312828026626,53.6803720024641],[-1.74730180983464,53.6945945763215],[-1.8257242712751,53.6702562149199],[-1.85368284031579,53.6725378797399],[-1.8435662907843,53.6661219127021],[-1.89459856432409,53.645421811314],[-1.93415227599983,53.648339612259],[-1.97274372991519,53.6257734751548],[-2.00947078713106,53.6167795111392],[-2.02303595762586,53.6158394769092],[-2.02681574056412,53.6241671461057],[-2.05124217318775,53.6836917586463],[-2.09289023797517,53.6701612643545],[-2.1180850077117,53.6712452241623],[-2.13412727234523,53.6857340290757],[-2.14225755110277,53.6780058089642],[-2.14632807589576,53.6822315294492],[-2.17329132180093,53.7230096469322],[-2.13117443618115,53.7515444483757],[-2.13636274882185,53.7801044595242],[-2.12481550058915,53.7880553424965],[-2.12835851818789,53.7990313038972],[-2.1122782559236,53.8057085093521],[-2.06122232901262,53.8256202153325],[-1.98676518647138,53.7961506149606],[-1.98084882466309,53.786352988811],[-1.92817167079471,53.7875770158841],[-1.87340280610694,53.7786904064963],[-1.87265337279891,53.7549408823826],[-1.85545631955713,53.7483079538574],[-1.82783641987897,53.7637326806219],[-1.80936786794178,53.7643807054358],[-1.77008624312907,53.7262523423731]]]},"properties":{"CTYUA23CD":"E08000033","CTYUA23NM":"Calderdale"}},{"type":"Feature","geometry":{"type":"Polygon","coordinates":[[[-1.68162088419758,53.7564689245215],[-1.65844402016115,53.7454578020209],[-1.63788191727483,53.7477289075381],[-1.62337162846243,53.7185469364097],[-1.59220422650418,53.7185362009558],[-1.57112226540619,53.7064046046417],[-1.59837596840081,53.699780779735],[-1.60249939450877,53.6921715716353],[-1.59192004962801,53.6893347377382],[-1.61521688403456,53.6775811411908],[-1.59062606036591,53.6606635870612],[-1.62490150410721,53.6536421795104],[-1.61367561435389,53.6245731561925],[-1.58645325959614,53.6071740555695],[-1.58797836748171,53.5934865509527],[-1.60175211286839,53.5877589598561],[-1.59619871324849,53.5769869083184],[-1.61563188440644,53.5630283217832],[-1.64823447446973,53.5621950353801],[-1.66946580092353,53.5532275163473],[-1.7231775076069,53.5599267415214],[-1.74155538329141,53.5410707350573],[-1.77187711533163,53.5338525681019],[-1.80428301600162,53.5370133734778],[-1.82222878111984,53.5210909218023],[-1.84182082823365,53.5199087802658],[-1.87349262570415,53.5404296508189],[-1.89410949217378,53.5336117793005],[-1.90962083195551,53.5383909865468],[-1.9128846428011,53.5516436149553],[-1.94272585126694,53.5616412941119],[-2.00947078713106,53.6167795111392],[-1.97274372991519,53.6257734751548],[-1.93415227599983,53.648339612259],[-1.89459856432409,53.645421811314],[-1.8435662907843,53.6661219127021],[-1.85368284031579,53.6725378797399],[-1.8257242712751,53.6702562149199],[-1.74730180983464,53.6945945763215],[-1.7312828026626,53.6803720024641],[-1.73587108417812,53.7132428087885],[-1.75363679123141,53.7258602592013],[-1.77008624312907,53.7262523423731],[-1.76090891409939,53.7346454154492],[-1.74590093133047,53.7344898403371],[-1.74722512348894,53.7468142079434],[-1.73376536725727,53.7469183394299],[-1.71443157386961,53.7624581400957],[-1.68162088419758,53.7564689245215]]]},"properties":{"CTYUA23CD":"E08000034","CTYUA23NM":"Kirklees"}},{"type":"Feature","geometry":{"type":"Polygon","coordinates":[[[-1.30196724055708,53.7416722172624],[-1.39967527899895,53.7193240150966],[-1.44314942704306,53.7282265989543],[-1.48829823391603,53.7277569920528],[-1.49572802686815,53.7223084256306],[-1.5103956286997,53.7296901101937],[-1.55932285722572,53.698983710792],[-1.57112226540619,53.7064046046417],[-1.59220422650418,53.7185362009558],[-1.62337162846243,53.7185469364097],[-1.63788191727483,53.7477289075381],[-1.65844402016115,53.7454578020209],[-1.68162088419758,53.7564689245215],[-1.64956380563777,53.7681979235657],[-1.64040591340331,53.7796837040251],[-1.67423335807779,53.7800047806695],[-1.68227057161415,53.7864149156248],[-1.7119957394645,53.7830697684932],[-1.6950919532714,53.857537953259],[-1.71528600995672,53.8662445633474],[-1.76051110244658,53.8636090293232],[-1.80042422664219,53.8859645649888],[-1.78746483055355,53.8969004813653],[-1.7563449226269,53.8847039523803],[-1.72542889664168,53.8856944378819],[-1.71706056028283,53.8922661621196],[-1.7320521227989,53.8959699524101],[-1.72721731903531,53.9101672464159],[-1.71796986402232,53.9085310061164],[-1.70708308020122,53.9191312559919],[-1.68462724326052,53.9105880911715],[-1.65508298511049,53.9124842989602],[-1.65172654586808,53.9056388581268],[-1.62065920104965,53.9033869907267],[-1.599388174075,53.9096751529447],[-1.58792488986376,53.9012915430338],[-1.58361500128836,53.9092774050301],[-1.5518811444059,53.9029584614153],[-1.54879322245249,53.9109138390916],[-1.49878116161895,53.9153069395781],[-1.46293086327229,53.905896619276],[-1.43299734465415,53.9108051834652],[-1.43260133613277,53.9272366053921],[-1.40670956648195,53.927849708617],[-1.39718249968378,53.9425351723531],[-1.34040516519185,53.9458881880291],[-1.34470601313736,53.9394989803883],[-1.30713408561422,53.9345362723904],[-1.30889461278843,53.9240397726405],[-1.29408489805138,53.9269140237863],[-1.30735579340276,53.9211502187787],[-1.29720289653827,53.9216377933638],[-1.30045310633845,53.9075195154784],[-1.32183217384471,53.9028760375283],[-1.31237643321928,53.8656824033419],[-1.3529698771545,53.8567507520096],[-1.32655713555967,53.840423430327],[-1.33609674496188,53.8335897533881],[-1.30362345902206,53.8165359902506],[-1.31487208408644,53.8095574148486],[-1.31381045925485,53.7815557500984],[-1.29038607043323,53.763194462259],[-1.29494200882328,53.7554628335729],[-1.31223876959692,53.7558885052162],[-1.31535678189555,53.7436807032153],[-1.30196724055708,53.7416722172624]]]},"properties":{"CTYUA23CD":"E08000035","CTYUA23NM":"Leeds"}},{"type":"Feature","geometry":{"type":"Polygon","coordinates":[[[-1.23284427243353,53.6211122464196],[-1.22791199943292,53.617330409457],[-1.24824986714938,53.6163532847014],[-1.25802813621318,53.5919974498377],[-1.28824945731244,53.5807323871395],[-1.3078197080881,53.5753669707637],[-1.34873341137308,53.5833476300582],[-1.37670296002844,53.606478418801],[-1.4003598366971,53.5986710223328],[-1.44763061376209,53.6127388206827],[-1.48370858443037,53.5948687916124],[-1.49511957803327,53.6031902329812],[-1.49656246300737,53.5973737497565],[-1.51867106657984,53.5997192966797],[-1.53078144404236,53.5931293799247],[-1.56045276872154,53.6075517956732],[-1.58645325959614,53.6071740555695],[-1.61367561435389,53.6245731561925],[-1.62490150410721,53.6536421795104],[-1.59062606036591,53.6606635870612],[-1.61521688403456,53.6775811411908],[-1.59192004962801,53.6893347377382],[-1.60249939450877,53.6921715716353],[-1.59837596840081,53.699780779735],[-1.57112226540619,53.7064046046417],[-1.55932285722572,53.698983710792],[-1.5103956286997,53.7296901101937],[-1.49572802686815,53.7223084256306],[-1.48829823391603,53.7277569920528],[-1.44314942704306,53.7282265989543],[-1.39967527899895,53.7193240150966],[-1.30196724055708,53.7416722172624],[-1.2687022564653,53.7149803707965],[-1.22940808376884,53.7148899784923],[-1.22632884303256,53.7098678106495],[-1.21981187384993,53.7144190177334],[-1.19876646275588,53.7007146062631],[-1.19906068308451,53.6948947178058],[-1.24442802583222,53.6924689586606],[-1.25547556487338,53.6454182650975],[-1.23284427243353,53.6211122464196]]]},"properties":{"CTYUA23CD":"E08000036","CTYUA23NM":"Wakefield"}},{"type":"Feature","geometry":{"type":"Polygon","coordinates":[[[-1.76948002257309,54.9809468096864],[-1.74627859673549,54.9815863598672],[-1.71955422512026,54.9674667134449],[-1.70155584726857,54.9708441472861],[-1.6400739876474,54.9592656699677],[-1.59433261330954,54.9706053999804],[-1.55388177614905,54.9590848858707],[-1.53552528994903,54.9652348447808],[-1.51532982678574,54.9573498033564],[-1.51121751654077,54.9316658784504],[-1.56889133560984,54.9246247988281],[-1.55708031451973,54.9092112536279],[-1.55941079225447,54.8820371188128],[-1.57990946563576,54.8777701487896],[-1.59422138886645,54.9020004160817],[-1.65055954794471,54.8793235541439],[-1.64931878603612,54.8929873124636],[-1.67557639645876,54.8980968546757],[-1.6747777845835,54.9095601452187],[-1.69168984097383,54.9025976041606],[-1.69848150976366,54.9090455028849],[-1.72492282931812,54.9088445509693],[-1.73611952843859,54.9185578236474],[-1.7687448779223,54.9067261188574],[-1.78163702129734,54.9115565994245],[-1.79452230430584,54.9035741243037],[-1.82063707341034,54.9057710870582],[-1.85272134451354,54.9174135398416],[-1.84114925719419,54.9297254843691],[-1.82693347994531,54.9302864685928],[-1.83363253744904,54.9533333335877],[-1.81280740471121,54.9762855689695],[-1.78851501661457,54.9842673636274],[-1.76948002257309,54.9809468096864]]]},"properties":{"CTYUA23CD":"E08000037","CTYUA23NM":"Gateshead"}},{"type":"Feature","geometry":{"type":"Polygon","coordinates":[[[-0.0801829480544452,51.5068722658641],[-0.109174000436823,51.509874369998],[-0.111444375072681,51.5097746995747],[-0.111567824442113,51.5153350300017],[-0.105290341558648,51.5185548587508],[-0.0852326450965759,51.5203483971845],[-0.078528821845199,51.521511881852],[-0.0801829480544452,51.5068722658641]]]},"properties":{"CTYUA23CD":"E09000001","CTYUA23NM":"City of London"}},{"type":"Feature","geometry":{"type":"Polygon","coordinates":[[[0.16011671259232,51.5117809580143],[0.158741163472628,51.5122654258303],[0.126869821122681,51.5195671614452],[0.0981446123478466,51.5149582281948],[0.0981208940439724,51.5149478086505],[0.0926015481694193,51.5256979972447],[0.0727454762217297,51.5292747377932],[0.0683616946338665,51.5443903901028],[0.0935197644735265,51.5458578943684],[0.118901016628217,51.5573709910212],[0.131578541181193,51.5718243720301],[0.126386612488677,51.5867252210564],[0.14820590165784,51.5989684651636],[0.146703647684621,51.5687966342285],[0.161893735700278,51.5616168738061],[0.185180463309676,51.565513082632],[0.190222134044087,51.5526523970523],[0.16011671259232,51.5117809580143]]]},"properties":{"CTYUA23CD":"E09000002","CTYUA23NM":"Barking and Dagenham"}},{"type":"Feature","geometry":{"type":"Polygon","coordinates":[[[-0.181960815257973,51.6686831956154],[-0.185893323219588,51.6628453455918],[-0.154731838818758,51.6555451451849],[-0.129093931888576,51.6322654489497],[-0.144495116086128,51.61550901254],[-0.13870599645949,51.6101857871696],[-0.151330701481231,51.5974710999655],[-0.156483326473497,51.6053245779659],[-0.157130981863992,51.586191395252],[-0.17123183297214,51.5724182514717],[-0.213486677002519,51.5551909329255],[-0.233417227576263,51.571982958421],[-0.251130244193254,51.5702838725287],[-0.248234179694855,51.5843137322831],[-0.267113115479641,51.6003719685842],[-0.304449971011893,51.6363487201659],[-0.257332658018192,51.6418318488053],[-0.250582589477333,51.6560573522745],[-0.212135030723747,51.6613535283696],[-0.203352928676407,51.6701264989751],[-0.191066699360921,51.6638967053238],[-0.181960815257973,51.6686831956154]]]},"properties":{"CTYUA23CD":"E09000003","CTYUA23NM":"Barnet"}},{"type":"Feature","geometry":{"type":"Polygon","coordinates":[[[0.162513688689931,51.5047962914565],[0.168813601248937,51.4993621460312],[0.169215771233888,51.498865000491],[0.183617006203287,51.4810551605358],[0.217618086706926,51.4804747186452],[0.221177283091669,51.4787996029256],[0.203374621646498,51.4543154589105],[0.172844869107023,51.4432871518183],[0.164328170821928,51.4285849613143],[0.155875040956964,51.430876583241],[0.152932433172376,51.4087084822957],[0.148869410494427,51.4084291289347],[0.107022545170679,51.4142643650807],[0.0753602122612816,51.4319866522164],[0.0874267537477507,51.4432843433436],[0.0823130742087601,51.4666413154462],[0.0982448959118108,51.4754522040861],[0.124191087369442,51.4768490194697],[0.118676592313933,51.5113166047211],[0.120233982272896,51.5114508025647],[0.162513688689931,51.5047962914565]]]},"properties":{"CTYUA23CD":"E09000004","CTYUA23NM":"Bexley"}},{"type":"Feature","geometry":{"type":"Polygon","coordinates":[[[-0.213486677002519,51.5551909329255],[-0.191467608561554,51.53629235907],[-0.196479321959949,51.5276386365623],[-0.205142405490973,51.5329559016986],[-0.216020723983129,51.5279203611675],[-0.228440758153743,51.5303191572033],[-0.246281570983423,51.5327375103472],[-0.284241047709167,51.5289125958301],[-0.282457376588103,51.5386486768895],[-0.307453582279767,51.5330870588732],[-0.307735039440403,51.5458788158286],[-0.335555531666752,51.556556900043],[-0.322148244821014,51.5696770571547],[-0.326642146067183,51.5787751472833],[-0.304696795432772,51.5870525533089],[-0.282465247610045,51.585034967364],[-0.290405901610672,51.5935438017632],[-0.267113115479641,51.6003719685842],[-0.248234179694855,51.5843137322831],[-0.251130244193254,51.5702838725287],[-0.233417227576263,51.571982958421],[-0.213486677002519,51.5551909329255]]]},"properties":{"CTYUA23CD":"E09000005","CTYUA23NM":"Brent"}},{"type":"Feature","geometry":{"type":"Polygon","coordinates":[[[0.0753602122612816,51.4319866522164],[0.107022545170679,51.4142643650807],[0.148869410494427,51.4084291289347],[0.162384150043184,51.3924903029428],[0.147741030714359,51.3928010027283],[0.152057738933261,51.3696937056142],[0.136958108456318,51.3441746058011],[0.118456303441167,51.3441477832474],[0.117900333226097,51.329647100945],[0.085029299988601,51.3160232052895],[0.085693083414603,51.2930842274768],[0.042396497430127,51.2926730476417],[0.0329094179322316,51.3075209115003],[0.0150093784679093,51.2917860700628],[0.00225531192400326,51.3291348350343],[-0.0267666348180034,51.3793759347069],[-0.0369028641950523,51.3770169041371],[-0.0365234986870309,51.3884315374295],[-0.0682015255568677,51.403488310827],[-0.0785581840224735,51.4198738371398],[-0.0782876818800692,51.4206047143525],[-0.0739072566834679,51.4262131746527],[-0.0302158963800441,51.4256827905951],[-0.0103120802634173,51.4135777940386],[0.0254589773282689,51.4289732426829],[0.0362760239316944,51.4224184619141],[0.029378666547999,51.4417048836482],[0.061705411141948,51.4237003708481],[0.0753602122612816,51.4319866522164]]]},"properties":{"CTYUA23CD":"E09000006","CTYUA23NM":"Bromley"}},{"type":"Feature","geometry":{"type":"Polygon","coordinates":[[[-0.14239561120072,51.569106002885],[-0.122563726204788,51.5307531143397],[-0.105290341558648,51.5185548587508],[-0.111567824442113,51.5153350300017],[-0.129335251259481,51.5134727060722],[-0.152684835329384,51.5375107539967],[-0.191467608561554,51.53629235907],[-0.213486677002519,51.5551909329255],[-0.17123183297214,51.5724182514717],[-0.14239561120072,51.569106002885]]]},"properties":{"CTYUA23CD":"E09000007","CTYUA23NM":"Camden"}},{"type":"Feature","geometry":{"type":"Polygon","coordinates":[[[-0.0785581840224735,51.4198738371398],[-0.0682015255568677,51.403488310827],[-0.0365234986870309,51.3884315374295],[-0.0369028641950523,51.3770169041371],[-0.0267666348180034,51.3793759347069],[0.00225531192400326,51.3291348350343],[-0.0379200854497904,51.3387247442131],[-0.0513072247610965,51.3224522774765],[-0.0789130093966977,51.3197697605027],[-0.0912237418672902,51.3014752299775],[-0.124302262796713,51.2867903756192],[-0.137245888383678,51.3007638430592],[-0.155317700345265,51.3012743946668],[-0.156523624561657,51.3214852871721],[-0.14557670392873,51.3234929549983],[-0.144576133845834,51.342087666098],[-0.116842029977448,51.3457628600102],[-0.134321993903791,51.3908470670978],[-0.124139637510634,51.3976095688766],[-0.127725276437184,51.4123163590814],[-0.112631773723551,51.4232442695196],[-0.0785581840224735,51.4198738371398]]]},"properties":{"CTYUA23CD":"E09000008","CTYUA23NM":"Croydon"}},{"type":"Feature","geometry":{"type":"Polygon","coordinates":[[[-0.246281570983423,51.5327375103472],[-0.253040909966186,51.5014223351426],[-0.267676633366511,51.4939192521225],[-0.280772402092,51.502847528294],[-0.294015372580519,51.5015593270701],[-0.311911168808834,51.491971458578],[-0.350619148399036,51.4991066579968],[-0.371851047191365,51.4904761558315],[-0.406918399587474,51.4996663980547],[-0.3761902207783,51.5288173315821],[-0.419452371528133,51.5403323264042],[-0.395285532006663,51.5425516337396],[-0.398706173814887,51.5478973606328],[-0.377843376019978,51.5549770644285],[-0.335555531666752,51.556556900043],[-0.307735039440403,51.5458788158286],[-0.307453582279767,51.5330870588732],[-0.282457376588103,51.5386486768895],[-0.284241047709167,51.5289125958301],[-0.246281570983423,51.5327375103472]]]},"properties":{"CTYUA23CD":"E09000009","CTYUA23NM":"Ealing"}},{"type":"Feature","geometry":{"type":"Polygon","coordinates":[[[-0.011918675972722,51.6808778155788],[-0.0122596870547121,51.6462286971895],[-0.041390716789704,51.6056467853338],[-0.13870599645949,51.6101857871696],[-0.144495116086128,51.61550901254],[-0.129093931888576,51.6322654489497],[-0.154731838818758,51.6555451451849],[-0.185893323219588,51.6628453455918],[-0.181960815257973,51.6686831956154],[-0.163493271974568,51.6881150796651],[-0.105779139838692,51.6918756451179],[-0.011918675972722,51.6808778155788]]]},"properties":{"CTYUA23CD":"E09000010","CTYUA23NM":"Enfield"}},{"type":"Feature","geometry":{"type":"MultiPolygon","coordinates":[[[[-0.0170818838368499,51.4804048682017],[-0.0195645017325402,51.4781649493289],[-0.0220156744366307,51.4836720989273],[-0.0170818838368499,51.4804048682017]]],[[[-0.00848430737713395,51.4870888978112],[-0.00856136947883429,51.4865755806931],[-0.0106875030078729,51.4870467612395],[-0.00848430737713395,51.4870888978112]]],[[[0.118676592313933,51.5113166047211],[0.124191087369442,51.4768490194697],[0.0982448959118108,51.4754522040861],[0.0823130742087601,51.4666413154462],[0.0874267537477507,51.4432843433436],[0.0753602122612816,51.4319866522164],[0.061705411141948,51.4237003708481],[0.029378666547999,51.4417048836482],[0.00996216568892469,51.459395038133],[0.017962965802973,51.4738300342707],[-0.0150615449572877,51.4680444328338],[-0.0191523772185601,51.4772388793695],[0.00197048042653758,51.4885109273515],[0.00148935785163024,51.5018479101899],[0.00140327032565277,51.5042338233747],[0.00200254207753403,51.5043596274271],[0.00690053994092588,51.5017553782494],[0.0154655960384277,51.4972002679453],[0.0215723354829263,51.4939516444631],[0.0580305542018139,51.4940485841494],[0.0766774709756488,51.4959081027778],[0.0820161546703266,51.5004453159488],[0.0908116800988209,51.5079182235648],[0.0935609464469624,51.5091495609453],[0.118676592313933,51.5113166047211]]]]},"properties":{"CTYUA23CD":"E09000011","CTYUA23NM":"Greenwich"}},{"type":"Feature","geometry":{"type":"Polygon","coordinates":[[[-0.0171743352515583,51.5515772846382],[-0.016549676137034,51.5433298677014],[-0.0624344459546157,51.5355324984557],[-0.078528821845199,51.521511881852],[-0.0852326450965759,51.5203483971845],[-0.0970323369192638,51.5330033403366],[-0.0765590869722008,51.5478395023438],[-0.104373934561655,51.5647666585031],[-0.0977417526281106,51.5736234700734],[-0.0611585720665009,51.5777860371156],[-0.047079099058099,51.562592111406],[-0.0283905349440393,51.5610202509554],[-0.0171743352515583,51.5515772846382]]]},"properties":{"CTYUA23CD":"E09000012","CTYUA23NM":"Hackney"}},{"type":"Feature","geometry":{"type":"Polygon","coordinates":[[[-0.228440758153743,51.5303191572033],[-0.214177219911025,51.5008341839408],[-0.177749617256423,51.4775403719498],[-0.190529144136711,51.4642750813426],[-0.221737464202912,51.4723323148367],[-0.229959225072846,51.4879286520431],[-0.243366811301174,51.4878917266905],[-0.253040909966186,51.5014223351426],[-0.246281570983423,51.5327375103472],[-0.228440758153743,51.5303191572033]]]},"properties":{"CTYUA23CD":"E09000013","CTYUA23NM":"Hammersmith and Fulham"}},{"type":"Feature","geometry":{"type":"Polygon","coordinates":[[[-0.041390716789704,51.6056467853338],[-0.0611585720665009,51.5777860371156],[-0.0977417526281106,51.5736234700734],[-0.104373934561655,51.5647666585031],[-0.119534587269282,51.5755067662442],[-0.14239561120072,51.569106002885],[-0.17123183297214,51.5724182514717],[-0.157130981863992,51.586191395252],[-0.156483326473497,51.6053245779659],[-0.151330701481231,51.5974710999655],[-0.13870599645949,51.6101857871696],[-0.041390716789704,51.6056467853338]]]},"properties":{"CTYUA23CD":"E09000014","CTYUA23NM":"Haringey"}},{"type":"Feature","geometry":{"type":"Polygon","coordinates":[[[-0.304449971011893,51.6363487201659],[-0.267113115479641,51.6003719685842],[-0.290405901610672,51.5935438017632],[-0.282465247610045,51.585034967364],[-0.304696795432772,51.5870525533089],[-0.326642146067183,51.5787751472833],[-0.322148244821014,51.5696770571547],[-0.335555531666752,51.556556900043],[-0.377843376019978,51.5549770644285],[-0.404003977890064,51.6131839735426],[-0.362621257698241,51.623504817498],[-0.316672244970353,51.6405355675681],[-0.304449971011893,51.6363487201659]]]},"properties":{"CTYUA23CD":"E09000015","CTYUA23NM":"Harrow"}},{"type":"Feature","geometry":{"type":"MultiPolygon","coordinates":[[[[0.164694931244556,51.5044525261461],[0.168813601248937,51.4993621460312],[0.162513688689931,51.5047962914565],[0.164694931244556,51.5044525261461]]],[[[0.269866485133475,51.5995544507301],[0.290289733913774,51.5642993932384],[0.313035079940716,51.5658181328032],[0.334024218329939,51.5405038046851],[0.265347272043956,51.5321502659796],[0.263682923643184,51.517869793022],[0.253834318187163,51.5178858725017],[0.248964774122808,51.5286740297463],[0.23717600954358,51.5193344344092],[0.241919319161816,51.507960127814],[0.226597286350539,51.5065632436345],[0.229965349544136,51.4993659196352],[0.214156929096117,51.4960396107991],[0.211792634982751,51.4897529936162],[0.210575775391054,51.4902477546488],[0.187657973831843,51.4878854443874],[0.182018252178163,51.4986276430764],[0.178514728636713,51.505298430856],[0.16011671259232,51.5117809580143],[0.190222134044087,51.5526523970523],[0.185180463309676,51.565513082632],[0.161893735700278,51.5616168738061],[0.146703647684621,51.5687966342285],[0.14820590165784,51.5989684651636],[0.138184235471144,51.6235453969741],[0.200311572516926,51.6249357576146],[0.224087730411796,51.6317377623678],[0.252194314453482,51.6177694058095],[0.26456196557058,51.6083206617928],[0.254008700235285,51.6015982016854],[0.269866485133475,51.5995544507301]]]]},"properties":{"CTYUA23CD":"E09000016","CTYUA23NM":"Havering"}},{"type":"Feature","geometry":{"type":"Polygon","coordinates":[[[-0.404003977890064,51.6131839735426],[-0.377843376019978,51.5549770644285],[-0.398706173814887,51.5478973606328],[-0.395285532006663,51.5425516337396],[-0.419452371528133,51.5403323264042],[-0.3761902207783,51.5288173315821],[-0.406918399587474,51.4996663980547],[-0.41691849392387,51.4824764811865],[-0.411131663867979,51.4698875147721],[-0.443949638873137,51.4532905922729],[-0.458723754309907,51.4563417409398],[-0.509807321692741,51.4692072646179],[-0.490024731164425,51.4947476352948],[-0.4832235109622,51.5070849125763],[-0.495487343928382,51.538545230935],[-0.476620654293635,51.5591888378134],[-0.500595886737316,51.5996898995638],[-0.496828509147855,51.6317238414399],[-0.457130755473738,51.6122938899877],[-0.440575301279442,51.6200732393013],[-0.404003977890064,51.6131839735426]]]},"properties":{"CTYUA23CD":"E09000017","CTYUA23NM":"Hillingdon"}},{"type":"Feature","geometry":{"type":"Polygon","coordinates":[[[-0.253040909966186,51.5014223351426],[-0.243366811301174,51.4878917266905],[-0.257492822103567,51.4712055254932],[-0.292096182057123,51.4872815603599],[-0.326934014640788,51.457010899904],[-0.373024056271843,51.4574730212235],[-0.387815795898182,51.4494384564353],[-0.366823470215651,51.4416233272208],[-0.39131707100993,51.422315412796],[-0.45646755928571,51.438106680605],[-0.458723754309907,51.4563417409398],[-0.443949638873137,51.4532905922729],[-0.411131663867979,51.4698875147721],[-0.41691849392387,51.4824764811865],[-0.406918399587474,51.4996663980547],[-0.371851047191365,51.4904761558315],[-0.350619148399036,51.4991066579968],[-0.311911168808834,51.491971458578],[-0.294015372580519,51.5015593270701],[-0.280772402092,51.502847528294],[-0.267676633366511,51.4939192521225],[-0.253040909966186,51.5014223351426]]]},"properties":{"CTYUA23CD":"E09000018","CTYUA23NM":"Hounslow"}},{"type":"Feature","geometry":{"type":"Polygon","coordinates":[[[-0.104373934561655,51.5647666585031],[-0.0765590869722008,51.5478395023438],[-0.0970323369192638,51.5330033403366],[-0.0852326450965759,51.5203483971845],[-0.105290341558648,51.5185548587508],[-0.122563726204788,51.5307531143397],[-0.14239561120072,51.569106002885],[-0.119534587269282,51.5755067662442],[-0.104373934561655,51.5647666585031]]]},"properties":{"CTYUA23CD":"E09000019","CTYUA23NM":"Islington"}},{"type":"Feature","geometry":{"type":"Polygon","coordinates":[[[-0.216020723983129,51.5279203611675],[-0.179521115667993,51.4977661145868],[-0.158457848304668,51.5022261978148],[-0.149806087718761,51.4845459966315],[-0.177749617256423,51.4775403719498],[-0.214177219911025,51.5008341839408],[-0.228440758153743,51.5303191572033],[-0.216020723983129,51.5279203611675]]]},"properties":{"CTYUA23CD":"E09000020","CTYUA23NM":"Kensington and Chelsea"}},{"type":"Feature","geometry":{"type":"Polygon","coordinates":[[[-0.251084874462843,51.4325583350773],[-0.239691091190174,51.3892739332481],[-0.245027867027011,51.3800591447044],[-0.260996427671818,51.3795939518848],[-0.288469327282705,51.3621278880585],[-0.30618917299884,51.3350755656239],[-0.330655551869037,51.329009639034],[-0.330510146371957,51.3484194360646],[-0.307365443633207,51.3783835460082],[-0.317697879461912,51.3936670802519],[-0.308788746091744,51.4019168836956],[-0.310650913997973,51.4322095278795],[-0.290616410459767,51.4289901652493],[-0.286559992341689,51.4201854936901],[-0.254065780291257,51.4372880704664],[-0.251084874462843,51.4325583350773]]]},"properties":{"CTYUA23CD":"E09000021","CTYUA23NM":"Kingston upon Thames"}},{"type":"Feature","geometry":{"type":"Polygon","coordinates":[[[-0.0782876818800692,51.4206047143525],[-0.0785581840224735,51.4198738371398],[-0.112631773723551,51.4232442695196],[-0.127725276437184,51.4123163590814],[-0.148064535784428,51.412870113391],[-0.140358848161646,51.419263704504],[-0.135888414709844,51.441975893415],[-0.143610577448564,51.4418389626398],[-0.151211614592545,51.4658611561446],[-0.129471243203922,51.4858909438919],[-0.111444375072681,51.5097746995747],[-0.109174000436823,51.509874369998],[-0.108224646364217,51.4803067891912],[-0.0900394926505244,51.4660655951708],[-0.101383006818995,51.4519239784002],[-0.0782876818800692,51.4206047143525]]]},"properties":{"CTYUA23CD":"E09000022","CTYUA23NM":"Lambeth"}},{"type":"Feature","geometry":{"type":"Polygon","coordinates":[[[-0.0220156744366307,51.4836720989273],[-0.0195645017325402,51.4781649493289],[-0.0226749389605601,51.4753582289055],[-0.0191523772185601,51.4772388793695],[-0.0150615449572877,51.4680444328338],[0.017962965802973,51.4738300342707],[0.00996216568892469,51.459395038133],[0.029378666547999,51.4417048836482],[0.0362760239316944,51.4224184619141],[0.0254589773282689,51.4289732426829],[-0.0103120802634173,51.4135777940386],[-0.0302158963800441,51.4256827905951],[-0.0739072566834679,51.4262131746527],[-0.0618014306463358,51.4477865780211],[-0.0416433271958962,51.4550049763367],[-0.0539719679477537,51.487938386745],[-0.0322954560680251,51.4929752002777],[-0.0248292543553965,51.4855349919759],[-0.0220156744366307,51.4836720989273]]]},"properties":{"CTYUA23CD":"E09000023","CTYUA23NM":"Lewisham"}},{"type":"Feature","geometry":{"type":"Polygon","coordinates":[[[-0.140358848161646,51.419263704504],[-0.148064535784428,51.412870113391],[-0.127725276437184,51.4123163590814],[-0.124139637510634,51.3976095688766],[-0.134321993903791,51.3908470670978],[-0.165214785175961,51.3879717147472],[-0.174812978456833,51.3934129467947],[-0.188399006002823,51.3854342815212],[-0.209783879622302,51.3882997560731],[-0.218080562341968,51.3801818956101],[-0.239691091190174,51.3892739332481],[-0.251084874462843,51.4325583350773],[-0.190026527777626,51.4414645849425],[-0.181939169287309,51.4247312723482],[-0.140358848161646,51.419263704504]]]},"properties":{"CTYUA23CD":"E09000024","CTYUA23NM":"Merton"}},{"type":"Feature","geometry":{"type":"MultiPolygon","coordinates":[[[[0.0935609464469624,51.5091495609453],[0.0908116800988209,51.5079182235648],[0.0921141296597294,51.5090245499023],[0.0935609464469624,51.5091495609453]]],[[[0.0503449924892256,51.5640217712285],[0.0683616946338665,51.5443903901028],[0.0727454762217297,51.5292747377932],[0.0926015481694193,51.5256979972447],[0.0981208940439724,51.5149478086505],[0.0657816750932085,51.5007327236257],[0.060385612446722,51.4983591296774],[0.0202499194412868,51.4994190951508],[0.0175773337241122,51.5015721551563],[0.015724804355067,51.5030644317408],[0.00918731019619266,51.5083296309727],[0.00812706140226168,51.5081033461922],[0.00570359473504418,51.5075860693229],[-0.021129061565773,51.5365081698437],[-0.016549676137034,51.5433298677014],[-0.0171743352515583,51.5515772846382],[0.0204742041657707,51.5561281259928],[0.0462726110117307,51.5548299406866],[0.0503449924892256,51.5640217712285]]]]},"properties":{"CTYUA23CD":"E09000025","CTYUA23NM":"Newham"}},{"type":"Feature","geometry":{"type":"Polygon","coordinates":[[[0.138184235471144,51.6235453969741],[0.14820590165784,51.5989684651636],[0.126386612488677,51.5867252210564],[0.131578541181193,51.5718243720301],[0.118901016628217,51.5573709910212],[0.0935197644735265,51.5458578943684],[0.0683616946338665,51.5443903901028],[0.0503449924892256,51.5640217712285],[0.0462726110117307,51.5548299406866],[0.0204742041657707,51.5561281259928],[0.0120959005062663,51.5926905016606],[0.0214437715851012,51.6118028978794],[0.00869444540428972,51.6190699023705],[0.021819035344359,51.6288327870281],[0.072867372178107,51.6046655233301],[0.138184235471144,51.6235453969741]]]},"properties":{"CTYUA23CD":"E09000026","CTYUA23NM":"Redbridge"}},{"type":"Feature","geometry":{"type":"Polygon","coordinates":[[[-0.221737464202912,51.4723323148367],[-0.232733298874365,51.4725107596367],[-0.233290023158623,51.4639717465339],[-0.256187822981795,51.4628340756871],[-0.259111198831886,51.4549534898709],[-0.24159865877434,51.4431179860039],[-0.254065780291257,51.4372880704664],[-0.286559992341689,51.4201854936901],[-0.290616410459767,51.4289901652493],[-0.310650913997973,51.4322095278795],[-0.308788746091744,51.4019168836956],[-0.317697879461912,51.3936670802519],[-0.327817849624804,51.3918371426333],[-0.359139332144209,51.4119031613367],[-0.383350026681253,51.4085382960086],[-0.39131707100993,51.422315412796],[-0.366823470215651,51.4416233272208],[-0.387815795898182,51.4494384564353],[-0.373024056271843,51.4574730212235],[-0.326934014640788,51.457010899904],[-0.292096182057123,51.4872815603599],[-0.257492822103567,51.4712055254932],[-0.243366811301174,51.4878917266905],[-0.229959225072846,51.4879286520431],[-0.221737464202912,51.4723323148367]]]},"properties":{"CTYUA23CD":"E09000027","CTYUA23NM":"Richmond upon Thames"}},{"type":"Feature","geometry":{"type":"Polygon","coordinates":[[[-0.0801829480544452,51.5068722658641],[-0.0729759282360245,51.5050275883422],[-0.0683687511044448,51.5030201421622],[-0.0629539512591986,51.5006603794235],[-0.0538734626381434,51.5027804547548],[-0.0358896747373373,51.5069765962959],[-0.0347502502959902,51.5024610110283],[-0.0323782292331395,51.4930576693378],[-0.0322954560680251,51.4929752002777],[-0.0539719679477537,51.487938386745],[-0.0416433271958962,51.4550049763367],[-0.0618014306463358,51.4477865780211],[-0.0739072566834679,51.4262131746527],[-0.0782876818800692,51.4206047143525],[-0.101383006818995,51.4519239784002],[-0.0900394926505244,51.4660655951708],[-0.108224646364217,51.4803067891912],[-0.109174000436823,51.509874369998],[-0.0801829480544452,51.5068722658641]]]},"properties":{"CTYUA23CD":"E09000028","CTYUA23NM":"Southwark"}},{"type":"Feature","geometry":{"type":"Polygon","coordinates":[[[-0.134321993903791,51.3908470670978],[-0.116842029977448,51.3457628600102],[-0.144576133845834,51.342087666098],[-0.14557670392873,51.3234929549983],[-0.156523624561657,51.3214852871721],[-0.197319340394251,51.3435951607866],[-0.220841625332819,51.3298019716072],[-0.229822682346971,51.3365228054854],[-0.217264425534208,51.343387091722],[-0.222736428311044,51.3570860732802],[-0.245404841047607,51.3668454406997],[-0.245027867027011,51.3800591447044],[-0.239691091190174,51.3892739332481],[-0.218080562341968,51.3801818956101],[-0.209783879622302,51.3882997560731],[-0.188399006002823,51.3854342815212],[-0.174812978456833,51.3934129467947],[-0.165214785175961,51.3879717147472],[-0.134321993903791,51.3908470670978]]]},"properties":{"CTYUA23CD":"E09000029","CTYUA23NM":"Sutton"}},{"type":"Feature","geometry":{"type":"MultiPolygon","coordinates":[[[[0.00200254207753403,51.5043596274271],[0.00140327032565277,51.5042338233747],[0.00138692090685945,51.504686917515],[0.00200254207753403,51.5043596274271]]],[[[-0.021129061565773,51.5365081698437],[0.00570359473504418,51.5075860693229],[-0.00577379065589522,51.5051354042319],[-0.00624792743896201,51.5019797604382],[-0.00848430737713395,51.4870888978112],[-0.0106875030078729,51.4870467612395],[-0.0253743759466826,51.4903003202615],[-0.0282767191547521,51.5023520778545],[-0.0298562114227503,51.5089082067119],[-0.0454934206570858,51.5093949353913],[-0.059620458879845,51.5028757355222],[-0.0596940581097823,51.5028417624524],[-0.0598430363752271,51.5028794172444],[-0.0793691889579074,51.5078126910789],[-0.0729759282360245,51.5050275883422],[-0.0801829480544452,51.5068722658641],[-0.078528821845199,51.521511881852],[-0.0624344459546157,51.5355324984557],[-0.016549676137034,51.5433298677014],[-0.021129061565773,51.5365081698437]]]]},"properties":{"CTYUA23CD":"E09000030","CTYUA23NM":"Tower Hamlets"}},{"type":"Feature","geometry":{"type":"Polygon","coordinates":[[[0.021819035344359,51.6288327870281],[0.00869444540428972,51.6190699023705],[0.0214437715851012,51.6118028978794],[0.0120959005062663,51.5926905016606],[0.0204742041657707,51.5561281259928],[-0.0171743352515583,51.5515772846382],[-0.0283905349440393,51.5610202509554],[-0.047079099058099,51.562592111406],[-0.0611585720665009,51.5777860371156],[-0.041390716789704,51.6056467853338],[-0.0122596870547121,51.6462286971895],[0.0227195416969588,51.6411154938026],[0.021819035344359,51.6288327870281]]]},"properties":{"CTYUA23CD":"E09000031","CTYUA23NM":"Waltham Forest"}},{"type":"Feature","geometry":{"type":"Polygon","coordinates":[[[-0.140358848161646,51.419263704504],[-0.181939169287309,51.4247312723482],[-0.190026527777626,51.4414645849425],[-0.251084874462843,51.4325583350773],[-0.254065780291257,51.4372880704664],[-0.24159865877434,51.4431179860039],[-0.259111198831886,51.4549534898709],[-0.256187822981795,51.4628340756871],[-0.233290023158623,51.4639717465339],[-0.232733298874365,51.4725107596367],[-0.221737464202912,51.4723323148367],[-0.190529144136711,51.4642750813426],[-0.177749617256423,51.4775403719498],[-0.149806087718761,51.4845459966315],[-0.129471243203922,51.4858909438919],[-0.151211614592545,51.4658611561446],[-0.143610577448564,51.4418389626398],[-0.135888414709844,51.441975893415],[-0.140358848161646,51.419263704504]]]},"properties":{"CTYUA23CD":"E09000032","CTYUA23NM":"Wandsworth"}},{"type":"Feature","geometry":{"type":"Polygon","coordinates":[[[-0.111567824442113,51.5153350300017],[-0.111444375072681,51.5097746995747],[-0.129471243203922,51.4858909438919],[-0.149806087718761,51.4845459966315],[-0.158457848304668,51.5022261978148],[-0.179521115667993,51.4977661145868],[-0.216020723983129,51.5279203611675],[-0.205142405490973,51.5329559016986],[-0.196479321959949,51.5276386365623],[-0.191467608561554,51.53629235907],[-0.152684835329384,51.5375107539967],[-0.129335251259481,51.5134727060722],[-0.111567824442113,51.5153350300017]]]},"properties":{"CTYUA23CD":"E09000033","CTYUA23NM":"Westminster"}},{"type":"Feature","geometry":{"type":"Polygon","coordinates":[[[0.171626068420179,52.7380317024757],[0.153570700388405,52.6822231833906],[0.184716621631441,52.6778946663696],[0.18384177886579,52.6556620737875],[0.16992534130976,52.6504354938339],[0.219064834307513,52.621980521018],[0.191607928549226,52.5990126540021],[0.218389294671767,52.5726128040467],[0.205638395911868,52.5654404479797],[0.217226272744751,52.5605870423813],[0.204727251635359,52.5546545028378],[0.205247887435987,52.5478379025691],[0.214613318400706,52.5491178024792],[0.203827914065556,52.5454044277664],[0.207919527180528,52.5300693668699],[0.230591211600485,52.5279099439945],[0.206123341125585,52.5196351215419],[0.236319141863767,52.5072905693362],[0.246007354494561,52.4999383331068],[0.256396443302898,52.5077267041071],[0.309360655162502,52.5136222736722],[0.367062169051718,52.5011737855372],[0.380706411169306,52.4795394587225],[0.428529094955595,52.4546526146309],[0.429297962734167,52.4364525839507],[0.374777423612123,52.4097288652912],[0.407617046340143,52.3615737978453],[0.442570138660837,52.3488134400589],[0.424188661743469,52.3292291303307],[0.431376631558306,52.3158254305483],[0.457617975720841,52.3162509322432],[0.504706342735338,52.2847299867262],[0.498852649660747,52.2730145403713],[0.424198050649824,52.2558764319353],[0.382723057789948,52.2932662512981],[0.358892384018672,52.297523901771],[0.355241041288966,52.2793362548251],[0.339943777893116,52.2677478540411],[0.360955086815676,52.2493481628033],[0.342684099441605,52.2423433461623],[0.371248919207141,52.2265901703506],[0.421335031399158,52.2396913210168],[0.414517804147287,52.2478611379193],[0.42696480396438,52.2536027680285],[0.481765520426287,52.2323758984342],[0.494890700539826,52.239288054887],[0.514484042486228,52.2267794084401],[0.491332842084376,52.1651020323233],[0.470731332783535,52.1632590542774],[0.452244935675451,52.1732020225149],[0.435915802809098,52.1594950938253],[0.417276418385201,52.1593066842157],[0.417486382150141,52.1331624293366],[0.389589786598814,52.1174705817835],[0.381803808187178,52.1027012943415],[0.394996785207166,52.0959681296318],[0.404638263575799,52.0655023804364],[0.379612827815692,52.0495627147372],[0.389680177472463,52.0364577029533],[0.345932855516239,52.0497014245332],[0.32467398462829,52.0727832874379],[0.286431681080009,52.0902499157525],[0.276230791660398,52.09265787001],[0.251623252757855,52.0767709545812],[0.235208003627414,52.089000050391],[0.203459400262098,52.0926741553906],[0.183194362384494,52.0731834554079],[0.189922071971941,52.0602013963157],[0.167570276572422,52.0549998115474],[0.166396143400974,52.048190780182],[0.151147231222932,52.0528715584383],[0.128135198304803,52.0473225716999],[0.119077515908339,52.0599625876485],[0.105736213487718,52.0602611071123],[0.0922543378316555,52.0216539889866],[0.0681560725569507,52.005763096481],[0.0403063848297938,52.0533272918014],[0.00349904811227489,52.0499159976401],[-0.019635196010369,52.0635862674502],[-0.126567501937775,52.0209218759846],[-0.133729866748337,52.0462328527372],[-0.155121032648697,52.0530610998673],[-0.147509326987593,52.069450006676],[-0.157605055560218,52.0804409513694],[-0.144462739636375,52.138221800022],[-0.154352348807397,52.1444079263781],[-0.171534734092178,52.1395025909765],[-0.234804043652189,52.144726758307],[-0.2166619212819,52.1587665256199],[-0.26069408798734,52.1764014218502],[-0.249785149179338,52.1843710271715],[-0.240723002820836,52.1901931437342],[-0.261845188172905,52.2098669211304],[-0.296267726158592,52.2104823932789],[-0.285613647569757,52.2372770686813],[-0.29320898808327,52.2405161819444],[-0.335249413126625,52.2428818077989],[-0.34346885979841,52.2418744209852],[-0.341010840873401,52.2306474937778],[-0.374375681124288,52.2329982884739],[-0.382341197020937,52.2711256565426],[-0.372175068758848,52.2734998531163],[-0.375009968281875,52.2804693783712],[-0.421767439464139,52.2849474985045],[-0.435761112192004,52.2966568800962],[-0.436088655177378,52.3144708459939],[-0.465365756545097,52.3229532812371],[-0.466656737619639,52.3389275764],[-0.483264192761938,52.3409032974573],[-0.477682425550585,52.3489199917172],[-0.498699838187518,52.3600958388278],[-0.488518815845791,52.374023541935],[-0.495946267815481,52.3795155302795],[-0.441509864468212,52.3849964344035],[-0.417072832141305,52.4115991109509],[-0.362408041008102,52.4335312780284],[-0.370217036825639,52.4399302714173],[-0.341590492473876,52.4669426273503],[-0.359404306001708,52.4898300891516],[-0.354345203263394,52.5064950723187],[-0.413602640818525,52.5256796137016],[-0.401283297186851,52.5386846825222],[-0.419593787330186,52.5589619550433],[-0.407290921113568,52.564054854817],[-0.415381402678347,52.5787426397479],[-0.396839712356373,52.5829983382952],[-0.38545106933809,52.5671897117264],[-0.348477510272296,52.5643700887977],[-0.325458398681252,52.5528890326316],[-0.332735786022453,52.5465454377598],[-0.293289613103781,52.5068891095325],[-0.269294934340273,52.5208245712026],[-0.244780466792031,52.5229988649975],[-0.234798325598806,52.54366719422],[-0.217663960470306,52.5379234262253],[-0.200398362872374,52.5452158473434],[-0.187849987826575,52.541863098196],[-0.197873350783597,52.5508058317013],[-0.186980183895209,52.568506749644],[-0.0127518351453913,52.5942462282237],[-0.0312706832650579,52.6615327439854],[0.0215003524278174,52.6648872884646],[0.0485664016375671,52.6814016602111],[0.0441494759872833,52.7143823496307],[0.0636266193206916,52.7273915095045],[0.0890116953988098,52.723630166001],[0.132975309366633,52.7393044772068],[0.171626068420179,52.7380317024757]]]},"properties":{"CTYUA23CD":"E10000003","CTYUA23NM":"Cambridgeshire"}},{"type":"Feature","geometry":{"type":"Polygon","coordinates":[[[-1.87349262570415,53.5404296508189],[-1.84182082823365,53.5199087802658],[-1.82222878111984,53.5210909218023],[-1.79628821898355,53.503152990572],[-1.80147063244941,53.4809917607504],[-1.80146466287506,53.4809874589245],[-1.80143009642957,53.4809625506677],[-1.74532296726174,53.4621753961118],[-1.73976196210261,53.420987916439],[-1.70853223310302,53.4173394742133],[-1.70496532088341,53.4050559739585],[-1.65381782187416,53.3919108271105],[-1.66354854039897,53.3665951663589],[-1.59054795436381,53.345920985244],[-1.61230306160512,53.3432186697883],[-1.63272698677736,53.3208392129653],[-1.62759442860749,53.316240575598],[-1.6092015844932,53.3226639610628],[-1.59909327897252,53.3113181996876],[-1.58490201019108,53.3215879523676],[-1.58053389587991,53.3117380892291],[-1.56173104513262,53.3159708929528],[-1.56172989361096,53.3064113177333],[-1.5367688622067,53.3047486744278],[-1.50213193956548,53.3175820764004],[-1.4679128327397,53.3171200557715],[-1.45522358182387,53.3218691412009],[-1.45988027916359,53.3306893691217],[-1.44197211462372,53.3374924890743],[-1.42086649613,53.334567952456],[-1.41103390674883,53.341992492071],[-1.3865715460456,53.3349025072696],[-1.38673871273592,53.3176321354686],[-1.3377510519613,53.315848052015],[-1.32466917492843,53.3288100139839],[-1.29902301015448,53.3325116373731],[-1.28858902654107,53.3262280549039],[-1.29567816421914,53.3150369724564],[-1.28201141324174,53.3094625902199],[-1.2438683827737,53.301569792195],[-1.23068793446757,53.3085597350777],[-1.2032390468772,53.3042232405841],[-1.19974282859,53.3114401853799],[-1.17662092204204,53.3051235060859],[-1.1801170205129,53.2871347459353],[-1.1664875414478,53.277655368261],[-1.18154150249029,53.2700320636288],[-1.17468978885802,53.2651647087048],[-1.20252032201365,53.2611600919441],[-1.21302650313245,53.247672496561],[-1.20204335247706,53.2355423017166],[-1.20941304066261,53.2176869864459],[-1.19696175792696,53.1848073155033],[-1.2404458498629,53.1786506138327],[-1.25992533857434,53.1644794428507],[-1.29074206518232,53.1714250579812],[-1.32345835230319,53.1623331027815],[-1.3217802282925,53.1306503063911],[-1.30061890454589,53.1020493750728],[-1.30925140895617,53.0967701742604],[-1.30288293813129,53.0882021965164],[-1.33163547679324,53.0809878876668],[-1.34442765908781,53.0655425436049],[-1.33586846310334,53.0529658466922],[-1.33191766877383,53.0310543267617],[-1.30742618330068,53.0036246084852],[-1.28774933165725,52.9696624541577],[-1.29250116524851,52.95557367756],[-1.2810311195325,52.9491583375537],[-1.28176039520148,52.9102759782026],[-1.24608851071626,52.9029450963556],[-1.23970599304057,52.8922892374961],[-1.24005549011668,52.8801088572395],[-1.26788907937114,52.8733686514596],[-1.31930687515051,52.8728694279118],[-1.32571582010996,52.8659133923074],[-1.34546364255116,52.8672900674342],[-1.35108188150804,52.853306902617],[-1.36056563268077,52.855409413295],[-1.39435989220902,52.8367669742549],[-1.38792159927392,52.8329824869312],[-1.41770445879577,52.8016155011951],[-1.44369131642585,52.8026163303091],[-1.4424918611222,52.7929016837644],[-1.46277863628329,52.7868634599001],[-1.45590921411606,52.7770824099739],[-1.46847185823686,52.7668909189359],[-1.49398372303295,52.7590473716688],[-1.50392775452845,52.7674943182194],[-1.55278704447237,52.7633329520744],[-1.56249379915817,52.7505757984596],[-1.54461400055382,52.7317008309073],[-1.55007807843124,52.7203741784948],[-1.59754104512465,52.7004217669502],[-1.6550635927941,52.6987757766166],[-1.65660772699026,52.7217484729091],[-1.70415800106741,52.7320787781291],[-1.66653674723611,52.7847230322657],[-1.61112950153712,52.7814035608609],[-1.61434537917712,52.7882740475944],[-1.58887036628345,52.7998659863949],[-1.59169224196469,52.8092878391457],[-1.61053198352393,52.8163607924474],[-1.58538036585949,52.8315965582062],[-1.62676534855207,52.8544579282665],[-1.68950657018649,52.8645043204989],[-1.70060876646215,52.8605835236092],[-1.70449110661769,52.866704037258],[-1.72529467619722,52.8596659335572],[-1.74600328186458,52.8686931604978],[-1.77722065071375,52.8838147408519],[-1.82820959492902,52.8844277546452],[-1.85657875821379,52.9233447106857],[-1.82858995111019,52.9478711715956],[-1.82678096538971,52.9770857589323],[-1.76240468835541,52.9998576830648],[-1.758931442407,53.037315773926],[-1.77898682375688,53.0449180744186],[-1.77565273133757,53.0593546416479],[-1.79423901989599,53.088394057015],[-1.78368614765435,53.102957909794],[-1.82186356951693,53.136684445281],[-1.81261515779332,53.1544091321935],[-1.86082129936616,53.1884672360808],[-1.89868254605192,53.2000419649328],[-1.95670722983203,53.2137476093571],[-1.96236461007117,53.2262417356404],[-1.98737982955689,53.2136037474881],[-1.99024867768893,53.2230222911312],[-1.97487979601863,53.230954989863],[-2.0094248420728,53.2606147236468],[-2.00678505242821,53.3545721125535],[-2.031058463243,53.3702623861094],[-2.03377543264394,53.3755415697783],[-2.00464286724195,53.3863272775011],[-1.99232947055908,53.4151931330374],[-2.0136971820304,53.4158901098022],[-2.0262554175393,53.4298651614286],[-2.01422750540755,53.43976275466],[-2.00421605197447,53.4359217858561],[-2.00823485273611,53.4415492995151],[-1.98579237816046,53.4552267721605],[-1.98781957548853,53.4811103993828],[-1.96338598926022,53.509827260669],[-1.95133267475833,53.5041988388905],[-1.92197284577495,53.5099546848918],[-1.92678065561025,53.5209487496897],[-1.90962083195551,53.5383909865468],[-1.89410949217378,53.5336117793005],[-1.87349262570415,53.5404296508189]],[[-1.50311222561322,52.8848454480296],[-1.4945127882837,52.8700789964507],[-1.46408640129894,52.8725599145534],[-1.44622683054701,52.8613094242586],[-1.42356745031987,52.8650780490912],[-1.41891258900273,52.8845464719659],[-1.4027722736366,52.9004624528618],[-1.3883558021229,52.9014737254587],[-1.38307440746764,52.9259315696433],[-1.42396412434777,52.9356510691741],[-1.40928062885273,52.9503226440389],[-1.46855219193081,52.9506623061892],[-1.4746889725232,52.9659093501289],[-1.49540548177514,52.9658793628944],[-1.508028820759,52.9374518096928],[-1.54406849888716,52.9242077388049],[-1.5568346800686,52.9146454554536],[-1.54169100450497,52.8895399274417],[-1.50311222561322,52.8848454480296]]]},"properties":{"CTYUA23CD":"E10000007","CTYUA23NM":"Derbyshire"}},{"type":"Feature","geometry":{"type":"MultiPolygon","coordinates":[[[[-4.66640383519619,51.1593962836802],[-4.67092482315619,51.1584635557391],[-4.68057246853434,51.1724248313757],[-4.67782364148848,51.19851003058],[-4.67735952758753,51.2024006745982],[-4.65326627659294,51.1623696477868],[-4.66640383519619,51.1593962836802]]],[[[-3.76977926877737,51.2376615866334],[-3.72079884181452,51.2330828194831],[-3.72056139113603,51.2330575870449],[-3.73320126956949,51.2227250757068],[-3.72498387980715,51.1795920629985],[-3.78630346639543,51.1719269221801],[-3.83917542483951,51.1769230993772],[-3.83449124892582,51.1383810136856],[-3.80428873272582,51.1156852822548],[-3.71994749264962,51.0808206531176],[-3.69246375831133,51.0805654417917],[-3.64670925190031,51.0580591629496],[-3.59447111942891,51.0551947239991],[-3.61470093632614,51.0155497352223],[-3.60320812898055,51.0072332306659],[-3.53504945700714,51.003347265335],[-3.51888138570953,51.0147955198935],[-3.52045780685949,51.0258953369544],[-3.50426136251134,51.0301792763691],[-3.48336552993693,51.0338313791514],[-3.46019383383282,51.0252167281119],[-3.42130388849576,51.0307781806816],[-3.41417405059937,51.0197027051077],[-3.38048774397398,51.0184858606913],[-3.37866358603564,50.9775085066137],[-3.3336699633033,50.9827882869913],[-3.29384739259865,50.9551387048495],[-3.25483048358088,50.9418457496667],[-3.1664788965881,50.947713484474],[-3.18796247786107,50.9103440864798],[-3.14418503962857,50.8913981826917],[-3.12634080218261,50.9017199612309],[-3.05258258350788,50.9086129130285],[-3.05498743545546,50.8744870099697],[-3.03263151653362,50.8616392391691],[-3.03680608618723,50.8510651729283],[-2.97363168996566,50.8557594448463],[-2.96982908150892,50.8341996691845],[-2.95432229557041,50.8211655673479],[-2.96130299095557,50.8155547839501],[-2.89280364355642,50.8047767521255],[-2.88664434482201,50.794807333036],[-2.95433354829791,50.7677102249702],[-2.93506310735221,50.7542660848456],[-2.9530673537135,50.7284970686059],[-2.94743336848927,50.7183607067569],[-2.94771782529568,50.718237656842],[-3.02691483364483,50.6988824019746],[-3.02973231704985,50.6990258256564],[-3.05344470581522,50.7041058631916],[-3.05486684808231,50.7025241288505],[-3.08243989730284,50.7016147735858],[-3.09528281872704,50.6861167172408],[-3.09607792344817,50.685225942237],[-3.13379760493608,50.6849569457517],[-3.19213141800532,50.6845169472669],[-3.2577744517367,50.6732372324622],[-3.28962025412707,50.6422491577568],[-3.30095092783352,50.6321198397615],[-3.30880664569958,50.6475939167371],[-3.30672762030982,50.6296292862968],[-3.34065938523966,50.6218680387496],[-3.34799247053395,50.6206252707716],[-3.34852587210973,50.6200669500772],[-3.35236245977381,50.6191882958304],[-3.35796874550872,50.6117769413639],[-3.36187155258326,50.6066160423685],[-3.38970132073583,50.6114033384078],[-3.41483597304056,50.6157205353174],[-3.42403628116489,50.6172992695116],[-3.42146971403134,50.6228579875656],[-3.4155166084088,50.6293404197296],[-3.45147155692579,50.6818814540765],[-3.45248279946136,50.6833572886932],[-3.4608874607357,50.6956193051852],[-3.45959775144506,50.6891654427722],[-3.45708230230678,50.6765723469054],[-3.45676135230996,50.674965057675],[-3.45791369896028,50.6757855214756],[-3.46828956616709,50.6831712590918],[-3.4698277753899,50.6822528132834],[-3.46973519525608,50.6812159001514],[-3.46947531561359,50.6783049428092],[-3.46819467594773,50.6639543714903],[-3.45126400927122,50.6470835232914],[-3.44686654227436,50.6200971023955],[-3.44681617152587,50.6171872215345],[-3.44635594442938,50.6169615947774],[-3.44534077481151,50.6107261454485],[-3.44454395019921,50.6058305044015],[-3.44515112812978,50.605580365102],[-3.44453527840093,50.6057772179359],[-3.44385360503067,50.6015881261852],[-3.42778892150014,50.6109425933513],[-3.42708235093509,50.6113538944687],[-3.4249703781817,50.612028460272],[-3.42629381895044,50.6109608666765],[-3.46697576127066,50.5781137178676],[-3.46844081337944,50.5629764455742],[-3.49984772472012,50.540531368975],[-3.50105639091012,50.5459174959974],[-3.50980960251871,50.5428566615786],[-3.49741323065058,50.5382846122466],[-3.50654138989823,50.5207644109299],[-3.50910978149381,50.5166199357432],[-3.52082991405517,50.5176983782854],[-3.52994344243771,50.5045528234306],[-3.5647735727694,50.4869669717565],[-3.56978204388095,50.49070275993],[-3.58424985487516,50.4777231181161],[-3.58688486139577,50.4522296000076],[-3.62512865723184,50.441274290228],[-3.62795399249945,50.4259493746679],[-3.59903835412775,50.4093367096873],[-3.5798511279214,50.4102051896984],[-3.57474380089074,50.3941344351542],[-3.54417851822823,50.3734426023727],[-3.50771475895685,50.3789429985302],[-3.51786622848811,50.3464438236787],[-3.5185597619096,50.3460610674778],[-3.54007788930292,50.3370321356529],[-3.55118133952948,50.338273735948],[-3.57180956110571,50.347047448862],[-3.5735318983748,50.347828274282],[-3.56816848539173,50.3506796693097],[-3.56426332830252,50.3527137188965],[-3.57628042049208,50.3632710033994],[-3.5755817236746,50.363906895],[-3.56855744157626,50.3688096645063],[-3.59471187619675,50.3822436545956],[-3.5946701066253,50.3820673820395],[-3.59498685156908,50.3822474072101],[-3.59466298776099,50.3820373400324],[-3.59435436450118,50.3807348765258],[-3.58055472647229,50.3722041359648],[-3.58054558133789,50.3721141534693],[-3.58443275143758,50.3603128710236],[-3.57675761702688,50.3511440860823],[-3.57673800766625,50.3462238589544],[-3.57097574492784,50.3442342996877],[-3.56355066489736,50.335357474384],[-3.57242653645146,50.3260576572082],[-3.59244898589979,50.3218675988511],[-3.61122250045723,50.3180669556251],[-3.61141395872705,50.3178951203535],[-3.61311579305141,50.3175384661939],[-3.64265128536103,50.2901325733699],[-3.65653523507158,50.2481523529283],[-3.6595654423342,50.238980402159],[-3.65905790933312,50.2385163291018],[-3.65919542366196,50.2380956747086],[-3.64395027530073,50.2246973238653],[-3.64073918760676,50.2217588681757],[-3.68096112792631,50.2224046053204],[-3.68349941844695,50.221083203241],[-3.698132730271,50.2134628126038],[-3.72091165027188,50.2024574227389],[-3.73750178307174,50.2148195227908],[-3.77348445316939,50.2242842297269],[-3.76133772087535,50.2362467518858],[-3.72631182852063,50.2366536586231],[-3.73911844484021,50.2410607461016],[-3.72270692616299,50.2471906882278],[-3.72027552351681,50.2480985210849],[-3.72402069146962,50.247171159509],[-3.7538177949577,50.2397872757378],[-3.75456275453851,50.2424014582186],[-3.74917465032701,50.2559730303983],[-3.75665546199405,50.2547996536399],[-3.7672775746424,50.263088456342],[-3.77406448461032,50.2570109638704],[-3.76487690126459,50.2539792393913],[-3.76153842474999,50.2466089965902],[-3.75880795239574,50.2405792427137],[-3.76149099462316,50.2410987976786],[-3.7668769128441,50.2426078701104],[-3.76725621593353,50.2422149423291],[-3.77530643580251,50.2437729294968],[-3.76995077806093,50.2394233346758],[-3.77772285802176,50.2313691114171],[-3.78193657092764,50.2295729655537],[-3.78667304797434,50.2108371943233],[-3.80435102664927,50.213327389042],[-3.81969552108225,50.2164282282842],[-3.84424794948391,50.2277095198105],[-3.86797373596322,50.2396988145543],[-3.8672521969848,50.2414645802247],[-3.85911392155999,50.2425107083834],[-3.8589704042776,50.2450910005975],[-3.85810388588421,50.2606658314636],[-3.8591229028604,50.2613497866704],[-3.85911521226182,50.2613685891596],[-3.87536779070505,50.2722493029342],[-3.88174521421061,50.2765262299566],[-3.87688146201866,50.2802862280353],[-3.86964388284027,50.2790701186322],[-3.86535494604853,50.2846187019776],[-3.87096765612668,50.2812557257144],[-3.89508828163115,50.281763257276],[-3.89920671889656,50.2843639889484],[-3.89794646864139,50.2863789786328],[-3.91029643281483,50.2940693874251],[-3.91491811665569,50.2942814984116],[-3.91773075343246,50.2960562508079],[-3.94367364716113,50.2958955249431],[-3.94682846273721,50.3067690628327],[-3.94847383391561,50.3097999194674],[-3.95258725501937,50.3081963766143],[-3.9527365205149,50.308415137628],[-3.97475585093106,50.3052401886889],[-3.99194807706625,50.3074813267325],[-4.01625922972305,50.2992434081531],[-4.04284495299527,50.2953934968176],[-4.07108609912615,50.3048501860703],[-4.06203352442939,50.3083109551404],[-4.03326868569584,50.3134319926908],[-4.05321686580422,50.3177226342832],[-4.05596021058123,50.3114197594282],[-4.05820606208318,50.3116399769972],[-4.11901571874512,50.3193770077703],[-4.1196409520521,50.335845020842],[-4.12309519572737,50.336411908548],[-4.12327513352882,50.3463532205316],[-4.12305672694683,50.346708236641],[-4.12312669225292,50.3467808444962],[-4.09061840685327,50.3408970189308],[-4.05294433052337,50.3565199840264],[-4.05019965234195,50.3774707342474],[-4.02706143660235,50.3790316713663],[-4.02116944556102,50.3917770378327],[-4.03964982237787,50.4014204728754],[-4.07150999070002,50.4018503235349],[-4.082667475929,50.4246563990732],[-4.10954061298207,50.4320946555489],[-4.11348830320444,50.4441538016389],[-4.13566341622028,50.4329284402434],[-4.15585554605072,50.4364270138787],[-4.16565101392996,50.4267777142483],[-4.17321191852709,50.4238897530152],[-4.1852828688216,50.4264237566067],[-4.18981365748427,50.428451248785],[-4.18119089059845,50.4351081022077],[-4.1690985466755,50.4444393429726],[-4.16265486747838,50.4494097234334],[-4.156457843857,50.4463509725435],[-4.15185969838439,50.4637104476203],[-4.15182690450768,50.4638342114688],[-4.15196395505007,50.4637122102551],[-4.16060803377712,50.4560157671913],[-4.18507920993907,50.4342105790778],[-4.19131299136582,50.4353751574007],[-4.19965389402027,50.4369327627817],[-4.20073188916644,50.436423347125],[-4.21511461185356,50.4665965484822],[-4.22957621468745,50.4557824500726],[-4.23859198555515,50.463969167011],[-4.2180822401953,50.4759428728942],[-4.22086898555329,50.4980727231674],[-4.1993570856001,50.4923687643603],[-4.18070463552914,50.5037280294746],[-4.18575017328832,50.5083572104039],[-4.20279303109881,50.5031798283113],[-4.20730714918843,50.5335626851357],[-4.23229543056486,50.5310174672764],[-4.24789096992557,50.543922189578],[-4.271526014024,50.5365851977345],[-4.25928500625729,50.545846766211],[-4.27951593682655,50.5691733356699],[-4.27114961706166,50.5822142028992],[-4.28598133511437,50.5846654246939],[-4.28606176960213,50.5749421988971],[-4.29132756980882,50.5838578780695],[-4.30691506779935,50.5785850671305],[-4.31162974247687,50.5860774690858],[-4.30030704765174,50.6338524388804],[-4.32563065951261,50.6377307106888],[-4.33522641876651,50.6465408609257],[-4.34894080349311,50.6895382574278],[-4.3693407564535,50.7023413430557],[-4.36158610651669,50.7187672077225],[-4.38499915489107,50.7477558251361],[-4.38102508886451,50.7705509475102],[-4.39355720461678,50.7782322892646],[-4.41441712623775,50.774395582117],[-4.40872280864792,50.7624168901687],[-4.42394702206902,50.7645494039465],[-4.45132992301362,50.7856541959699],[-4.49349652984377,50.7929237615558],[-4.44679067285866,50.808223723643],[-4.44224390037994,50.8469426738633],[-4.43372646821496,50.8655092549759],[-4.42095916744729,50.8660861656174],[-4.46268330272599,50.9134897827932],[-4.45605816327938,50.9288691859367],[-4.5459728370411,50.9288053630097],[-4.54099143535982,50.951754973604],[-4.52565061128499,51.022300560565],[-4.42544225351732,51.0136609028389],[-4.42443986989461,51.0131325298648],[-4.39090346410786,50.9946762951944],[-4.34299388943384,50.9889636154774],[-4.30299572339699,50.9977554082865],[-4.28233464495162,51.0139808660521],[-4.24924519726177,51.039935841544],[-4.2425985763684,51.041417883203],[-4.24097733385176,51.0464152045593],[-4.21792154621104,51.0644714952388],[-4.21649922462293,51.0635529726009],[-4.21020087860286,51.0524246700267],[-4.19081294498852,51.0547666695219],[-4.19065297289763,51.0547859793619],[-4.19069083979045,51.0546760740942],[-4.19792266698575,51.0336771323317],[-4.18884681580384,51.0411884516761],[-4.17971894977164,51.0487397112159],[-4.17977727378164,51.0674965481588],[-4.15161515579213,51.073530535021],[-4.15295022683979,51.0802079961396],[-4.1637462956259,51.0835768444787],[-4.16313527250237,51.1007305647458],[-4.16659676288982,51.0804707124095],[-4.18539656191295,51.0762130928689],[-4.18914593907262,51.0662522950807],[-4.21684923739817,51.0763879319963],[-4.22245416331943,51.1176947916522],[-4.2364778428791,51.1199609701394],[-4.24018175767046,51.121032137836],[-4.23588992311318,51.1308938716314],[-4.25042796782368,51.1375910055315],[-4.25836096811604,51.1412438648034],[-4.26134239563594,51.1428906634987],[-4.22375319458275,51.1442346685419],[-4.21618270160135,51.1516069213988],[-4.21147999082573,51.1783916927888],[-4.22926297280084,51.1884795129764],[-4.21064521631332,51.1905462989143],[-4.20160677968932,51.2002853045499],[-4.18573034475954,51.1984410098291],[-4.17763613714615,51.1973076067223],[-4.11361516721378,51.2115816826196],[-4.09808962691971,51.2108841292833],[-4.09195271349091,51.2164016498533],[-4.0878225798086,51.2173200516365],[-4.03874602666488,51.206672763184],[-4.02908436933324,51.2157577686839],[-4.02795074472189,51.2164010204395],[-4.00597372992149,51.2172624275083],[-3.95825151949225,51.2191184192019],[-3.95462020878488,51.2205424146369],[-3.95432955593271,51.2205568778416],[-3.95132493019037,51.2218344651084],[-3.9257058566855,51.2318738811691],[-3.92348405270393,51.2313801237847],[-3.89203097192979,51.2237704676448],[-3.85434428967342,51.2343980238365],[-3.85367509755594,51.234563772537],[-3.81353088320686,51.2311167326184],[-3.81144820174932,51.2323108630389],[-3.81033019211745,51.2322283443875],[-3.78677387187577,51.2461591080317],[-3.76977926877737,51.2376615866334]]]]},"properties":{"CTYUA23CD":"E10000008","CTYUA23NM":"Devon"}},{"type":"Feature","geometry":{"type":"Polygon","coordinates":[[[0.151187333045437,51.1238205532318],[0.171472727638366,51.1154149026254],[0.226255230233864,51.1244861160789],[0.244577828429569,51.1148342412447],[0.275613215976201,51.112298517214],[0.274874930408996,51.1206517720545],[0.32516510810618,51.1229560795919],[0.335077206061616,51.1054658909701],[0.358976559646714,51.1045306546083],[0.350831195947389,51.0840559156746],[0.373840828926189,51.0884605030414],[0.396496475173542,51.0831316884844],[0.418266860755534,51.0626269713542],[0.463267138803114,51.0547870173775],[0.472319209676433,51.0304360887881],[0.537568517875719,51.0216392178518],[0.541719760675965,51.0111085124189],[0.570801043736655,51.0034823164113],[0.605390823945922,51.0120699758106],[0.661399802568737,51.0177718615141],[0.676955919326293,51.0032987859205],[0.706770603419155,50.9936018231459],[0.74061137766967,51.0006767086619],[0.778956704972181,50.9894920251371],[0.777134928696756,50.9754283500105],[0.784327858018418,50.9772296872172],[0.812941746895733,50.941999575237],[0.841401377893081,50.9576088287223],[0.855967970123694,50.9531286066064],[0.867891381774926,50.933262295643],[0.854954096534626,50.9239215091658],[0.844462311257057,50.9248519221866],[0.772008514930815,50.9312500103349],[0.774905803197715,50.927335668191],[0.729731338646439,50.9134192569804],[0.65857681641057,50.8699208109401],[0.657920542317416,50.8697582330036],[0.6457552144163,50.866743644132],[0.524846916253018,50.8452180188683],[0.502768843926252,50.8425133842213],[0.500712476210745,50.842261222592],[0.378296460681165,50.8204971761046],[0.377491650431505,50.8203535960944],[0.339307150730746,50.7991376039033],[0.33917590256564,50.7990371098707],[0.310001677741741,50.77668433349],[0.266410952319476,50.7432318996411],[0.260355755024803,50.7385798218519],[0.209966414954202,50.7384858729512],[0.209822776075905,50.7385343463961],[0.155531852840607,50.7568361326125],[0.149985176881001,50.7587037376646],[0.148939334951743,50.7590558337358],[0.121967265897583,50.7583042978433],[0.1069477214802,50.7639367055808],[0.0683542962557273,50.7818192930819],[0.0595491908194518,50.7816901471579],[0.0583360841416422,50.7821441050746],[0.0583519834671288,50.7816725372818],[0.0558878147287466,50.7816362529696],[0.0577572368682647,50.7760856506532],[0.0337330452782453,50.7818297081496],[-0.0149577234926783,50.7934519669136],[-0.0384766479745245,50.7990565164647],[-0.0160023583696679,50.8148750652864],[-0.02042837615218,50.8218303556257],[-0.0459683931136427,50.8218246617317],[-0.0368600534958184,50.8411732470389],[-0.0734523413829599,50.8412145634759],[-0.0849276342430443,50.8731196294769],[-0.0975192636219945,50.8779454253866],[-0.12179965145279,50.8734281552786],[-0.135279339082157,50.878098358445],[-0.135004643104498,50.8866504966042],[-0.119788174827145,50.9422851186768],[-0.104207686196339,50.9464681233861],[-0.115147503567339,50.9761166842293],[-0.0736194177331807,50.9916752634281],[-0.0615918410922555,50.9784204161656],[-0.0246042590087526,50.9800251742248],[-0.0163504990982534,51.0024963857512],[-0.0218747081717486,51.0265033548386],[-0.00156549234049123,51.0357549877935],[-0.00300172769009489,51.0475643235525],[0.0137406414730299,51.0569963609852],[-0.00854815740438445,51.0564579880245],[-0.0132566088248517,51.0739671029142],[-0.0268520992180162,51.0751128713046],[-0.036213376436162,51.0934295234327],[0.0105434061785564,51.1021625586362],[0.00950504621663548,51.1103919565056],[0.0185609090480791,51.1035920024745],[0.044508670969588,51.1106128635748],[0.0281472617745816,51.1177116868998],[0.0273600610344932,51.1398479929772],[0.0500165286936347,51.1426500167773],[0.133117086399998,51.1472785195743],[0.160718236048252,51.1373289192539],[0.151187333045437,51.1238205532318]]]},"properties":{"CTYUA23CD":"E10000011","CTYUA23NM":"East Sussex"}},{"type":"Feature","geometry":{"type":"MultiPolygon","coordinates":[[[[0.626621157486853,51.5366038212021],[0.625920991053543,51.5322463406253],[0.609032755817432,51.5348259941124],[0.624282736272642,51.5364286609518],[0.624353117922789,51.5362943897142],[0.626621157486853,51.5366038212021]]],[[[0.837491435881474,51.5851768562152],[0.822949646500331,51.5648819760267],[0.808066070701758,51.5856266832244],[0.830143881186117,51.5959662408548],[0.837491435881474,51.5851768562152]]],[[[0.884470369592766,51.5685005388757],[0.866370064397508,51.5589408418077],[0.840146351266314,51.5616365026319],[0.825779682464893,51.5644666816426],[0.838649742357825,51.581478361632],[0.840078217246046,51.5820230168783],[0.83799748353139,51.5936189646791],[0.866825862664548,51.5951863855279],[0.874374700653288,51.6141508896971],[0.887428869773476,51.615156860216],[0.957516615699434,51.620532308421],[0.929866948989761,51.5924463611713],[0.884470369592766,51.5685005388757]]],[[[0.787703225708633,51.7223149753951],[0.770131405191014,51.7190521787317],[0.754635465091149,51.7248622649673],[0.769753859072292,51.7268272070623],[0.787703225708633,51.7223149753951]]],[[[0.721175352977298,51.7306497152172],[0.726170411198278,51.7170514681357],[0.7081312928497,51.7196398003457],[0.721175352977298,51.7306497152172]]],[[[0.838019187582583,51.7733655774122],[0.856198944009919,51.7676552404042],[0.83349406742561,51.7692557884012],[0.838019187582583,51.7733655774122]]],[[[0.945555009968762,51.7746984070232],[0.902361802698661,51.7737041615901],[0.901838474600217,51.7861260045121],[0.924586899694692,51.795598033533],[0.942773993136243,51.8067462367157],[0.965846855849948,51.8086755328154],[0.999129028964842,51.8019348962437],[0.999990659498777,51.793141346805],[0.945555009968762,51.7746984070232]]],[[[1.22179248136303,51.8720351071305],[1.20674775520478,51.8706769303705],[1.21868690650977,51.8781480423971],[1.22466705621205,51.8802991434941],[1.22179248136303,51.8720351071305]]],[[[1.26290375352883,51.8802172641199],[1.26374124768394,51.8730442921375],[1.25504873490394,51.8745256400447],[1.26290375352883,51.8802172641199]]],[[[1.2574502050475,51.8834653962981],[1.24459264439798,51.8688853143338],[1.22642247370622,51.8753076482459],[1.22969210008692,51.8814698856327],[1.2574502050475,51.8834653962981]]],[[[1.23395227520666,51.8936787259492],[1.24267369616314,51.8865856430212],[1.23155886770935,51.8874943164403],[1.23395227520666,51.8936787259492]]],[[[0.703177564086779,52.0652732493605],[0.716263376587153,52.0486871974891],[0.69940006432446,52.0484380885926],[0.696511870071092,52.0393021688459],[0.714396590823323,52.0273187681222],[0.74063428386174,52.0312015497747],[0.738526974119553,52.0106986419848],[0.761149264433513,51.997483290983],[0.759667735030109,51.9854291125096],[0.774633327593334,51.9825916210538],[0.772261026840059,51.970424512006],[0.78146980990121,51.9665132697523],[0.810877141632654,51.9606960885641],[0.824650048979386,51.9685496081194],[0.850240124999087,51.960766646477],[0.889748607763662,51.9734240616824],[0.925239840337455,51.9761644039836],[0.942911023064153,51.9706902951459],[0.962589594231285,51.9771649303718],[0.970982749148486,51.9624077580481],[0.998710091163988,51.9639673353996],[1.02471198883193,51.9549023615469],[1.04771159936546,51.9594983382557],[1.06868007327798,51.9504228138376],[1.0658877932666,51.9490158909528],[1.05391752356323,51.95300142057],[1.06186240217185,51.9459536857695],[1.11947589223361,51.9400541001184],[1.17012442357622,51.9480039408207],[1.18054781073297,51.9417523264337],[1.19934289738747,51.9408326484084],[1.22733027234651,51.9394574798925],[1.24615109918745,51.9484656687165],[1.27712034704249,51.9391679059229],[1.29085979736679,51.9486829305873],[1.29613152122986,51.9369592341325],[1.29661838297258,51.9355943213467],[1.29658247398179,51.935582377377],[1.28511989010672,51.9368637669313],[1.24971751246296,51.9162014783916],[1.25288221586779,51.9146004601815],[1.25799954713994,51.9120111865179],[1.25201925106467,51.9021739458248],[1.2462758961876,51.8957454718393],[1.25095577267188,51.9022401328795],[1.2341345096174,51.9032857898424],[1.22601042207041,51.9037899344726],[1.21203546768351,51.8966266997021],[1.22829890044514,51.890537643772],[1.21244096082245,51.8903639934239],[1.19901557668311,51.884777594085],[1.20984184065484,51.8785174332559],[1.20910087485572,51.8783520546505],[1.1946745188036,51.8751310078082],[1.17819061617363,51.8714477978416],[1.19423990269444,51.8690012937318],[1.21158591934142,51.8663543621622],[1.22640966809504,51.8721266744808],[1.23243812432739,51.8550725799045],[1.23580028365272,51.8614440212185],[1.24921539000175,51.8623079866073],[1.25000411452171,51.8561214323136],[1.2525999938084,51.8637510727783],[1.26660493853362,51.8636494062584],[1.26914507472014,51.851778642015],[1.26993184007437,51.8636250048176],[1.26850949047767,51.8636354488248],[1.26778677553658,51.8771134475022],[1.28606513625981,51.8757422529951],[1.26990057377809,51.8773056191031],[1.2639425508943,51.8862075454523],[1.29018831980865,51.8743097238454],[1.29053823244326,51.8732016977629],[1.28794393374706,51.8623636060271],[1.26612220362196,51.8434216472935],[1.25306450784584,51.8335881794618],[1.23183734379514,51.8175899061731],[1.12889183756311,51.7754339860944],[1.05472076305474,51.7695078267095],[1.04337631558113,51.7697081505209],[1.01778996965053,51.8012000198085],[1.04379112204909,51.8024512922884],[1.06041598254837,51.8116940217609],[1.06420714758794,51.8172246896766],[1.06778296125308,51.8210830955574],[1.04624201209041,51.8228746307107],[1.0631773194784,51.8175486766696],[1.05443255799152,51.8108358116689],[1.01283586624298,51.8048602251244],[0.984082585069526,51.8350558945432],[1.02095489865661,51.8347748845182],[0.985187351575367,51.8389715315922],[0.98361699498483,51.8407364933362],[0.980128082098004,51.8446572070557],[0.977821874363019,51.8472484189075],[0.977554685169973,51.8475486061076],[0.977553635413133,51.8473339501897],[0.97752217018382,51.8408910322971],[0.977496483378785,51.8356245828078],[0.966444124972138,51.8294113722078],[0.982241921164418,51.8173889205241],[0.965770545780142,51.8226326129068],[0.961930823722796,51.8331449015837],[0.955606366210376,51.8293932352674],[0.943447905287331,51.8221780827678],[0.991183789980207,51.807253037909],[0.959908279277284,51.8102321000173],[0.916172047359005,51.8114484662464],[0.920748537612709,51.8050013486719],[0.937032807865719,51.8057780263833],[0.921562931970931,51.8038538687831],[0.90414434279188,51.8042070528587],[0.8987603407289,51.792709640397],[0.892417831703416,51.7791572861557],[0.866461939780975,51.7927924835862],[0.872288252636093,51.78322952346],[0.848686397308784,51.7872674835041],[0.841690366688952,51.7823004689034],[0.829891035086637,51.7889983971697],[0.842862056389324,51.7810301601019],[0.843301147013734,51.7807603496205],[0.87681860129027,51.7793664164909],[0.877254121747701,51.7793482407886],[0.877375532798772,51.7792410873223],[0.890846600983068,51.7673481108195],[0.854522812187889,51.7717623122335],[0.836829948117257,51.7739080528539],[0.831807409928219,51.7695169177667],[0.853088772826374,51.7645783917342],[0.850450181985128,51.7570259006645],[0.861581646941853,51.7630974263334],[0.88268796818783,51.7576845645005],[0.856195207312813,51.743786440289],[0.847456217691313,51.7474884758918],[0.853022441207034,51.7419721248718],[0.841564228506279,51.7387611279601],[0.792292155155722,51.745191394438],[0.78863232079183,51.7366533037107],[0.776743356259106,51.7439832731457],[0.735909166676607,51.7294723815794],[0.713725924380509,51.7376063893055],[0.70552884971014,51.7238137337545],[0.699233247822315,51.7261735109317],[0.711207719500056,51.7134863757459],[0.747005618510649,51.7114693841363],[0.746033709141438,51.7048637261176],[0.769185517779274,51.7083592430127],[0.737834658420487,51.6872043984588],[0.7569367262413,51.690726396231],[0.766957965202771,51.7027447546432],[0.771581982679827,51.7040612962599],[0.797560512337364,51.7079450221542],[0.793478911613865,51.7180783696829],[0.819711532255216,51.7210805845463],[0.85221387260807,51.7133086120544],[0.883930169221173,51.7356864026047],[0.89459668331371,51.7432052451066],[0.895594971327693,51.7433002790693],[0.926854202825624,51.7462715814409],[0.930957904793418,51.7460290451371],[0.94900991161076,51.7294610004236],[0.938513403988253,51.6917767371082],[0.947074708616439,51.6871625194406],[0.938106157949721,51.6883992080104],[0.946951599760912,51.6854767959683],[0.932143917792513,51.6858912956462],[0.94869274720341,51.6832611384642],[0.931536966157242,51.6792049095444],[0.946473382290585,51.6774082397074],[0.932787291931109,51.6750902037306],[0.946371450357319,51.6756092049538],[0.933904581772575,51.6733651346627],[0.944305778473024,51.6739293561817],[0.932673022061746,51.6665778832271],[0.942238253146668,51.6639913138828],[0.941718134645753,51.6619118152821],[0.934451544890771,51.632837173325],[0.904316826525894,51.622548617157],[0.887870062144279,51.6221045329664],[0.859508701402765,51.6213332946048],[0.793874102045473,51.6257045962767],[0.780515125061885,51.6306275593757],[0.76366690345404,51.6368328097047],[0.784388750256748,51.6242840475918],[0.80784174099279,51.6224348474839],[0.865440433018972,51.6154309242731],[0.863895926381938,51.6087918253944],[0.857805162739725,51.6075770362957],[0.854019525527156,51.5958315296355],[0.82042699550007,51.5989143534995],[0.811970359486329,51.603130718194],[0.819073898512894,51.5975959799363],[0.796392842575854,51.5863916855781],[0.764340398436962,51.5832296012752],[0.805898864585426,51.5860753274845],[0.793421858511461,51.5763923370015],[0.808114767740843,51.5787145588808],[0.817754448018668,51.5619156472391],[0.85074968781703,51.5563390977268],[0.820968405413912,51.5409207987581],[0.820841262671775,51.5408567905858],[0.819168409590216,51.5422065408971],[0.788990551027069,51.5424441263832],[0.786689932259859,51.5529433965889],[0.675333610589035,51.5728679764088],[0.638950939122342,51.5768010714265],[0.632077284564213,51.5705294757645],[0.62688695736313,51.5382577890452],[0.6264533813107,51.5382290459379],[0.625793448154421,51.5381286798751],[0.608330234164142,51.5349480187001],[0.594070516162126,51.5374700998975],[0.572104604479245,51.541351175428],[0.593931552176543,51.5350247180605],[0.622103793628073,51.5268506000952],[0.61844616442781,51.5202734665743],[0.636859412356845,51.5219357102227],[0.592630446437871,51.5121329902907],[0.573364316338746,51.5078561347315],[0.553654417595967,51.5098842018006],[0.548618769264489,51.5127240741593],[0.548030413942597,51.515743319547],[0.543174399678314,51.515793816224],[0.518039069038669,51.5299574772301],[0.518009397956447,51.5299741884525],[0.506244074750797,51.5382508875014],[0.509063702337398,51.5342337658754],[0.481978280556521,51.5485964233038],[0.466748362555259,51.546695522852],[0.461697348176906,51.5536888975517],[0.427649758787028,51.5450987645271],[0.418649311114341,51.5566704699627],[0.393500848006137,51.5577113055056],[0.391753003150788,51.5671906212204],[0.38260509348446,51.5658238168464],[0.313035079940716,51.5658181328032],[0.290289733913774,51.5642993932384],[0.269866485133475,51.5995544507301],[0.254008700235285,51.6015982016854],[0.26456196557058,51.6083206617928],[0.252194314453482,51.6177694058095],[0.224087730411796,51.6317377623678],[0.200311572516926,51.6249357576146],[0.138184235471144,51.6235453969741],[0.072867372178107,51.6046655233301],[0.021819035344359,51.6288327870281],[0.0227195416969588,51.6411154938026],[-0.0122596870547121,51.6462286971895],[-0.011918675972722,51.6808778155788],[-0.0197431177734428,51.7032159876634],[-0.0135105476770619,51.7422170644999],[0.00116831607272196,51.7450562061589],[0.0140290578120465,51.7643799998415],[0.0267994429079434,51.7741799003898],[0.0576635393893906,51.7796739282513],[0.146141158428203,51.796243762479],[0.15830881878831,51.8135169974375],[0.172583035411387,51.8163043896198],[0.166251617449305,51.8221540085985],[0.17046768802496,51.8616221437544],[0.195613946593584,51.8681183086885],[0.174917119939892,51.8827850574554],[0.183853999516835,51.8935011903688],[0.124761446710298,51.8845855310094],[0.124847425135061,51.9236084039955],[0.10701203141805,51.9718178552015],[0.0964606111639592,51.9843259691199],[0.0690610114507331,51.9840425617869],[0.0681560725569507,52.005763096481],[0.0922543378316555,52.0216539889866],[0.105736213487718,52.0602611071123],[0.119077515908339,52.0599625876485],[0.128135198304803,52.0473225716999],[0.151147231222932,52.0528715584383],[0.166396143400974,52.048190780182],[0.167570276572422,52.0549998115474],[0.189922071971941,52.0602013963157],[0.183194362384494,52.0731834554079],[0.203459400262098,52.0926741553906],[0.235208003627414,52.089000050391],[0.251623252757855,52.0767709545812],[0.276230791660398,52.09265787001],[0.286431681080009,52.0902499157525],[0.32467398462829,52.0727832874379],[0.345932855516239,52.0497014245332],[0.389680177472463,52.0364577029533],[0.379612827815692,52.0495627147372],[0.404638263575799,52.0655023804364],[0.438278486414546,52.0723326770648],[0.453618425016356,52.0681290599243],[0.466581816156426,52.0784333623067],[0.501678783042324,52.0538526678759],[0.511130139957494,52.059864062707],[0.542293768916434,52.0577475184377],[0.551421973504044,52.0688028937871],[0.58200345991392,52.0758516647972],[0.656900901436426,52.0854416870867],[0.684204240948651,52.0869686436845],[0.712118249483127,52.0722424688301],[0.703177564086779,52.0652732493605]]]]},"properties":{"CTYUA23CD":"E10000012","CTYUA23NM":"Essex"}},{"type":"Feature","geometry":{"type":"Polygon","coordinates":[[[-1.7676920738422,52.1125783283983],[-1.74590621082171,52.0928298210472],[-1.72856052811281,52.1001203055535],[-1.73065604717972,52.0732913546681],[-1.71311213593006,52.0665529402911],[-1.70169911871025,52.072834404],[-1.70505254003613,52.0596336086745],[-1.6886364810542,52.0518332046415],[-1.69398075504565,52.0395278989016],[-1.66382433788403,52.0312666555567],[-1.62446030247049,52.0389532644713],[-1.61751874276147,52.0333959384001],[-1.66575091348295,51.9974047842482],[-1.66575430454863,51.9874888219864],[-1.66252911046192,51.96400494758],[-1.63249065036283,51.9556514588347],[-1.61518947797644,51.9376820884175],[-1.64552984349675,51.9222942568441],[-1.63305061648252,51.8992254674722],[-1.6586519744456,51.8965511935467],[-1.66711188278055,51.8770000586035],[-1.68686790516724,51.865499769979],[-1.67638499897572,51.8503096863382],[-1.68646159226861,51.834455791808],[-1.68193160633868,51.8039930873526],[-1.71948863302901,51.783211828608],[-1.70070464063817,51.7705842309133],[-1.6870208353919,51.7398840237491],[-1.69587065656067,51.7235374534648],[-1.68800012551327,51.7120447484807],[-1.64825374342062,51.6840870667632],[-1.66845860139018,51.6804375698815],[-1.68313461199299,51.690126377727],[-1.69661143422916,51.6920997018623],[-1.71098922041805,51.6717911954376],[-1.727488092936,51.6672085677174],[-1.75382175989693,51.6621732059294],[-1.78860021502991,51.6670069396076],[-1.81193331078398,51.7031238925381],[-1.82328624616454,51.6735430357288],[-1.81590758350003,51.6629808528163],[-1.85061102869137,51.6562857862082],[-1.87388422633388,51.6825897759801],[-1.89901603884181,51.6796910478417],[-1.87661122669359,51.6515492366802],[-1.92093625899621,51.6572314729441],[-1.94212716982488,51.6704296589237],[-1.9629675452052,51.6586868816824],[-1.95067417019488,51.6370354478024],[-1.97719872120297,51.6379297423611],[-1.99531096059941,51.6513768293704],[-2.01510144317502,51.6503682394804],[-2.05717380115619,51.6724431322141],[-2.07341140682766,51.6594989668112],[-2.07881101192249,51.6652991916143],[-2.07347692778425,51.6594984866414],[-2.15255295284545,51.5903259204315],[-2.17952710424549,51.600014165713],[-2.19002396047558,51.59247564011],[-2.20667832394276,51.5959413390896],[-2.20766478973341,51.6034039914773],[-2.24190435846893,51.5920918317043],[-2.2450978410726,51.5813830123298],[-2.27262994085636,51.5775575723344],[-2.28274577923905,51.5785165620246],[-2.291637286721,51.5936959211034],[-2.33106255956941,51.5916021906171],[-2.36564150390742,51.6037411198519],[-2.37042970085191,51.5975734297586],[-2.39465737965729,51.5973688240373],[-2.38890966915367,51.6275403745685],[-2.40047490634886,51.6351434811121],[-2.38598850246378,51.6399431096316],[-2.44298607534301,51.65248662559],[-2.49067532485481,51.6448339839705],[-2.48964630141277,51.6639645104182],[-2.54081319713281,51.6823970971399],[-2.54235461055758,51.6815402563537],[-2.54622282746309,51.6837161656771],[-2.56654171765728,51.6951401923874],[-2.58003460615758,51.6881660547339],[-2.61001183282315,51.6726585989297],[-2.64886659431428,51.6312856845689],[-2.65158733951677,51.6096167052341],[-2.65690762279837,51.6219971701423],[-2.65664127759941,51.6227996018387],[-2.66017627868065,51.6295999429665],[-2.66330246199113,51.6356120054725],[-2.66851392778044,51.645630593601],[-2.68033178982132,51.6475470396017],[-2.66592276270364,51.66432354295],[-2.6863760655126,51.6632012916766],[-2.65686372173786,51.6745037133579],[-2.67225329931617,51.6810001361918],[-2.66916891575376,51.6931500116545],[-2.68379147622247,51.7006275155784],[-2.66844054916154,51.7057888652485],[-2.68754079653479,51.730426259148],[-2.67222511999267,51.7363629501989],[-2.66269206735517,51.7538947436597],[-2.68045213470349,51.7689294147768],[-2.66981057919979,51.7942734507367],[-2.67853782959666,51.8028451993877],[-2.65953874455198,51.8106823741613],[-2.66087144177876,51.822753864529],[-2.65040070567432,51.8261246889383],[-2.63671005341688,51.8430952612886],[-2.62546695815918,51.8389640024544],[-2.60121663304725,51.8562162644087],[-2.58281688241695,51.849577352947],[-2.58076385588478,51.861588881601],[-2.53162394037576,51.8607715469017],[-2.50862440109418,51.8851690569453],[-2.48779469274655,51.8804175459086],[-2.43927491603518,51.8973822861564],[-2.44818479288624,51.9186682322372],[-2.4660430006938,51.9279745035373],[-2.46557353500141,51.9517045852884],[-2.50090645407367,51.9606091442864],[-2.49224484623915,51.9641287773142],[-2.49491293332375,51.9810752068267],[-2.47099259337338,51.9947360731079],[-2.49198479935107,52.0076618755015],[-2.47893230092191,52.02253041104],[-2.4640393485931,52.0232480079025],[-2.46337278472343,52.0140424477572],[-2.43655767424144,52.0148038387328],[-2.43729372314514,51.9971670434287],[-2.41319627507641,51.9940903078117],[-2.3990184898963,51.9961459478794],[-2.39289223171328,52.0129587700424],[-2.35137852244174,52.0213590290394],[-2.35254266829771,52.0135353102849],[-2.32470967818414,52.0035672783312],[-2.32653883120796,51.9757909468963],[-2.31261970069138,51.976504974576],[-2.30043302609069,51.9667752646008],[-2.27055558557873,51.9689390809737],[-2.25135998124032,51.9665649342157],[-2.2206132435217,51.9954966448483],[-2.18508403441562,51.9905609788574],[-2.1807485360373,51.9996151713198],[-2.16463014559703,51.9961432541514],[-2.18768330302322,52.0190801576711],[-2.17690606521531,52.0225592300147],[-2.18067935412919,52.0417281238781],[-2.17136924553862,52.0476105349584],[-2.11838638193208,52.0421167578733],[-2.11721985481579,52.0336144279972],[-2.13939720724878,52.027891849687],[-2.14965530887931,52.0112561686783],[-2.14068698320585,51.9994641968075],[-2.11219762720392,52.0153447349971],[-2.08487319407292,52.0104785846223],[-2.06077974233804,52.0146632893276],[-2.04951417600198,52.0037962185805],[-2.03835621126119,52.0046006235229],[-1.98413574037062,52.0358792744237],[-1.95137076201915,52.0376994836731],[-1.93169767686998,52.0298892737705],[-1.91344602070409,52.0444612406154],[-1.83905030714283,52.0067831284916],[-1.8250228816679,52.0309334135568],[-1.8345888140813,52.0437330167182],[-1.86344917989937,52.053417723062],[-1.87440607681162,52.0699909115952],[-1.84661960637666,52.0794210956629],[-1.83175334172358,52.0727693542685],[-1.81894341276327,52.0854041151211],[-1.81273665650818,52.0787440014706],[-1.80228873762243,52.0969414695018],[-1.7676920738422,52.1125783283983]]]},"properties":{"CTYUA23CD":"E10000013","CTYUA23NM":"Gloucestershire"}},{"type":"Feature","geometry":{"type":"MultiPolygon","coordinates":[[[[-1.55514990055038,50.7143479851538],[-1.55117688336392,50.7061411798883],[-1.55647776504661,50.7076806565207],[-1.55514990055038,50.7143479851538]]],[[[-0.950970779689511,50.8237904405893],[-0.957215526534016,50.8075729191499],[-0.973331986538252,50.8090342857543],[-0.952746967377765,50.8011192149353],[-0.959264224397035,50.7949101528344],[-0.967368026819968,50.7871867760397],[-0.951226598896024,50.7870191853503],[-0.958866318819904,50.7811549306336],[-0.937591016133505,50.7873243034114],[-0.938871205416227,50.7776381757835],[-0.959547752730134,50.7796478098866],[-1.02388973732368,50.7881533765554],[-1.024998748734,50.7954778812369],[-1.02508165818578,50.7960253379515],[-0.994524437189328,50.798366567326],[-0.983269060952603,50.8207326332326],[-0.990075383834852,50.8269824065888],[-0.967569150120976,50.8348224923157],[-0.950970779689511,50.8237904405893]]],[[[-1.47451382628847,50.924285758902],[-1.46512306441935,50.9103437479272],[-1.46676306922394,50.9109382675621],[-1.47451382628847,50.924285758902]]],[[[-1.08664067565436,51.3839112051256],[-1.05008141284422,51.358109167003],[-0.986123750530059,51.3628482885656],[-0.986740059567131,51.3598556248242],[-0.92369481434098,51.3660104953327],[-0.878057285570353,51.3526294433729],[-0.837373716901633,51.3528861225891],[-0.775466206963731,51.3319589032434],[-0.76290312001552,51.3187305296545],[-0.744167106040696,51.3092949290082],[-0.731069933388112,51.2803469899544],[-0.729325694545441,51.2561119199112],[-0.745540379663864,51.2304563901334],[-0.776028768067277,51.2419573027321],[-0.801740042684925,51.2390387633544],[-0.804749572959298,51.2450647475977],[-0.84892972737272,51.2107327283516],[-0.825443293261202,51.1813565059788],[-0.834182386405469,51.1476005975441],[-0.805239980602741,51.1553913340112],[-0.794395940028727,51.1497590878356],[-0.769446670622899,51.1172584326584],[-0.74549512326378,51.1122043390659],[-0.749272690128818,51.1032459066375],[-0.759334275945299,51.1032586719317],[-0.753474893729619,51.0864535020689],[-0.780801795334142,51.0793519431964],[-0.79778120448179,51.0635461225871],[-0.842847950683525,51.0668868080859],[-0.852810677861577,51.0448433200739],[-0.896993034200906,51.0220101182791],[-0.893346615712615,51.0027429856163],[-0.907864084059223,50.9942411144512],[-0.931847105710517,50.9455804293165],[-0.942110087824929,50.9428940861142],[-0.924013258512923,50.9241990391588],[-0.940245276386779,50.91805411295],[-0.957585094925949,50.8906069922646],[-0.938656962420833,50.8737145522912],[-0.926450186989275,50.8640917207277],[-0.934485538895187,50.8458652563462],[-0.974511987318041,50.8421858714576],[-0.981241864553387,50.8349371524849],[-0.998764274939229,50.8415991977185],[-1.00077138103674,50.851383114014],[-1.00262305839496,50.8431320882004],[-1.02064046436929,50.8390035780827],[-1.022115710488,50.8358025941208],[-1.02201607672049,50.8353168184447],[-1.02348320692173,50.8334117775656],[-1.02364081020991,50.833152019066],[-1.02395202124522,50.8315859393973],[-1.02263575697472,50.8521010331396],[-1.0540820707523,50.856530230275],[-1.11578319799786,50.8582738494491],[-1.11393420663218,50.8435300878958],[-1.11692040081752,50.8428520864505],[-1.11842762122027,50.8372826202628],[-1.15448347429157,50.8450553168281],[-1.17122223272469,50.8408538339414],[-1.17188835182203,50.8566054014844],[-1.17811559616072,50.8381425659453],[-1.17907097573144,50.8376617726043],[-1.17950837687769,50.8373127864216],[-1.17693921729668,50.8374258265143],[-1.16130195636781,50.8381125679749],[-1.15694255830349,50.8375250541133],[-1.15718995950647,50.8233758669731],[-1.14950067083176,50.8251168404294],[-1.14576702222162,50.8259619574067],[-1.12380413784356,50.806160555879],[-1.13710560093048,50.8022907490716],[-1.12369218219535,50.8040632435587],[-1.11982630702285,50.7962318542506],[-1.11783136010298,50.7921894836263],[-1.14068920003963,50.7834528103836],[-1.11194867548652,50.7895261356616],[-1.13722607692223,50.7758692081538],[-1.14207441508121,50.7734224806268],[-1.15038734105804,50.7762770765839],[-1.1898558218565,50.7898171780198],[-1.19857654419458,50.7967993328812],[-1.21383295159789,50.8090076614383],[-1.21416538565878,50.809273587275],[-1.30732269458683,50.8412928361362],[-1.30288974898396,50.8770121864802],[-1.30064715583259,50.8796355565321],[-1.30261670774736,50.8792107343388],[-1.30401934677642,50.8789081558193],[-1.31694085070509,50.8761197379613],[-1.31081565304827,50.8507699329635],[-1.310378252749,50.8489589313744],[-1.31114726695227,50.8493957607412],[-1.36287630856461,50.8787499624324],[-1.32197756217243,50.9009534990777],[-1.33335691001506,50.9198827716172],[-1.35793338490146,50.9307313459938],[-1.35468995194608,50.9410218344503],[-1.37989189534768,50.9475180703815],[-1.40613979538219,50.9561274536544],[-1.42366272212772,50.9472334974688],[-1.44954581112644,50.9499113532644],[-1.4770603549891,50.9286687961772],[-1.47707725233786,50.9286978749279],[-1.4773224401691,50.9285474557772],[-1.4796479362937,50.9345793690235],[-1.47816446264258,50.9288354330668],[-1.48171292964239,50.9302996110631],[-1.48508646341312,50.9327855465421],[-1.48578057673544,50.9329124093339],[-1.48571269607209,50.9321518502072],[-1.48410323032816,50.9304969904568],[-1.48197623065384,50.928309784637],[-1.47405353855196,50.9116983417022],[-1.47899335997122,50.9165394471607],[-1.48878022597649,50.9103981659326],[-1.49075386280765,50.9158516253357],[-1.48898806320728,50.9102677174148],[-1.48775957390344,50.9075775447538],[-1.47825761408536,50.911936310729],[-1.45911482138264,50.9006820685037],[-1.4325825049111,50.8974775632103],[-1.42664529200389,50.8967596915666],[-1.37824347839952,50.8546412565214],[-1.35747232564426,50.8495023839766],[-1.36056297638246,50.8428735119113],[-1.3402695638494,50.8426908446036],[-1.33941730184018,50.826643311724],[-1.32586048987007,50.8262450719868],[-1.32474733600681,50.8228635949794],[-1.32597501270791,50.8165066290956],[-1.31147465935612,50.8134290772582],[-1.30782973765833,50.8203418532923],[-1.30859820406538,50.8147983193496],[-1.31697844898494,50.8076176148033],[-1.32662670087547,50.8035487945536],[-1.34254959451672,50.7857305879448],[-1.37372684276955,50.7848553094255],[-1.37498496591909,50.7850098497088],[-1.37544509656918,50.7848068482531],[-1.39833258027525,50.7841589700608],[-1.40818356875661,50.7857352870685],[-1.41299348339367,50.7839716335026],[-1.39263843909963,50.7774184765365],[-1.40013938929204,50.7740578187409],[-1.39952572465555,50.7741781061246],[-1.40958923665349,50.7697333650271],[-1.41048644787434,50.7694204258176],[-1.43417904045805,50.7654426678456],[-1.50243481748833,50.7539515016606],[-1.51959208297886,50.754125032244],[-1.53528657156931,50.7638633877346],[-1.52592501802229,50.7445679417722],[-1.54188071050003,50.7397776166115],[-1.53099523320473,50.7369735796889],[-1.55848808588811,50.720792861239],[-1.58047794495873,50.7182727073913],[-1.56004379388541,50.7087161066863],[-1.62926775578703,50.728785703386],[-1.64044349012396,50.7321144503548],[-1.69185543770666,50.7373291375221],[-1.68181880176013,50.751850045709],[-1.74416871755885,50.7474553887605],[-1.73895962345847,50.7632705334556],[-1.74884631724303,50.7794943875112],[-1.78549590627468,50.7647520319108],[-1.8039049599245,50.7959652097351],[-1.81189346961485,50.8086420525353],[-1.80340083464914,50.8303392083796],[-1.79061492044422,50.8363141194303],[-1.80247295729644,50.8429625299587],[-1.80711024689597,50.8633153672182],[-1.83000872917239,50.8552737977567],[-1.85353883472863,50.8634601106413],[-1.84855553218411,50.8898873570296],[-1.8165419268142,50.9039481458121],[-1.8106580896691,50.9272033833848],[-1.84184002606343,50.931680374307],[-1.87364432144964,50.9172258897865],[-1.92084101012651,50.9614073112474],[-1.95546558071481,50.9782663327052],[-1.95683008078171,50.9898002885712],[-1.94993597428249,50.982310587126],[-1.92787590068259,50.9976972353567],[-1.88674132171074,50.9995277362902],[-1.87448162937032,51.0063305730385],[-1.87391116606953,50.9845006397084],[-1.85338113087344,51.0046795408065],[-1.83581730052681,51.0094733419781],[-1.81542176154033,50.9859226506618],[-1.80031396441254,50.9913948004776],[-1.75440191299908,50.9778920957637],[-1.71957103083064,50.9767862625426],[-1.66165999760679,50.9452778925552],[-1.63496498191182,50.959242203305],[-1.61975086537986,50.958566922566],[-1.60292975190204,50.9785041796413],[-1.61973084457042,50.9830349746602],[-1.62888498210167,50.9990317656901],[-1.59738550046853,51.0097469912478],[-1.59939671455144,51.0237293759632],[-1.63237574994688,51.0327797089411],[-1.63492593348603,51.0404375883883],[-1.62780997211858,51.0782283918058],[-1.63731080993168,51.092165472254],[-1.62633709616521,51.1173233719074],[-1.66297542061049,51.1271919942692],[-1.65404004725731,51.1562528482212],[-1.67227119754693,51.1785463714458],[-1.66882042147437,51.1907592194979],[-1.69409695143106,51.204043239813],[-1.68969464697899,51.2148276707553],[-1.63362097701599,51.2175905587049],[-1.60759078945477,51.2527924070843],[-1.57757201593558,51.2555795590364],[-1.54584181725981,51.245251361758],[-1.53603185288199,51.2485479818718],[-1.5298179468057,51.2608018465514],[-1.54059897066636,51.2608311904227],[-1.54262001501247,51.2812415026738],[-1.5227771840447,51.28706332452],[-1.51940862318842,51.2959528007858],[-1.53356185391502,51.3162235803486],[-1.52750793808987,51.3384441174773],[-1.49828689474575,51.3293617176529],[-1.42970566274725,51.3365441689774],[-1.44411579097067,51.3549138322925],[-1.42847578984356,51.3566995630357],[-1.41111323915575,51.3728583460675],[-1.34978173494559,51.3671195761655],[-1.25113955136333,51.3720405294303],[-1.17689427560879,51.3573240538202],[-1.13858996979348,51.3571910724835],[-1.11579091152374,51.3604661648818],[-1.1154571911925,51.374214909415],[-1.08664067565436,51.3839112051256]]]]},"properties":{"CTYUA23CD":"E10000014","CTYUA23NM":"Hampshire"}},{"type":"Feature","geometry":{"type":"Polygon","coordinates":[[[-0.147509326987593,52.069450006676],[-0.155121032648697,52.0530610998673],[-0.133729866748337,52.0462328527372],[-0.126567501937775,52.0209218759846],[-0.019635196010369,52.0635862674502],[0.00349904811227489,52.0499159976401],[0.0403063848297938,52.0533272918014],[0.0681560725569507,52.005763096481],[0.0690610114507331,51.9840425617869],[0.0964606111639592,51.9843259691199],[0.10701203141805,51.9718178552015],[0.124847425135061,51.9236084039955],[0.124761446710298,51.8845855310094],[0.183853999516835,51.8935011903688],[0.174917119939892,51.8827850574554],[0.195613946593584,51.8681183086885],[0.17046768802496,51.8616221437544],[0.166251617449305,51.8221540085985],[0.172583035411387,51.8163043896198],[0.15830881878831,51.8135169974375],[0.146141158428203,51.796243762479],[0.0576635393893906,51.7796739282513],[0.0267994429079434,51.7741799003898],[0.0140290578120465,51.7643799998415],[0.00116831607272196,51.7450562061589],[-0.0135105476770619,51.7422170644999],[-0.0197431177734428,51.7032159876634],[-0.011918675972722,51.6808778155788],[-0.105779139838692,51.6918756451179],[-0.163493271974568,51.6881150796651],[-0.181960815257973,51.6686831956154],[-0.191066699360921,51.6638967053238],[-0.203352928676407,51.6701264989751],[-0.212135030723747,51.6613535283696],[-0.250582589477333,51.6560573522745],[-0.257332658018192,51.6418318488053],[-0.304449971011893,51.6363487201659],[-0.316672244970353,51.6405355675681],[-0.362621257698241,51.623504817498],[-0.404003977890064,51.6131839735426],[-0.440575301279442,51.6200732393013],[-0.457130755473738,51.6122938899877],[-0.496828509147855,51.6317238414399],[-0.500595886737316,51.5996898995638],[-0.520534550264269,51.6019076657205],[-0.539260817248429,51.6380393912766],[-0.536891506831177,51.6606244728575],[-0.522777811384923,51.6583975690829],[-0.520994790005152,51.6680453786674],[-0.505107856324304,51.6730768935581],[-0.5242727897625,51.682112655748],[-0.54868869522748,51.6826545448642],[-0.544017145197112,51.6968174726995],[-0.563209678177221,51.7118798635673],[-0.550413609644404,51.7230428902594],[-0.553645081612158,51.7340179577892],[-0.57487874585542,51.7369685250425],[-0.586379726976092,51.752115950395],[-0.612935985356938,51.7474272560625],[-0.670126919039173,51.7664681629271],[-0.690190999010661,51.7923392108272],[-0.685394264649477,51.8001859212165],[-0.709295276544129,51.8205395961038],[-0.724234882170819,51.8181444133606],[-0.745841415726905,51.8418443951218],[-0.717415813900058,51.8571598166362],[-0.696426502919578,51.8581573404529],[-0.686770330064733,51.8492206309632],[-0.695449593789592,51.8411106768875],[-0.667245098413582,51.8158052624771],[-0.632939595714382,51.8199461874726],[-0.581825667306615,51.8069054436194],[-0.560656237503438,51.830082630502],[-0.553613859712542,51.8267529281925],[-0.519728847877412,51.8050953620297],[-0.502282758285977,51.8154586940914],[-0.511192917001904,51.8258936103662],[-0.501818268966651,51.8367948225647],[-0.471195676810699,51.8454678697177],[-0.47829846763004,51.8531365025918],[-0.470419996730907,51.8557101697987],[-0.447524508948031,51.8476015346548],[-0.421500810100557,51.8502052260499],[-0.404858806630098,51.8406074650737],[-0.373362805065754,51.8292291683642],[-0.363307665681262,51.8421047414207],[-0.339485894640329,51.8496055510724],[-0.354833888657066,51.8740145293011],[-0.349836724804763,51.8786756735621],[-0.377489882291102,51.8984330964785],[-0.385615555724027,51.9156803959794],[-0.405647618919527,51.9324661771397],[-0.39135545828658,51.9769889766933],[-0.379630061965801,51.9779575240599],[-0.382989183780684,51.9518175704233],[-0.374104653314752,51.9477693266355],[-0.350197697131372,51.9575982909897],[-0.349316410296868,51.9711535331886],[-0.3672962650547,51.9837494454859],[-0.312233444953791,51.9819325799327],[-0.296089150328657,52.0021924394519],[-0.282415833818799,52.0015640162212],[-0.270653744162195,51.9796116307737],[-0.247983026838786,51.9850799856718],[-0.244078670645728,51.9990232893037],[-0.201256006066088,52.0098246885529],[-0.219493434451981,52.0367412591483],[-0.194982619305265,52.0624150813563],[-0.172540383850461,52.0602232681247],[-0.157605055560218,52.0804409513694],[-0.147509326987593,52.069450006676]]]},"properties":{"CTYUA23CD":"E10000015","CTYUA23NM":"Hertfordshire"}},{"type":"Feature","geometry":{"type":"MultiPolygon","coordinates":[[[[0.68296919632433,51.4126452886018],[0.694510265742321,51.3967639013741],[0.672639175867811,51.3984055193624],[0.665928519130537,51.4062823352872],[0.68296919632433,51.4126452886018]]],[[[0.678799156331697,51.4235185785055],[0.687777167499511,51.4144341998226],[0.660058395634273,51.4176257833293],[0.678799156331697,51.4235185785055]]],[[[0.901366781689629,51.4168258253071],[0.950172658982103,51.3721321536237],[0.896803923025051,51.3544681086317],[0.871641256563888,51.3647206896011],[0.857697887655572,51.3703977586728],[0.856694825375606,51.3649258490694],[0.840527961124425,51.3716465346928],[0.851298781549506,51.3648336439023],[0.839447284359421,51.3636451621001],[0.806290734031111,51.3722891691117],[0.766186879767677,51.3699695207759],[0.764272588608148,51.3882605472706],[0.732677779090826,51.4002771194148],[0.721659394132739,51.4144254894947],[0.732452873378976,51.40894626593],[0.746879721796758,51.4153384730349],[0.73543685714915,51.4243733383643],[0.749376965657077,51.4460589082295],[0.781065667447864,51.4412753090319],[0.791369661149918,51.439342962425],[0.823924189780159,51.4256415561932],[0.875094894442408,51.4198227571202],[0.901366781689629,51.4168258253071]]],[[[0.221177283091669,51.4787996029256],[0.274500703638176,51.4536755902875],[0.301804957401121,51.4612028464473],[0.315243953724765,51.4649044518962],[0.315395124473243,51.4649460802575],[0.32527351028782,51.450241419189],[0.381992268501976,51.4435052154531],[0.44025483488637,51.4474249646865],[0.459295913922694,51.4555296101861],[0.457560479333401,51.4582957169035],[0.487960076101346,51.4432845747706],[0.489235421459888,51.415325902756],[0.475140243345384,51.412947138434],[0.467687121016724,51.3983013741054],[0.451853402814579,51.3983210211132],[0.45332222350032,51.3913787704197],[0.431109487937637,51.3880330266591],[0.401283124306125,51.35295476259],[0.399919664491311,51.3444569026071],[0.418594662757666,51.3479121920606],[0.453485925272683,51.3406104311936],[0.456233540778611,51.3687628438094],[0.503039344873498,51.354710562773],[0.505845958766913,51.3429369755333],[0.525641085381921,51.3347171670639],[0.544003569633395,51.3278964123716],[0.563457198962717,51.3387431250211],[0.601403554174045,51.3333011048713],[0.63490813345762,51.3663699845452],[0.623292522422213,51.3692226415195],[0.626121810076958,51.3788125499944],[0.632369758969761,51.3889357646207],[0.634544988918393,51.3890677778504],[0.626949713471949,51.374746166802],[0.64801143353794,51.3975551422638],[0.670097242347924,51.3732924786281],[0.686969208348972,51.3916612101936],[0.702920420776292,51.3924383056883],[0.695247180191065,51.3797911912102],[0.714357167612036,51.384176689014],[0.69654541068886,51.4199958723247],[0.727788902221975,51.4204482266655],[0.716210768230846,51.4131018767519],[0.726279314204562,51.3991428797286],[0.763713093073722,51.381956101901],[0.764352676310199,51.3628684546419],[0.734507968310769,51.3457130753144],[0.766854373816967,51.3623194270748],[0.813561773144892,51.3584870580363],[0.816232505760306,51.3461814949063],[0.817193491172904,51.3563534194694],[0.866160998023522,51.3558517472471],[0.870973641237874,51.3540427103511],[0.897166985701846,51.3441910263365],[0.880105910826525,51.3286681946766],[0.894603232587443,51.3363386138481],[0.915341144266536,51.3293776366159],[0.896773053539145,51.3414380744767],[0.950403269946465,51.3456041719403],[0.950414677088998,51.3456049225002],[1.00524604268779,51.3492001482652],[1.03318144219733,51.3655771759286],[1.1596891505671,51.3747237751331],[1.2241831202554,51.379332878425],[1.22483211004496,51.3793401266833],[1.31507378603016,51.3803130382124],[1.38362995362667,51.3920245311355],[1.39233733904887,51.3932223236019],[1.42496071272327,51.3937782754357],[1.44193716364767,51.3871670763025],[1.44590384777044,51.3584420364821],[1.44590904853117,51.3584043609719],[1.44589998282476,51.3583905288271],[1.42469149683926,51.3260072074338],[1.42317847854247,51.3313761566692],[1.41457013988833,51.3274916641779],[1.42355426271303,51.3243385969626],[1.37775484991453,51.3292604030862],[1.35846247740801,51.3120025174298],[1.35789187559494,51.3114918368691],[1.37136124844997,51.3139047720516],[1.38082388479721,51.2902818630666],[1.3946041927284,51.2558374836774],[1.40492284204005,51.2237582436906],[1.40537112079003,51.1747342847677],[1.39537790667435,51.1564652752699],[1.37676755723596,51.1408039159305],[1.34287056357159,51.1310048765592],[1.34290801670652,51.1302591649636],[1.3427376403994,51.1302120244471],[1.34333445709614,51.1217676701165],[1.33847384811342,51.1274278217455],[1.31650646803134,51.123044929731],[1.32307258293231,51.1140851309688],[1.3101136224738,51.1167899530221],[1.31765480944312,51.1144877360553],[1.31365510371341,51.1147847953585],[1.32788715544629,51.1113628192239],[1.31727164637636,51.1121976668353],[1.30230314325098,51.1133731500023],[1.30023762442193,51.112680140235],[1.29904039698242,51.1122784275415],[1.22644320136444,51.098506651491],[1.22114189838816,51.0980893889158],[1.22001268614083,51.097498278846],[1.21505531603647,51.094902911906],[1.20588996581413,51.0910368211643],[1.20585462109395,51.0900850293447],[1.18550583066265,51.0794221404809],[1.1947786893677,51.0759561062063],[1.07576972861806,51.0631400302901],[1.07002028637749,51.0603229184594],[1.06044813827741,51.0591193138043],[0.996748200789708,51.0245871446972],[0.989925496616533,51.0128219747534],[0.985934614090111,51.0092482653219],[0.982065211995359,50.9992592434603],[0.964430399280059,50.9687987149762],[0.970986301420131,50.941615351054],[0.978010638433957,50.912456463562],[0.97794037200128,50.9122214439406],[0.85507854473333,50.923910466736],[0.854954096534626,50.9239215091658],[0.867891381774926,50.933262295643],[0.855967970123694,50.9531286066064],[0.841401377893081,50.9576088287223],[0.812941746895733,50.941999575237],[0.784327858018418,50.9772296872172],[0.777134928696756,50.9754283500105],[0.778956704972181,50.9894920251371],[0.74061137766967,51.0006767086619],[0.706770603419155,50.9936018231459],[0.676955919326293,51.0032987859205],[0.661399802568737,51.0177718615141],[0.605390823945922,51.0120699758106],[0.570801043736655,51.0034823164113],[0.541719760675965,51.0111085124189],[0.537568517875719,51.0216392178518],[0.472319209676433,51.0304360887881],[0.463267138803114,51.0547870173775],[0.418266860755534,51.0626269713542],[0.396496475173542,51.0831316884844],[0.373840828926189,51.0884605030414],[0.350831195947389,51.0840559156746],[0.358976559646714,51.1045306546083],[0.335077206061616,51.1054658909701],[0.32516510810618,51.1229560795919],[0.274874930408996,51.1206517720545],[0.275613215976201,51.112298517214],[0.244577828429569,51.1148342412447],[0.226255230233864,51.1244861160789],[0.171472727638366,51.1154149026254],[0.151187333045437,51.1238205532318],[0.160718236048252,51.1373289192539],[0.133117086399998,51.1472785195743],[0.0500165286936347,51.1426500167773],[0.0526003640340758,51.1806240184208],[0.0335989515635273,51.2143379727583],[0.0582428302016134,51.247778326722],[0.042396497430127,51.2926730476417],[0.085693083414603,51.2930842274768],[0.085029299988601,51.3160232052895],[0.117900333226097,51.329647100945],[0.118456303441167,51.3441477832474],[0.136958108456318,51.3441746058011],[0.152057738933261,51.3696937056142],[0.147741030714359,51.3928010027283],[0.162384150043184,51.3924903029428],[0.148869410494427,51.4084291289347],[0.152932433172376,51.4087084822957],[0.155875040956964,51.430876583241],[0.164328170821928,51.4285849613143],[0.172844869107023,51.4432871518183],[0.203374621646498,51.4543154589105],[0.221177283091669,51.4787996029256]]]]},"properties":{"CTYUA23CD":"E10000016","CTYUA23NM":"Kent"}},{"type":"Feature","geometry":{"type":"Polygon","coordinates":[[[-2.46086273483392,54.2267161360628],[-2.53397895530311,54.1576927137726],[-2.56050449737639,54.1530521184271],[-2.56474222741882,54.1268638437646],[-2.52400965394564,54.0946224801854],[-2.50952601849528,54.0954253307687],[-2.46434741774283,54.0752794330057],[-2.46954984634616,54.0462122430995],[-2.42582648982368,54.03809491029],[-2.37407297715162,54.0490890614635],[-2.35732329416741,54.019117094779],[-2.33956433043647,54.0093207230696],[-2.35228494459096,54.0105532697488],[-2.35219961279232,53.9946235107344],[-2.33999932342476,53.9894768973423],[-2.31917729442185,53.9938205142511],[-2.29451918094864,53.9744631577094],[-2.23039881478544,53.9815667896336],[-2.22111218452458,53.9779017078813],[-2.23209923454447,53.9712160508476],[-2.22567381467208,53.9611195240562],[-2.1960183674942,53.9695758455163],[-2.18446422707568,53.9522113899003],[-2.18227343100205,53.9354059641897],[-2.13222410689956,53.9265088512197],[-2.11334616135047,53.9156268544808],[-2.10301894796253,53.8909412971484],[-2.08144705819635,53.8756803214603],[-2.08991499194819,53.8681819729435],[-2.04613032171259,53.8501412464577],[-2.04692463706631,53.8295102819506],[-2.06122232901262,53.8256202153325],[-2.1122782559236,53.8057085093521],[-2.12835851818789,53.7990313038972],[-2.12481550058915,53.7880553424965],[-2.13636274882185,53.7801044595242],[-2.13117443618115,53.7515444483757],[-2.17329132180093,53.7230096469322],[-2.14632807589576,53.6822315294492],[-2.1613528322883,53.6413741752366],[-2.18539583912308,53.6382240927871],[-2.18236631347857,53.6482630692672],[-2.2052468919727,53.6543615218364],[-2.21772889962318,53.6689807388165],[-2.24586450632537,53.6634417602814],[-2.26992520624279,53.6460572706939],[-2.25679062940177,53.6204421040098],[-2.27176557607027,53.6144780087313],[-2.2951870593827,53.6401795209529],[-2.29900613061694,53.6667094535584],[-2.316664441188,53.6549146939187],[-2.37123619444388,53.667080654493],[-2.37442427465371,53.6872544342486],[-2.39834827805747,53.6915598628812],[-2.41099845161325,53.7051758117169],[-2.4336882915626,53.7192143419331],[-2.44006779499927,53.7494181204385],[-2.45163333979243,53.7564683821806],[-2.44631709415123,53.7665897010512],[-2.46580771374763,53.7808134079364],[-2.55126201509644,53.7563663504931],[-2.56160160852994,53.7469013543165],[-2.53977957143907,53.7021842995436],[-2.51565600534206,53.6924029421821],[-2.53236956619436,53.6648762944689],[-2.51132292934796,53.6269949667172],[-2.56919721747098,53.5955651701553],[-2.59585449396683,53.6107991587726],[-2.62593620171468,53.5936955523287],[-2.63459215891522,53.6082827625043],[-2.68945573934377,53.6042795359639],[-2.69335212229441,53.5894286646168],[-2.71922262231971,53.5761141813386],[-2.70481914779262,53.5591921853052],[-2.71783520038214,53.5273092252674],[-2.73041764234418,53.520581370431],[-2.76887248377879,53.513571464193],[-2.78247648838422,53.5314301969823],[-2.81661562875716,53.51228231991],[-2.82496446472738,53.4852092192654],[-2.84442114863858,53.4841303894131],[-2.8498364247934,53.4931391728108],[-2.86515490038089,53.4920871492598],[-2.88796343716735,53.5038459496941],[-2.88168765511613,53.520522907255],[-2.92300940751067,53.5252200425158],[-2.94788017879154,53.5443216462044],[-2.97727810557614,53.5462271580019],[-2.96298364850007,53.5237605570865],[-2.97582621873825,53.515287937911],[-3.04669858190109,53.5429583288114],[-3.04038847552938,53.565272120384],[-3.02261999765623,53.5695979068693],[-3.02070918258232,53.5836752117772],[-3.03598609449788,53.5872183408673],[-3.02882214969535,53.6023199753557],[-2.99788936527924,53.6266670880998],[-2.98182313089385,53.6222051359481],[-2.9672591070023,53.6313286187843],[-2.94014344409029,53.6586105188298],[-2.94678566949808,53.6880175654031],[-2.95045032085472,53.6916969879953],[-2.95047123033527,53.6917183780021],[-2.95415634922314,53.69541718898],[-2.95413802198366,53.6954208168694],[-2.95520361599551,53.6964919175471],[-2.9554457431862,53.6967267378405],[-2.9562279760033,53.6975003227457],[-2.93709841824804,53.6950963234581],[-2.95112233540029,53.6997678416948],[-2.93668038869624,53.7019120124816],[-2.95496765519585,53.7040292033279],[-2.94379682703275,53.708144415792],[-2.93183958041707,53.7000091638314],[-2.92617841556414,53.7046613402068],[-2.94815308683206,53.711543574945],[-2.93828425373907,53.7249193846029],[-2.91426891678604,53.7109080027603],[-2.929326426259,53.7242027134397],[-2.91512151087959,53.7261142755702],[-2.91085259886381,53.7266934752001],[-2.86638894694105,53.7327162929713],[-2.86007524098511,53.7335700409623],[-2.84531395701645,53.7249922060964],[-2.83141678838355,53.7169116204728],[-2.82908013064916,53.7155524928209],[-2.82766381050689,53.714728618455],[-2.82699425281792,53.7143391193361],[-2.82831050384487,53.7155263796493],[-2.82981493958288,53.7173821201446],[-2.83203704385686,53.720122776558],[-2.83546013208471,53.7243438951222],[-2.82119432472963,53.7303343938563],[-2.83609940243751,53.7247874064572],[-2.84282630160563,53.7315590973804],[-2.83595981411729,53.7369506861641],[-2.8449776459918,53.7337242231253],[-2.84466909306176,53.7301118314567],[-2.85538755133208,53.7351288035924],[-2.81029727421126,53.7473646279974],[-2.80383439314723,53.7491164431537],[-2.79401670525856,53.7517766486216],[-2.79381896968612,53.7518302153191],[-2.79401912982675,53.7517866850265],[-2.85554551862048,53.7383858597419],[-2.85871618152537,53.7506384192234],[-2.85686181182712,53.738201074023],[-2.89910614945607,53.7330675456842],[-2.91098007131313,53.7325939425627],[-2.93380536789249,53.731680311776],[-2.95297566456835,53.7329298286156],[-2.94499805185899,53.7361522348614],[-2.97640691476651,53.7340474100667],[-3.03874247266197,53.7471903744071],[-3.0571063963274,53.7765235448684],[-3.05710546677166,53.7765334150351],[-3.03282276979925,53.7808616734318],[-3.02880130418184,53.7731167798034],[-2.99647825993957,53.7745040254686],[-3.00388680512874,53.7913422868504],[-2.98335722276106,53.7938034453417],[-2.99500424807209,53.8184887245035],[-3.01065293005663,53.8261939007195],[-3.0197498931885,53.8685995788685],[-3.04785645120624,53.874437169167],[-3.04773507657087,53.8757189847014],[-3.04978339034913,53.9199965179408],[-3.00847770038889,53.9289442994187],[-3.00945606329603,53.9007432366474],[-2.99957204258185,53.9285976513915],[-2.92499795483546,53.9499741071275],[-2.91565501046398,53.9474863946346],[-2.91067969592712,53.9461612117382],[-2.91561810073159,53.9457964673621],[-2.93009524140352,53.9447259904013],[-2.9155115582386,53.9409261312031],[-2.90615672313096,53.9384873735287],[-2.88101279283547,53.9433470979465],[-2.8802702495969,53.943490516087],[-2.88062800175444,53.9439467464597],[-2.88247933234625,53.9463075169779],[-2.88171881979457,53.9465981572433],[-2.86409215990748,53.9533319503351],[-2.88678401888098,53.9583551243453],[-2.86103551128866,53.955036697935],[-2.86937633898592,53.9597479343029],[-2.85724777289296,53.957606180973],[-2.86187625568654,53.9646248577274],[-2.83633255172164,53.9546298344757],[-2.85396325469742,53.965213569895],[-2.83587079118478,53.9637463747547],[-2.87194774031199,53.970310605216],[-2.87923753793334,53.9791393431248],[-2.85604609108331,53.9995731814063],[-2.8229701795703,53.9948597030324],[-2.83276461136824,53.9985054864671],[-2.83518914404623,54.0110836290889],[-2.85331147228836,54.005579352161],[-2.84494047151227,54.014857802645],[-2.86049227437598,54.0038672168401],[-2.87098374393434,54.0144287244699],[-2.86473280578499,54.0050357451458],[-2.87791602419586,54.006283746939],[-2.88101480954441,53.9894728424959],[-2.88732228538449,54.0017918523398],[-2.88606306361496,53.9910508064298],[-2.90013212019343,53.9919798884522],[-2.90402701085848,54.0221887098353],[-2.91742833503323,54.0281457090534],[-2.92443097153999,54.031257076633],[-2.92174930182206,54.0324591765428],[-2.92146692698351,54.032585748452],[-2.91241947640711,54.0337623745692],[-2.91876669371931,54.0337960277466],[-2.91756464801149,54.0343347440888],[-2.90627169415,54.0393945650005],[-2.88237965060747,54.0724446039225],[-2.8703703035772,54.0762353045924],[-2.84663256080158,54.0776379001389],[-2.8194971771231,54.0888405762586],[-2.81427341689511,54.0949109377739],[-2.82149624594291,54.0889703232623],[-2.82660007395096,54.1004332091276],[-2.78029617241889,54.1356049709591],[-2.79841004288165,54.1273924963174],[-2.80205650851171,54.1433422405468],[-2.8098154637962,54.1323274564291],[-2.824556369035,54.1403328385059],[-2.82782532460237,54.1475546976924],[-2.81059365073664,54.1550007786652],[-2.82833575687875,54.1532944293715],[-2.8379104934646,54.1742247164349],[-2.83791619316485,54.1742265695563],[-2.83721686204006,54.1741724007201],[-2.79898153022298,54.1977407703035],[-2.76823199124557,54.1859641133149],[-2.7343869846531,54.1841109651538],[-2.73648907076834,54.1690242520953],[-2.67984171291155,54.1611857015867],[-2.63993581265475,54.2020329759193],[-2.62495689056548,54.1955687289251],[-2.5760776553629,54.1955951834225],[-2.45958529173133,54.2395684104832],[-2.46086273483392,54.2267161360628]]]},"properties":{"CTYUA23CD":"E10000017","CTYUA23NM":"Lancashire"}},{"type":"Feature","geometry":{"type":"Polygon","coordinates":[[[-0.778437336497995,52.959313820404],[-0.754950088765391,52.9495561932311],[-0.776859443622395,52.9048089050897],[-0.758468269907546,52.9004900497834],[-0.766592056271416,52.8867983634491],[-0.742722542356135,52.8831571783624],[-0.682188842128433,52.8119673398488],[-0.664101453534753,52.756710460936],[-0.751697884509706,52.7367121861722],[-0.776484384415236,52.7439341917561],[-0.813435226931193,52.7291297328888],[-0.821752864472965,52.715675184548],[-0.786037151849535,52.6947509404179],[-0.782041592366397,52.669481438542],[-0.80876039097453,52.6461209886762],[-0.805824670618499,52.6206878783449],[-0.820950352829114,52.596454861719],[-0.792435455444373,52.5976141699617],[-0.765276706324838,52.5824981914995],[-0.759893743806875,52.5649060343668],[-0.738864421751923,52.5488833379763],[-0.742206489930266,52.5394859770229],[-0.713658337963826,52.524963968358],[-0.757215564663111,52.5109492213207],[-0.774866784894676,52.5182763361657],[-0.820121757601639,52.5155410008461],[-0.868699498890148,52.5270028931444],[-0.883443190675843,52.5139701581084],[-0.882125559613792,52.4931658050431],[-0.898047834720489,52.4869184507176],[-0.882395514787867,52.4712828444433],[-0.9012806064268,52.4597558601064],[-0.942191918774036,52.4677725225308],[-0.951908262509529,52.4774239308037],[-1.00069265209655,52.4709404177629],[-1.04449403157973,52.4458370181789],[-1.03427367925882,52.4362852730348],[-1.04998493314387,52.422208448854],[-1.08438179273988,52.4362981479721],[-1.12926952385576,52.4161034521555],[-1.14935295147126,52.3970406268669],[-1.18397472701336,52.3921717367682],[-1.20163348439696,52.3967344083336],[-1.30594754120562,52.4933952805605],[-1.32512125577365,52.5010544845768],[-1.41734425186395,52.5344553070612],[-1.45999402369308,52.5515899273182],[-1.52268732942375,52.5704270766406],[-1.5271552279268,52.5827378316751],[-1.56069803676403,52.5961193283491],[-1.55445233721977,52.6147620844962],[-1.57135417978669,52.6352716299301],[-1.54451698666015,52.6446078764288],[-1.55177141577137,52.6674551064611],[-1.5896451852037,52.6872608081784],[-1.59754104512465,52.7004217669502],[-1.55007807843124,52.7203741784948],[-1.54461400055382,52.7317008309073],[-1.56249379915817,52.7505757984596],[-1.55278704447237,52.7633329520744],[-1.50392775452845,52.7674943182194],[-1.49398372303295,52.7590473716688],[-1.46847185823686,52.7668909189359],[-1.45590921411606,52.7770824099739],[-1.46277863628329,52.7868634599001],[-1.4424918611222,52.7929016837644],[-1.44369131642585,52.8026163303091],[-1.41770445879577,52.8016155011951],[-1.38792159927392,52.8329824869312],[-1.39435989220902,52.8367669742549],[-1.36056563268077,52.855409413295],[-1.35108188150804,52.853306902617],[-1.34546364255116,52.8672900674342],[-1.32571582010996,52.8659133923074],[-1.31930687515051,52.8728694279118],[-1.26788907937114,52.8733686514596],[-1.27436347501172,52.8361295182939],[-1.26194492511641,52.8104472960008],[-1.23452948193383,52.8021094165535],[-1.22588604719083,52.7916775645574],[-1.19772936216661,52.7894115471348],[-1.16327577042398,52.8065222287069],[-1.13089307263852,52.8058269116307],[-1.11694190790358,52.8195772072277],[-1.07443530143318,52.8247266344066],[-1.07173821252654,52.8140112117332],[-1.03639486975401,52.8159009058031],[-1.02193315697324,52.8220518883665],[-0.982709019320862,52.8206748653118],[-0.977074582062935,52.8407376633052],[-0.959496319753573,52.8438176422343],[-0.928121482481403,52.8660833095459],[-0.940563980212635,52.8768295766686],[-0.916775334007957,52.8788759496579],[-0.85763357391753,52.9056423200794],[-0.862893425264728,52.9131138452548],[-0.824360730976672,52.9417896098345],[-0.833908629870818,52.9458805032832],[-0.820021885123097,52.9604644294128],[-0.812850938336058,52.9574642126954],[-0.796150034418614,52.9767315027749],[-0.778278647253454,52.97692337951],[-0.778437336497995,52.959313820404]],[[-1.18528923933493,52.6606440961908],[-1.19065594938898,52.6403938594434],[-1.20725216803536,52.6425879716146],[-1.215980784602,52.6345335562772],[-1.16549861830906,52.6131026368302],[-1.17422436304014,52.5929263417255],[-1.15789024255452,52.5908219889961],[-1.16094169838228,52.5825305499133],[-1.14949577431606,52.5810241157686],[-1.14361854307226,52.5880254265962],[-1.12017085196089,52.5975440768737],[-1.10365075505458,52.595911794444],[-1.09661352028508,52.616491381756],[-1.07048970747673,52.6180668313852],[-1.04696224710518,52.6346200812552],[-1.04861278988328,52.6549959563935],[-1.0750788495323,52.6696256375045],[-1.11881182169027,52.673186318861],[-1.12922467843509,52.6653897823953],[-1.14326236102496,52.6871571580807],[-1.15725203286727,52.6915230260726],[-1.17810614733343,52.6780104508785],[-1.18528923933493,52.6606440961908]]]},"properties":{"CTYUA23CD":"E10000018","CTYUA23NM":"Leicestershire"}},{"type":"Feature","geometry":{"type":"Polygon","coordinates":[[[-0.24847604907361,53.5936636925887],[-0.251395553409818,53.584653076988],[-0.234668675193634,53.586250419398],[-0.222558901329779,53.5680169282635],[-0.195185374970214,53.5716193575954],[-0.189340889945024,53.5659225885263],[-0.219882527217496,53.5326064916734],[-0.210589579218055,53.5317064650029],[-0.204086448790055,53.5117673428116],[-0.210604976147154,53.4862884751414],[-0.188565229273785,53.4845380584939],[-0.181804717740498,53.4686494122524],[-0.153680016923717,53.4656777580012],[-0.149227746736442,53.4466996653901],[-0.131844979439125,53.435925544369],[-0.120343715760136,53.4335649233719],[-0.0822093450711557,53.4511510063818],[-0.10782063241139,53.4698627577246],[-0.0898037355375292,53.4776824153005],[-0.0954884503108306,53.4859889965573],[-0.0752620038904992,53.4893357399272],[-0.0650454106098383,53.5187396577703],[-0.0147992888545281,53.5153685728982],[0.0153544542883226,53.528122344429],[0.0176321787622001,53.5254945037549],[0.0335151632718601,53.5221441135103],[0.0205627591001263,53.5184029350289],[0.0353211870879786,53.5191807832157],[0.036920843518465,53.5105095102703],[0.0360506269937293,53.5216864094768],[0.0406982824205343,53.5079741633779],[0.0444252157090361,53.5142352436025],[0.0610893460666,53.512373308132],[0.0268254714690165,53.5297075705465],[0.0765574144517849,53.513173386589],[0.0867144039573348,53.5156628353315],[0.0844941024960737,53.499431097319],[0.0907336824378426,53.4919116726897],[0.101288391976022,53.4945705290704],[0.100800187538196,53.4846392959177],[0.108409103901062,53.4844468552741],[0.115104154046365,53.4842771253588],[0.108620379622796,53.4887082368999],[0.103865542357906,53.491956962255],[0.108669409852001,53.4896975205884],[0.121294177169869,53.4837575586306],[0.108698149414543,53.4902773854351],[0.102879150609792,53.4932882406547],[0.108887081582344,53.4940888169618],[0.112879630545523,53.4946206524473],[0.109371718165889,53.5038638013091],[0.108894205897031,53.5051217087889],[0.109426473979885,53.5049679297956],[0.129307310551929,53.4992216135899],[0.134575660153346,53.4849188904056],[0.143210086871728,53.4854186429343],[0.138647967656849,53.4948981153961],[0.14670157873539,53.4929351731485],[0.166167939214643,53.4770987904862],[0.17363292641706,53.4710219351424],[0.165327314429521,53.4738142430231],[0.179382144359134,53.4434414948841],[0.190483007558852,53.4382965356059],[0.175425306266687,53.436992609047],[0.191214073255705,53.437427100403],[0.211050013199773,53.4173962769271],[0.189482788016447,53.4173260114833],[0.213084786958964,53.4166096932645],[0.212519722545717,53.4160681497477],[0.212144840361191,53.4160877016781],[0.206382924850026,53.4101857070746],[0.212232953907791,53.4157933100615],[0.214375603613943,53.4086334445589],[0.214157638630118,53.4159967854498],[0.23139876951704,53.4024007949384],[0.260508164263254,53.3592650897364],[0.274451481687203,53.3322285592378],[0.321807712127053,53.2664691644371],[0.355613002033039,53.1920703875955],[0.34938034708227,53.1140030975909],[0.349234252655536,53.1121680937899],[0.337989197869103,53.1017805106042],[0.337605952200263,53.1014263798277],[0.334087823123141,53.0867342125618],[0.334949187234994,53.0943998313161],[0.319193343319515,53.0917423829998],[0.318864473382667,53.0910713569981],[0.299240759473107,53.0907296033659],[0.315671925180615,53.088739209231],[0.288436246155754,53.0757361191893],[0.281788474293144,53.0801043299036],[0.287476037263319,53.0748854558599],[0.257194075523941,53.0637750500138],[0.268903711100709,53.0631657513681],[0.258239648719621,53.0564513065349],[0.248824995771355,53.0521942995796],[0.242867852092857,53.0571768601319],[0.248588097239177,53.0518830276379],[0.236045432937542,53.0530536477468],[0.244553084425172,53.0486200688486],[0.199587103225464,53.0326456083714],[0.199561939915008,53.0326328003583],[0.151425047758128,53.0081071320017],[0.0819162555065529,52.9412798220667],[0.0797585453535131,52.9392013441645],[0.0723074637235936,52.9320220309797],[0.0783789397687592,52.932032937925],[0.0531814932183861,52.9161811154959],[0.0383793820083871,52.9058688981132],[0.0381197831686075,52.9051792648053],[0.027124639557576,52.8984938210467],[0.0380752444150802,52.9050609460793],[0.0374215637733987,52.9033243088796],[0.0408309524834159,52.9065867619452],[0.0685508565176829,52.9187349195823],[0.069157797580135,52.908215533813],[0.0563762601847459,52.9033926270039],[0.0733777427185805,52.906084841956],[0.0769905204523366,52.8980744354282],[0.0798194631651481,52.8975354709472],[0.145014386349435,52.8850924735135],[0.136016531757814,52.8745208753676],[0.150286836905936,52.8823932995595],[0.176331510149807,52.874116224234],[0.214268020679957,52.8289513668578],[0.197208479704059,52.8297494016297],[0.215079923686474,52.8284803929697],[0.214918253239018,52.8228492730673],[0.204372826472305,52.7815677995402],[0.216813149561601,52.8208834007087],[0.245249322896739,52.8221806026798],[0.265734430631501,52.8139100626821],[0.245037550842594,52.7844699915289],[0.272228339358099,52.7728129925168],[0.186323197484379,52.7353486313374],[0.171626068420179,52.7380317024757],[0.132975309366633,52.7393044772068],[0.0890116953988098,52.723630166001],[0.0636266193206916,52.7273915095045],[0.0441494759872833,52.7143823496307],[0.0485664016375671,52.6814016602111],[0.0215003524278174,52.6648872884646],[-0.0312706832650579,52.6615327439854],[-0.0637138143765743,52.6752330946213],[-0.087752503198597,52.6667860926836],[-0.102195958212229,52.6722061953853],[-0.14106199482318,52.6515074247825],[-0.180020104975691,52.6605611585471],[-0.192867813968712,52.652438511053],[-0.212501332962663,52.6666794930237],[-0.260753908799236,52.6514179778757],[-0.289240338532188,52.6702761885072],[-0.335037147761973,52.6748659736262],[-0.350076984266874,52.6616700392401],[-0.405694618313302,52.6480559479697],[-0.452832300952799,52.6542749156432],[-0.494688679013636,52.6402652609402],[-0.495025802128916,52.6402363852471],[-0.523586001633851,52.6652337202479],[-0.50667432122478,52.6595259212941],[-0.456191200774775,52.6703934333934],[-0.434054536211506,52.6837050717487],[-0.430443229209799,52.7054219474813],[-0.49453090710973,52.7096532797771],[-0.542433641184147,52.7232814494385],[-0.539974276076003,52.7384017547715],[-0.572636470370485,52.7531090381208],[-0.6054438425778,52.7504929444177],[-0.610288468749071,52.759821379638],[-0.664101453534753,52.756710460936],[-0.682188842128433,52.8119673398488],[-0.742722542356135,52.8831571783624],[-0.766592056271416,52.8867983634491],[-0.758468269907546,52.9004900497834],[-0.776859443622395,52.9048089050897],[-0.754950088765391,52.9495561932311],[-0.778437336497995,52.959313820404],[-0.778278647253454,52.97692337951],[-0.80408612641495,53.0125054042472],[-0.795824908778034,53.0105980780874],[-0.788413809258192,53.0258533556871],[-0.760826457019771,53.0294103391587],[-0.749551780121272,53.0551156534211],[-0.716203841365838,53.0590587016488],[-0.713466500275659,53.0660465540168],[-0.695132072842781,53.0662902240033],[-0.729617825692047,53.0979020211063],[-0.716755387970816,53.1161847968106],[-0.732407362918311,53.1278015877576],[-0.715375394751415,53.136882863606],[-0.718160267478104,53.1772877899828],[-0.764018606606756,53.182575432889],[-0.730569016450559,53.2107564502185],[-0.714752926702038,53.207607769642],[-0.697616436379696,53.2202372907865],[-0.675872140728609,53.2176443564103],[-0.666577004989044,53.2397024965169],[-0.688027280325921,53.2583912407031],[-0.734150803388177,53.2540040459026],[-0.73508333879074,53.2438739831484],[-0.77707445272525,53.2469081695812],[-0.764279778594267,53.2727392389111],[-0.778125134023722,53.2838542983806],[-0.763502149436118,53.2994375870592],[-0.7509672806112,53.2936023704112],[-0.747138182399111,53.3043331964575],[-0.749955286880473,53.324218319306],[-0.766473605946302,53.3301074983394],[-0.75861635902076,53.3538375874827],[-0.774459228767948,53.3644324688258],[-0.791132345567737,53.3635515399955],[-0.775235921241154,53.3777587756085],[-0.790442566301084,53.3858538485282],[-0.77713967926781,53.3969143896921],[-0.788624379569326,53.4152612769651],[-0.818092247122536,53.4269787990146],[-0.820515392196552,53.4407478802065],[-0.797483349537156,53.4550644469113],[-0.784364875033277,53.4633795465991],[-0.784388777567045,53.4766692157187],[-0.771568244935175,53.4792015606648],[-0.768109606084077,53.4989256083412],[-0.752113860480161,53.500530608656],[-0.739591684118626,53.5199359490779],[-0.624491104429227,53.5128392148578],[-0.629752674978015,53.4582189924615],[-0.551788631166795,53.4595199872907],[-0.471749465254693,53.4748729017697],[-0.486630004727343,53.4804701677829],[-0.488383657821996,53.5048602245041],[-0.405074524830151,53.5176169033637],[-0.408145080459695,53.5321088685983],[-0.430664749921137,53.5463371564568],[-0.50125785289296,53.5374615766105],[-0.490926930402738,53.5458749237782],[-0.467018371437879,53.5489606923849],[-0.429001046046789,53.5745247151217],[-0.41696297298743,53.5632146898956],[-0.335938821094677,53.5586265922375],[-0.300743140941247,53.5952836309763],[-0.308555246775199,53.6143287578592],[-0.29211512919743,53.6132674312187],[-0.24847604907361,53.5936636925887]]]},"properties":{"CTYUA23CD":"E10000019","CTYUA23NM":"Lincolnshire"}},{"type":"Feature","geometry":{"type":"MultiPolygon","coordinates":[[[[0.912456339387194,52.963996740283],[0.89168039512801,52.9619050986592],[0.902493773786581,52.9659933585891],[0.912456339387194,52.963996740283]]],[[[0.905252761919378,52.9680578345621],[0.879713220351256,52.9591031123286],[0.886610216489021,52.9625761306659],[0.875650893504332,52.9673048728164],[0.886149431184195,52.9640630876053],[0.894187439816898,52.9707774140243],[0.905252761919378,52.9680578345621]]],[[[0.878113972196959,52.9758624686241],[0.88372450704003,52.9650367782005],[0.866719494553699,52.9761157965254],[0.872053130086781,52.9691358973434],[0.867868964021734,52.9734268275889],[0.854815886035976,52.9667493521165],[0.866597863393481,52.9786807735577],[0.878113972196959,52.9758624686241]]],[[[1.00685571148234,52.9743043522984],[1.01022065239187,52.9735181286445],[1.12422372963958,52.9513225120045],[1.27229224638306,52.9358695120027],[1.30104676687413,52.9328458143432],[1.36009696601796,52.9098801842807],[1.43213817182829,52.8817894026792],[1.56011740342889,52.8154068594305],[1.58646071859618,52.8017009236176],[1.67484113942027,52.7425942448072],[1.67487012758371,52.7425748220914],[1.69756589320841,52.7235362802918],[1.69945542099937,52.7198940801058],[1.73696573101333,52.6474630643088],[1.74355917215289,52.5742791179601],[1.74002099017134,52.574228385339],[1.74005460210309,52.5675760023403],[1.73314975594608,52.5565691572312],[1.74023225496099,52.5325703570471],[1.7402347174938,52.532086642135],[1.72600396630919,52.530642210805],[1.70209270732496,52.5446501594507],[1.6677213928621,52.5502533508021],[1.62860465969977,52.5260245799128],[1.65427974170962,52.5014166495002],[1.67183170307879,52.5039117549176],[1.68236363734103,52.4953066724012],[1.65867963844211,52.4683737449053],[1.64683780290567,52.4720147257921],[1.63454251516346,52.4629545134124],[1.61818294312149,52.4633232977971],[1.58637089754791,52.4786944285996],[1.56802007943695,52.4746308730977],[1.5578231460997,52.4576964856642],[1.52971326201219,52.4683925367509],[1.50802174571599,52.4617522835664],[1.48074305837944,52.4718923988074],[1.44619718853406,52.4560222091517],[1.42030308639006,52.4710696668789],[1.4109792467086,52.4616954221147],[1.43331007688959,52.4559328519518],[1.43267992151891,52.4453634447494],[1.4079297794924,52.4444097916807],[1.3636202260657,52.427475664893],[1.34711166264909,52.404386045802],[1.31648910385456,52.3873712706638],[1.28623475061443,52.3906896612778],[1.25999663283469,52.3710993802039],[1.21386742646296,52.3553904430284],[1.06822135298988,52.3785342595394],[1.0299825148205,52.3787422014822],[0.967471041469699,52.3701127508693],[0.93113643554975,52.3886724159552],[0.866872972281114,52.3903459075399],[0.840851015761159,52.4008500555178],[0.808172226111564,52.3895244619185],[0.765966099968042,52.3903574978612],[0.747404613361451,52.3831865529757],[0.737589057243696,52.3951383208205],[0.691051677828472,52.3974190137468],[0.668578773135575,52.4089475055213],[0.718744892541811,52.4496964493944],[0.68397338808772,52.4531649536221],[0.666306671108424,52.4625416477789],[0.641832795782061,52.4509649991787],[0.582501080763578,52.4518613705246],[0.554704781403604,52.4560251879721],[0.5236595331849,52.4481959854536],[0.445437119649996,52.4473745971569],[0.429297962734167,52.4364525839507],[0.428529094955595,52.4546526146309],[0.380706411169306,52.4795394587225],[0.367062169051718,52.5011737855372],[0.309360655162502,52.5136222736722],[0.256396443302898,52.5077267041071],[0.246007354494561,52.4999383331068],[0.236319141863767,52.5072905693362],[0.206123341125585,52.5196351215419],[0.230591211600485,52.5279099439945],[0.207919527180528,52.5300693668699],[0.203827914065556,52.5454044277664],[0.214613318400706,52.5491178024792],[0.205247887435987,52.5478379025691],[0.204727251635359,52.5546545028378],[0.217226272744751,52.5605870423813],[0.205638395911868,52.5654404479797],[0.218389294671767,52.5726128040467],[0.191607928549226,52.5990126540021],[0.219064834307513,52.621980521018],[0.16992534130976,52.6504354938339],[0.18384177886579,52.6556620737875],[0.184716621631441,52.6778946663696],[0.153570700388405,52.6822231833906],[0.171626068420179,52.7380317024757],[0.186323197484379,52.7353486313374],[0.272228339358099,52.7728129925168],[0.245037550842594,52.7844699915289],[0.265734430631501,52.8139100626821],[0.267446588460357,52.8132184983809],[0.285057668137962,52.8118263203045],[0.278395877626789,52.8161148328737],[0.287556056725675,52.8192343912636],[0.290376778901075,52.813126825116],[0.315488910328415,52.8188364806431],[0.344591126191338,52.8142684295104],[0.334354789357874,52.8102022470232],[0.345887042886284,52.813598595303],[0.338930305129746,52.8076485112689],[0.352091102081896,52.8093603173592],[0.345327245104745,52.8032968992617],[0.35382719525255,52.8063124684799],[0.362445909182256,52.7966615210538],[0.370922078202803,52.7826687917931],[0.38853539112662,52.7535630100236],[0.392270008869379,52.747386522086],[0.389333262077628,52.7535469312624],[0.374646612709678,52.784329355939],[0.381462777970733,52.7887595602234],[0.374153487645857,52.7852940916572],[0.371289074166856,52.7894180015519],[0.362774256349891,52.8016719578582],[0.370302904371419,52.8023638687585],[0.358254502339108,52.8077623427706],[0.372476429848191,52.8112315517815],[0.381210291419371,52.8133609098932],[0.372569027054518,52.8129316952256],[0.357554030835117,52.8121843791636],[0.372988293555394,52.8206304318267],[0.402614434250857,52.8368276634646],[0.411648261401804,52.8325557473558],[0.405081459543423,52.8376932067566],[0.433003256027465,52.8530996757149],[0.444560012817238,52.8534376109184],[0.449586327331554,52.8424175010636],[0.444878314154611,52.8728586101876],[0.480282591568989,52.9315149029533],[0.490249606384367,52.9479963906688],[0.541634963466823,52.9751711069278],[0.569348921137171,52.9753006674231],[0.561638149776694,52.9719065696807],[0.576264084204169,52.9640222278096],[0.58638144312343,52.9728996148812],[0.586989169784313,52.9659495294257],[0.592218843670143,52.970961389718],[0.590079582611497,52.9646779304102],[0.603482404366741,52.9657921050902],[0.587927232268307,52.9770705055609],[0.617747119151516,52.9727300148537],[0.613925703581596,52.9660093895254],[0.626238652624348,52.9673915088488],[0.622776745171226,52.9737869394845],[0.671583284579629,52.9775154938964],[0.668845953813996,52.9700585844216],[0.638619456060705,52.9708681338762],[0.643469471553407,52.9662187407374],[0.678875889784711,52.9673162596726],[0.684717255782904,52.9674963077783],[0.700069965460583,52.9735275662484],[0.680041208341459,52.9694792772137],[0.69379881960157,52.978983278718],[0.715512467545669,52.9718471662464],[0.748045016244384,52.9748024583807],[0.750537193979065,52.9725798680352],[0.746302711245387,52.9661849823927],[0.747599712749606,52.9726003415778],[0.731746143493666,52.9727095840603],[0.731603855220474,52.961139843901],[0.757834038669975,52.969380843832],[0.753634533817098,52.975088183066],[0.764476660287398,52.976593712039],[0.75058726427889,52.9767437523815],[0.781524040264648,52.9783976921664],[0.781703665985085,52.9783680205256],[0.812507990778506,52.9732749163076],[0.845365088686037,52.9776552573056],[0.851017636963859,52.9577771612328],[0.869617836613959,52.9547881507663],[0.905442767433955,52.9624367508906],[0.909320847485536,52.9568772396867],[0.91063711682205,52.9633215401135],[0.916903077952297,52.962456347187],[0.914622551657334,52.9636649189961],[0.920983799050499,52.9661906036701],[0.936507921272435,52.9576696194423],[0.976453044378328,52.9628272156253],[0.983985947821146,52.9637981718988],[1.01450755993171,52.962999667153],[1.01060170679714,52.9550193280407],[1.0305275258189,52.9666083967421],[1.00294765087697,52.9738912312843],[0.977077850478483,52.9719123737569],[0.969859306983983,52.9713592009635],[0.95800609056073,52.969305267068],[0.974973352016767,52.9803539889175],[0.977623821862181,52.979851451625],[1.00685571148234,52.9743043522984]]],[[[0.695431371028693,52.9869160805891],[0.75100375951988,52.9781731447079],[0.721725241249031,52.9824910799091],[0.716592290742357,52.9773571205732],[0.718928305496478,52.9827700138808],[0.711043461567866,52.9786968809804],[0.703495826588303,52.9837648896913],[0.700925367100904,52.9791711626033],[0.703373068550493,52.9852209304048],[0.697611846999556,52.9806712994043],[0.690356200190578,52.9869941686722],[0.696512564907587,52.9808830161582],[0.685417788474288,52.9832275209772],[0.682107708381526,52.9774117889823],[0.685885539553471,52.9867370506931],[0.680070904313345,52.9866407005841],[0.658053979870343,52.9862733491537],[0.680117030030948,52.9873866949632],[0.686500540084794,52.9877080631668],[0.695431371028693,52.9869160805891]]]]},"properties":{"CTYUA23CD":"E10000020","CTYUA23NM":"Norfolk"}},{"type":"Feature","geometry":{"type":"Polygon","coordinates":[[[-0.920246794246959,53.4655076505704],[-0.916249020723134,53.4602956897155],[-0.871919281432214,53.4663108039549],[-0.797483349537156,53.4550644469113],[-0.820515392196552,53.4407478802065],[-0.818092247122536,53.4269787990146],[-0.788624379569326,53.4152612769651],[-0.77713967926781,53.3969143896921],[-0.790442566301084,53.3858538485282],[-0.775235921241154,53.3777587756085],[-0.791132345567737,53.3635515399955],[-0.774459228767948,53.3644324688258],[-0.75861635902076,53.3538375874827],[-0.766473605946302,53.3301074983394],[-0.749955286880473,53.324218319306],[-0.747138182399111,53.3043331964575],[-0.7509672806112,53.2936023704112],[-0.763502149436118,53.2994375870592],[-0.778125134023722,53.2838542983806],[-0.764279778594267,53.2727392389111],[-0.77707445272525,53.2469081695812],[-0.73508333879074,53.2438739831484],[-0.734150803388177,53.2540040459026],[-0.688027280325921,53.2583912407031],[-0.666577004989044,53.2397024965169],[-0.675872140728609,53.2176443564103],[-0.697616436379696,53.2202372907865],[-0.714752926702038,53.207607769642],[-0.730569016450559,53.2107564502185],[-0.764018606606756,53.182575432889],[-0.718160267478104,53.1772877899828],[-0.715375394751415,53.136882863606],[-0.732407362918311,53.1278015877576],[-0.716755387970816,53.1161847968106],[-0.729617825692047,53.0979020211063],[-0.695132072842781,53.0662902240033],[-0.713466500275659,53.0660465540168],[-0.716203841365838,53.0590587016488],[-0.749551780121272,53.0551156534211],[-0.760826457019771,53.0294103391587],[-0.788413809258192,53.0258533556871],[-0.795824908778034,53.0105980780874],[-0.80408612641495,53.0125054042472],[-0.778278647253454,52.97692337951],[-0.796150034418614,52.9767315027749],[-0.812850938336058,52.9574642126954],[-0.820021885123097,52.9604644294128],[-0.833908629870818,52.9458805032832],[-0.824360730976672,52.9417896098345],[-0.862893425264728,52.9131138452548],[-0.85763357391753,52.9056423200794],[-0.916775334007957,52.8788759496579],[-0.940563980212635,52.8768295766686],[-0.928121482481403,52.8660833095459],[-0.959496319753573,52.8438176422343],[-0.977074582062935,52.8407376633052],[-0.982709019320862,52.8206748653118],[-1.02193315697324,52.8220518883665],[-1.03639486975401,52.8159009058031],[-1.07173821252654,52.8140112117332],[-1.07443530143318,52.8247266344066],[-1.11694190790358,52.8195772072277],[-1.13089307263852,52.8058269116307],[-1.16327577042398,52.8065222287069],[-1.19772936216661,52.7894115471348],[-1.22588604719083,52.7916775645574],[-1.23452948193383,52.8021094165535],[-1.26194492511641,52.8104472960008],[-1.27436347501172,52.8361295182939],[-1.26788907937114,52.8733686514596],[-1.24005549011668,52.8801088572395],[-1.23970599304057,52.8922892374961],[-1.24608851071626,52.9029450963556],[-1.28176039520148,52.9102759782026],[-1.2810311195325,52.9491583375537],[-1.29250116524851,52.95557367756],[-1.28774933165725,52.9696624541577],[-1.30742618330068,53.0036246084852],[-1.33191766877383,53.0310543267617],[-1.33586846310334,53.0529658466922],[-1.34442765908781,53.0655425436049],[-1.33163547679324,53.0809878876668],[-1.30288293813129,53.0882021965164],[-1.30925140895617,53.0967701742604],[-1.30061890454589,53.1020493750728],[-1.3217802282925,53.1306503063911],[-1.32345835230319,53.1623331027815],[-1.29074206518232,53.1714250579812],[-1.25992533857434,53.1644794428507],[-1.2404458498629,53.1786506138327],[-1.19696175792696,53.1848073155033],[-1.20941304066261,53.2176869864459],[-1.20204335247706,53.2355423017166],[-1.21302650313245,53.247672496561],[-1.20252032201365,53.2611600919441],[-1.17468978885802,53.2651647087048],[-1.18154150249029,53.2700320636288],[-1.1664875414478,53.277655368261],[-1.1801170205129,53.2871347459353],[-1.17662092204204,53.3051235060859],[-1.19974282859,53.3114401853799],[-1.13871810210376,53.3413828117799],[-1.14100746087464,53.3467476780075],[-1.15684339220656,53.344969500268],[-1.16261328765896,53.356843862023],[-1.13853968203233,53.3559075142163],[-1.14603291441165,53.3690411457852],[-1.13053708984926,53.3755712195116],[-1.13460768887929,53.3900315644246],[-1.11557938044441,53.3971857499007],[-1.11604100602787,53.4073493537968],[-1.08043943279743,53.4268678599403],[-1.0309498187762,53.4309795264014],[-1.03051529485536,53.4251953103943],[-1.01434673955409,53.4262954965662],[-0.995669798894032,53.4369266843309],[-0.985978085087804,53.471673371995],[-0.953259205587141,53.4844235292892],[-0.935564625288195,53.5025165293909],[-0.9004706270826,53.4751558672792],[-0.920246794246959,53.4655076505704]],[[-1.20336759608895,52.9875096952567],[-1.22617837809272,52.9811421831213],[-1.24683864344809,52.9845431945876],[-1.23197884944612,52.9676427065689],[-1.24689074252863,52.9531957032849],[-1.1823012510609,52.9173362705305],[-1.1990092076238,52.9094788675439],[-1.21089944638808,52.912152759478],[-1.21391985222849,52.9044147876099],[-1.17653752595522,52.8890277540577],[-1.15856393277553,52.9000357977526],[-1.15228878148246,52.9370264523314],[-1.14188338396034,52.9319895309035],[-1.13176001590183,52.9428159257364],[-1.0996766978426,52.9419751354145],[-1.08611507246246,52.9485698839615],[-1.12010685417214,52.9678253942361],[-1.12278627374494,52.9834669491086],[-1.14248865969578,52.9862884053635],[-1.13825471637456,52.9948435788441],[-1.15365597377739,52.9971852178717],[-1.14351267958868,53.0065011444905],[-1.1827461829988,53.01856914589],[-1.21003739743806,53.0181167436974],[-1.22519109963406,53.0081370692538],[-1.21911498293446,52.9914444948972],[-1.20336759608895,52.9875096952567]]]},"properties":{"CTYUA23CD":"E10000024","CTYUA23NM":"Nottinghamshire"}},{"type":"Feature","geometry":{"type":"Polygon","coordinates":[[[-1.3318971346503,52.168485056197],[-1.2480850615427,52.0971607919138],[-1.32116486414435,52.0870189284444],[-1.31815993117564,52.0799212576787],[-1.29750881413832,52.0780566948102],[-1.31292004347286,52.0514526634399],[-1.27816401885651,52.0142726693672],[-1.28349719185547,51.9795649901667],[-1.24161223468245,51.9862933638439],[-1.19625975033443,51.9774314432067],[-1.16382348465592,51.993412226747],[-1.13432869833779,51.997296387881],[-1.11808639729751,52.015426172085],[-1.053130685858,52.0024464175604],[-1.09516668657217,51.9574323430641],[-1.0789921042063,51.94339446818],[-1.05461629259457,51.9479588124095],[-1.0866733468149,51.9226458788993],[-1.07935639023285,51.9172219822449],[-1.09351899137334,51.8939368967027],[-1.06897524962351,51.8872626698247],[-1.07760518877841,51.876730766172],[-1.0646424320269,51.8686971833462],[-1.06197784920729,51.8441266357268],[-1.0471229362899,51.8398136635254],[-1.07844944295484,51.8292545769782],[-1.12159886352224,51.8453420987276],[-1.14075388125809,51.8346761212775],[-1.11009656481819,51.8173050363525],[-1.12488968962276,51.8075112142446],[-1.12354117099906,51.7941812934693],[-1.10636133376123,51.781630502706],[-1.08323928312899,51.7805175968097],[-1.08085173738086,51.756553657355],[-1.04547146097639,51.7445992127829],[-1.03043536180328,51.7449285729707],[-1.02978259318824,51.7578890168578],[-0.98631786027973,51.7520582911413],[-0.97979648625965,51.7607054549317],[-0.954181922808247,51.7578577280186],[-0.924115298282358,51.7477150779008],[-0.888377397705651,51.719226660985],[-0.894772980132941,51.6925222890904],[-0.879895887122356,51.6808648769757],[-0.897896373360577,51.6764007553867],[-0.877706762468148,51.6683850758408],[-0.9177290186767,51.6724004078012],[-0.932212883219972,51.6648684666832],[-0.927251214485182,51.6514436207499],[-0.950725842013544,51.6507411973348],[-0.934586126755807,51.6366985714793],[-0.950029511752735,51.6289071647048],[-0.938644424025197,51.617786881244],[-0.943092319329677,51.6049421076086],[-0.916933649244239,51.5996475026708],[-0.94147123230418,51.5855069546108],[-0.93842713855053,51.5711555383331],[-0.901680596010387,51.5561657738043],[-0.896882190115767,51.5448630133878],[-0.900134311968213,51.5366613900098],[-0.878512270321433,51.5234856398144],[-0.870304673324217,51.5035928881502],[-0.893850446902064,51.496642617907],[-0.921698113854484,51.4679314572446],[-0.949167813963054,51.4595133249537],[-0.955183902930422,51.4653338410832],[-0.941136942883797,51.4749776509985],[-0.957486894679264,51.4930805511612],[-0.99839893680447,51.4843048201943],[-1.01356370078558,51.466292019823],[-1.03655747758827,51.4752267537868],[-1.05134983656427,51.4918599385978],[-1.0878821588534,51.4857544151913],[-1.10217985266957,51.4896735713327],[-1.1130174680504,51.5094886961382],[-1.14205314180795,51.5161954403677],[-1.14037476539537,51.5429113017947],[-1.20465030082425,51.5283945154373],[-1.20464416143085,51.537603894896],[-1.22679203559485,51.5351584620885],[-1.26065559107578,51.5377899051538],[-1.3287207966799,51.5637124135033],[-1.34240310935362,51.543686280692],[-1.3673210476583,51.5524667176092],[-1.38377881234937,51.5404262109553],[-1.4048577107684,51.5472352184892],[-1.42276866886813,51.5357649276512],[-1.42659119274702,51.5455988598669],[-1.44783186160006,51.5364265429324],[-1.46442254094774,51.5385166987317],[-1.47074436480117,51.5286068389578],[-1.51293889355992,51.5507598098694],[-1.53095864819817,51.5460694666429],[-1.55500824660554,51.5533709401076],[-1.58118687450076,51.5369949629826],[-1.58469504578326,51.5249220610758],[-1.60282488305727,51.5183097255545],[-1.64768626504516,51.5719347094789],[-1.65504259728401,51.5764933609045],[-1.67654765821201,51.5693909375595],[-1.69110586307939,51.583505684584],[-1.69059536080077,51.6054112343858],[-1.66698974337017,51.6162194516661],[-1.67372908103647,51.6228363434038],[-1.65992419135007,51.635015925134],[-1.69188577119607,51.6521617513575],[-1.70021189280661,51.6708830748455],[-1.68313461199299,51.690126377727],[-1.66845860139018,51.6804375698815],[-1.64825374342062,51.6840870667632],[-1.68800012551327,51.7120447484807],[-1.69587065656067,51.7235374534648],[-1.6870208353919,51.7398840237491],[-1.70070464063817,51.7705842309133],[-1.71948863302901,51.783211828608],[-1.68193160633868,51.8039930873526],[-1.68646159226861,51.834455791808],[-1.67638499897572,51.8503096863382],[-1.68686790516724,51.865499769979],[-1.66711188278055,51.8770000586035],[-1.6586519744456,51.8965511935467],[-1.63305061648252,51.8992254674722],[-1.64552984349675,51.9222942568441],[-1.61518947797644,51.9376820884175],[-1.63249065036283,51.9556514588347],[-1.66252911046192,51.96400494758],[-1.66575430454863,51.9874888219864],[-1.61234247849955,51.9554034171782],[-1.5916338243768,51.9704499714443],[-1.60030155963125,51.9769415562367],[-1.56353907898642,51.977040370489],[-1.5496712341503,51.9808596590458],[-1.55722360987893,51.9916576656612],[-1.52282569381325,51.9968433232583],[-1.48780444309778,52.0939574330421],[-1.47730164801721,52.1013509449693],[-1.44718785165916,52.0976250329561],[-1.45345845225059,52.1130088171451],[-1.42585527139589,52.1182494968197],[-1.38539981246728,52.0941455730689],[-1.35776965526573,52.101310424564],[-1.37084214071868,52.1175341834914],[-1.39330253064253,52.1189629049398],[-1.36614709694777,52.136075238415],[-1.34870798028103,52.135132199429],[-1.3318971346503,52.168485056197]]]},"properties":{"CTYUA23CD":"E10000025","CTYUA23NM":"Oxfordshire"}},{"type":"Feature","geometry":{"type":"Polygon","coordinates":[[[-1.86082129936616,53.1884672360808],[-1.81261515779332,53.1544091321935],[-1.82186356951693,53.136684445281],[-1.78368614765435,53.102957909794],[-1.79423901989599,53.088394057015],[-1.77565273133757,53.0593546416479],[-1.77898682375688,53.0449180744186],[-1.758931442407,53.037315773926],[-1.76240468835541,52.9998576830648],[-1.82678096538971,52.9770857589323],[-1.82858995111019,52.9478711715956],[-1.85657875821379,52.9233447106857],[-1.82820959492902,52.8844277546452],[-1.77722065071375,52.8838147408519],[-1.74600328186458,52.8686931604978],[-1.72529467619722,52.8596659335572],[-1.70449110661769,52.866704037258],[-1.70060876646215,52.8605835236092],[-1.68950657018649,52.8645043204989],[-1.62676534855207,52.8544579282665],[-1.58538036585949,52.8315965582062],[-1.61053198352393,52.8163607924474],[-1.59169224196469,52.8092878391457],[-1.58887036628345,52.7998659863949],[-1.61434537917712,52.7882740475944],[-1.61112950153712,52.7814035608609],[-1.66653674723611,52.7847230322657],[-1.70415800106741,52.7320787781291],[-1.65660772699026,52.7217484729091],[-1.6550635927941,52.6987757766166],[-1.59754104512465,52.7004217669502],[-1.5896451852037,52.6872608081784],[-1.64498724275303,52.6574850239108],[-1.63298182844691,52.6434823094244],[-1.64253819335292,52.640957950977],[-1.64377721430859,52.6033547323874],[-1.66563959036358,52.5922522330128],[-1.70031606847152,52.5908845585992],[-1.72926113227933,52.5879513423169],[-1.74228792519075,52.5943189291919],[-1.78800228267072,52.5878978630761],[-1.7965280894026,52.5991229386816],[-1.82812858189664,52.6087219886757],[-1.85363050818885,52.6020736320404],[-1.87256445035415,52.5849446957769],[-1.8922660164266,52.599151928031],[-1.88599897186694,52.6153787879061],[-1.91598526501652,52.6352857818685],[-1.90508380548937,52.6432075574539],[-1.91812069842629,52.6499509725465],[-1.91087797950224,52.656500776471],[-1.93366343195041,52.6615864859491],[-1.94544608874089,52.6563256915127],[-1.95461260583226,52.6626834341351],[-1.96096309818208,52.6428146771464],[-1.98655031223884,52.6404092782399],[-2.02953294734342,52.625639839505],[-2.03017356071362,52.6169540099162],[-2.05071786918317,52.6205226805822],[-2.08100174127972,52.6119049797521],[-2.10124106052418,52.6350533628848],[-2.13164409782653,52.6376230828785],[-2.16835061769236,52.6199896641602],[-2.16915726306372,52.609338361657],[-2.19639726168784,52.6066153665899],[-2.18918611805601,52.5887750856374],[-2.20669618824762,52.5851794880261],[-2.18033702695604,52.5745049370417],[-2.1755346715768,52.5544071322454],[-2.13348672789088,52.5540666639507],[-2.13558727620906,52.5344609374318],[-2.15221000603085,52.525696073702],[-2.1442106820995,52.5170740585455],[-2.19194273238093,52.5034507344606],[-2.16741962532073,52.4715410983952],[-2.17648315747155,52.4548218475081],[-2.16485128257998,52.4302041413132],[-2.16770663043039,52.4237803511181],[-2.26950475053342,52.4386159936785],[-2.2949641030381,52.4489476840565],[-2.28738237113973,52.4553169285039],[-2.3127491667011,52.4892088291572],[-2.29139000182827,52.511679924962],[-2.26094318513366,52.5241024164049],[-2.2692153554449,52.5306887975025],[-2.25642651698257,52.5417415042464],[-2.28247661716922,52.5533960748376],[-2.26193773864192,52.5690598023103],[-2.30029269773898,52.5930271010792],[-2.32202449570949,52.5936360480848],[-2.32379942705026,52.6129531057319],[-2.28158430525676,52.6058738514889],[-2.25617061500712,52.6097982928444],[-2.23289449572097,52.6476942062433],[-2.23470907735918,52.6558541575355],[-2.24768735730075,52.6566601357049],[-2.23871532272218,52.6637013164014],[-2.2476955172485,52.683043071635],[-2.30304049939528,52.6829527800275],[-2.3199078211235,52.6953977627732],[-2.3248336041539,52.7053358311102],[-2.30860350792447,52.7207461373701],[-2.3156367525332,52.7329399837307],[-2.31220797845677,52.7408377150748],[-2.38503500767273,52.7895891023787],[-2.37132740406142,52.7953044376388],[-2.37765452619335,52.8116428155263],[-2.41634660240013,52.8270059910047],[-2.39375624971319,52.8366200385749],[-2.37893788163928,52.8917205240456],[-2.44041158371091,52.8812273008096],[-2.446096803267,52.8740029902976],[-2.4707891204993,52.905863030615],[-2.43672273371605,52.9438698235999],[-2.42515061577032,52.9500126414776],[-2.40550267573913,52.9473175552808],[-2.4129171269442,52.9617707322305],[-2.38620832086667,52.9532172782145],[-2.37971828550886,52.9760652635183],[-2.3687305558901,52.9793594897804],[-2.38079367936827,52.9984110622549],[-2.38304468514478,53.0077867863604],[-2.37042155075988,53.0145296490635],[-2.38422739107302,53.0261675772654],[-2.38148099775442,53.0524751040772],[-2.34758567133388,53.0561702924311],[-2.31805569446669,53.0814075176033],[-2.29337580822217,53.0783263872942],[-2.25324848942767,53.093976994431],[-2.24742276488468,53.0898700471271],[-2.21131492476988,53.1158244641257],[-2.15554543171792,53.1596534951874],[-2.14142291774514,53.1566124896779],[-2.1403630699576,53.1838497792182],[-2.11186950066067,53.1686364893159],[-2.07021816358765,53.171653125585],[-2.04610965363786,53.1927771383059],[-2.00174927099309,53.1929557241948],[-1.98737982955689,53.2136037474881],[-1.96236461007117,53.2262417356404],[-1.95670722983203,53.2137476093571],[-1.89868254605192,53.2000419649328],[-1.86082129936616,53.1884672360808]],[[-2.19856288702297,53.0927331685879],[-2.23876135172224,53.0733392655837],[-2.20251669188531,53.0199598851989],[-2.21553062616227,53.0152831360441],[-2.20434090153092,52.9813982117568],[-2.21251365491189,52.9805750697944],[-2.18156045981073,52.9461581579688],[-2.17681385739838,52.9536936157176],[-2.16259461482334,52.9533653743282],[-2.14571072867989,52.9761107985749],[-2.13040308885892,52.9711763983094],[-2.12165690294565,52.9560862416133],[-2.08123086259215,52.966902016962],[-2.0881312250497,52.9738483530544],[-2.07923858928417,52.9745002729811],[-2.09199697509273,52.9855683414463],[-2.08851755084279,52.9970664313834],[-2.10501609434108,52.997658256164],[-2.10346667550099,53.0108579649111],[-2.12376331441735,53.021589594686],[-2.13177855900004,53.0473338825019],[-2.11658296910728,53.0480329248832],[-2.12537270499514,53.0646149017844],[-2.16110100828987,53.0700838434449],[-2.17170015872383,53.0894471480733],[-2.18114817752347,53.0898438594641],[-2.19856288702297,53.0927331685879]]]},"properties":{"CTYUA23CD":"E10000028","CTYUA23NM":"Staffordshire"}},{"type":"Feature","geometry":{"type":"Polygon","coordinates":[[[1.70209270732496,52.5446501594507],[1.72600396630919,52.530642210805],[1.7402347174938,52.532086642135],[1.74023472888191,52.5320845216999],[1.76370560966352,52.481647442168],[1.75658106391255,52.4719746549708],[1.75766532955815,52.4769342372393],[1.71087221158221,52.4748183163759],[1.75623230351346,52.4714860679095],[1.73494382850025,52.449153071231],[1.73480679942616,52.4482037172086],[1.73457272949391,52.4479683439194],[1.73186283405559,52.4277958113407],[1.72788712575724,52.4001986775976],[1.7032257199802,52.3599833335276],[1.67486807906325,52.3136390794207],[1.67241529589841,52.3140999620785],[1.66502863156982,52.3070780057171],[1.64997060805831,52.3001890918486],[1.63450274018159,52.2790199229837],[1.63436501214812,52.2778984534035],[1.63325056922796,52.2768370582286],[1.62311369958214,52.1885376188931],[1.62057051955587,52.1826483048363],[1.58010666539301,52.088720275807],[1.58004449419748,52.0885756268251],[1.57952592845997,52.0873690840629],[1.47720038519183,52.0517701487495],[1.4998210330151,52.061642706201],[1.53528479558285,52.0771025638821],[1.54158227010732,52.07918164938],[1.56223044633846,52.0876557410564],[1.56715012310411,52.0909747565049],[1.56775551306826,52.0914587753197],[1.56122370888403,52.0883960919384],[1.5414475558277,52.0797868165825],[1.51795666716782,52.0758736797178],[1.50366767980915,52.0706882402196],[1.50125815600665,52.0707218911376],[1.50049962991579,52.0703207396464],[1.45111962494624,52.0441793734174],[1.46324024674419,52.048281615833],[1.46270080722381,52.046713692632],[1.46249723334774,52.0466426792767],[1.4319473891568,52.007131785969],[1.39368175148257,51.9865351611632],[1.39534282588652,51.9993902698771],[1.36074426553821,52.0062653107099],[1.39148056980487,51.9893803766728],[1.38810242097719,51.9784938683498],[1.34450301519891,51.9569246247926],[1.31997191669022,51.933162898958],[1.31570153022908,51.9512916747126],[1.31567989953582,51.9514105168401],[1.28443115247111,51.9652872462121],[1.28260092341116,51.9660994515225],[1.28233004635625,51.9692433997977],[1.28027544414154,51.9930838530235],[1.20458821391354,52.0143349633592],[1.20272883734661,52.0148561810876],[1.1825420814067,52.0205122595695],[1.17884674086932,52.0215471232034],[1.16623790467447,52.0298555967537],[1.16071458341196,52.0316127092003],[1.15902962316589,52.0319613506163],[1.15051909372305,52.0337218462584],[1.14906642303598,52.0340222724968],[1.14978866884201,52.0335905259075],[1.16733452908503,52.0230980173588],[1.17182990830236,52.0204085667203],[1.17763424391523,52.0169352863625],[1.18008219771743,52.0154702018593],[1.20365942337148,52.0013520138305],[1.21183339638692,51.9964542609084],[1.26725679239323,51.9878175722503],[1.27583981246704,51.9565658988625],[1.24295031514996,51.9613945750525],[1.21977076773377,51.9528664817772],[1.20031571447882,51.9544883899668],[1.18777953204106,51.95553169707],[1.16351719735851,51.9705926642565],[1.13037204073448,51.9535220507744],[1.08572827733235,51.9590093703417],[1.06868007327798,51.9504228138376],[1.04771159936546,51.9594983382557],[1.02471198883193,51.9549023615469],[0.998710091163988,51.9639673353996],[0.970982749148486,51.9624077580481],[0.962589594231285,51.9771649303718],[0.942911023064153,51.9706902951459],[0.925239840337455,51.9761644039836],[0.889748607763662,51.9734240616824],[0.850240124999087,51.960766646477],[0.824650048979386,51.9685496081194],[0.810877141632654,51.9606960885641],[0.78146980990121,51.9665132697523],[0.772261026840059,51.970424512006],[0.774633327593334,51.9825916210538],[0.759667735030109,51.9854291125096],[0.761149264433513,51.997483290983],[0.738526974119553,52.0106986419848],[0.74063428386174,52.0312015497747],[0.714396590823323,52.0273187681222],[0.696511870071092,52.0393021688459],[0.69940006432446,52.0484380885926],[0.716263376587153,52.0486871974891],[0.703177564086779,52.0652732493605],[0.712118249483127,52.0722424688301],[0.684204240948651,52.0869686436845],[0.656900901436426,52.0854416870867],[0.58200345991392,52.0758516647972],[0.551421973504044,52.0688028937871],[0.542293768916434,52.0577475184377],[0.511130139957494,52.059864062707],[0.501678783042324,52.0538526678759],[0.466581816156426,52.0784333623067],[0.453618425016356,52.0681290599243],[0.438278486414546,52.0723326770648],[0.404638263575799,52.0655023804364],[0.394996785207166,52.0959681296318],[0.381803808187178,52.1027012943415],[0.389589786598814,52.1174705817835],[0.417486382150141,52.1331624293366],[0.417276418385201,52.1593066842157],[0.435915802809098,52.1594950938253],[0.452244935675451,52.1732020225149],[0.470731332783535,52.1632590542774],[0.491332842084376,52.1651020323233],[0.514484042486228,52.2267794084401],[0.494890700539826,52.239288054887],[0.481765520426287,52.2323758984342],[0.42696480396438,52.2536027680285],[0.414517804147287,52.2478611379193],[0.421335031399158,52.2396913210168],[0.371248919207141,52.2265901703506],[0.342684099441605,52.2423433461623],[0.360955086815676,52.2493481628033],[0.339943777893116,52.2677478540411],[0.355241041288966,52.2793362548251],[0.358892384018672,52.297523901771],[0.382723057789948,52.2932662512981],[0.424198050649824,52.2558764319353],[0.498852649660747,52.2730145403713],[0.504706342735338,52.2847299867262],[0.457617975720841,52.3162509322432],[0.431376631558306,52.3158254305483],[0.424188661743469,52.3292291303307],[0.442570138660837,52.3488134400589],[0.407617046340143,52.3615737978453],[0.374777423612123,52.4097288652912],[0.429297962734167,52.4364525839507],[0.445437119649996,52.4473745971569],[0.5236595331849,52.4481959854536],[0.554704781403604,52.4560251879721],[0.582501080763578,52.4518613705246],[0.641832795782061,52.4509649991787],[0.666306671108424,52.4625416477789],[0.68397338808772,52.4531649536221],[0.718744892541811,52.4496964493944],[0.668578773135575,52.4089475055213],[0.691051677828472,52.3974190137468],[0.737589057243696,52.3951383208205],[0.747404613361451,52.3831865529757],[0.765966099968042,52.3903574978612],[0.808172226111564,52.3895244619185],[0.840851015761159,52.4008500555178],[0.866872972281114,52.3903459075399],[0.93113643554975,52.3886724159552],[0.967471041469699,52.3701127508693],[1.0299825148205,52.3787422014822],[1.06822135298988,52.3785342595394],[1.21386742646296,52.3553904430284],[1.25999663283469,52.3710993802039],[1.28623475061443,52.3906896612778],[1.31648910385456,52.3873712706638],[1.34711166264909,52.404386045802],[1.3636202260657,52.427475664893],[1.4079297794924,52.4444097916807],[1.43267992151891,52.4453634447494],[1.43331007688959,52.4559328519518],[1.4109792467086,52.4616954221147],[1.42030308639006,52.4710696668789],[1.44619718853406,52.4560222091517],[1.48074305837944,52.4718923988074],[1.50802174571599,52.4617522835664],[1.52971326201219,52.4683925367509],[1.5578231460997,52.4576964856642],[1.56802007943695,52.4746308730977],[1.58637089754791,52.4786944285996],[1.61818294312149,52.4633232977971],[1.63454251516346,52.4629545134124],[1.64683780290567,52.4720147257921],[1.65867963844211,52.4683737449053],[1.68236363734103,52.4953066724012],[1.67183170307879,52.5039117549176],[1.65427974170962,52.5014166495002],[1.62860465969977,52.5260245799128],[1.6677213928621,52.5502533508021],[1.70209270732496,52.5446501594507]]]},"properties":{"CTYUA23CD":"E10000029","CTYUA23NM":"Suffolk"}},{"type":"Feature","geometry":{"type":"Polygon","coordinates":[[[-0.45646755928571,51.438106680605],[-0.39131707100993,51.422315412796],[-0.383350026681253,51.4085382960086],[-0.359139332144209,51.4119031613367],[-0.327817849624804,51.3918371426333],[-0.317697879461912,51.3936670802519],[-0.307365443633207,51.3783835460082],[-0.330510146371957,51.3484194360646],[-0.330655551869037,51.329009639034],[-0.30618917299884,51.3350755656239],[-0.288469327282705,51.3621278880585],[-0.260996427671818,51.3795939518848],[-0.245027867027011,51.3800591447044],[-0.245404841047607,51.3668454406997],[-0.222736428311044,51.3570860732802],[-0.217264425534208,51.343387091722],[-0.229822682346971,51.3365228054854],[-0.220841625332819,51.3298019716072],[-0.197319340394251,51.3435951607866],[-0.156523624561657,51.3214852871721],[-0.155317700345265,51.3012743946668],[-0.137245888383678,51.3007638430592],[-0.124302262796713,51.2867903756192],[-0.0912237418672902,51.3014752299775],[-0.0789130093966977,51.3197697605027],[-0.0513072247610965,51.3224522774765],[-0.0379200854497904,51.3387247442131],[0.00225531192400326,51.3291348350343],[0.0150093784679093,51.2917860700628],[0.0329094179322316,51.3075209115003],[0.042396497430127,51.2926730476417],[0.0582428302016134,51.247778326722],[0.0335989515635273,51.2143379727583],[0.0526003640340758,51.1806240184208],[0.0500165286936347,51.1426500167773],[0.0273600610344932,51.1398479929772],[-0.137571778320172,51.1421596105082],[-0.132959635268358,51.1588837320771],[-0.140462480803131,51.1600473191154],[-0.17670622529243,51.1668499726532],[-0.212142089174476,51.1554548864805],[-0.214234803403043,51.1484637545475],[-0.255184519970304,51.144190836997],[-0.254625028845736,51.1390994439776],[-0.300346786136933,51.1247356968359],[-0.391524793518279,51.1165107863938],[-0.419197682354686,51.1051906192408],[-0.492109150908277,51.0944426988386],[-0.505377191977252,51.0882620388685],[-0.53497929663322,51.0935789223352],[-0.539181493590813,51.0820280448576],[-0.577592603888771,51.0866537667245],[-0.597423052094753,51.0796770889377],[-0.629370733100882,51.0889926951674],[-0.696752296390414,51.0714916867383],[-0.753474893729619,51.0864535020689],[-0.759334275945299,51.1032586719317],[-0.749272690128818,51.1032459066375],[-0.74549512326378,51.1122043390659],[-0.769446670622899,51.1172584326584],[-0.794395940028727,51.1497590878356],[-0.805239980602741,51.1553913340112],[-0.834182386405469,51.1476005975441],[-0.825443293261202,51.1813565059788],[-0.84892972737272,51.2107327283516],[-0.804749572959298,51.2450647475977],[-0.801740042684925,51.2390387633544],[-0.776028768067277,51.2419573027321],[-0.745540379663864,51.2304563901334],[-0.729325694545441,51.2561119199112],[-0.731069933388112,51.2803469899544],[-0.744167106040696,51.3092949290082],[-0.76290312001552,51.3187305296545],[-0.775466206963731,51.3319589032434],[-0.735335360826244,51.3650095832703],[-0.667634283855982,51.3845713456129],[-0.616344267326498,51.3835395923837],[-0.618495201013367,51.3923882534352],[-0.594015154893955,51.4416752475832],[-0.571675217761157,51.451007631736],[-0.522777872600698,51.4353037092165],[-0.54061316396913,51.4578521275783],[-0.524358681535487,51.471528484042],[-0.509807321692741,51.4692072646179],[-0.458723754309907,51.4563417409398],[-0.45646755928571,51.438106680605]]]},"properties":{"CTYUA23CD":"E10000030","CTYUA23NM":"Surrey"}},{"type":"Feature","geometry":{"type":"Polygon","coordinates":[[[-1.56069803676403,52.5961193283491],[-1.5271552279268,52.5827378316751],[-1.52268732942375,52.5704270766406],[-1.45999402369308,52.5515899273182],[-1.41734425186395,52.5344553070612],[-1.32512125577365,52.5010544845768],[-1.30594754120562,52.4933952805605],[-1.20163348439696,52.3967344083336],[-1.17497303441117,52.3562898079582],[-1.23379041110916,52.3464136571622],[-1.26535489040084,52.3283606829397],[-1.20923383158981,52.3152040796742],[-1.23378270441023,52.2903286482947],[-1.21564683212275,52.2663906902047],[-1.23299880379763,52.2532588499543],[-1.26685236231198,52.2352486391455],[-1.28472976783494,52.2384420167797],[-1.25498199738882,52.1978310710958],[-1.31313453207951,52.1904676302914],[-1.3318971346503,52.168485056197],[-1.34870798028103,52.135132199429],[-1.36614709694777,52.136075238415],[-1.39330253064253,52.1189629049398],[-1.37084214071868,52.1175341834914],[-1.35776965526573,52.101310424564],[-1.38539981246728,52.0941455730689],[-1.42585527139589,52.1182494968197],[-1.45345845225059,52.1130088171451],[-1.44718785165916,52.0976250329561],[-1.47730164801721,52.1013509449693],[-1.48780444309778,52.0939574330421],[-1.52282569381325,51.9968433232583],[-1.55722360987893,51.9916576656612],[-1.5496712341503,51.9808596590458],[-1.56353907898642,51.977040370489],[-1.60030155963125,51.9769415562367],[-1.5916338243768,51.9704499714443],[-1.61234247849955,51.9554034171782],[-1.66575430454863,51.9874888219864],[-1.66575091348295,51.9974047842482],[-1.61751874276147,52.0333959384001],[-1.62446030247049,52.0389532644713],[-1.66382433788403,52.0312666555567],[-1.69398075504565,52.0395278989016],[-1.6886364810542,52.0518332046415],[-1.70505254003613,52.0596336086745],[-1.70169911871025,52.072834404],[-1.71311213593006,52.0665529402911],[-1.73065604717972,52.0732913546681],[-1.72856052811281,52.1001203055535],[-1.74590621082171,52.0928298210472],[-1.7676920738422,52.1125783283983],[-1.75739824866764,52.1159444098204],[-1.7910043132328,52.1201935601883],[-1.78554803075531,52.1320586070751],[-1.80843385608566,52.1398755712958],[-1.82321733193223,52.1363823220937],[-1.82334774779545,52.1459250780329],[-1.8396721464105,52.152713685185],[-1.85418798079449,52.138520914398],[-1.86692724441238,52.153007967663],[-1.88977183547481,52.1562131340578],[-1.89422974637425,52.1482514762684],[-1.88511820710407,52.1468531416659],[-1.90347301013314,52.133450944486],[-1.92185203017987,52.1529544754206],[-1.9443024167711,52.1553331527715],[-1.93548275837819,52.1695570853923],[-1.96040736772155,52.1686717313137],[-1.94164148445488,52.177406344066],[-1.9355841682889,52.2041194089835],[-1.91746463165546,52.2181838110153],[-1.93461083149063,52.2520178646591],[-1.93740252329974,52.2761266175888],[-1.91597681390647,52.2750342209889],[-1.88650728396435,52.2867079022166],[-1.88095344910368,52.3108714830559],[-1.86860056655918,52.3145782598085],[-1.86487657654697,52.3331069920044],[-1.88897350255566,52.3610931439567],[-1.87202017377615,52.3676090061427],[-1.80780141734951,52.3666080026736],[-1.77579040098877,52.3479657876883],[-1.77961371235848,52.3642761869253],[-1.7459260666355,52.3548769773948],[-1.73523358502696,52.3700624101327],[-1.72047128876548,52.3725682244062],[-1.7185353656547,52.3558178534257],[-1.69388500073929,52.3510133572142],[-1.68433734679143,52.3631462713815],[-1.66088809306568,52.3656701065801],[-1.64841803963759,52.3567433964995],[-1.62250698532454,52.3661644313338],[-1.60106738247379,52.3892994855589],[-1.56760688746162,52.3846889239322],[-1.5524124217106,52.3638920750157],[-1.52465132517521,52.3794009009746],[-1.51393967013815,52.3690198664175],[-1.50449893765669,52.377807147852],[-1.46401360334253,52.3732671682518],[-1.43141290559778,52.3968030290594],[-1.43794722338479,52.41036473545],[-1.4239324884753,52.4329788214798],[-1.45905317416489,52.4551580337385],[-1.49198638009856,52.4586021811432],[-1.5050136515019,52.4500680663581],[-1.53979081939549,52.4647986868735],[-1.56119166726618,52.4552225694476],[-1.58986310702649,52.4619121090901],[-1.59548725924308,52.4559197590616],[-1.62445220517117,52.4635386718159],[-1.64159005921899,52.4432713600035],[-1.66228667335888,52.4442993244246],[-1.66658594082774,52.4354715665142],[-1.67715419118533,52.4363566272537],[-1.75351881384396,52.5129615064625],[-1.753810175173,52.5212131624278],[-1.72887793344338,52.524562767624],[-1.74908599922833,52.5314223642904],[-1.7559982648358,52.5553824957752],[-1.7742300480517,52.5646277806898],[-1.76360629686474,52.5709105497763],[-1.78800228267072,52.5878978630761],[-1.74228792519075,52.5943189291919],[-1.72926113227933,52.5879513423169],[-1.70031606847152,52.5908845585992],[-1.66563959036358,52.5922522330128],[-1.64377721430859,52.6033547323874],[-1.64253819335292,52.640957950977],[-1.63298182844691,52.6434823094244],[-1.64498724275303,52.6574850239108],[-1.5896451852037,52.6872608081784],[-1.55177141577137,52.6674551064611],[-1.54451698666015,52.6446078764288],[-1.57135417978669,52.6352716299301],[-1.55445233721977,52.6147620844962],[-1.56069803676403,52.5961193283491]]]},"properties":{"CTYUA23CD":"E10000031","CTYUA23NM":"Warwickshire"}},{"type":"Feature","geometry":{"type":"Polygon","coordinates":[[[-0.132959635268358,51.1588837320771],[-0.137571778320172,51.1421596105082],[0.0273600610344932,51.1398479929772],[0.0281472617745816,51.1177116868998],[0.044508670969588,51.1106128635748],[0.0185609090480791,51.1035920024745],[0.00950504621663548,51.1103919565056],[0.0105434061785564,51.1021625586362],[-0.036213376436162,51.0934295234327],[-0.0268520992180162,51.0751128713046],[-0.0132566088248517,51.0739671029142],[-0.00854815740438445,51.0564579880245],[0.0137406414730299,51.0569963609852],[-0.00300172769009489,51.0475643235525],[-0.00156549234049123,51.0357549877935],[-0.0218747081717486,51.0265033548386],[-0.0163504990982534,51.0024963857512],[-0.0246042590087526,50.9800251742248],[-0.0615918410922555,50.9784204161656],[-0.0736194177331807,50.9916752634281],[-0.115147503567339,50.9761166842293],[-0.104207686196339,50.9464681233861],[-0.119788174827145,50.9422851186768],[-0.135004643104498,50.8866504966042],[-0.168124071976243,50.8807695015467],[-0.168577549008713,50.8923794447914],[-0.182416849918432,50.8882710475641],[-0.18773445855603,50.8685704699966],[-0.226719329968901,50.8781806386737],[-0.239238286310074,50.8678855967986],[-0.244970867103618,50.8638089043948],[-0.216815845622336,50.8276406063771],[-0.251484625122936,50.8301553265029],[-0.249113162465289,50.8264084411836],[-0.268309608243186,50.826122507155],[-0.277874274131206,50.8267518858779],[-0.297658192308241,50.8233857397123],[-0.332640257876154,50.8174242191549],[-0.333384791814229,50.817321642548],[-0.435749127447601,50.8031690597962],[-0.43596262264656,50.8031394390228],[-0.54199157629365,50.800248138637],[-0.554951782785074,50.7984121612466],[-0.568357859782355,50.7980312450668],[-0.626922874322583,50.7881877702823],[-0.702167962459985,50.7774462765399],[-0.712709323095837,50.7737084602221],[-0.725552073562097,50.7715344832963],[-0.734009802976696,50.7661509412708],[-0.752365849560478,50.7596331353328],[-0.754291415196677,50.758949140257],[-0.753148355615919,50.7605155409167],[-0.753129376394285,50.7605415482954],[-0.751951988057479,50.7613478854081],[-0.751270418466542,50.7618146410265],[-0.751036777812399,50.7619746404706],[-0.750833410433162,50.7621138144643],[-0.75059676127844,50.7622618920709],[-0.750430868455708,50.7626052908663],[-0.763040781697462,50.7728709300373],[-0.76376005798871,50.7724782112621],[-0.786848656450131,50.7598660723129],[-0.771840431792818,50.7635213912944],[-0.761753841792852,50.7511830197237],[-0.751058516372841,50.7572604407163],[-0.749958943416849,50.7566877813199],[-0.784670277034684,50.7263138489549],[-0.789161836237019,50.7224843380247],[-0.818662984750182,50.7388339024217],[-0.823543745033973,50.7437628264826],[-0.844100719296166,50.751314323082],[-0.859551324439,50.7597319026934],[-0.880905533683183,50.764818709092],[-0.906838787259976,50.77432219172],[-0.915316978373429,50.7806790127463],[-0.915352734007593,50.7889917933431],[-0.908045255728969,50.7870352099957],[-0.912139572391311,50.7834566459496],[-0.910882460757788,50.7812907042286],[-0.90515740849759,50.7820801365877],[-0.892011563610659,50.7942914469662],[-0.877512152475505,50.8077506039668],[-0.86602958180041,50.8048038004235],[-0.844578742256673,50.7992943141011],[-0.825463625323449,50.804397027099],[-0.807741037020906,50.8305260328947],[-0.813787100751054,50.8339359562322],[-0.819760476620158,50.8168596456221],[-0.842721720413136,50.8046336325607],[-0.865834567667977,50.8128579579166],[-0.868758523708859,50.8138978435196],[-0.865752433800064,50.8162507565439],[-0.85118778589647,50.8276462800408],[-0.861226095342326,50.8280079958693],[-0.858412877092022,50.8396774823639],[-0.865179586107666,50.8399072955788],[-0.869928957490676,50.8400683309074],[-0.865479969607855,50.8275046373269],[-0.865361933609206,50.8271712131241],[-0.865492379148921,50.8269921434954],[-0.876799820556532,50.8114642002196],[-0.892171590313472,50.8184310082315],[-0.894036903561919,50.8380904745766],[-0.913081274840014,50.8399520051245],[-0.907917519215049,50.7985304301477],[-0.942626670545669,50.8153807534705],[-0.932477907919786,50.8460494381527],[-0.934485538895187,50.8458652563462],[-0.926450186989275,50.8640917207277],[-0.938656962420833,50.8737145522912],[-0.957585094925949,50.8906069922646],[-0.940245276386779,50.91805411295],[-0.924013258512923,50.9241990391588],[-0.942110087824929,50.9428940861142],[-0.931847105710517,50.9455804293165],[-0.907864084059223,50.9942411144512],[-0.893346615712615,51.0027429856163],[-0.896993034200906,51.0220101182791],[-0.852810677861577,51.0448433200739],[-0.842847950683525,51.0668868080859],[-0.79778120448179,51.0635461225871],[-0.780801795334142,51.0793519431964],[-0.753474893729619,51.0864535020689],[-0.696752296390414,51.0714916867383],[-0.629370733100882,51.0889926951674],[-0.597423052094753,51.0796770889377],[-0.577592603888771,51.0866537667245],[-0.539181493590813,51.0820280448576],[-0.53497929663322,51.0935789223352],[-0.505377191977252,51.0882620388685],[-0.492109150908277,51.0944426988386],[-0.419197682354686,51.1051906192408],[-0.391524793518279,51.1165107863938],[-0.300346786136933,51.1247356968359],[-0.254625028845736,51.1390994439776],[-0.255184519970304,51.144190836997],[-0.214234803403043,51.1484637545475],[-0.212142089174476,51.1554548864805],[-0.17670622529243,51.1668499726532],[-0.140462480803131,51.1600473191154],[-0.132959635268358,51.1588837320771]]]},"properties":{"CTYUA23CD":"E10000032","CTYUA23NM":"West Sussex"}},{"type":"Feature","geometry":{"type":"Polygon","coordinates":[[[-2.26950475053342,52.4386159936785],[-2.16770663043039,52.4237803511181],[-2.16485128257998,52.4302041413132],[-2.13602683609072,52.4262682229475],[-2.09856509199697,52.4452835394779],[-2.08479648698127,52.4321518337181],[-2.06805186468972,52.4351950959813],[-2.06246734325287,52.4274306533899],[-2.05578306154507,52.4413058490695],[-2.03788100010757,52.4415575551052],[-2.03698776266666,52.4275457075304],[-2.01699028095924,52.4326829309962],[-1.98603705906246,52.4167261859898],[-2.03364061279039,52.4023279275498],[-1.99848638916746,52.3811379967551],[-1.95361379620871,52.3933706517577],[-1.93431470610424,52.3872363795687],[-1.91367502449958,52.4074643041657],[-1.8826972850066,52.3998129649372],[-1.86874678259764,52.4047375099132],[-1.84549830963187,52.3997822153889],[-1.87202017377615,52.3676090061427],[-1.88897350255566,52.3610931439567],[-1.86487657654697,52.3331069920044],[-1.86860056655918,52.3145782598085],[-1.88095344910368,52.3108714830559],[-1.88650728396435,52.2867079022166],[-1.91597681390647,52.2750342209889],[-1.93740252329974,52.2761266175888],[-1.93461083149063,52.2520178646591],[-1.91746463165546,52.2181838110153],[-1.9355841682889,52.2041194089835],[-1.94164148445488,52.177406344066],[-1.96040736772155,52.1686717313137],[-1.93548275837819,52.1695570853923],[-1.9443024167711,52.1553331527715],[-1.92185203017987,52.1529544754206],[-1.90347301013314,52.133450944486],[-1.88511820710407,52.1468531416659],[-1.89422974637425,52.1482514762684],[-1.88977183547481,52.1562131340578],[-1.86692724441238,52.153007967663],[-1.85418798079449,52.138520914398],[-1.8396721464105,52.152713685185],[-1.82334774779545,52.1459250780329],[-1.82321733193223,52.1363823220937],[-1.80843385608566,52.1398755712958],[-1.78554803075531,52.1320586070751],[-1.7910043132328,52.1201935601883],[-1.75739824866764,52.1159444098204],[-1.7676920738422,52.1125783283983],[-1.80228873762243,52.0969414695018],[-1.81273665650818,52.0787440014706],[-1.81894341276327,52.0854041151211],[-1.83175334172358,52.0727693542685],[-1.84661960637666,52.0794210956629],[-1.87440607681162,52.0699909115952],[-1.86344917989937,52.053417723062],[-1.8345888140813,52.0437330167182],[-1.8250228816679,52.0309334135568],[-1.83905030714283,52.0067831284916],[-1.91344602070409,52.0444612406154],[-1.93169767686998,52.0298892737705],[-1.95137076201915,52.0376994836731],[-1.98413574037062,52.0358792744237],[-2.03835621126119,52.0046006235229],[-2.04951417600198,52.0037962185805],[-2.06077974233804,52.0146632893276],[-2.08487319407292,52.0104785846223],[-2.11219762720392,52.0153447349971],[-2.14068698320585,51.9994641968075],[-2.14965530887931,52.0112561686783],[-2.13939720724878,52.027891849687],[-2.11721985481579,52.0336144279972],[-2.11838638193208,52.0421167578733],[-2.17136924553862,52.0476105349584],[-2.18067935412919,52.0417281238781],[-2.17690606521531,52.0225592300147],[-2.18768330302322,52.0190801576711],[-2.16463014559703,51.9961432541514],[-2.1807485360373,51.9996151713198],[-2.18508403441562,51.9905609788574],[-2.2206132435217,51.9954966448483],[-2.25135998124032,51.9665649342157],[-2.27055558557873,51.9689390809737],[-2.30043302609069,51.9667752646008],[-2.31261970069138,51.976504974576],[-2.32653883120796,51.9757909468963],[-2.32470967818414,52.0035672783312],[-2.35254266829771,52.0135353102849],[-2.35137852244174,52.0213590290394],[-2.33796261565779,52.0898846202391],[-2.35214734429092,52.1034855887708],[-2.35140196148415,52.1446241346638],[-2.37938385825026,52.1550552028879],[-2.41500125501049,52.1451641257883],[-2.43518169514866,52.168218894324],[-2.42207066277723,52.1723470663268],[-2.4078942095378,52.2027409582351],[-2.39267869727477,52.2086147380727],[-2.40392023874367,52.2214815494493],[-2.38419832847772,52.2252227383784],[-2.42307129047108,52.2372452881166],[-2.46497842153313,52.2343830090495],[-2.47470174108041,52.2413590868946],[-2.46809895102878,52.256038011508],[-2.42799581004903,52.2706099357052],[-2.45140272258487,52.2850827749681],[-2.50311281254,52.2774495632506],[-2.49565385062614,52.2569078336602],[-2.52589623273457,52.2481671192709],[-2.53167300470246,52.2532767669944],[-2.57420551071335,52.2527313850736],[-2.6289691880592,52.2403729170107],[-2.62829691741787,52.261164580506],[-2.59793122459573,52.2816177134603],[-2.63988032086721,52.2863112178431],[-2.66320730775251,52.3039514499865],[-2.61809524430103,52.3069466460635],[-2.57467429972343,52.3176186652381],[-2.56257481693948,52.3110901542851],[-2.56221899576703,52.3331082832588],[-2.53914994730822,52.3441390883156],[-2.51212945833582,52.3371102595184],[-2.51320477489778,52.3292139122079],[-2.48179590843371,52.3310777473859],[-2.48838300008294,52.3554017891665],[-2.47474855503537,52.3671804967092],[-2.41469594598204,52.3682480396559],[-2.41047383637194,52.3871532921095],[-2.39067324035235,52.381527855865],[-2.36735191957292,52.3880630032731],[-2.33555409893311,52.3853372696917],[-2.3729571483549,52.4019338462062],[-2.36352792484789,52.4394258309826],[-2.31175006207078,52.4375311774161],[-2.28738237113973,52.4553169285039],[-2.2949641030381,52.4489476840565],[-2.26950475053342,52.4386159936785]]]},"properties":{"CTYUA23CD":"E10000034","CTYUA23NM":"Worcestershire"}},{"type":"Feature","geometry":{"type":"Polygon","coordinates":[[[-5.86825353084919,54.6888724640569],[-5.89309906310622,54.6754650838597],[-5.89570256385238,54.6740597466981],[-5.91286121206882,54.6479831355803],[-5.95069650543932,54.6650029618546],[-5.94879491244805,54.6523615736227],[-5.97088044118467,54.6453137728628],[-5.98640106649581,54.6594250487065],[-6.02353872644944,54.628747459485],[-6.02114611936803,54.6116991723021],[-6.0410689458526,54.6129306641733],[-6.04553272895948,54.6058944496858],[-6.08731210956665,54.6243525165086],[-6.12285184776689,54.6176376131842],[-6.14806677698868,54.6207531271615],[-6.14553505416634,54.6111362704956],[-6.19191724784339,54.6004206962013],[-6.2174767593292,54.6020459224683],[-6.23670742483325,54.5879821724777],[-6.26365708432968,54.5979304854304],[-6.29451434728697,54.5966700928671],[-6.28117252279729,54.5800185831064],[-6.30463487433425,54.5728762162142],[-6.32374749369291,54.5912844039769],[-6.42599769869378,54.5682228227428],[-6.40709797647204,54.6488262417787],[-6.46919155987941,54.6852448953973],[-6.49592646364251,54.7136654189767],[-6.45720107863701,54.7618293408458],[-6.47778656273274,54.7727644776666],[-6.47705679588031,54.7809040831338],[-6.43359735802087,54.7893908109787],[-6.38470152866026,54.7791412095651],[-6.34543124370353,54.8010903829756],[-6.32143344982805,54.7906938738279],[-6.302229159097,54.7963410890074],[-6.28831615344895,54.7896555973125],[-6.26312123950951,54.7908057609559],[-6.2676767748441,54.7989148404653],[-6.2272082195896,54.788479381428],[-6.1988562335313,54.7980077075339],[-6.1984557060281,54.8063382884935],[-6.17201760379953,54.8118689593733],[-6.1113275797192,54.8070877727576],[-6.10265981397483,54.7925718949709],[-6.07301330216706,54.7916927028832],[-6.07983490571196,54.7963078799227],[-6.06692418312456,54.7971858700577],[-6.04879324520413,54.791776388653],[-6.05410914063298,54.7982820442948],[-6.0098435957095,54.8000951269846],[-6.01210426330692,54.7883063730165],[-5.98682451081125,54.7739895517796],[-5.97392024589171,54.7832237165623],[-5.96265220120571,54.7736011695426],[-5.94857962452008,54.7801519903584],[-5.92204040010969,54.772277662505],[-5.90078287621989,54.7802879317437],[-5.88744095551418,54.772391193208],[-5.90593218109318,54.7657611158654],[-5.89684081854034,54.7589283669068],[-5.9051803955934,54.7505262265008],[-5.89232302296305,54.7452784253321],[-5.91059842950701,54.7162101622477],[-5.90178813665011,54.7087511509495],[-5.88892208128027,54.7104622119028],[-5.88980865369615,54.6959304199623],[-5.86825353084919,54.6888724640569]]]},"properties":{"CTYUA23CD":"N09000001","CTYUA23NM":"Antrim and Newtownabbey"}},{"type":"Feature","geometry":{"type":"Polygon","coordinates":[[[-6.30463487433425,54.5728762162142],[-6.27772025580243,54.5574318896924],[-6.27316594902727,54.5195542048642],[-6.23919206558984,54.4953634361899],[-6.25805078815297,54.4795404646649],[-6.20879561065583,54.445006972712],[-6.21018440507748,54.4327414539901],[-6.15652333456693,54.4441516950235],[-6.15894160952213,54.4342284308905],[-6.1338253742457,54.4357090439396],[-6.0863676315582,54.4101503030476],[-6.0552834102798,54.4034844414485],[-6.0642449637245,54.3872621257179],[-6.03713929911063,54.3842626186459],[-6.04140237572993,54.3787428908711],[-6.02073352358333,54.3775166543116],[-6.01853724151476,54.3704798980388],[-6.06358504834468,54.326922563745],[-6.09841841649155,54.3265633644304],[-6.10439150256087,54.3184784744238],[-6.05987035289254,54.2913942719497],[-6.05885650669585,54.2808969707787],[-6.07235326255952,54.2795691977829],[-6.06263678699944,54.2714492272499],[-6.07567949290165,54.2634804606597],[-6.03884410661252,54.2631364962267],[-6.05037829121797,54.2439277962008],[-6.07011231499416,54.2544006328436],[-6.10686291088304,54.240106606919],[-6.13657323273068,54.2431222367761],[-6.16028234974951,54.2189104800324],[-6.18893227549988,54.2375401589144],[-6.18142153328757,54.2441822777578],[-6.21234400784316,54.2586154591573],[-6.24147949315708,54.2637224726121],[-6.25400649685389,54.2577880132822],[-6.27911650916443,54.2717581186179],[-6.28849705363469,54.2650442710904],[-6.33105029043222,54.2631739297502],[-6.35144261758635,54.2740007236815],[-6.3684441601145,54.2653081432812],[-6.40166778884486,54.2730345896177],[-6.43909451680779,54.2674826587056],[-6.45787260341186,54.2521084762403],[-6.46677951746388,54.2549801534134],[-6.50409836212236,54.2256808875075],[-6.52500177181183,54.237226897357],[-6.57199067478287,54.2242036949485],[-6.58520618928626,54.2135429070387],[-6.59991188551696,54.2189466982227],[-6.64405486228898,54.1797542887783],[-6.69185994092017,54.2002286755499],[-6.71010228459993,54.1980400242396],[-6.72103447895283,54.181992092977],[-6.74080426483726,54.181913450597],[-6.75594648969665,54.1990362705866],[-6.77558276366951,54.1989002414153],[-6.80101744703021,54.2131971263933],[-6.80040621165625,54.2211043689734],[-6.81616846653069,54.2230075553295],[-6.82774017794984,54.2614484817672],[-6.8780191863648,54.2790616644097],[-6.87501568897635,54.2873315855275],[-6.86146216770293,54.2811132372365],[-6.85095257282283,54.2919803793313],[-6.85288186963152,54.2976538938054],[-6.86392370929618,54.3300912984315],[-6.83703223420254,54.3355920356199],[-6.80466228767086,54.3796182350514],[-6.80752610895174,54.3989727031852],[-6.79372715767279,54.4150387942619],[-6.76095890968492,54.406971029161],[-6.73499479843252,54.4091571385451],[-6.72814812555224,54.4016534131142],[-6.71010849116574,54.4039000084265],[-6.69708206984989,54.4422428379913],[-6.64980644152286,54.4700236609874],[-6.65068947190028,54.4867098854635],[-6.62945282074104,54.5038182011799],[-6.59177905355514,54.5034369978416],[-6.54126888125514,54.5421030144201],[-6.42599769869378,54.5682228227428],[-6.32374749369291,54.5912844039769],[-6.30463487433425,54.5728762162142]]]},"properties":{"CTYUA23CD":"N09000002","CTYUA23NM":"Armagh City, Banbridge and Craigavon"}},{"type":"Feature","geometry":{"type":"Polygon","coordinates":[[[-5.91286121206882,54.6479831355803],[-5.91286240816905,54.6479813159384],[-5.90008223030596,54.6448192063413],[-5.85510871926641,54.6336702345758],[-5.85850548826291,54.6235602085077],[-5.82926821104487,54.6167522952232],[-5.83072873843594,54.6105829853935],[-5.80909904961613,54.615520515873],[-5.82317953443164,54.5814831869039],[-5.8891795680142,54.5617822130425],[-5.91215156467971,54.5666691875019],[-5.93317470574742,54.5401933870054],[-5.94139083497537,54.5436683622776],[-5.97574465599047,54.5305881456644],[-6.01663599114457,54.5508203751359],[-6.04118374534034,54.5467663538686],[-6.05976859781416,54.555167284957],[-6.0409998633328,54.5640921222565],[-6.04553272895948,54.6058944496858],[-6.0410689458526,54.6129306641733],[-6.02114611936803,54.6116991723021],[-6.02353872644944,54.628747459485],[-5.98640106649581,54.6594250487065],[-5.97088044118467,54.6453137728628],[-5.94879491244805,54.6523615736227],[-5.95069650543932,54.6650029618546],[-5.91286121206882,54.6479831355803]]]},"properties":{"CTYUA23CD":"N09000003","CTYUA23NM":"Belfast"}},{"type":"Feature","geometry":{"type":"MultiPolygon","coordinates":[[[[-6.45495074152445,55.2390595834363],[-6.40930689281313,55.2322768059034],[-6.36814322577659,55.2458325808655],[-6.33257285817371,55.2396451901924],[-6.33091626884348,55.2388304405213],[-6.31266544437377,55.2298131588226],[-6.31259238848454,55.2298145282176],[-6.3125293877216,55.229783518314],[-6.28942674601603,55.2302465723164],[-6.26844238397036,55.2193876263837],[-6.23618491046875,55.2026761066815],[-6.17805897620753,55.2138297275261],[-6.15675367522636,55.2232499518819],[-6.14595369484932,55.2280221274591],[-6.1161570608048,55.2095452596793],[-6.11614790603732,55.2095434516374],[-6.1161348881972,55.2095353759888],[-6.08682961041454,55.2037470804569],[-6.06222813377427,55.1988810582343],[-6.05112740434817,55.1757580880023],[-6.02689292495725,55.1612259992733],[-6.02548622808329,55.140447393],[-6.04119285699022,55.1310151538216],[-6.03596824644485,55.1032469865918],[-6.05873073561034,55.0812325796146],[-6.05281537882682,55.0657457133718],[-6.06224944358356,55.060088368511],[-6.0424656598533,55.0529660359783],[-5.97692873094826,55.0562971809219],[-6.01412361963277,55.0355157694796],[-6.02471165314705,55.0369574406151],[-6.09797775132434,54.983953663772],[-6.13164144478388,54.9882004121576],[-6.16528952435276,55.0306769193387],[-6.18080130572804,55.0344308857207],[-6.18521966231513,55.0260917851405],[-6.20435543478035,55.0296228045994],[-6.27922465411144,55.0048027927406],[-6.32375081377751,55.010219215385],[-6.32297862904333,54.9791319781709],[-6.345592104771,54.9880431218819],[-6.35702771777637,54.9753781053097],[-6.39057119761887,54.9815467355773],[-6.40138606305523,54.9666115135784],[-6.42361107980582,54.9729518198342],[-6.42700605543383,54.9641147804359],[-6.44820518832551,54.9646414153571],[-6.40782279160284,54.940486852169],[-6.42844014904012,54.9366176387175],[-6.42214599001138,54.9167752683675],[-6.46783852911632,54.9248511732437],[-6.49989811582067,54.918760235465],[-6.53760094774344,54.9520190589763],[-6.53683419101451,54.9335330958169],[-6.55515298599353,54.9370725676346],[-6.58503033394494,54.9235146058453],[-6.61748889741786,54.9382113642621],[-6.64345690942612,54.9373412044492],[-6.65694752060866,54.9224011144308],[-6.69028628259024,54.9162568870593],[-6.7074877215251,54.931760548208],[-6.73812196794712,54.9288064587593],[-6.775805403428,54.9137554431923],[-6.75754962792636,54.9030485481222],[-6.76823887058452,54.8731682590971],[-6.78494970148984,54.869990056748],[-6.78237635207203,54.8621098389189],[-6.80255772858874,54.8465587342457],[-6.85091460688194,54.8509327143205],[-6.85727377504363,54.8575855895892],[-6.8866002529905,54.8529973410418],[-6.88698318595696,54.8317945089322],[-6.91206365023906,54.8203769331924],[-6.94623406482963,54.8337449936173],[-6.9718259628951,54.8281991244857],[-6.98738046360342,54.8329850689997],[-7.00692571055648,54.820911060533],[-7.0152845006993,54.835267700318],[-7.03884094349723,54.8454958029207],[-7.03919823886693,54.867419107445],[-7.01929939716033,54.8869622299976],[-7.03461383576694,54.8884271133963],[-7.04360371538679,54.9139617527751],[-7.08763832875016,54.9274468133118],[-7.09370677286921,54.9590810680099],[-7.08103121594633,54.9858152450122],[-7.12665033318344,54.9852729482772],[-7.13312619708668,55.0049008382934],[-7.16588224886383,55.0339566845656],[-7.14703863785253,55.0467238746553],[-7.11015905209585,55.0425167582021],[-7.05140702774819,55.0495379424863],[-7.05000149096733,55.0569018554048],[-7.04171190861944,55.053036339119],[-7.04171841731559,55.0530444786288],[-7.04171006098001,55.0530405869332],[-7.04589987816303,55.0582735350276],[-7.01470072151592,55.0765563074052],[-7.0138063716805,55.0770800421207],[-7.01560525743686,55.083766953978],[-7.02008917650694,55.1004238103477],[-7.01778354338932,55.1011233506256],[-6.9899928625477,55.1095498927835],[-6.9688224043102,55.147888608712],[-6.96603438388506,55.192928862913],[-6.96592115068434,55.1947570244943],[-6.96167744274002,55.1931066585022],[-6.91368308546748,55.1744215770761],[-6.87472061554582,55.1680703785114],[-6.75262324907807,55.1685470567638],[-6.72458284769989,55.1732184475634],[-6.72188278527386,55.1898992529087],[-6.65949589010718,55.1987899455026],[-6.66101090893234,55.2049933774371],[-6.66288812298127,55.212676828856],[-6.65019502890472,55.2054070194416],[-6.6495913444646,55.2050611652569],[-6.60643759197252,55.2059195327885],[-6.60136558759118,55.2072622739056],[-6.5528996266186,55.2200779144485],[-6.54612682802143,55.2160217081446],[-6.5285204721068,55.2249790824042],[-6.53058763893028,55.2337192385355],[-6.47588465808166,55.2521588093799],[-6.45495074152445,55.2390595834363]]],[[[-6.16976043857174,55.3015780943379],[-6.18992023696721,55.25847161236],[-6.20082189065457,55.2753929170244],[-6.19303586103391,55.2926274351854],[-6.28609463639854,55.2934492699155],[-6.27000453961838,55.3069633400669],[-6.23996271067179,55.3120797201995],[-6.16976043857174,55.3015780943379]]]]},"properties":{"CTYUA23CD":"N09000004","CTYUA23NM":"Causeway Coast and Glens"}},{"type":"Feature","geometry":{"type":"Polygon","coordinates":[[[-7.14703863785253,55.0467238746553],[-7.16588224886383,55.0339566845656],[-7.13312619708668,55.0049008382934],[-7.12665033318344,54.9852729482772],[-7.08103121594633,54.9858152450122],[-7.09370677286921,54.9590810680099],[-7.08763832875016,54.9274468133118],[-7.04360371538679,54.9139617527751],[-7.03461383576694,54.8884271133963],[-7.01929939716033,54.8869622299976],[-7.03919823886693,54.867419107445],[-7.03884094349723,54.8454958029207],[-7.0152845006993,54.835267700318],[-7.00692571055648,54.820911060533],[-6.98738046360342,54.8329850689997],[-6.9718259628951,54.8281991244857],[-6.94623406482963,54.8337449936173],[-6.91206365023906,54.8203769331924],[-6.92242355522726,54.8025422658569],[-6.90290110925193,54.7838179439778],[-6.92209305912082,54.7731203012316],[-6.94000526652459,54.7735862770319],[-7.00539020373405,54.7798502922366],[-7.08072894208695,54.7657854426034],[-7.11728599845656,54.7493757659271],[-7.22621429597852,54.7519876163857],[-7.26100754477325,54.7309571094218],[-7.28365853713633,54.7405564551725],[-7.30571657531746,54.7384979023887],[-7.32055072850313,54.7320476578546],[-7.31927102619523,54.7133188308106],[-7.39170813757466,54.693089493469],[-7.44786902453267,54.6409673671176],[-7.48420344462866,54.6541611550281],[-7.49459279333511,54.6492937225494],[-7.51038952805902,54.6538050899125],[-7.55047469073031,54.6386434922841],[-7.55031500559485,54.6472273676281],[-7.56168267706668,54.6473643591788],[-7.57461561011886,54.6401624039439],[-7.57290069259842,54.6296401485445],[-7.59624397395985,54.6347921510307],[-7.61532343061607,54.6328875482394],[-7.61706591588475,54.6250715340852],[-7.65756116792781,54.6266779473562],[-7.70348193231686,54.6084590729046],[-7.69348361893585,54.6191113536122],[-7.70639606634846,54.6195812849148],[-7.70648604435144,54.6202807423088],[-7.70836787720627,54.6349023548588],[-7.74014754777531,54.6186847493401],[-7.74159461592634,54.6179457949048],[-7.74298386958169,54.6185498166965],[-7.75788087261612,54.6250245742234],[-7.77246156001283,54.6215025435281],[-7.81325914533255,54.6438839956879],[-7.8283341735116,54.6330407538481],[-7.85452714628125,54.6319238012792],[-7.85658899607321,54.6504753478437],[-7.89328184947151,54.6565230445935],[-7.8943354166012,54.6572639812963],[-7.90986291618992,54.6681795845857],[-7.91386275314661,54.6759548508262],[-7.89872439737548,54.6874496693455],[-7.89804120385091,54.6879682379116],[-7.89884037015407,54.6882465636997],[-7.92101292530627,54.6959648963625],[-7.91811315961143,54.702716801336],[-7.90094440133448,54.7026969936975],[-7.87947186665784,54.7026687852468],[-7.83667762793066,54.7364265793443],[-7.81769741912035,54.733808611808],[-7.80470883154511,54.7186520454801],[-7.78867311279766,54.7196163827704],[-7.74994675840576,54.7042537602884],[-7.7353025507446,54.716913106197],[-7.71160962784439,54.7260965567849],[-7.69703140011684,54.7237701778127],[-7.63662067766314,54.7515008447956],[-7.6175977990824,54.7433604199938],[-7.59567963752718,54.7436133583382],[-7.58855084332541,54.7436947687147],[-7.57928324190896,54.7504396174932],[-7.57840150544261,54.7417519566104],[-7.54333131919409,54.7426737975962],[-7.53420899542772,54.7470881521075],[-7.54754787558454,54.755347778463],[-7.54930558585403,54.7893537464456],[-7.52825704816342,54.8076933548761],[-7.52539020728748,54.8087389744966],[-7.48402569070313,54.8238124769365],[-7.44309544336465,54.871342026834],[-7.44733861797536,54.9350416821123],[-7.3920842152073,54.9454326617752],[-7.40745593226814,54.9636559610515],[-7.40704598781882,54.9829862092623],[-7.39481183364804,54.9946492205715],[-7.39145871224322,54.9978444533259],[-7.40558090810418,55.0033098726733],[-7.39144386228221,55.0223467555791],[-7.34620532687684,55.0505036828505],[-7.32438952967146,55.0462618528587],[-7.31834615465421,55.0450859261378],[-7.29943214354827,55.0561250004358],[-7.28920053213695,55.0474115970289],[-7.26486583382876,55.0666355009652],[-7.25437810537036,55.0600113746812],[-7.25554088501438,55.0654496265066],[-7.24553286560703,55.0635122872806],[-7.25176910778275,55.0441696844501],[-7.23280866116844,55.0482121205093],[-7.22486611323557,55.0610638903355],[-7.15651892721724,55.059031358972],[-7.14703863785253,55.0467238746553]]]},"properties":{"CTYUA23CD":"N09000005","CTYUA23NM":"Derry City and Strabane"}},{"type":"Feature","geometry":{"type":"Polygon","coordinates":[[[-6.94000526652459,54.7735862770319],[-6.94075395963489,54.7521886266114],[-6.99142208125918,54.7407762424366],[-7.0111483263911,54.7179164458596],[-6.99421454766275,54.7058238981016],[-7.00259944136973,54.6714631906487],[-6.96938146808803,54.6636916141485],[-6.98845917783941,54.6519168630018],[-6.96125696474926,54.6123307088967],[-6.94799805467554,54.6079632278343],[-6.96695753469955,54.597063597056],[-6.96965382894133,54.5795527822145],[-6.98858245929389,54.5814612521425],[-6.96947405486498,54.5696394372025],[-6.98566759825961,54.5571628767505],[-6.97451346801048,54.5436738653106],[-7.00879604002915,54.5245849709689],[-7.02909077562333,54.5258134069942],[-7.03946716505948,54.5055411671895],[-7.0729200869794,54.5027617816777],[-7.07215223883176,54.5079089832496],[-7.09937093533332,54.5003212226003],[-7.10807505651386,54.485926736822],[-7.1238628353948,54.4847495259789],[-7.12116202121671,54.4754457567429],[-7.13520047741218,54.4813690572329],[-7.1601516992904,54.4725036929618],[-7.20286496204831,54.4778854467197],[-7.19862273467574,54.466247525945],[-7.21642704843057,54.4673018699387],[-7.23578770899308,54.4544959229956],[-7.25294136180738,54.4509974339056],[-7.27255979694498,54.4603764033644],[-7.27057455978315,54.4536875411206],[-7.2948205382067,54.4435530752963],[-7.33469147164729,54.4448703886689],[-7.36702055464399,54.4375109968609],[-7.36224470741992,54.4196369874017],[-7.33144858969788,54.4047066406228],[-7.33442900956349,54.3716834169155],[-7.28052380900181,54.371574556065],[-7.27194893506983,54.3441008458588],[-7.24619297798085,54.3269719011018],[-7.22711823761085,54.3269762773082],[-7.20096342993952,54.3417742495634],[-7.18883022750182,54.3376489453031],[-7.1791487776856,54.3096899985047],[-7.19786709720635,54.3110650349315],[-7.21219347850518,54.2996019194678],[-7.17290746325423,54.2860659256987],[-7.17375176886216,54.2842836711755],[-7.17929558041075,54.272577474918],[-7.16064553484887,54.2736163937031],[-7.14224373046422,54.2556213291848],[-7.15899118818347,54.2436668854611],[-7.14604061613308,54.2397503064081],[-7.14495174669456,54.2247154737627],[-7.17110982867386,54.2175920839615],[-7.18827352231707,54.2248727269997],[-7.1987865312557,54.2156114135009],[-7.21670294275935,54.2157740267176],[-7.22084650877722,54.2158112540253],[-7.23185492606504,54.20556944511],[-7.24806176344715,54.2044169710851],[-7.24921327322081,54.197899294244],[-7.23297728668329,54.1977969400791],[-7.25905874252243,54.192242098287],[-7.25824823551584,54.1773765201962],[-7.24026995808637,54.1696848129107],[-7.25811531778973,54.1645162640599],[-7.25811927591168,54.1644939299001],[-7.25814341602098,54.1644869066239],[-7.25812549221926,54.1644588602645],[-7.26168279283192,54.1443803907912],[-7.27193969193649,54.1317228041267],[-7.28718499493617,54.1220574867461],[-7.29530423789734,54.1217159362188],[-7.30893642539855,54.1321126023628],[-7.28544128691654,54.1363599100694],[-7.30133062260098,54.1443265438644],[-7.2838007292864,54.1538523719057],[-7.27976514993974,54.1676268133549],[-7.31021417692712,54.1673091622057],[-7.33949504529969,54.1466895067174],[-7.30532907405191,54.1233556283649],[-7.31882791452109,54.1133465193094],[-7.32706512378151,54.1245944000994],[-7.34617283959835,54.1165026297472],[-7.36352050614821,54.1314395495074],[-7.39189821530749,54.1202016982033],[-7.37278393579758,54.1395220062487],[-7.42038940357354,54.1368537674581],[-7.40955331328968,54.1562131329523],[-7.44233997568184,54.1539028096938],[-7.46850236125283,54.1407850204133],[-7.47932887615282,54.1222484755681],[-7.51260489443572,54.1314600121324],[-7.52814113482711,54.135756148101],[-7.54738750034438,54.1221115250794],[-7.56572847123677,54.1265865956197],[-7.57456954321682,54.1414980051346],[-7.6104043629189,54.1437969797738],[-7.62850235349816,54.1692405070002],[-7.65612031673228,54.1856634744223],[-7.67654076801477,54.1819936269408],[-7.68286750982738,54.2003423695925],[-7.68541992669982,54.2077591800564],[-7.68542648856823,54.2077586641749],[-7.68542757733695,54.2077618184168],[-7.73919279029563,54.2035228300396],[-7.76799527676691,54.2094238337937],[-7.81147150795378,54.2008866906212],[-7.82985707671463,54.2071737514034],[-7.86024218460512,54.2175535507195],[-7.86042540892201,54.2527687271105],[-7.86046471107513,54.2602601265533],[-7.87280332492433,54.2662087355036],[-7.87320720150304,54.2795200850969],[-7.86188555448805,54.2934868663368],[-7.88093744324973,54.2918933217357],[-7.90150020523301,54.3014286974874],[-7.9108875376846,54.2959999072203],[-7.96165131898819,54.3124348820642],[-8.00028816203084,54.3580955956059],[-8.03135168846063,54.356682437536],[-8.05739402500478,54.3657415563228],[-8.08413725874874,54.3973973768306],[-8.12323440445325,54.4197543742016],[-8.16152873893645,54.4416152629003],[-8.1430559506859,54.450920119148],[-8.17557244310717,54.4640075015804],[-8.17748428228008,54.4647764398753],[-8.1757070896405,54.4648981936165],[-8.11474984451233,54.4690580743906],[-8.11318277432389,54.4763797004404],[-8.09111345060057,54.4763465623801],[-8.09861391344696,54.4842129600388],[-8.08903810530474,54.4870898931685],[-8.04260603057662,54.4877233146277],[-8.04175544626199,54.5064922694045],[-8.00596571136953,54.5459418315675],[-7.97031661793301,54.5472898677962],[-7.94972356429179,54.5336450692052],[-7.87638084819218,54.5331786198106],[-7.85051187442265,54.5330034424757],[-7.82390895322847,54.5444047818661],[-7.83324202177038,54.5523421121136],[-7.79659126993713,54.5716240481424],[-7.79404163860916,54.5815882991937],[-7.76229314599287,54.5858683035735],[-7.75147497886599,54.5987990265961],[-7.70348193231686,54.6084590729046],[-7.65756116792781,54.6266779473562],[-7.61706591588475,54.6250715340852],[-7.61532343061607,54.6328875482394],[-7.59624397395985,54.6347921510307],[-7.57290069259842,54.6296401485445],[-7.57461561011886,54.6401624039439],[-7.56168267706668,54.6473643591788],[-7.55031500559485,54.6472273676281],[-7.55047469073031,54.6386434922841],[-7.51038952805902,54.6538050899125],[-7.49459279333511,54.6492937225494],[-7.48420344462866,54.6541611550281],[-7.44786902453267,54.6409673671176],[-7.39170813757466,54.693089493469],[-7.31927102619523,54.7133188308106],[-7.32055072850313,54.7320476578546],[-7.30571657531746,54.7384979023887],[-7.28365853713633,54.7405564551725],[-7.26100754477325,54.7309571094218],[-7.22621429597852,54.7519876163857],[-7.11728599845656,54.7493757659271],[-7.08072894208695,54.7657854426034],[-7.00539020373405,54.7798502922366],[-6.94000526652459,54.7735862770319]]]},"properties":{"CTYUA23CD":"N09000006","CTYUA23NM":"Fermanagh and Omagh"}},{"type":"Feature","geometry":{"type":"Polygon","coordinates":[[[-6.04553272895948,54.6058944496858],[-6.0409998633328,54.5640921222565],[-6.05976859781416,54.555167284957],[-6.04118374534034,54.5467663538686],[-6.01663599114457,54.5508203751359],[-5.97574465599047,54.5305881456644],[-5.94139083497537,54.5436683622776],[-5.93317470574742,54.5401933870054],[-5.91215156467971,54.5666691875019],[-5.8891795680142,54.5617822130425],[-5.82317953443164,54.5814831869039],[-5.80909904961613,54.615520515873],[-5.78639342728217,54.6195731556932],[-5.77098032178965,54.6132946978279],[-5.77345592401581,54.5939519213898],[-5.75746880588443,54.5814493468674],[-5.78894199430571,54.571094122015],[-5.79914013679932,54.5606282026986],[-5.79291104662057,54.5457161515304],[-5.82678790381585,54.5254537725022],[-5.83307469136698,54.5013362048085],[-5.82346793804335,54.495410544066],[-5.87122629956621,54.4794301660115],[-5.87639286079777,54.4672205417765],[-5.90223538736087,54.4621627126345],[-5.89976353893487,54.4547274189646],[-5.91543260029066,54.4499606888906],[-5.91482466788657,54.4333390369505],[-5.92957179787616,54.4303069394451],[-5.92426901007495,54.423923098004],[-5.950710559544,54.4037294239005],[-5.93843743061911,54.3838694017012],[-5.95002561431927,54.3794740834558],[-5.97031126111268,54.3843813977738],[-6.01853724151476,54.3704798980388],[-6.02073352358333,54.3775166543116],[-6.04140237572993,54.3787428908711],[-6.03713929911063,54.3842626186459],[-6.0642449637245,54.3872621257179],[-6.0552834102798,54.4034844414485],[-6.0863676315582,54.4101503030476],[-6.1338253742457,54.4357090439396],[-6.15894160952213,54.4342284308905],[-6.15652333456693,54.4441516950235],[-6.21018440507748,54.4327414539901],[-6.20879561065583,54.445006972712],[-6.25805078815297,54.4795404646649],[-6.23919206558984,54.4953634361899],[-6.27316594902727,54.5195542048642],[-6.27772025580243,54.5574318896924],[-6.30463487433425,54.5728762162142],[-6.28117252279729,54.5800185831064],[-6.29451434728697,54.5966700928671],[-6.26365708432968,54.5979304854304],[-6.23670742483325,54.5879821724777],[-6.2174767593292,54.6020459224683],[-6.19191724784339,54.6004206962013],[-6.14553505416634,54.6111362704956],[-6.14806677698868,54.6207531271615],[-6.12285184776689,54.6176376131842],[-6.08731210956665,54.6243525165086],[-6.04553272895948,54.6058944496858]]]},"properties":{"CTYUA23CD":"N09000007","CTYUA23NM":"Lisburn and Castlereagh"}},{"type":"Feature","geometry":{"type":"Polygon","coordinates":[[[-5.86825353084919,54.6888724640569],[-5.88980865369615,54.6959304199623],[-5.88892208128027,54.7104622119028],[-5.90178813665011,54.7087511509495],[-5.91059842950701,54.7162101622477],[-5.89232302296305,54.7452784253321],[-5.9051803955934,54.7505262265008],[-5.89684081854034,54.7589283669068],[-5.90593218109318,54.7657611158654],[-5.88744095551418,54.772391193208],[-5.90078287621989,54.7802879317437],[-5.92204040010969,54.772277662505],[-5.94857962452008,54.7801519903584],[-5.96265220120571,54.7736011695426],[-5.97392024589171,54.7832237165623],[-5.98682451081125,54.7739895517796],[-6.01210426330692,54.7883063730165],[-6.0098435957095,54.8000951269846],[-6.05410914063298,54.7982820442948],[-6.04879324520413,54.791776388653],[-6.06692418312456,54.7971858700577],[-6.07983490571196,54.7963078799227],[-6.07301330216706,54.7916927028832],[-6.10265981397483,54.7925718949709],[-6.1113275797192,54.8070877727576],[-6.17201760379953,54.8118689593733],[-6.1984557060281,54.8063382884935],[-6.1988562335313,54.7980077075339],[-6.2272082195896,54.788479381428],[-6.2676767748441,54.7989148404653],[-6.26312123950951,54.7908057609559],[-6.28831615344895,54.7896555973125],[-6.302229159097,54.7963410890074],[-6.32143344982805,54.7906938738279],[-6.34543124370353,54.8010903829756],[-6.38470152866026,54.7791412095651],[-6.43359735802087,54.7893908109787],[-6.47705679588031,54.7809040831338],[-6.47095848853266,54.8124668219366],[-6.45728859240645,54.8244920025202],[-6.50629295628445,54.9082576713827],[-6.49989811582067,54.918760235465],[-6.46783852911632,54.9248511732437],[-6.42214599001138,54.9167752683675],[-6.42844014904012,54.9366176387175],[-6.40782279160284,54.940486852169],[-6.44820518832551,54.9646414153571],[-6.42700605543383,54.9641147804359],[-6.42361107980582,54.9729518198342],[-6.40138606305523,54.9666115135784],[-6.39057119761887,54.9815467355773],[-6.35702771777637,54.9753781053097],[-6.345592104771,54.9880431218819],[-6.32297862904333,54.9791319781709],[-6.32375081377751,55.010219215385],[-6.27922465411144,55.0048027927406],[-6.20435543478035,55.0296228045994],[-6.18521966231513,55.0260917851405],[-6.18080130572804,55.0344308857207],[-6.16528952435276,55.0306769193387],[-6.13164144478388,54.9882004121576],[-6.09797775132434,54.983953663772],[-6.02471165314705,55.0369574406151],[-6.01412361963277,55.0355157694796],[-5.97692873094826,55.0562971809219],[-5.96934539528917,55.0496103816669],[-5.96319065130697,55.0441812356935],[-5.99007301125635,54.984514642232],[-5.91898707001459,54.9617533994696],[-5.87805459518433,54.9076396726483],[-5.85828274057395,54.8987432761377],[-5.84429569303279,54.9007536788139],[-5.83719906014457,54.8806754336047],[-5.82827483273595,54.8742519300265],[-5.79760395007116,54.8521544729954],[-5.78332982514518,54.8510840308584],[-5.77980646227525,54.858682725001],[-5.76590091259186,54.8522784510537],[-5.76261892764346,54.8593453749257],[-5.73938368823413,54.8523234245639],[-5.72514938983868,54.8480182114262],[-5.68964873973087,54.8037059110952],[-5.68804706275384,54.7669586146604],[-5.71010896761564,54.745930234978],[-5.72862724814815,54.7357674204008],[-5.75488163955089,54.721345652046],[-5.79024095702047,54.720926416872],[-5.86825353084919,54.6888724640569]]]},"properties":{"CTYUA23CD":"N09000008","CTYUA23NM":"Mid and East Antrim"}},{"type":"Feature","geometry":{"type":"Polygon","coordinates":[[[-6.49989811582067,54.918760235465],[-6.50629295628445,54.9082576713827],[-6.45728859240645,54.8244920025202],[-6.47095848853266,54.8124668219366],[-6.47705679588031,54.7809040831338],[-6.47778656273274,54.7727644776666],[-6.45720107863701,54.7618293408458],[-6.49592646364251,54.7136654189767],[-6.46919155987941,54.6852448953973],[-6.40709797647204,54.6488262417787],[-6.42599769869378,54.5682228227428],[-6.54126888125514,54.5421030144201],[-6.59177905355514,54.5034369978416],[-6.62945282074104,54.5038182011799],[-6.65068947190028,54.4867098854635],[-6.64980644152286,54.4700236609874],[-6.69708206984989,54.4422428379913],[-6.71010849116574,54.4039000084265],[-6.72814812555224,54.4016534131142],[-6.73499479843252,54.4091571385451],[-6.76095890968492,54.406971029161],[-6.79372715767279,54.4150387942619],[-6.80752610895174,54.3989727031852],[-6.80466228767086,54.3796182350514],[-6.83703223420254,54.3355920356199],[-6.86392370929618,54.3300912984315],[-6.87604222383114,54.3465722071934],[-6.90637099573104,54.3504297179674],[-6.91118846883604,54.3747005468387],[-6.92888916269368,54.3772794636262],[-6.93271843452601,54.3778369845025],[-6.92919411846831,54.379817611479],[-6.92375216497653,54.3828753647008],[-6.92974990132067,54.3844423922206],[-6.95964882490876,54.3922477497736],[-6.97879497001987,54.4085898208672],[-6.99582333770896,54.4053695206737],[-7.02907277361944,54.4213258057242],[-7.05731646669509,54.4110244717404],[-7.05731875373909,54.4110210369403],[-7.05732155140875,54.4110200150559],[-7.07239903360521,54.38835071238],[-7.10970473285652,54.3683160196757],[-7.10350091365923,54.3559022582136],[-7.15272492849019,54.3352262459599],[-7.18883022750182,54.3376489453031],[-7.20096342993952,54.3417742495634],[-7.22711823761085,54.3269762773082],[-7.24619297798085,54.3269719011018],[-7.27194893506983,54.3441008458588],[-7.28052380900181,54.371574556065],[-7.33442900956349,54.3716834169155],[-7.33144858969788,54.4047066406228],[-7.36224470741992,54.4196369874017],[-7.36702055464399,54.4375109968609],[-7.33469147164729,54.4448703886689],[-7.2948205382067,54.4435530752963],[-7.27057455978315,54.4536875411206],[-7.27255979694498,54.4603764033644],[-7.25294136180738,54.4509974339056],[-7.23578770899308,54.4544959229956],[-7.21642704843057,54.4673018699387],[-7.19862273467574,54.466247525945],[-7.20286496204831,54.4778854467197],[-7.1601516992904,54.4725036929618],[-7.13520047741218,54.4813690572329],[-7.12116202121671,54.4754457567429],[-7.1238628353948,54.4847495259789],[-7.10807505651386,54.485926736822],[-7.09937093533332,54.5003212226003],[-7.07215223883176,54.5079089832496],[-7.0729200869794,54.5027617816777],[-7.03946716505948,54.5055411671895],[-7.02909077562333,54.5258134069942],[-7.00879604002915,54.5245849709689],[-6.97451346801048,54.5436738653106],[-6.98566759825961,54.5571628767505],[-6.96947405486498,54.5696394372025],[-6.98858245929389,54.5814612521425],[-6.96965382894133,54.5795527822145],[-6.96695753469955,54.597063597056],[-6.94799805467554,54.6079632278343],[-6.96125696474926,54.6123307088967],[-6.98845917783941,54.6519168630018],[-6.96938146808803,54.6636916141485],[-7.00259944136973,54.6714631906487],[-6.99421454766275,54.7058238981016],[-7.0111483263911,54.7179164458596],[-6.99142208125918,54.7407762424366],[-6.94075395963489,54.7521886266114],[-6.94000526652459,54.7735862770319],[-6.92209305912082,54.7731203012316],[-6.90290110925193,54.7838179439778],[-6.92242355522726,54.8025422658569],[-6.91206365023906,54.8203769331924],[-6.88698318595696,54.8317945089322],[-6.8866002529905,54.8529973410418],[-6.85727377504363,54.8575855895892],[-6.85091460688194,54.8509327143205],[-6.80255772858874,54.8465587342457],[-6.78237635207203,54.8621098389189],[-6.78494970148984,54.869990056748],[-6.76823887058452,54.8731682590971],[-6.75754962792636,54.9030485481222],[-6.775805403428,54.9137554431923],[-6.73812196794712,54.9288064587593],[-6.7074877215251,54.931760548208],[-6.69028628259024,54.9162568870593],[-6.65694752060866,54.9224011144308],[-6.64345690942612,54.9373412044492],[-6.61748889741786,54.9382113642621],[-6.58503033394494,54.9235146058453],[-6.55515298599353,54.9370725676346],[-6.53683419101451,54.9335330958169],[-6.53760094774344,54.9520190589763],[-6.49989811582067,54.918760235465]]]},"properties":{"CTYUA23CD":"N09000009","CTYUA23NM":"Mid Ulster"}},{"type":"Feature","geometry":{"type":"Polygon","coordinates":[[[-5.51597184422536,54.3243388640101],[-5.53163079904634,54.3158044955679],[-5.52578296278771,54.3103493369884],[-5.55054113027579,54.3063507320996],[-5.5603203873503,54.2864827671003],[-5.59057669574586,54.2637919955376],[-5.60797162802078,54.2654211599868],[-5.6087629679694,54.2487138060344],[-5.61816083065298,54.2461770015282],[-5.62402351162284,54.255782731172],[-5.63438203561321,54.2524363864705],[-5.63980565703616,54.2629886432719],[-5.63635612142367,54.2422697903572],[-5.66018062367681,54.2256146968],[-5.67709921757296,54.2465934804608],[-5.68451460525345,54.2488289844361],[-5.69275391768906,54.2513120454368],[-5.82157185257948,54.2428568075122],[-5.83383195010691,54.2566624525912],[-5.81586122860152,54.2591468535356],[-5.81438348807952,54.2864800457757],[-5.8500904366515,54.2533196301091],[-5.8333194524155,54.251250855628],[-5.82972710775065,54.24194471737],[-5.89286626873741,54.2054256269818],[-5.87177602642365,54.1676037211965],[-5.877576741265,54.1531127055037],[-5.89692617268467,54.1047041619978],[-5.95194553347635,54.0777935844415],[-5.96304560931326,54.062724190445],[-5.97376970204423,54.0622624375182],[-5.99615549369535,54.0612954492415],[-5.98816911488216,54.0576001172577],[-6.01370047640257,54.0418906520533],[-6.06272153791029,54.0227361083666],[-6.10757095911421,54.0401736460887],[-6.0985085403041,54.048565148579],[-6.07307548328775,54.0459044261372],[-6.07308476386966,54.0459115318782],[-6.07308002099644,54.0459110360817],[-6.09494940355491,54.0626422695916],[-6.15938706237367,54.0649566834428],[-6.18320190248957,54.0736628212567],[-6.19809850043,54.098170061891],[-6.25408551105308,54.0963536343388],[-6.28452467374932,54.1098568587945],[-6.29088218758648,54.1126750153287],[-6.30902232580748,54.1067085415914],[-6.3180123204477,54.0909620594035],[-6.33635474710237,54.0947223130336],[-6.33994727669772,54.1119075974795],[-6.36639048936762,54.1136429533788],[-6.36639014884171,54.113638090428],[-6.366396718748,54.1136385191948],[-6.36352618245028,54.0726056958541],[-6.39126985865414,54.0588355652513],[-6.41199494473418,54.063074933936],[-6.44352624932341,54.0564653965045],[-6.45603934165551,54.0725438529293],[-6.4777577915687,54.0771101481981],[-6.47127143322683,54.0662947127334],[-6.51052802634723,54.052670953858],[-6.53196711277821,54.0596523880352],[-6.55793507218139,54.0492829886062],[-6.58661444892787,54.0575528304895],[-6.59494294960026,54.0445960754791],[-6.62383843790942,54.0364871479256],[-6.6689790287571,54.0728072786138],[-6.65816569629923,54.0762026413059],[-6.65888409686261,54.0961329854719],[-6.64507324714177,54.0959493960601],[-6.66122274959575,54.1226652632866],[-6.64857715967784,54.1215865335219],[-6.64856123793881,54.1216133774751],[-6.64854717235095,54.1216122077459],[-6.64602833310907,54.1258619319704],[-6.62975009370253,54.1533050025629],[-6.64405486228898,54.1797542887783],[-6.59991188551696,54.2189466982227],[-6.58520618928626,54.2135429070387],[-6.57199067478287,54.2242036949485],[-6.52500177181183,54.237226897357],[-6.50409836212236,54.2256808875075],[-6.46677951746388,54.2549801534134],[-6.45787260341186,54.2521084762403],[-6.43909451680779,54.2674826587056],[-6.40166778884486,54.2730345896177],[-6.3684441601145,54.2653081432812],[-6.35144261758635,54.2740007236815],[-6.33105029043222,54.2631739297502],[-6.28849705363469,54.2650442710904],[-6.27911650916443,54.2717581186179],[-6.25400649685389,54.2577880132822],[-6.24147949315708,54.2637224726121],[-6.21234400784316,54.2586154591573],[-6.18142153328757,54.2441822777578],[-6.18893227549988,54.2375401589144],[-6.16028234974951,54.2189104800324],[-6.13657323273068,54.2431222367761],[-6.10686291088304,54.240106606919],[-6.07011231499416,54.2544006328436],[-6.05037829121797,54.2439277962008],[-6.03884410661252,54.2631364962267],[-6.07567949290165,54.2634804606597],[-6.06263678699944,54.2714492272499],[-6.07235326255952,54.2795691977829],[-6.05885650669585,54.2808969707787],[-6.05987035289254,54.2913942719497],[-6.10439150256087,54.3184784744238],[-6.09841841649155,54.3265633644304],[-6.06358504834468,54.326922563745],[-6.01853724151476,54.3704798980388],[-5.97031126111268,54.3843813977738],[-5.95002561431927,54.3794740834558],[-5.93843743061911,54.3838694017012],[-5.950710559544,54.4037294239005],[-5.92426901007495,54.423923098004],[-5.92957179787616,54.4303069394451],[-5.91482466788657,54.4333390369505],[-5.91543260029066,54.4499606888906],[-5.89976353893487,54.4547274189646],[-5.90223538736087,54.4621627126345],[-5.87639286079777,54.4672205417765],[-5.87122629956621,54.4794301660115],[-5.82346793804335,54.495410544066],[-5.7910801673597,54.4636193898003],[-5.73596947006824,54.4638900297196],[-5.72285931106181,54.4477138028689],[-5.70174599330359,54.4463822301408],[-5.66735719060925,54.4609615559686],[-5.63847993834642,54.4575009628307],[-5.62821799122656,54.4649876860877],[-5.58374699641201,54.4495151959215],[-5.59548438768939,54.4068927914552],[-5.58447284133491,54.3916810477924],[-5.54838541744159,54.373759135162],[-5.51597184422536,54.3243388640101]]]},"properties":{"CTYUA23CD":"N09000010","CTYUA23NM":"Newry, Mourne and Down"}},{"type":"Feature","geometry":{"type":"MultiPolygon","coordinates":[[[[-5.5238926165338,54.6704054380501],[-5.52451370891208,54.668965791693],[-5.54419770695978,54.6726388245506],[-5.54541396658863,54.6728659419846],[-5.53381914939549,54.6816591787609],[-5.52132981631193,54.6764077359602],[-5.5238926165338,54.6704054380501]]],[[[-5.72240274893475,54.6679350827123],[-5.72066293751517,54.667029058347],[-5.68001508909411,54.6688454403564],[-5.6725310846084,54.6629724929908],[-5.65600875622939,54.6709730720001],[-5.63912148478252,54.6672054529463],[-5.63257114100464,54.6796384562449],[-5.58390160268635,54.6776755826889],[-5.53018929572445,54.6449747684061],[-5.53407313546565,54.6224450665148],[-5.52161466863824,54.5976168612403],[-5.47724932767884,54.564053706232],[-5.48576535864182,54.546621467349],[-5.47585688590801,54.5251337753496],[-5.46356476957873,54.4984426359494],[-5.43279078696665,54.4873294921381],[-5.4420049101522,54.4756195602176],[-5.43562299891162,54.4571098162521],[-5.48004618566529,54.4284355562779],[-5.48003833828064,54.4284286939724],[-5.48004965956345,54.4284213768704],[-5.46423845353012,54.4146063691979],[-5.46018509461104,54.3863509847552],[-5.48969052750174,54.3763940208567],[-5.49302614653041,54.3653084133808],[-5.48127576615675,54.3566770166681],[-5.4981656731806,54.3514915635626],[-5.49816557185719,54.3514902453485],[-5.49817245129999,54.3514881318954],[-5.49764220282579,54.3446357380398],[-5.4967641358556,54.3332820510907],[-5.51597184422536,54.3243388640101],[-5.54838541744159,54.373759135162],[-5.58447284133491,54.3916810477924],[-5.59548438768939,54.4068927914552],[-5.58374699641201,54.4495151959215],[-5.62821799122656,54.4649876860877],[-5.63847993834642,54.4575009628307],[-5.66735719060925,54.4609615559686],[-5.70174599330359,54.4463822301408],[-5.72285931106181,54.4477138028689],[-5.73596947006824,54.4638900297196],[-5.7910801673597,54.4636193898003],[-5.82346793804335,54.495410544066],[-5.83307469136698,54.5013362048085],[-5.82678790381585,54.5254537725022],[-5.79291104662057,54.5457161515304],[-5.79914013679932,54.5606282026986],[-5.78894199430571,54.571094122015],[-5.75746880588443,54.5814493468674],[-5.77345592401581,54.5939519213898],[-5.77098032178965,54.6132946978279],[-5.78639342728217,54.6195731556932],[-5.80909904961613,54.615520515873],[-5.83072873843594,54.6105829853935],[-5.82926821104487,54.6167522952232],[-5.85850548826291,54.6235602085077],[-5.85510871926641,54.6336702345758],[-5.80539760499803,54.6590488307272],[-5.74101015996795,54.6776209102079],[-5.72240274893475,54.6679350827123]]]]},"properties":{"CTYUA23CD":"N09000011","CTYUA23NM":"Ards and North Down"}},{"type":"Feature","geometry":{"type":"Polygon","coordinates":[[[-3.62834742152508,56.1327697684165],[-3.66393874446118,56.1230462659014],[-3.6287866576953,56.1104406824461],[-3.67258302533341,56.1077991765632],[-3.67447357338482,56.1002317486755],[-3.71462197367735,56.1044872882052],[-3.73941399135654,56.077113232196],[-3.77408480811162,56.0917213714469],[-3.77599492983475,56.0929913950167],[-3.76632442173945,56.099021819073],[-3.77580077397914,56.0937899864281],[-3.79724124104907,56.1089553284697],[-3.7934198943577,56.1045718827375],[-3.79769186063896,56.1074095416315],[-3.82154575244587,56.1007190242395],[-3.83835746511842,56.1037191012288],[-3.83439733386183,56.1158256939462],[-3.84831082793777,56.119616060366],[-3.8697676150171,56.107723976487],[-3.86467369136126,56.1189098042255],[-3.88508318224873,56.1290961396097],[-3.85749484535403,56.1353131316729],[-3.87786868633793,56.1499599550195],[-3.85425718463454,56.1528874969494],[-3.85817301313212,56.1645231598194],[-3.82944976111,56.1965493080032],[-3.78087859892774,56.2172271306542],[-3.75218826480092,56.2119084546665],[-3.73681977817375,56.189049631189],[-3.6864536797219,56.1958528732246],[-3.66693603476877,56.1886280136618],[-3.65106753571946,56.2029709813173],[-3.63806335555564,56.1968540156043],[-3.61815129626608,56.205610362774],[-3.5751504561141,56.1960874731783],[-3.58234004547615,56.1844223097262],[-3.59797716219343,56.1810905459104],[-3.59313220754753,56.1730758955201],[-3.6478574228865,56.1596766840976],[-3.63666050691181,56.15128909189],[-3.64478552674772,56.137619013344],[-3.62834742152508,56.1327697684165]]]},"properties":{"CTYUA23CD":"S12000005","CTYUA23NM":"Clackmannanshire"}},{"type":"Feature","geometry":{"type":"MultiPolygon","coordinates":[[[[-3.06033221758426,54.9845174855148],[-3.06336697067458,54.9834767559588],[-3.06193310568613,54.98466663538],[-3.06033221758426,54.9845174855148]]],[[[-3.98622645537262,55.4640518758031],[-3.96979026562442,55.4543641352857],[-3.95098184599594,55.4625922122928],[-3.92434793407624,55.4563275274839],[-3.89543623495325,55.4597580098235],[-3.82549880334195,55.4444156059405],[-3.81640272104014,55.4272689669008],[-3.76459435249003,55.4011024392003],[-3.75366008119978,55.3749414265828],[-3.71104365687774,55.3632415396721],[-3.72017979505358,55.3502448859446],[-3.71115703171967,55.3231591888696],[-3.67836378062533,55.3089475615145],[-3.66361336261294,55.2917506898497],[-3.61865584033394,55.2957448882569],[-3.62155187352205,55.3165415929469],[-3.6070279127865,55.3258272881599],[-3.57396488088404,55.3283606060121],[-3.58826862158171,55.346175070195],[-3.57269152964768,55.3551034598359],[-3.57849386755789,55.3849633561753],[-3.55816763430744,55.3881133289078],[-3.54983139871295,55.3989852651899],[-3.53139949560021,55.3964362011546],[-3.50737757990869,55.4122645139947],[-3.47212770910069,55.4037558971552],[-3.42048997647979,55.4159948481802],[-3.40140191436278,55.4080553495355],[-3.36232625951272,55.4169935868856],[-3.35432161636757,55.4125174509244],[-3.33162730278199,55.4410557815831],[-3.3109815014474,55.4448283555114],[-3.2934449004254,55.4309155039477],[-3.2796071652533,55.4352532179777],[-3.24358693141093,55.4276853595064],[-3.30276258854263,55.3937704795292],[-3.31167283667253,55.3796342859636],[-3.30383341051223,55.3688878894739],[-3.31548403562744,55.3665964646687],[-3.32026011495569,55.349351578661],[-3.30366358976735,55.3423631937935],[-3.21738963511234,55.3761343506854],[-3.17925368683582,55.3604677347508],[-3.17450266653972,55.3467916160941],[-3.12723912967875,55.3597407367974],[-3.10973300514061,55.3480302976934],[-3.10202573596958,55.3515866278303],[-3.09908486841795,55.3316818308551],[-3.0466407369118,55.2955147749679],[-3.05465508176776,55.2807246809147],[-3.04295623012406,55.2715324764142],[-3.01993404948694,55.2791423061253],[-3.01016936821876,55.267434503021],[-2.99592870711763,55.2690881089186],[-2.96208381296045,55.2902655914727],[-2.91705891142397,55.2774116105189],[-2.89848771398977,55.28350300609],[-2.88492562986709,55.2626915025129],[-2.90501284203659,55.2571839812638],[-2.92144508629688,55.2367219203893],[-2.86384243187307,55.2363516726036],[-2.86191648331556,55.2232859979653],[-2.88818707824329,55.207866187521],[-2.90475192065703,55.1736692525178],[-2.896915650251,55.1466833574387],[-2.86511730811265,55.1353255452338],[-2.85854005901994,55.108348804226],[-2.88629245338616,55.0948098956192],[-2.89687924721878,55.0779496478708],[-2.94042911604544,55.0691281612352],[-2.93640742375778,55.0595859281934],[-2.95859356798911,55.0492945920762],[-3.05092854160806,55.0528035980455],[-3.05341969195431,55.0472840380947],[-3.02587564330566,55.036486661068],[-3.04945669761314,55.0093950282139],[-3.04408382356934,54.998556775184],[-3.05218005608859,54.990476244066],[-3.05345168741968,54.9928045591876],[-3.05764572172325,54.9918126949274],[-3.05797284042714,54.9907673955583],[-3.07479233378707,54.9813287128551],[-3.08274066046558,54.9873155398945],[-3.07520907497597,54.9806212940817],[-3.09124104140696,54.9754002035069],[-3.10844472423417,54.9786726162783],[-3.14956887128445,54.963838131955],[-3.20471066710709,54.9783535685189],[-3.24101888007879,54.9680343261144],[-3.24686180306124,54.9731492664786],[-3.25129121877155,54.972499341097],[-3.26833304185546,54.9699971065194],[-3.26916315291224,54.9655084639287],[-3.33707018966833,54.9807593362704],[-3.32915911575817,54.9787368410868],[-3.33923487751372,54.9740626817375],[-3.37033963734024,54.9706703121637],[-3.40846769437626,54.974409301325],[-3.43157308871454,54.9942042148647],[-3.4372884225823,54.9890407831446],[-3.47598965252136,54.9668040497923],[-3.52267017597377,54.9653858265688],[-3.56035886656585,54.9800203805237],[-3.56429684577828,54.9865687229408],[-3.58081427784473,55.0140100517198],[-3.59106937045464,54.9983642387304],[-3.5761749552315,54.9806571057439],[-3.60639210485709,54.9744268447843],[-3.58398841651543,54.9746604775355],[-3.5895153125852,54.9247630392673],[-3.58312793772822,54.9243673449736],[-3.57247714168726,54.9237067561077],[-3.56297371601929,54.9073236105341],[-3.59608905121496,54.8829675838314],[-3.59522241179007,54.8728580528072],[-3.69858829765705,54.8804071543278],[-3.67546355594683,54.8937587833568],[-3.72758256677914,54.8801232785386],[-3.75990557827261,54.8580100944726],[-3.76480663919358,54.8564849745437],[-3.78793724378928,54.8531185448425],[-3.81272504139102,54.8723470751849],[-3.81993509225443,54.8867326745622],[-3.82618099356794,54.8614806669683],[-3.80711143923178,54.8456012079449],[-3.8229506232951,54.8469714670861],[-3.84289833701397,54.8676489122033],[-3.8610868496329,54.8645675586165],[-3.83530822161696,54.8459746199976],[-3.85308981547698,54.8508590629005],[-3.86374296576011,54.8459171920806],[-3.82769229063548,54.8254719626798],[-3.83140598029447,54.821291731444],[-3.86862133794654,54.8085223005828],[-3.98483065303743,54.7685227046175],[-4.00601587311204,54.774566561701],[-4.04473913951237,54.7698730425843],[-4.05237187696132,54.7741214240793],[-4.06386500818889,54.7837706839461],[-4.04562473168261,54.8154521921621],[-4.05513784566342,54.8255520211811],[-4.06780301152056,54.8138164253051],[-4.07205768701931,54.8176699104611],[-4.06392310998269,54.8334559634402],[-4.06639200216881,54.831738025355],[-4.09131591824576,54.8143842074725],[-4.08989313343373,54.7818854782467],[-4.10619215282948,54.7784362465154],[-4.08998064252183,54.7738586256473],[-4.09003461631166,54.7736580842418],[-4.09434631672885,54.7658193971447],[-4.10643343659065,54.7678811395935],[-4.11149365043937,54.7774917961363],[-4.12061118622718,54.7776982000744],[-4.12383790496416,54.7804842175401],[-4.12151525193722,54.7878646750871],[-4.13880418724926,54.7759134811318],[-4.13881335781523,54.775915037999],[-4.15965961375089,54.7803447118494],[-4.16077032952874,54.781006180027],[-4.1798403722442,54.7998680406308],[-4.18048505465618,54.8085990554841],[-4.20921287624748,54.8136037206663],[-4.21315174584277,54.8180768840115],[-4.21301577547855,54.8185738315098],[-4.21351184477588,54.8184857719633],[-4.21957928422725,54.825373854057],[-4.21250775244254,54.8368965244178],[-4.22472888434695,54.8396619896574],[-4.223266030148,54.8489771427105],[-4.2027752281143,54.8678222889568],[-4.22685459238016,54.8654432644792],[-4.25741471722066,54.8373260227385],[-4.27411880590731,54.8393484580901],[-4.30631422190897,54.8444787098198],[-4.36267544896051,54.8632007511685],[-4.38334234024676,54.8777150925885],[-4.39168811439959,54.8982805087445],[-4.38172632152438,54.9006175673022],[-4.39381787487628,54.8990025983021],[-4.39689880364181,54.9110399417259],[-4.39908759202436,54.9195870126051],[-4.39915213267773,54.9144846055421],[-4.4003907780453,54.9109710720202],[-4.40467675994924,54.8988086068024],[-4.39626427722424,54.8937802358536],[-4.42831558858179,54.8840606000506],[-4.43196276043122,54.8758131515957],[-4.42120442086315,54.8718681529261],[-4.4222655564126,54.8639500956483],[-4.41407530228665,54.8280401371819],[-4.35451715562723,54.8133717141151],[-4.34125149579259,54.7990539942037],[-4.34664409741954,54.7905973829481],[-4.36940738473958,54.7929018540679],[-4.36016527094382,54.7776015956612],[-4.37109239385969,54.7720470625253],[-4.36050927839995,54.7688212801244],[-4.36498872392552,54.7410376692046],[-4.36464641193303,54.7313571708346],[-4.36706080859141,54.7225986582012],[-4.34971039450585,54.7086528780391],[-4.39296564949697,54.6773607827168],[-4.48407796717647,54.6998440267649],[-4.48443089593748,54.6999832229072],[-4.51060173248083,54.7102994633456],[-4.52790418901461,54.7204160791473],[-4.5346554490915,54.719771453598],[-4.54315049336072,54.7231144568391],[-4.54368397939342,54.7239318391387],[-4.54434685749487,54.7282566802712],[-4.54510515593236,54.733202820663],[-4.5716946526467,54.7381993251272],[-4.60070652848987,54.776916211759],[-4.67117260530512,54.7997650440725],[-4.70865553513529,54.8238884929755],[-4.77724712635856,54.8319473609775],[-4.78497534677422,54.8357020871479],[-4.80560676622465,54.8553471989322],[-4.81784615081107,54.8669905766125],[-4.83380976717957,54.8633974325447],[-4.85608279020503,54.8703257725483],[-4.86360086324796,54.8680006711638],[-4.87512301174799,54.8659546042741],[-4.87865820318802,54.869908452047],[-4.88553022972091,54.8645003835234],[-4.87734126931543,54.865644726033],[-4.87405947756465,54.8647649456881],[-4.86617658580962,54.8672039138529],[-4.85815725667121,54.8683231414266],[-4.85086172791189,54.8583745897419],[-4.93608194572159,54.8326374549331],[-4.96110823758336,54.8040624577741],[-4.91747847932371,54.7431758732935],[-4.9109833117203,54.7200027075228],[-4.90568008878442,54.7010610542309],[-4.86676015983777,54.6819281567582],[-4.88373281323235,54.6535539780575],[-4.87718088834196,54.6391515744817],[-4.8534575003115,54.6372843344813],[-4.8527866617415,54.6372143354407],[-4.8748505944453,54.6332571370994],[-4.92247744138457,54.6434321567856],[-4.96483750556982,54.6640478976441],[-4.97257954288901,54.689753639395],[-4.97218215313703,54.6899290173205],[-4.94778564067865,54.7005006821533],[-4.96693378107439,54.7175995961731],[-4.96599926069836,54.7186676574013],[-4.95735889042574,54.7285397726361],[-4.99254771147437,54.7349972935093],[-4.99251847903989,54.7350935812244],[-4.98674501000809,54.7499452409534],[-5.00059459947991,54.754011920539],[-5.0043076232242,54.7552049281054],[-5.01061034474516,54.783374681921],[-5.04235642177106,54.7922019619639],[-5.05362252479271,54.8098775962776],[-5.11611306629226,54.8404309464427],[-5.12279135789424,54.843691435549],[-5.13824361316754,54.8513298840796],[-5.16900961509822,54.8933443651389],[-5.18507488613446,54.9152438370828],[-5.17773279978491,54.9669434868677],[-5.18048951343426,54.9693678755788],[-5.17859175965652,54.9867305270194],[-5.17300541059577,54.9953952600667],[-5.15708805197264,55.0086105632816],[-5.13792173648461,55.0070084440894],[-5.12923007176421,55.0096036354519],[-5.1000189478373,55.0183186607613],[-5.06133231492053,54.9678339819971],[-5.07509865479998,54.9635281412781],[-5.07266324357889,54.9564967789438],[-5.07051846284541,54.9360326551791],[-5.06388368521725,54.9311270871558],[-5.06158418219172,54.9244766666952],[-5.03028182394951,54.9062481550945],[-4.99736956332,54.9123245010488],[-4.99676436853635,54.9223147759103],[-4.99212948279107,54.9261840856155],[-4.99616544351675,54.9321986180185],[-4.9959218894437,54.9362168833954],[-5.03972398883141,54.9977492421481],[-4.97323098591546,55.0115366408482],[-4.97805991916295,55.0221212128308],[-4.96055909410365,55.021501236012],[-4.93078126694337,55.0513815535924],[-4.93339939880104,55.0643718151446],[-4.92304619462045,55.0662077246348],[-4.89472981845057,55.0608615886483],[-4.8845510564382,55.0389030340817],[-4.84105569165308,55.0447450270966],[-4.83060523397494,55.0346414743065],[-4.80235308725211,55.0443930951243],[-4.7891672380325,55.0310544596481],[-4.77599222271109,55.0418376461149],[-4.76107366428514,55.0379746949122],[-4.7414566853193,55.0473090059162],[-4.71517152118473,55.0375112583421],[-4.64673943318255,55.0563824019774],[-4.64581469087392,55.0487705732007],[-4.63474544550487,55.0510334255714],[-4.62522340508776,55.0684492075567],[-4.66212295138821,55.0897439879053],[-4.65831649945949,55.1199359488222],[-4.62317045241628,55.1407845146625],[-4.58400081131103,55.141976743965],[-4.56496668501854,55.1580153709514],[-4.47862115705443,55.1529260063354],[-4.46184664635684,55.1702203887556],[-4.44293780609569,55.168778890547],[-4.44091751890866,55.1397214744864],[-4.43079048089157,55.1394672461547],[-4.40936990562274,55.1518024731494],[-4.40926689648219,55.1792284853541],[-4.39222953215982,55.2024242699229],[-4.37738315993509,55.2014562128817],[-4.36015140899039,55.2579883315266],[-4.31292006192217,55.2915156733642],[-4.30126610499178,55.3104495077299],[-4.25766913428519,55.3052861500781],[-4.23951471892834,55.3214350521687],[-4.20285831675555,55.3182342284887],[-4.17163488437388,55.2943487685398],[-4.13933142752183,55.284591914301],[-4.11358929575192,55.3023105839901],[-4.11913592057946,55.3222709500368],[-4.08572970340124,55.3512609255982],[-4.10749900807411,55.3690057058049],[-4.09084538344207,55.4120681347114],[-4.00269340889287,55.4365652072055],[-4.01710941757886,55.4471133589383],[-3.98622645537262,55.4640518758031]]]]},"properties":{"CTYUA23CD":"S12000006","CTYUA23NM":"Dumfries and Galloway"}},{"type":"Feature","geometry":{"type":"Polygon","coordinates":[[[-4.24689312432099,55.6790492953497],[-4.21696035749874,55.6471963315964],[-4.22161511181842,55.635100963046],[-4.20193629375129,55.6269472201657],[-4.20529781833633,55.6148585597025],[-4.17497644283731,55.6048394848032],[-4.1946936138365,55.6007049165163],[-4.20247280519075,55.5830450156766],[-4.2426391416614,55.5621345497734],[-4.22817760177927,55.5600662163346],[-4.22466282953864,55.5504864244056],[-4.14771637612256,55.5727326959536],[-4.12630891905639,55.5656735407665],[-4.08156633747413,55.567578607337],[-4.03957614793341,55.5923705714483],[-3.99700024781583,55.5635356984239],[-3.97639303510269,55.564656282134],[-3.97235276443031,55.5564392026484],[-3.95704646931223,55.555750649455],[-3.95870431881755,55.5407877051498],[-4.02568757738433,55.4924520508958],[-4.0116159564542,55.4828520219811],[-4.01682384650754,55.4729611948513],[-3.98622645537262,55.4640518758031],[-4.01710941757886,55.4471133589383],[-4.00269340889287,55.4365652072055],[-4.09084538344207,55.4120681347114],[-4.10749900807411,55.3690057058049],[-4.08572970340124,55.3512609255982],[-4.11913592057946,55.3222709500368],[-4.11358929575192,55.3023105839901],[-4.13933142752183,55.284591914301],[-4.17163488437388,55.2943487685398],[-4.20285831675555,55.3182342284887],[-4.23951471892834,55.3214350521687],[-4.25766913428519,55.3052861500781],[-4.30126610499178,55.3104495077299],[-4.31292006192217,55.2915156733642],[-4.36015140899039,55.2579883315266],[-4.37738315993509,55.2014562128817],[-4.39222953215982,55.2024242699229],[-4.40926689648219,55.1792284853541],[-4.40936990562274,55.1518024731494],[-4.43079048089157,55.1394672461547],[-4.44091751890866,55.1397214744864],[-4.44293780609569,55.168778890547],[-4.46184664635684,55.1702203887556],[-4.4766019063493,55.1991148223173],[-4.45182834071647,55.2112780557311],[-4.45019969534291,55.237395548076],[-4.42910551483153,55.2540238223673],[-4.45862643455766,55.2852440042861],[-4.43797823130519,55.3078262454247],[-4.4659444279644,55.3151905582064],[-4.47412862436242,55.3251768124812],[-4.49560362972678,55.3240743333778],[-4.52879319618362,55.3497148311469],[-4.56464285774234,55.3574730778899],[-4.51982828804501,55.3835744224817],[-4.52838187968575,55.3919461571394],[-4.54436089608736,55.3960510135147],[-4.56338327062286,55.3864153324059],[-4.58747274571724,55.3968384904641],[-4.60347410875322,55.3949810547874],[-4.57110458580755,55.4044493939299],[-4.56501893649807,55.4263028830073],[-4.53510787979715,55.4238487672943],[-4.5278032102847,55.4091368374336],[-4.50188420167792,55.3991306738463],[-4.45043467309967,55.4119434255582],[-4.45437277872245,55.4308474929696],[-4.4713031020086,55.4289768631792],[-4.49329098472781,55.438427990496],[-4.47485360674646,55.4483045020551],[-4.4810394368558,55.4578518331281],[-4.49345477207492,55.4573401782331],[-4.49350708070554,55.4701591415013],[-4.47193763076899,55.4859155124589],[-4.45896508307885,55.4835910267745],[-4.44045401570743,55.4938254129403],[-4.4395775547551,55.5043841975478],[-4.41608675882557,55.5008011005444],[-4.41866090388987,55.5066276131916],[-4.39913772862333,55.5108057893012],[-4.40949030567636,55.553285880363],[-4.43622686228906,55.5609279376943],[-4.43714587800586,55.567879908485],[-4.45453294177729,55.5620454560727],[-4.51822354989809,55.5653767240216],[-4.51694555360277,55.5713847944024],[-4.53870790877821,55.5750999047671],[-4.53607013271553,55.5916921012252],[-4.56852180130524,55.5928702713323],[-4.56825443315765,55.6018696580548],[-4.59221062124585,55.5979495133736],[-4.57933755031396,55.6036555739142],[-4.58844396924298,55.618218863965],[-4.55874280956377,55.6252190020529],[-4.5695552756433,55.6326283270515],[-4.5572350005073,55.6467144293659],[-4.49619228696181,55.6564911633797],[-4.49262074404278,55.6650682175845],[-4.53080837313239,55.6594713702094],[-4.54648551055368,55.6670069710675],[-4.5719176108827,55.6483999619536],[-4.59363902954085,55.6441537622746],[-4.60378424758067,55.6473417108352],[-4.59675599995749,55.6550769420956],[-4.63833303164531,55.6725061535283],[-4.61071244298507,55.6765423660442],[-4.57922356870693,55.7122860566586],[-4.52990807983792,55.7445732936916],[-4.50707888808751,55.7630860166045],[-4.4934389454544,55.7625799792475],[-4.48578392025912,55.7496799708356],[-4.45838158612779,55.7508607961023],[-4.46854307979188,55.7325215483135],[-4.43902714667401,55.735044400835],[-4.40061777076312,55.7136100384721],[-4.384492353814,55.7229755812918],[-4.35319426857871,55.6974158392979],[-4.33340052529906,55.7002742014987],[-4.32493719774665,55.688274614266],[-4.24689312432099,55.6790492953497]]]},"properties":{"CTYUA23CD":"S12000008","CTYUA23NM":"East Ayrshire"}},{"type":"Feature","geometry":{"type":"Polygon","coordinates":[[[-2.36537763121481,55.9453643505252],[-2.46683858117374,55.8843657812966],[-2.50472323372926,55.9119301911649],[-2.55440434043717,55.9115231780834],[-2.56271591642578,55.906633630628],[-2.55452901319408,55.9000760462987],[-2.57002114803782,55.8921435518726],[-2.53346352521556,55.8712736995899],[-2.53451035536423,55.8609310611574],[-2.55488159558334,55.8390891969517],[-2.58133907054301,55.8454857260121],[-2.59417782145885,55.8286717696289],[-2.64842326298363,55.8336406997958],[-2.64323520319702,55.8409278547318],[-2.6692640544235,55.846548512749],[-2.7399212226309,55.8281864943857],[-2.77719751541064,55.8443004213203],[-2.84624367983483,55.8189607204974],[-2.86218660060628,55.8398574650009],[-2.89904337166537,55.8507522858587],[-2.89450595862039,55.8593231637094],[-2.91354236981221,55.8565676179215],[-2.9371588390153,55.8634909098183],[-2.96691062088607,55.9118496153489],[-2.98880620636469,55.9128284792919],[-3.01774501899481,55.9016340239585],[-3.07784426996756,55.9193664940605],[-3.08857680610922,55.9313851499577],[-3.07699074546574,55.9468491642492],[-3.04956880600201,55.9490895890338],[-3.05269723716673,55.9429242173754],[-3.04294904457872,55.953687747222],[-3.01399831774073,55.9529502603721],[-3.01206997196953,55.9526937715619],[-3.01155900826297,55.9528878085385],[-3.01009143788598,55.9528502126871],[-3.00162143878382,55.9566607955503],[-2.96402075737087,55.9709228620281],[-2.9628858322439,55.9710235723528],[-2.91528999782723,55.9752371222411],[-2.88605252474847,55.9951330901798],[-2.89059394726018,56.0097077815386],[-2.89075547103193,56.0102259183754],[-2.84229353834677,56.0150427649025],[-2.86410575135556,56.0231247211437],[-2.86593140181983,56.0375927787859],[-2.8383571363849,56.0412325646206],[-2.81588082230723,56.0623591439575],[-2.78648045473531,56.0656758487717],[-2.75712434850254,56.058896349824],[-2.66064358322801,56.0593172457452],[-2.63755967109869,56.0538027839545],[-2.62043223286777,56.0479754547105],[-2.61391948244865,56.0330377796756],[-2.5818054868491,56.0232318485672],[-2.59077994725933,56.016605274265],[-2.58660026367203,56.0115274226861],[-2.58293840561087,56.0070774475648],[-2.58797330234679,56.0115208997455],[-2.59162232142856,56.0147405006724],[-2.59289363428985,56.0114974010685],[-2.59558719178407,56.0046243746605],[-2.60523799046334,56.0073241060754],[-2.61236002988016,56.0067246870024],[-2.62390126312279,55.9968490372934],[-2.60741053585712,56.0061051696632],[-2.60415056949764,56.0056970085678],[-2.59879928789268,55.9976877877778],[-2.58108817089124,55.9980232087081],[-2.57538458396889,56.0115801200704],[-2.5750254185394,56.0124334996666],[-2.57386775926909,56.0115871688337],[-2.55310837998966,55.9964024026218],[-2.54229578713252,56.0051709239158],[-2.51212242687696,56.0064481674186],[-2.50785128213838,55.999305009798],[-2.47295103638621,55.9929576808264],[-2.46307843637232,55.9892066450757],[-2.4550204767646,55.989691989609],[-2.44525552503395,55.9879121680546],[-2.41947516774522,55.9705696552046],[-2.40810185317765,55.9713896197832],[-2.39972229269964,55.9667633825552],[-2.3934722674097,55.9564777026778],[-2.36674550153262,55.9459556157108],[-2.36537763121481,55.9453643505252]]]},"properties":{"CTYUA23CD":"S12000010","CTYUA23NM":"East Lothian"}},{"type":"Feature","geometry":{"type":"Polygon","coordinates":[[[-4.25074130479644,55.784885703015],[-4.25339796204897,55.7726766973863],[-4.28255884217727,55.7683042495219],[-4.2750485094382,55.7543365585268],[-4.22312159443412,55.7275538017725],[-4.22160226432997,55.6915323170812],[-4.24689312432099,55.6790492953497],[-4.32493719774665,55.688274614266],[-4.33340052529906,55.7002742014987],[-4.35319426857871,55.6974158392979],[-4.384492353814,55.7229755812918],[-4.40061777076312,55.7136100384721],[-4.43902714667401,55.735044400835],[-4.46854307979188,55.7325215483135],[-4.45838158612779,55.7508607961023],[-4.48578392025912,55.7496799708356],[-4.4934389454544,55.7625799792475],[-4.50707888808751,55.7630860166045],[-4.52990807983792,55.7445732936916],[-4.55091877516458,55.7663828423523],[-4.54190174224285,55.7785452196845],[-4.52198487105586,55.7744224211732],[-4.49570016998303,55.7907215056651],[-4.49514337988747,55.8014447771185],[-4.47271416526606,55.7977933095056],[-4.46580533903447,55.8047260288701],[-4.40055655831012,55.81094500768],[-4.38141361086496,55.8231478436573],[-4.36745274696619,55.8177003182713],[-4.37205926650633,55.7947648913798],[-4.33344842083939,55.7928741328116],[-4.32623786588897,55.8084452734066],[-4.29262476699183,55.813935584676],[-4.26068309535512,55.8110142502076],[-4.26824688088937,55.7916303389689],[-4.25074130479644,55.784885703015]]]},"properties":{"CTYUA23CD":"S12000011","CTYUA23NM":"East Renfrewshire"}},{"type":"Feature","geometry":{"type":"MultiPolygon","coordinates":[[[[-7.61196354110177,56.7839980932987],[-7.63700907675361,56.7781532354042],[-7.65343173496789,56.7831190443876],[-7.66067713939505,56.7853087467509],[-7.65949313017776,56.7856409812641],[-7.64306324296807,56.789557307676],[-7.61642475862274,56.7847961420092],[-7.61196354110177,56.7839980932987]]],[[[-7.62211860610247,56.8025490837232],[-7.64162442640982,56.7963913172874],[-7.6663461514025,56.7997106404596],[-7.64848784753257,56.8124529809797],[-7.64822411092763,56.8126405562547],[-7.65911247384297,56.8221228320884],[-7.62406163409691,56.8293134002938],[-7.62325062131448,56.8197703708448],[-7.62211860610247,56.8025490837232]]],[[[-7.56134929818217,56.8540389215839],[-7.56868793074204,56.8473898290002],[-7.57918178938927,56.8480890177705],[-7.59813628299239,56.8493496049381],[-7.59346481075375,56.8596223081187],[-7.58106222545608,56.8606791984749],[-7.57717562404259,56.8610101329797],[-7.57638907309841,56.8608169890325],[-7.56134929818217,56.8540389215839]]],[[[-7.49901973361603,56.884012168512],[-7.50681920054731,56.8826215053703],[-7.52661748187078,56.8872004621808],[-7.53776660234506,56.8960505719268],[-7.53926789692334,56.8983345846152],[-7.52685671581928,56.9022563307275],[-7.52462666769534,56.9019651415577],[-7.49848891374425,56.8976103582369],[-7.49753008885491,56.8964189267894],[-7.49901973361603,56.884012168512]]],[[[-7.44177610271288,56.9190119701837],[-7.44549082555442,56.91190072138],[-7.45120696058147,56.9200741312801],[-7.44321187586318,56.921787475622],[-7.44058140271052,56.9222100167318],[-7.44177610271288,56.9190119701837]]],[[[-7.40688269931394,56.9882127738559],[-7.406836982408,56.9878995946521],[-7.41846137338026,56.9909996002158],[-7.40688269931394,56.9882127738559]]],[[[-7.346834106315,56.9948446036915],[-7.35771576896149,56.9940559143994],[-7.3506781114827,56.9994392091956],[-7.35061869885168,56.9994777440531],[-7.35024716156016,56.9992664807989],[-7.346834106315,56.9948446036915]]],[[[-7.36575229037025,57.0003872522461],[-7.36180524254344,56.9918868768852],[-7.37711551977538,57.0002228461977],[-7.36798233523466,57.0004813477768],[-7.36575229037025,57.0003872522461]]],[[[-7.35016908506813,57.0187449896762],[-7.33626839616836,57.0104982284017],[-7.33131174762323,57.0138793099363],[-7.33007069120754,57.013516756295],[-7.32992334290035,57.0061663168561],[-7.36220147386998,57.0122216795569],[-7.36036940512875,57.013403139748],[-7.35016908506813,57.0187449896762]]],[[[-7.3246084481927,57.0259121440988],[-7.3241943547305,57.0156426312173],[-7.33448250111921,57.0175076476768],[-7.34412651603017,57.0206908987609],[-7.33552881340595,57.0231093893113],[-7.3246084481927,57.0259121440988]]],[[[-7.54246522244882,56.9394430984283],[-7.54241143834846,56.9394255767257],[-7.49861962525708,56.932392579879],[-7.51512883826715,56.9335200328083],[-7.51769821647526,56.933792326726],[-7.53430879659071,56.9216632165195],[-7.50335178254714,56.9216722201867],[-7.50384510829856,56.9172643688681],[-7.50393097075046,56.9168814320782],[-7.54922077093311,56.9092053881228],[-7.56160569254033,56.9219288828724],[-7.55959239652648,56.9218903839756],[-7.54530655027278,56.9207123001653],[-7.54185566946094,56.9267927208305],[-7.5465527009829,56.9278248286282],[-7.54657036726905,56.9284712727303],[-7.557903839665,56.9303180987147],[-7.57305596375315,56.9336440676481],[-7.56124854954855,56.9424427972911],[-7.56537592712641,56.9448117879262],[-7.57001865748276,56.947803364089],[-7.5678426063672,56.9476923001146],[-7.56785793311701,56.9477104372146],[-7.53433054197994,56.9461969995986],[-7.531902121864,56.947281379103],[-7.56160848628539,56.9559759820244],[-7.55820590179469,56.9634618112682],[-7.55467697782058,56.9683896019013],[-7.5193717666048,56.9739233221126],[-7.51418256965515,56.9795966001511],[-7.51391962846613,56.9796517421517],[-7.51405887719918,56.9797318081162],[-7.51303818892896,56.9808474838385],[-7.52456572907588,56.9857716264382],[-7.52612531224598,56.9866678974454],[-7.51811000498461,56.9880020360561],[-7.51409734283249,56.9881209721753],[-7.51437137993696,56.9886241190242],[-7.51122218414097,56.9891480225435],[-7.51519682304749,56.9983355468893],[-7.50133156986731,57.0035508742413],[-7.52871306799115,57.0130664766401],[-7.52858778610528,57.0130823149299],[-7.484599579168,57.0144420143159],[-7.46596453217331,57.0209818011299],[-7.46229313932951,57.0214438366416],[-7.46198171203205,57.0223788842203],[-7.45696859242802,57.0241370502874],[-7.45421739268616,57.0456768424004],[-7.45024153911358,57.0575966583736],[-7.41961925489024,57.0418223885746],[-7.44595263963124,57.0197642457256],[-7.407125818884,57.0064968823784],[-7.42481100887539,57.0111421705421],[-7.42918969675311,57.0124445476578],[-7.42801337182997,57.011982923613],[-7.42859300183429,57.0121350875801],[-7.40776074257441,57.0034035424535],[-7.43029785811375,57.0018716613358],[-7.41071459487935,56.9950440790132],[-7.40148735637296,57.0000479974643],[-7.37900462346847,56.9900892171596],[-7.3785007264323,56.9803361947296],[-7.40537700887796,56.9875101341273],[-7.4102376793149,56.9938630935408],[-7.42196654543131,56.9918429508716],[-7.42107655507178,56.9916288308471],[-7.40586142651835,56.9812152401766],[-7.4056079640442,56.9794781592434],[-7.42259307886994,56.9758563898268],[-7.42283005538187,56.9758272257407],[-7.42283667576045,56.9758044255366],[-7.42285145034712,56.9758012732583],[-7.42285788621342,56.975731364787],[-7.42354997025068,56.973347354258],[-7.42706915185291,56.9612204959053],[-7.43351692890255,56.9612829211702],[-7.44059735624164,56.9624555561438],[-7.44021948301993,56.9613474760218],[-7.44247272305047,56.9613690973685],[-7.43602152420203,56.9486360821173],[-7.48214604315682,56.9462224204915],[-7.48201405966717,56.9520047275523],[-7.48178288633448,56.9541112958515],[-7.50129631799192,56.9506558472272],[-7.50159865583997,56.9512319669199],[-7.50468578841732,56.9577331079331],[-7.50460430247977,56.9569582851237],[-7.50517055395509,56.9580368787935],[-7.50391377505857,56.9464732941432],[-7.51709072022121,56.9469263753456],[-7.53126475579899,56.9474275616317],[-7.54246522244882,56.9394430984283]]],[[[-7.37219376478643,57.0516871485422],[-7.39529759910591,57.0428994482701],[-7.39842527669344,57.0449619420878],[-7.40091140957895,57.0499740845465],[-7.38990241717185,57.0619289558017],[-7.38943150241022,57.0621833565152],[-7.37134890360423,57.052045838476],[-7.37219376478643,57.0516871485422]]],[[[-7.43532969621305,57.0652274285884],[-7.4505103595932,57.0635240587512],[-7.44635668992918,57.0663518279307],[-7.44267351043277,57.0684699289684],[-7.4361292064712,57.065658342589],[-7.43532969621305,57.0652274285884]]],[[[-7.31009489992277,57.0894830131811],[-7.30142365148972,57.0869788512699],[-7.2686740250243,57.0909230152952],[-7.27779202813193,57.067808852589],[-7.28177294013421,57.0676862552045],[-7.29937891671232,57.0671425312943],[-7.29881168747612,57.0670102139583],[-7.29908816937788,57.0670153824154],[-7.29154608513455,57.0653150538769],[-7.2810872929185,57.062873859425],[-7.27778926068413,57.0621038131543],[-7.28070233345685,57.0601711906036],[-7.29127946359634,57.0531517842638],[-7.29227292500372,57.0525175233283],[-7.3099119798419,57.0612734786434],[-7.31182249418945,57.0899043489655],[-7.30839722049132,57.0899897969615],[-7.31009489992277,57.0894830131811]]],[[[-7.25689864064347,57.3436192755079],[-7.2573429470027,57.3434152801272],[-7.25719993447255,57.3436439052128],[-7.25689864064347,57.3436192755079]]],[[[-7.25806127218937,57.3489129966112],[-7.25874810456785,57.3488020278518],[-7.26452250443993,57.3492924297397],[-7.26458745415939,57.3493133557818],[-7.25806127218937,57.3489129966112]]],[[[-7.18984454629632,57.4100465080807],[-7.19702491236924,57.4016230167469],[-7.18970319769598,57.4034099692888],[-7.18953562717169,57.3955348342829],[-7.20298615025458,57.392533915895],[-7.21891003074534,57.3902099051633],[-7.21636001105337,57.3895482084641],[-7.21934051224062,57.3888825563689],[-7.23153172804372,57.390937601422],[-7.23370771694717,57.3914921873348],[-7.23312237090047,57.3922629373573],[-7.21766305901836,57.4051437537578],[-7.18985815958738,57.410685410284],[-7.18984454629632,57.4100465080807]]],[[[-7.32579601128333,57.4055968590107],[-7.32945381505983,57.3987104300635],[-7.33216715354905,57.3936004482789],[-7.32865638000505,57.3932349157448],[-7.31832927415536,57.3921590708509],[-7.31914266094774,57.3825893539054],[-7.28804732052476,57.3841316559317],[-7.27823152395386,57.3813831473995],[-7.26789205455631,57.3752056396403],[-7.26716988687838,57.3738165528486],[-7.28388688202429,57.3731801542388],[-7.27732325106877,57.3776856326698],[-7.28722728641234,57.3798739478552],[-7.31095584630308,57.3722091630597],[-7.29365551531497,57.3707283805516],[-7.27575811721518,57.3675214387017],[-7.24612579484113,57.3553482571697],[-7.2410442303778,57.3526554338914],[-7.24186605136636,57.3499063275605],[-7.27026795536462,57.349780093431],[-7.27360457925067,57.3500631717483],[-7.27009277647785,57.3446971192531],[-7.2646020152586,57.3442487518474],[-7.26102084103632,57.3418007140237],[-7.25420262805944,57.3433988541167],[-7.23393776159658,57.3417400523967],[-7.2207484987659,57.3489887630553],[-7.22080750321359,57.3488713765101],[-7.22754922859934,57.3398586943571],[-7.23627335282693,57.341021721081],[-7.23084136185119,57.3356647029533],[-7.26500282920611,57.3329373927762],[-7.26397095446111,57.3293939886482],[-7.26374488186765,57.328119010456],[-7.27574288927174,57.331617603908],[-7.29401607089598,57.3371094936166],[-7.29341655608935,57.3367677735308],[-7.29469739408944,57.3371408556966],[-7.27186082559442,57.3230423559631],[-7.24726925802109,57.3236026418691],[-7.24562854826491,57.3225888766868],[-7.24539211871238,57.3236452105274],[-7.23662845128585,57.3238435775299],[-7.22804452286619,57.3238822412634],[-7.220518525523,57.3007660061296],[-7.19869298384784,57.3063524937085],[-7.19210137672028,57.2985825769539],[-7.20163069810049,57.2833829809078],[-7.20326580077937,57.2809170651948],[-7.20948934405453,57.2812343844821],[-7.22713066500198,57.2822108696906],[-7.25314505363971,57.2603636233422],[-7.25300824589096,57.2602124330585],[-7.25301477242289,57.2602071085489],[-7.25214530436225,57.2592587401495],[-7.24269871227214,57.2488149380101],[-7.26686617210965,57.2248622649232],[-7.26759434715714,57.224144932626],[-7.27757978620176,57.2244694629553],[-7.30280964113177,57.225634976446],[-7.30143247041887,57.2329653890213],[-7.30096639056927,57.2339174610863],[-7.29824120730231,57.2329356583432],[-7.28748872402224,57.2279002039986],[-7.29135443947975,57.230454054154],[-7.28317649455393,57.2275062409494],[-7.30180898498999,57.2373583204294],[-7.30226635183844,57.2376602859399],[-7.30234702485764,57.2376426885781],[-7.30597730417265,57.239561207227],[-7.30629364320417,57.2388258503363],[-7.30726400056976,57.236569996128],[-7.33406077359832,57.2307194699292],[-7.33543293660673,57.2305832268165],[-7.34525974485973,57.2432769539271],[-7.34580135330487,57.2401605868483],[-7.34862518985142,57.2428939138915],[-7.34803710560893,57.2373023718732],[-7.36300520514163,57.2458076264241],[-7.35890471910135,57.2395921934378],[-7.36356585827875,57.2437136942148],[-7.35545384592306,57.2343596222335],[-7.3495349371415,57.2253810720316],[-7.31842823327693,57.2232740239399],[-7.32009335585394,57.224320678717],[-7.30918431617548,57.2296436092737],[-7.30857633517103,57.2297393736597],[-7.3037199287415,57.2209577193274],[-7.30074866143265,57.2155826056376],[-7.29993994396306,57.2155834097618],[-7.29980335749335,57.2153526475931],[-7.26758790267632,57.2108402210377],[-7.2618400731826,57.207325727071],[-7.26344383341127,57.2020740184482],[-7.26698565845432,57.1933359619802],[-7.26480396644043,57.192037756826],[-7.24478194305022,57.1642669475429],[-7.24460369694355,57.1636804993458],[-7.24464220412567,57.1636465813537],[-7.26461958563464,57.1518986091891],[-7.27352260704778,57.1509230162538],[-7.30859305377454,57.1600504333742],[-7.30858616353549,57.1592323715462],[-7.32121112551771,57.1640967454739],[-7.31039614856997,57.1581916673929],[-7.30856900219124,57.1571937496552],[-7.30851703721654,57.151011648037],[-7.29057030038307,57.1473591785583],[-7.29044346176128,57.1472898453438],[-7.29324724052894,57.1476506336901],[-7.32107600259573,57.1514780944068],[-7.32744818151001,57.1574674993152],[-7.33085659429755,57.1606702006447],[-7.34485876629783,57.1567249282431],[-7.35568720845018,57.1536722624663],[-7.35594768476787,57.1536952782222],[-7.35577696792939,57.1536469523553],[-7.35602333727809,57.1535774808759],[-7.33460498338568,57.1368032314652],[-7.33483844761106,57.136557328421],[-7.33437547302624,57.1366233810515],[-7.33345230805722,57.1358999441432],[-7.29232356771296,57.1415653936558],[-7.28490101275319,57.1425862415077],[-7.25580529132943,57.1376954522264],[-7.24630586476149,57.1357812691416],[-7.24392437372134,57.1188113195917],[-7.24118455417284,57.1206584559278],[-7.24086268826124,57.1195605592858],[-7.23440449433394,57.1252284258271],[-7.23265798216408,57.1264053926512],[-7.21185611095969,57.1174480498212],[-7.21549635706123,57.1106083045932],[-7.23002288918434,57.1116865218231],[-7.21872248281384,57.1105966003301],[-7.2339282384157,57.1040995381239],[-7.22928586222202,57.0959359939314],[-7.23364633143146,57.096842056454],[-7.27970406955194,57.1081361869275],[-7.28354493054289,57.1071963660098],[-7.28752652645998,57.1080214570224],[-7.30147354800676,57.11091034196],[-7.31755988777175,57.0988794310797],[-7.32056709787608,57.1052178007572],[-7.37351923642082,57.1038747970582],[-7.39240777287632,57.1134805347195],[-7.39962305842276,57.1262795755156],[-7.39981821788758,57.1276166707066],[-7.4004311011081,57.1277123375928],[-7.40565771854991,57.136976992023],[-7.40468295993637,57.1376296164839],[-7.40694891951004,57.1392649782807],[-7.41263647954762,57.1493394823139],[-7.41334023399477,57.1537814190686],[-7.4135559557829,57.1551427507685],[-7.40895595296789,57.1604047800214],[-7.41625656969555,57.1721746339966],[-7.42331045072044,57.216571087922],[-7.43545160477533,57.2364076574803],[-7.45818808101914,57.2409201411926],[-7.42899548753802,57.247091391206],[-7.42829895074413,57.2504992209823],[-7.42810591601718,57.2505573553673],[-7.42601419018499,57.2616737016119],[-7.42050779730402,57.2885809147168],[-7.3968333778117,57.3016839882149],[-7.38842335316744,57.2976421129926],[-7.39973024641095,57.3075749275161],[-7.40165679853868,57.332206044101],[-7.40242899911254,57.3467645775801],[-7.40284239375346,57.3473406210728],[-7.4036740674733,57.3579470419894],[-7.42952106405836,57.3880487721312],[-7.42867489093718,57.3882804380767],[-7.41235686220909,57.3871807559625],[-7.40415391556593,57.3949901029098],[-7.39197363059585,57.3983203377259],[-7.37804944577578,57.3952550861657],[-7.38476740735283,57.3923125757331],[-7.34086632133496,57.4025567091681],[-7.32970026628245,57.3992616842286],[-7.32956603348182,57.3994808119318],[-7.32581330206446,57.4056058592668],[-7.32579601128333,57.4055968590107]]],[[[-7.2199623546905,57.4119833300376],[-7.23194002823156,57.4112431579104],[-7.23269276787269,57.4113812719926],[-7.22399910959379,57.4135788707818],[-7.22119977186979,57.4135586270921],[-7.2199623546905,57.4119833300376]]],[[[-7.19123631834688,57.476021195062],[-7.19091082797018,57.4756702185365],[-7.19230604715626,57.4761435444269],[-7.19123631834688,57.476021195062]]],[[[-7.33659158895849,57.4800876889121],[-7.3091332152587,57.4792456626677],[-7.30053142712531,57.4848706532291],[-7.29178379936416,57.4845201596911],[-7.28645833662567,57.4832939559918],[-7.29005442299715,57.4812508640582],[-7.29461944417139,57.4806757930211],[-7.29123426700024,57.4805804730201],[-7.29623718850096,57.4777374049856],[-7.2590310560494,57.4783123934591],[-7.26268308934133,57.4721932280079],[-7.28239613031157,57.4732960272102],[-7.26684072346315,57.4632490931217],[-7.25610368105341,57.4667525169204],[-7.24750762072861,57.4604265523084],[-7.25085806080175,57.4731342478657],[-7.24670762939691,57.4749530777037],[-7.24277063066065,57.4735170578717],[-7.2421194449465,57.4717111443121],[-7.24854290160273,57.471545098889],[-7.24364520346249,57.4647494994136],[-7.24012958699294,57.4661915149467],[-7.23962803773831,57.4647999827045],[-7.23823850007909,57.4669671038552],[-7.22928438388648,57.4706386182319],[-7.20674366979171,57.4611944178624],[-7.23318868323428,57.4607321489131],[-7.23550847060415,57.4613991981552],[-7.23589286037314,57.460684565549],[-7.24474222486926,57.4605284424004],[-7.24148466841028,57.4509188911743],[-7.21840546178274,57.4461600421543],[-7.22393433897155,57.4463206171879],[-7.24268980939568,57.447086332018],[-7.24296732833874,57.4473477120206],[-7.25165909801464,57.4592813715594],[-7.24704570490486,57.4511883951361],[-7.2500316335592,57.4539996883407],[-7.25018689737782,57.4444698344759],[-7.25520750755068,57.4434553197546],[-7.26493085316805,57.4509289327733],[-7.26466649497632,57.4491864137302],[-7.27062418318708,57.4528455394131],[-7.26770442262984,57.445737460772],[-7.2785706063496,57.4469553681351],[-7.26445076254396,57.4398941423263],[-7.27005771530679,57.4393624289274],[-7.27539751420219,57.4389087039721],[-7.27522691069614,57.438871995131],[-7.2835795502806,57.4380790539422],[-7.24769282931477,57.4292927210966],[-7.23468852597101,57.4301406850714],[-7.23273116571114,57.429718660678],[-7.23380845820681,57.4301980214292],[-7.22165189385105,57.4309893751594],[-7.24485024964311,57.437910556486],[-7.21599931498906,57.4362722214296],[-7.20473761973444,57.4294234489067],[-7.20200358023444,57.4242771331069],[-7.22418128746781,57.4266150228821],[-7.20622821901816,57.4156392225359],[-7.21050877017749,57.4153243931374],[-7.23515298138418,57.4136589103093],[-7.23329888866673,57.413645674057],[-7.25419627984816,57.4121026230004],[-7.23804909669387,57.4017411048079],[-7.27080860673924,57.4088364888871],[-7.27199781979945,57.4091818624615],[-7.2719270437308,57.4090785288303],[-7.31385044114404,57.4181414613339],[-7.31217118114606,57.417535187962],[-7.31374976603715,57.4178847486141],[-7.31213653510443,57.4175226793605],[-7.29111936190296,57.4099310400572],[-7.26291999635405,57.399034000335],[-7.29163899639684,57.4098135611093],[-7.30990192298413,57.405682870014],[-7.30443306769869,57.3987986576521],[-7.33172283933592,57.4142799170192],[-7.34436665460387,57.4214460628374],[-7.37679491293611,57.4221413665466],[-7.39259948017268,57.4241118803885],[-7.39558143535817,57.4320310672508],[-7.39391129362234,57.4334508426593],[-7.39712569647794,57.4361306963054],[-7.40497555355711,57.4569543506152],[-7.40231030371643,57.4596914638176],[-7.40636837502699,57.4606464610864],[-7.4100216422782,57.4703268309957],[-7.37899428784777,57.4746738650735],[-7.3679046234352,57.4918979997355],[-7.36422732868417,57.4925975779188],[-7.35019307410116,57.4940389634195],[-7.34760073316405,57.4838841448124],[-7.34191563018098,57.4840537984098],[-7.32994708288695,57.4844101173682],[-7.33659158895849,57.4800876889121]]],[[[-7.14399312543665,57.5005637724299],[-7.15191015360241,57.4962304640079],[-7.15507249353727,57.4968483114904],[-7.15798362168868,57.503316838263],[-7.15710003661911,57.5031788638524],[-7.14361409861575,57.5008834117312],[-7.14399312543665,57.5005637724299]]],[[[-7.16914366847825,57.5021256947141],[-7.16060193622974,57.494676754447],[-7.16023925233653,57.4942964813441],[-7.16584234766485,57.4917267352972],[-7.17058404313562,57.4919481868749],[-7.16842341120689,57.4905427812504],[-7.1752618615716,57.4874053125135],[-7.1580475861178,57.4837078352085],[-7.1742426861576,57.4813375041134],[-7.17027991868866,57.4754121739438],[-7.17937272184839,57.4693120720797],[-7.18056553150758,57.4688518760635],[-7.1917324766639,57.4780056616085],[-7.18897223004273,57.4841230271684],[-7.20551096197519,57.4892922754656],[-7.20721991219736,57.4906915502023],[-7.20432835618031,57.497729688554],[-7.20407259554213,57.4981632017107],[-7.18010914564959,57.4919292936884],[-7.17728111317434,57.491096876878],[-7.17839471275253,57.491483037405],[-7.17699171589016,57.491117819754],[-7.1920660248856,57.5008996084906],[-7.18688075987911,57.502356976322],[-7.16914366847825,57.5021256947141]]],[[[-7.24794052611081,57.5018088560657],[-7.23796108382877,57.4966523209172],[-7.2202867181778,57.4987397312736],[-7.2184165939177,57.4957189635144],[-7.22198994611404,57.4888214647065],[-7.20892030693697,57.480371248164],[-7.20622185297859,57.4760074466423],[-7.23026755115469,57.4794226291426],[-7.23026025932618,57.4841874220793],[-7.23192767356527,57.483435539265],[-7.23272193873945,57.4854734904717],[-7.24539244032304,57.4787938052372],[-7.24595510627952,57.4789191340699],[-7.2729176411781,57.4966283267812],[-7.29121665704198,57.4908150534071],[-7.26341593094856,57.5025173492391],[-7.2628282466802,57.5023923973407],[-7.26287685395667,57.5023565968319],[-7.26271548872457,57.5023684224723],[-7.25090906874612,57.499857395144],[-7.25281259421275,57.5030937487657],[-7.23811485567573,57.5041687989609],[-7.23220236081594,57.5037528845737],[-7.24794052611081,57.5018088560657]]],[[[-7.62065754763621,57.5120647116349],[-7.62393727714192,57.5104824807412],[-7.62387391473126,57.5111865680247],[-7.62065754763621,57.5120647116349]]],[[[-7.60431602055401,57.519945059746],[-7.60456556092635,57.5198247653056],[-7.6049954737371,57.5199283231382],[-7.60450322182087,57.5200879290299],[-7.60431602055401,57.519945059746]]],[[[-7.68653665084555,57.5287937819514],[-7.68676290623668,57.5270283513629],[-7.68920684676177,57.528051964732],[-7.68653665084555,57.5287937819514]]],[[[-7.60673452472379,57.5187791288706],[-7.620472758354,57.5121538525461],[-7.62311506325189,57.5196173874093],[-7.62247539330483,57.5267214187278],[-7.62189938289436,57.5269701494282],[-7.60660143898519,57.5331990775321],[-7.60593503317521,57.5329980652475],[-7.60256599480667,57.5230764191593],[-7.60673452472379,57.5187791288706]]],[[[-7.68652036534863,57.5295461823359],[-7.6878143262727,57.5294741904223],[-7.6878287019816,57.5298875723426],[-7.68652036534863,57.5295461823359]]],[[[-7.68319203040322,57.5293398118365],[-7.68659159457358,57.5289308682701],[-7.68370524561547,57.5302179957407],[-7.68327003708045,57.5298392619515],[-7.68319203040322,57.5293398118365]]],[[[-7.69142646165678,57.5308500720511],[-7.69122755403656,57.5234239296194],[-7.69861832834,57.5268699187003],[-7.69142646165678,57.5308500720511]]],[[[-7.68338647603136,57.5305847490092],[-7.68689906959138,57.5300961641705],[-7.68371130805785,57.5315750876884],[-7.68353037595282,57.5315060005159],[-7.68338647603136,57.5305847490092]]],[[[-7.68360927770391,57.5320111107587],[-7.68467537207136,57.5319293646828],[-7.68367089837678,57.5324055792069],[-7.68360927770391,57.5320111107587]]],[[[-7.64007871427377,57.5247553931252],[-7.67790348232786,57.5203804803619],[-7.64595504739166,57.5352022445251],[-7.64550578615188,57.5348699755782],[-7.64007871427377,57.5247553931252]]],[[[-7.72258154289067,57.5365659450974],[-7.72154800680165,57.5355283026114],[-7.72279778502434,57.5357595198255],[-7.72258154289067,57.5365659450974]]],[[[-7.73219880346744,57.5415696896284],[-7.73094313736529,57.5401865919279],[-7.73272853095394,57.5409469402756],[-7.73219880346744,57.5415696896284]]],[[[-7.42900657682038,57.5651690776873],[-7.40228768336548,57.5530583038953],[-7.42645822216117,57.5532198529177],[-7.43757235582881,57.5638597070954],[-7.43377326014046,57.5695759964601],[-7.42900657682038,57.5651690776873]]],[[[-7.16759115510298,57.6297230972091],[-7.15939011018177,57.6228334562634],[-7.1769860704317,57.6282625303889],[-7.16759115510298,57.6297230972091]]],[[[-7.14823240670124,57.6524719005067],[-7.14697157632638,57.6516255461188],[-7.15114708189641,57.652462038451],[-7.1504846475496,57.6527841550825],[-7.14823240670124,57.6524719005067]]],[[[-7.0504491983304,57.6577443250323],[-7.04726287651085,57.6502282771499],[-7.04778413389119,57.650341124594],[-7.05898851038448,57.6540642571418],[-7.05330582164897,57.6612302010399],[-7.0504491983304,57.6577443250323]]],[[[-7.11604357560538,57.6623039640583],[-7.09358068659062,57.6467520062564],[-7.08067750718965,57.6482150367165],[-7.06439298973645,57.6412255779315],[-7.06311740815654,57.6403037056359],[-7.09248902262518,57.6145669344718],[-7.10030563831985,57.6079467216128],[-7.13248704150878,57.6255770568411],[-7.12924517905909,57.6273407399396],[-7.11377099840204,57.6322620972589],[-7.12903196914324,57.6274567252563],[-7.11668096105509,57.6341736860707],[-7.14731115570452,57.6283696860422],[-7.16974634445666,57.6338998474927],[-7.16956610972942,57.6342743636342],[-7.16893460324865,57.6342075538857],[-7.16940916253633,57.6346004819885],[-7.16793654461329,57.6376601367048],[-7.16560439931747,57.637034346693],[-7.16511851918895,57.6435137456508],[-7.16485956194621,57.6440515619312],[-7.17206812178528,57.6447680309131],[-7.16568369890662,57.6487237624742],[-7.17646817108788,57.6502027208328],[-7.15289331720038,57.6501871361151],[-7.15528247099573,57.6511873174106],[-7.13506301867251,57.6506451544521],[-7.13468196390377,57.6505922743968],[-7.13782926040588,57.6393430405267],[-7.09998525098273,57.6487779648506],[-7.10447608966576,57.6506312031651],[-7.09965394338059,57.6508695116332],[-7.12060999180579,57.659647886779],[-7.11604357560538,57.6623039640583]]],[[[-7.0946584560432,57.6658352843707],[-7.0911990871173,57.6598947973818],[-7.10245207723509,57.6635265029942],[-7.09865325297381,57.6659729004609],[-7.09609061641745,57.6674391406253],[-7.0946584560432,57.6658352843707]]],[[[-7.38566332667208,57.6597182456755],[-7.3881274498949,57.6577839560239],[-7.39043137410797,57.6586969432335],[-7.38566332667208,57.6597182456755]]],[[[-7.09661018024185,57.6699628535378],[-7.10799977483061,57.6691780223867],[-7.10325354792064,57.6736163967749],[-7.09730604518081,57.6704598949856],[-7.09661018024185,57.6699628535378]]],[[[-7.2878683219147,57.6678893026459],[-7.28367989748277,57.654876320632],[-7.30984081884184,57.6609562723834],[-7.3063554468171,57.6627959639258],[-7.2878683219147,57.6678893026459]]],[[[-7.37612765845575,57.6678320078322],[-7.39204112017818,57.6588903739957],[-7.38840621183369,57.6575651176802],[-7.39327996877471,57.6537385273866],[-7.39844451953566,57.6597406543274],[-7.41361935653657,57.6555347595111],[-7.43733289572796,57.6602941028926],[-7.43938350222699,57.6612135382509],[-7.42394474427666,57.6643810215182],[-7.38271595344717,57.6685351316579],[-7.37612765845575,57.6678320078322]]],[[[-7.03329188063856,57.7068701824424],[-7.02481152400415,57.6998357744455],[-7.02504356358637,57.6998981686699],[-7.03814518759904,57.7037611845968],[-7.04086171384758,57.7045618747165],[-7.03836290393797,57.7053239312809],[-7.03329188063856,57.7068701824424]]],[[[-7.72084983193154,57.6880066712449],[-7.71529925204729,57.6869170091652],[-7.71820729190523,57.6868662829635],[-7.72084983193154,57.6880066712449]]],[[[-7.71758773666623,57.6889016832011],[-7.7142663763513,57.6874544310429],[-7.71713302679129,57.6877790636431],[-7.71758773666623,57.6889016832011]]],[[[-7.71498983803004,57.6893209738531],[-7.71374857639288,57.6881664885899],[-7.71619826677423,57.6892032226533],[-7.71498983803004,57.6893209738531]]],[[[-7.71264499438403,57.6899907081144],[-7.71210705347123,57.6889474351946],[-7.71364907881899,57.6896652720585],[-7.71264499438403,57.6899907081144]]],[[[-7.71186689348764,57.69067314913],[-7.71125488445825,57.6900437589053],[-7.7122105799398,57.6900814730978],[-7.71186689348764,57.69067314913]]],[[[-7.27519776131833,57.7154459469091],[-7.2797440115914,57.6999988748854],[-7.29934895455669,57.7071592962011],[-7.29312018471445,57.7193055092255],[-7.29231371526268,57.7195486519849],[-7.27519776131833,57.7154459469091]]],[[[-7.68217217201062,57.7034998038083],[-7.68948168660872,57.6978056366329],[-7.69170227925898,57.6998972966334],[-7.68217217201062,57.7034998038083]]],[[[-7.21581252072804,57.6390860409682],[-7.21911813850673,57.6389072872551],[-7.21873147876178,57.6388125767608],[-7.21885121621048,57.6388013571661],[-7.18896060034507,57.6310665497319],[-7.20430122376609,57.6216960143723],[-7.19933489949061,57.6207468856363],[-7.20012041571519,57.6200714643338],[-7.1979517907975,57.620482509727],[-7.18367794212167,57.6177529913671],[-7.19095279398644,57.6145744230727],[-7.15279155804903,57.6130006589356],[-7.15282854580927,57.6129556149244],[-7.18251602213042,57.6115076512846],[-7.1536990703358,57.6085258336058],[-7.16303782870886,57.6018257240753],[-7.15503569070981,57.5970163214577],[-7.172552672364,57.6041112044161],[-7.16416460294992,57.5969209013758],[-7.18167189492687,57.5968832103926],[-7.16485575925387,57.5952366248741],[-7.17112270162336,57.5944151548861],[-7.18685002972923,57.5931240285136],[-7.17742391942909,57.5935888437927],[-7.18222656178294,57.5929588116956],[-7.16957717524056,57.5939752313461],[-7.15718752481645,57.5945843177852],[-7.1631438220395,57.5876189309561],[-7.15153072198254,57.5862345281924],[-7.10187746286667,57.5934862609452],[-7.110302393898,57.5783640839576],[-7.11766235880386,57.5661837083486],[-7.15278890842173,57.5587228281447],[-7.16931368086374,57.5620569819297],[-7.17387370965171,57.5653630077406],[-7.18740048563862,57.5661653896238],[-7.18062859630511,57.5587686942704],[-7.20166151041941,57.5615533406196],[-7.20286961789391,57.5617526239801],[-7.20301172890509,57.5617319667677],[-7.22235452580185,57.5642891161941],[-7.21292406759425,57.5602906654372],[-7.2575306663406,57.5537936704519],[-7.25909487804162,57.5536745004631],[-7.25912757064232,57.553692250861],[-7.26708220935414,57.5592934556254],[-7.24907828833613,57.558134555301],[-7.24956578171227,57.5592008349943],[-7.24846296178791,57.5590915486998],[-7.2545196687733,57.5706042710468],[-7.25445859405794,57.5698989213229],[-7.25632388913701,57.5739755472098],[-7.25501353666478,57.5679335247053],[-7.25567273544868,57.5678443476968],[-7.25483465549792,57.5671085269906],[-7.25418707565074,57.5641215344639],[-7.28863881048216,57.5630511486306],[-7.28834980954243,57.5629013938437],[-7.28907958804685,57.5628763450428],[-7.28339262063488,57.5603323701845],[-7.27246000278523,57.5546647187656],[-7.27246880119025,57.5546642766029],[-7.29007518964764,57.563006319258],[-7.29822809198374,57.5680189743059],[-7.29327550529717,57.5601894218199],[-7.30647104065915,57.5540850126818],[-7.28431966829262,57.5456118121224],[-7.28455900309612,57.5526434316153],[-7.19636296612299,57.5488756150145],[-7.16565874503138,57.5473667500319],[-7.16569972781259,57.5545544633158],[-7.13507820791541,57.554038713675],[-7.1438879780319,57.5250661639537],[-7.14650912735162,57.5164378422214],[-7.16950070309583,57.5132505476968],[-7.16869518431273,57.5132236080596],[-7.15564303065244,57.5111368204727],[-7.17659665814598,57.5083518505433],[-7.22128436990185,57.5200232779419],[-7.22285674044004,57.5181958602477],[-7.22422645758427,57.5184951950542],[-7.22303293408533,57.5179910754814],[-7.2256137087402,57.5149912217854],[-7.20627150761282,57.5085671464771],[-7.20820488882452,57.5089236110313],[-7.22896642302326,57.5149329469132],[-7.23311205259949,57.5135125339587],[-7.23615013688528,57.5140718555446],[-7.23411352664259,57.5131693626657],[-7.23915798154519,57.5114405970066],[-7.22685185300573,57.5089333786315],[-7.24587952004766,57.5070257588056],[-7.27054651188656,57.5158095297649],[-7.2696189913238,57.5160286422043],[-7.27157745337176,57.5163308473496],[-7.2715615743157,57.5161707914204],[-7.27227702691972,57.5164254130377],[-7.27163522000702,57.5171113594601],[-7.27366923743915,57.5173339017756],[-7.27252636454266,57.5165141474435],[-7.27606050731144,57.5177717811355],[-7.27582727858699,57.5175014390779],[-7.27629879531259,57.5177311958309],[-7.27580986682509,57.517481255066],[-7.26315397598474,57.5028044752199],[-7.27728070890059,57.5159892677803],[-7.29373040570489,57.5123711186758],[-7.30576252551924,57.5183461583223],[-7.31259132238861,57.5217358831591],[-7.30756359091095,57.5182701711108],[-7.29751831639204,57.5113431609091],[-7.31178984892042,57.5086037035438],[-7.31309426614022,57.5084145049089],[-7.32738180091115,57.5125977815572],[-7.32297598799392,57.5176194723692],[-7.31696223180651,57.5244714936481],[-7.32584403611228,57.5352631271575],[-7.34524398550149,57.5419014565355],[-7.34400367169387,57.5304144900635],[-7.34845899528497,57.528673884718],[-7.35843284876594,57.5247761452433],[-7.34955695439762,57.5164923423358],[-7.34788798470986,57.5149341828909],[-7.35458468316705,57.5014063788637],[-7.3588913452472,57.4999368179463],[-7.37322851674187,57.5154832373522],[-7.40433766560141,57.5491629864288],[-7.3865260453057,57.5353915713843],[-7.38219057122672,57.5460257428576],[-7.37634137645108,57.5423131262078],[-7.36704010905419,57.5489018190651],[-7.37250483852308,57.5391262032387],[-7.3590112719838,57.5389923931604],[-7.3503065612386,57.5412503161829],[-7.34424047237746,57.5428232877114],[-7.35127530409078,57.5478388106983],[-7.35542053197509,57.5507933154096],[-7.35179145600996,57.5513477554876],[-7.34108120482143,57.5529832910422],[-7.33774047046893,57.5472106112287],[-7.31126075874839,57.5541670032079],[-7.35232403865629,57.5549694236074],[-7.36278136664489,57.555171529225],[-7.44182676227874,57.5877793182684],[-7.42973810504601,57.5784053465732],[-7.44364875866763,57.5701088826303],[-7.48357316512841,57.5679752390028],[-7.49373499585759,57.5828362089774],[-7.48297905164561,57.5905878395462],[-7.49749133692823,57.594471422062],[-7.49087528187896,57.5857027879435],[-7.50434859159698,57.5832303133317],[-7.5480746835771,57.6050288729837],[-7.54550344408547,57.60617334211],[-7.53400605605697,57.6085978253967],[-7.5309885711447,57.602559844454],[-7.52021036479059,57.6048105897512],[-7.51723181387178,57.6121326141337],[-7.51659681883527,57.6122663685558],[-7.51702586649499,57.6126387828591],[-7.51432016712418,57.6192874706796],[-7.52641600136891,57.6222960546142],[-7.52495418837862,57.6227431950915],[-7.50007470722443,57.6272170046898],[-7.50096657479774,57.6300766139466],[-7.49906002772783,57.6306591588589],[-7.50349770130418,57.6381894782128],[-7.48852131061191,57.6532950962079],[-7.48821498036838,57.6533674144118],[-7.4886429639918,57.6536322951289],[-7.48865473503905,57.6534250448095],[-7.49463140771315,57.6592448773706],[-7.49241078951403,57.6599942498706],[-7.47608099011382,57.6612569495957],[-7.46091828357196,57.657967925604],[-7.44940399703449,57.6631188300539],[-7.44021276579838,57.6532749187692],[-7.42242031198709,57.652559251243],[-7.41977500407254,57.6515102808054],[-7.40925649351594,57.6432132096418],[-7.41684214106533,57.6392787293744],[-7.38288304064734,57.6307843852068],[-7.36952513168705,57.6518339823681],[-7.3768480539857,57.6588187021702],[-7.36799842161196,57.6611384407166],[-7.34008262495443,57.6684500346027],[-7.34493758564822,57.6807284523519],[-7.34132421756131,57.6823259549346],[-7.32390903641961,57.6868728644668],[-7.32136328037019,57.6911465432911],[-7.31471807448977,57.6940813780062],[-7.30993709338377,57.6874331858822],[-7.3102630760671,57.686498240892],[-7.32363098040483,57.6826123458325],[-7.31948257529999,57.6725345670251],[-7.3371879257664,57.6581032235262],[-7.29855869305421,57.6539377736201],[-7.2923307669354,57.6517098261936],[-7.29164088095469,57.6412057554888],[-7.2793915913047,57.6473269984999],[-7.28682615172931,57.6525307436067],[-7.26862629354424,57.6475126983917],[-7.25380584552155,57.652624569408],[-7.26387756649697,57.6559391033673],[-7.24644275804507,57.6533460456845],[-7.27833159239923,57.6638747387834],[-7.26122538561955,57.6677929287229],[-7.26084004053836,57.6677027032375],[-7.26050864341701,57.667957027758],[-7.2438045899073,57.671779878564],[-7.22367288850306,57.6888211987419],[-7.22082705051536,57.6887996357743],[-7.20793570534362,57.682991215871],[-7.18461463948285,57.7016455368935],[-7.18288848382661,57.7026128819353],[-7.18334603201761,57.7026596253113],[-7.18290273888919,57.7030139633903],[-7.18358501412694,57.7033985007025],[-7.19595560154757,57.7103686384114],[-7.19839194153521,57.704195736924],[-7.22813904945437,57.7072270871477],[-7.19830059091903,57.7339035019695],[-7.17029181486054,57.7382688627715],[-7.16662922007859,57.7386189040997],[-7.14420510629235,57.7294023564636],[-7.1458642668585,57.7265787981809],[-7.15283052873674,57.7172606644638],[-7.17259954879942,57.7193435834787],[-7.16618826515467,57.7115482893176],[-7.16987151087888,57.7089070225098],[-7.17561375274131,57.7097610966785],[-7.19162331206504,57.6932988793498],[-7.19500998265656,57.6908672358845],[-7.15624628097733,57.6768522716856],[-7.15890023473649,57.6682205928097],[-7.16448977588371,57.6636733702747],[-7.17376973923976,57.6694563684992],[-7.17242878992194,57.6608284166617],[-7.18456061782869,57.6611942820803],[-7.16742820341949,57.6572542324607],[-7.19163006302167,57.657225152383],[-7.19256006912906,57.657500074029],[-7.21394718755653,57.6571942448372],[-7.19245679047176,57.6572240772182],[-7.18887538410118,57.6476504420876],[-7.173074396986,57.644874859205],[-7.18658572665393,57.6463094346372],[-7.20455088178289,57.6445118289051],[-7.19333158976093,57.6411897528421],[-7.21581252072804,57.6390860409682]]],[[[-7.07986220335476,57.7442102593336],[-7.06227090046103,57.7329417678281],[-7.09333021520379,57.739511894998],[-7.09328123147576,57.7396648048922],[-7.08788722330101,57.748888011451],[-7.07986220335476,57.7442102593336]]],[[[-7.0758141264286,57.7523190931076],[-7.07562973755453,57.751386673548],[-7.09821615207215,57.7684622000714],[-7.09521519777192,57.7696767806934],[-7.08225949271147,57.7736651153164],[-7.0758141264286,57.7523190931076]]],[[[-7.20025944893889,57.7725695473583],[-7.22275753616273,57.7601693163205],[-7.24125763866081,57.759749880788],[-7.26587094117892,57.7735567122653],[-7.26541797464909,57.7740026809023],[-7.22955066170834,57.7854390263346],[-7.21459733789694,57.7847878654314],[-7.20025944893889,57.7725695473583]]],[[[-7.24857415355502,57.8002789304847],[-7.25673626493622,57.7974717593171],[-7.25818590611432,57.8047496223394],[-7.24527120692715,57.8017446502214],[-7.24857415355502,57.8002789304847]]],[[[-6.70327745040689,57.8793350792617],[-6.65138519871179,57.8708080701286],[-6.64135123843,57.8564965814711],[-6.67098618385119,57.8497669220209],[-6.67136690327342,57.8598497619501],[-6.68039378477774,57.8595025440092],[-6.68186195975849,57.8594855221029],[-6.68181657408536,57.8594477577766],[-6.68306743408987,57.8593995778968],[-6.67778693965597,57.8532847498935],[-6.68818778478389,57.8563181935383],[-6.68397478722424,57.8622606316737],[-6.68367428149769,57.8624013112649],[-6.6838205170551,57.8624781919203],[-6.68356998302503,57.862831503181],[-6.69949100885555,57.8712314942223],[-6.69957564974829,57.8707581984365],[-6.69963579946864,57.8707897984892],[-6.70402710688866,57.8632676946029],[-6.7140055268265,57.8750298271186],[-6.70126971109788,57.8732145534958],[-6.70164021252837,57.8742335481809],[-6.69244791872061,57.8735209916452],[-6.70327745040689,57.8793350792617]]],[[[-6.74496348665042,57.8715316869502],[-6.74651984860618,57.871069537377],[-6.74775995908824,57.8792006824337],[-6.73990434249219,57.8741777269955],[-6.74496348665042,57.8715316869502]]],[[[-6.36098761141068,57.904278108671],[-6.35261149642643,57.8800682253763],[-6.35857604371268,57.8948730140744],[-6.37947633305112,57.9019416736934],[-6.38129260489241,57.9026200931039],[-6.36211462760218,57.9044635891779],[-6.36098761141068,57.904278108671]]],[[[-6.33558396730021,57.9079822243402],[-6.32486444578711,57.8983423727975],[-6.34288720401391,57.9019406680832],[-6.33558396730021,57.9079822243402]]],[[[-8.61535343734517,57.828003757391],[-8.59848452312634,57.8198151006203],[-8.59337820339933,57.8269551679908],[-8.56516363916545,57.8253891137863],[-8.55832918455591,57.8195331753214],[-8.55001269736331,57.8124041565857],[-8.56809081386133,57.8107541953609],[-8.57045135929152,57.8105707691149],[-8.57611078580669,57.8003496558696],[-8.57955895602196,57.8012597303875],[-8.58494130068699,57.8066538699763],[-8.61023575417564,57.8093498005034],[-8.61225756692245,57.8167211064114],[-8.61535343734517,57.828003757391]]],[[[-8.62481412969033,57.8336649603722],[-8.63132378859468,57.8245939274534],[-8.64999583330431,57.8279585277851],[-8.62481412969033,57.8336649603722]]],[[[-6.98899442824906,57.9079421627464],[-6.99479756454688,57.8931471883906],[-6.99658705015882,57.8931479341869],[-7.00612625513985,57.8844400606125],[-7.01387994468656,57.8809726229395],[-7.01546082783762,57.8815895286604],[-7.03482736983964,57.889359549014],[-7.04823908588927,57.8947366705939],[-7.05107618704303,57.8887124805886],[-7.05423614605474,57.8820004403849],[-7.06276398511961,57.8795254867239],[-7.07760029600404,57.875217529787],[-7.08224763998501,57.8854773353472],[-7.08220539754158,57.8855101182357],[-7.08225655789468,57.8854970153782],[-7.0831324411352,57.8874299598607],[-7.08598614158493,57.8937260766514],[-7.07754617263846,57.8945573051085],[-7.06504339717573,57.8956992678592],[-7.04882742852836,57.897178442787],[-7.04139815912931,57.9123824509821],[-7.00848805694106,57.9216678590135],[-6.98940979207884,57.9090191993622],[-6.98899442824906,57.9079421627464]]],[[[-8.49068977315179,57.8767873524822],[-8.48741512454477,57.8637127183493],[-8.49970763572064,57.8669294536355],[-8.49068977315179,57.8767873524822]]],[[[-6.42012942077894,58.0054172017051],[-6.41224500936148,57.997876067429],[-6.44414503942283,57.9977503701792],[-6.44229392082483,58.0050744480404],[-6.42012942077894,58.0054172017051]]],[[[-7.09677764297341,57.9916695760987],[-7.0972321693667,57.991232875605],[-7.09780349478133,57.9915563112053],[-7.09677764297341,57.9916695760987]]],[[[-6.7128683291653,57.9942488805114],[-6.72377602266313,57.9855218255614],[-6.74073743426231,58.0012765122807],[-6.73886711539309,58.002148916031],[-6.72578390348867,58.0078631569902],[-6.7128683291653,57.9942488805114]]],[[[-7.09049299571376,58.003348518017],[-7.09068824599382,58.0029942955481],[-7.09075428062634,58.003039565617],[-7.0906240324737,58.0033117689032],[-7.09049299571376,58.003348518017]]],[[[-7.15951980070855,58.0144666908863],[-7.15955155925983,58.0144963100009],[-7.16590909149649,58.0204242443759],[-7.16987536046637,58.026772800072],[-7.13277742100919,58.0379847340135],[-7.1074987682351,58.0287310202019],[-7.10537831240931,58.0168307826924],[-7.1036373548579,58.0045460723429],[-7.13290368881403,58.0116500561017],[-7.15342756023582,58.008843365036],[-7.1583481693672,58.0133739693416],[-7.15951980070855,58.0144666908863]]],[[[-6.60912317262114,58.0853485932629],[-6.60951590771221,58.0852996680099],[-6.60920660743633,58.0854498645871],[-6.609180935437,58.0854623314755],[-6.6091751834034,58.0854510048056],[-6.60912317262114,58.0853485932629]]],[[[-6.59492952366931,58.0871158842978],[-6.6029345269756,58.0861193726231],[-6.60273103304292,58.0866350189104],[-6.59492952366931,58.0871158842978]]],[[[-6.43702545867916,58.1023692470712],[-6.447520754232,58.099535668154],[-6.44841771078491,58.0997754890901],[-6.44268468314678,58.1040549638604],[-6.4325846971428,58.1070457179465],[-6.43150124233854,58.1057303554993],[-6.43702545867916,58.1023692470712]]],[[[-7.12743944194129,58.0857041851642],[-7.11888225379331,58.0732559217003],[-7.13592306318623,58.0751954719179],[-7.12849411431799,58.0859532358927],[-7.12743944194129,58.0857041851642]]],[[[-7.11418897440341,58.1133220257908],[-7.11515428967915,58.1131301884604],[-7.11465944697809,58.1133066983543],[-7.11418897440341,58.1133220257908]]],[[[-7.11629047437476,58.1409408832371],[-7.11679185543711,58.1402863904378],[-7.11768332045819,58.1405699365567],[-7.11629047437476,58.1409408832371]]],[[[-7.11464486617229,58.1414479071844],[-7.11607293416995,58.1411431143947],[-7.11540556063918,58.1417683001716],[-7.11464486617229,58.1414479071844]]],[[[-6.88389728575258,58.1586288756665],[-6.88435245755149,58.1585846350391],[-6.88469046560002,58.1592148240666],[-6.88388228780411,58.1602910741495],[-6.88389728575258,58.1586288756665]]],[[[-6.92289644316992,58.1950312877208],[-6.92169144453096,58.189465639048],[-6.93379596377257,58.1927216477565],[-6.93043968125874,58.1934723118823],[-6.92289644316992,58.1950312877208]]],[[[-6.89451047757897,58.2188014105368],[-6.88538978769715,58.2133846433223],[-6.88563268413726,58.2133892723],[-6.88560110399642,58.2128506996342],[-6.8852351693117,58.2132927958214],[-6.87713758307865,58.2084816397645],[-6.8775939853184,58.2082805430325],[-6.88728447343524,58.2040959658132],[-6.89451047757897,58.2188014105368]]],[[[-6.93620702319794,58.2409109165171],[-6.9356956078044,58.2299197414222],[-6.93569317793181,58.2281196118518],[-6.95116671643491,58.2388966733216],[-6.94271660127825,58.2400480067382],[-6.94227921080766,58.2399388332021],[-6.94231635015942,58.2401025252618],[-6.94111129826283,58.2402666589835],[-6.93620702319794,58.2409109165171]]],[[[-6.84954983283233,58.2568170687446],[-6.83961528757326,58.2378529401034],[-6.83688932716293,58.2321260960045],[-6.83393697571118,58.2392539602853],[-6.81858978821132,58.2286265379234],[-6.81883387355736,58.2299226351512],[-6.81790301361695,58.2293451488756],[-6.81753431227328,58.2356863304869],[-6.79821384026849,58.2194670611156],[-6.79537025209625,58.2199099950974],[-6.78534062707353,58.2188726493833],[-6.78357699168936,58.2010390230268],[-6.80433121773085,58.2073103944342],[-6.8672382751472,58.2074625725746],[-6.87555295486708,58.2201715281851],[-6.85893692740987,58.2153683777227],[-6.85373106560692,58.2259101954562],[-6.87176800137974,58.2425211817271],[-6.8718885512901,58.2424301461104],[-6.87003973192094,58.2392085838008],[-6.8618610844963,58.2235230456821],[-6.86364354041759,58.224244101585],[-6.87695189518999,58.2298772816429],[-6.87712012765192,58.2302457606817],[-6.88717890502591,58.2549863425191],[-6.88928593409344,58.2601639849415],[-6.84954983283233,58.2568170687446]]],[[[-6.85905705924717,58.2605369132575],[-6.87458132747815,58.2599373477338],[-6.87938027752734,58.2604013636828],[-6.88318719532439,58.2699650381891],[-6.85905705924717,58.2605369132575]]],[[[-7.58600733930268,58.2727196105616],[-7.5866216797782,58.2721859115859],[-7.58713206437954,58.2722158129736],[-7.58600733930268,58.2727196105616]]],[[[-7.58650416663114,58.2730533405109],[-7.58900685255842,58.2718095783471],[-7.59064967523472,58.2717735025564],[-7.58650416663114,58.2730533405109]]],[[[-7.5906679558302,58.2729157186646],[-7.59254759745223,58.2724867235895],[-7.59069616646919,58.2734185490783],[-7.5906679558302,58.2729157186646]]],[[[-7.58660305188916,58.2735170802668],[-7.59047932052673,58.2724245142172],[-7.58899241243681,58.2738263031766],[-7.58660305188916,58.2735170802668]]],[[[-7.5895592162322,58.2755205121873],[-7.59312871414751,58.2745403931289],[-7.59160447378167,58.2753273074455],[-7.5895592162322,58.2755205121873]]],[[[-7.58565901739502,58.2748950240717],[-7.59088976903381,58.2739411176782],[-7.58727351519468,58.2757603073652],[-7.58565901739502,58.2748950240717]]],[[[-7.65044159895534,58.2813952345215],[-7.6510226259707,58.2812883940464],[-7.65043633650836,58.2816294266986],[-7.65044159895534,58.2813952345215]]],[[[-7.65204307515361,58.281364705955],[-7.65354431383758,58.2810280671151],[-7.65246416949918,58.281593574124],[-7.65204307515361,58.281364705955]]],[[[-7.65461505003377,58.2815791339263],[-7.65560254757862,58.2806486941306],[-7.65589186183071,58.2814954747131],[-7.65461505003377,58.2815791339263]]],[[[-7.56912134165706,58.2854202970977],[-7.57045708206026,58.2846779050277],[-7.57068227159359,58.2852396112867],[-7.56912134165706,58.2854202970977]]],[[[-7.64926689979539,58.2817758489586],[-7.64972083426404,58.2816971450481],[-7.64926734686653,58.2819602959284],[-7.64926689979539,58.2817758489586]]],[[[-7.64439752387901,58.2822949596859],[-7.64439777042157,58.2805199314728],[-7.6502546905105,58.2803323528149],[-7.64439752387901,58.2822949596859]]],[[[-7.5874420694701,58.282071310659],[-7.58440217213543,58.2850577210556],[-7.57588447344468,58.2846340432082],[-7.5874420694701,58.282071310659]]],[[[-7.64886481168457,58.2822751777883],[-7.64807331121722,58.2820807125094],[-7.64922948915522,58.2821510306071],[-7.64886481168457,58.2822751777883]]],[[[-7.65006340806305,58.2828251126646],[-7.65073511065623,58.28275033691],[-7.65092196016045,58.2828500324922],[-7.65006340806305,58.2828251126646]]],[[[-7.58610697632626,58.2853565204867],[-7.58848101775809,58.2845369232307],[-7.58739967842263,58.285749937021],[-7.58610697632626,58.2853565204867]]],[[[-7.6480904223482,58.283097132018],[-7.64842677844481,58.2829561556014],[-7.64854012987906,58.2831311900008],[-7.6480904223482,58.283097132018]]],[[[-7.55926392217204,58.2870701832108],[-7.55936051019118,58.2867059666173],[-7.56038217423228,58.2868999358697],[-7.55926392217204,58.2870701832108]]],[[[-7.64524123628423,58.283448341852],[-7.64633193333756,58.2827546545967],[-7.64646076709426,58.2832728326325],[-7.64524123628423,58.283448341852]]],[[[-7.58526529982993,58.2863024759627],[-7.58553122063221,58.2858228355372],[-7.58737410056889,58.2859670104231],[-7.58526529982993,58.2863024759627]]],[[[-7.64998003259349,58.2836929285645],[-7.64958486824951,58.2833054288444],[-7.65128692993938,58.2833694351002],[-7.64998003259349,58.2836929285645]]],[[[-7.6513178971636,58.2837235904161],[-7.65165279507981,58.2835197708394],[-7.65266668755999,58.2835017960149],[-7.6513178971636,58.2837235904161]]],[[[-6.17440988926874,58.3410920244673],[-6.17495756111396,58.3410286072902],[-6.17518669159133,58.3411049832118],[-6.17430985788673,58.3412100532409],[-6.17440988926874,58.3410920244673]]],[[[-7.64995575765145,58.284450053737],[-7.65038885595185,58.2841869931401],[-7.65040187901538,58.2844077776453],[-7.64995575765145,58.284450053737]]],[[[-7.64716615592556,58.285388328186],[-7.64767317711578,58.2831066261588],[-7.650124983526,58.2841185171542],[-7.64716615592556,58.285388328186]]],[[[-7.59614038225612,58.2882286456248],[-7.59580295192437,58.2873388855311],[-7.59854354159975,58.2877540982978],[-7.59614038225612,58.2882286456248]]],[[[-7.58229125930523,58.2892229506926],[-7.58313235387607,58.2888665940026],[-7.58310183155311,58.289268430964],[-7.58229125930523,58.2892229506926]]],[[[-7.5921269517833,58.2896513860008],[-7.58751348050609,58.2861454491819],[-7.59540350058853,58.2874059115901],[-7.5921269517833,58.2896513860008]]],[[[-6.72219565591294,58.3285275869475],[-6.72203324477471,58.3283356696867],[-6.72251548642677,58.3284257419615],[-6.72219565591294,58.3285275869475]]],[[[-6.7229476431158,58.3286526425668],[-6.72287162792276,58.3284035749614],[-6.72429022374138,58.3285265307833],[-6.7229476431158,58.3286526425668]]],[[[-6.82862443171841,58.2044025617208],[-6.82618683401145,58.2042124052385],[-6.81833854294162,58.2024902002962],[-6.81825573306563,58.2015040310709],[-6.81752769438025,58.2023122325149],[-6.79017581173957,58.1963048437183],[-6.782742756819,58.1896692597649],[-6.78198773242131,58.1897373096023],[-6.78209317460413,58.1878369190001],[-6.78100939070097,58.1898254789828],[-6.77151249754561,58.1906809458826],[-6.76612207317805,58.1890551589195],[-6.75893255743203,58.1868861598533],[-6.74971634476998,58.1921452114704],[-6.73413997797556,58.1663252729478],[-6.73267242965533,58.1754695638762],[-6.71547468524787,58.1693659064464],[-6.72501141249246,58.182194198337],[-6.71480585496839,58.1835810958495],[-6.70682723886635,58.1840943661387],[-6.70773868046992,58.1845409603391],[-6.70770956788374,58.1845449131722],[-6.70775827605113,58.1845505621115],[-6.73506714601398,58.197923149925],[-6.73759017236804,58.1911162781882],[-6.73915622214697,58.1916465273776],[-6.73966696987067,58.1958666877585],[-6.74925858823466,58.1950662339483],[-6.75997636027908,58.1986926433385],[-6.76056370808305,58.1994450349138],[-6.75866529191478,58.204570466929],[-6.75085937745037,58.2078861454124],[-6.73669211158043,58.2048605625026],[-6.739886565746,58.2133180459068],[-6.74673529702154,58.214427776673],[-6.77363035179658,58.2363887709803],[-6.77418308012303,58.2363390561518],[-6.77580664162778,58.2383134916303],[-6.77698947294486,58.2360865977124],[-6.78616172050432,58.235261026941],[-6.78899021301311,58.2360661878578],[-6.80126329095953,58.2461886091883],[-6.80114892553194,58.2462297809303],[-6.78903736564263,58.2484692404916],[-6.79294806649973,58.249181639449],[-6.79166506569012,58.2496433582651],[-6.80913261623087,58.2533113324207],[-6.81114854147525,58.2578779008285],[-6.81741757094154,58.2720705990623],[-6.78643347777002,58.2789079572154],[-6.77678026340253,58.2803857247998],[-6.77965981083738,58.2804013970495],[-6.77845521304923,58.280666933939],[-6.77211668517682,58.2820639218281],[-6.77862578434759,58.281929997382],[-6.82526188399512,58.2809609027155],[-6.81100560776791,58.2886166202912],[-6.79535967676722,58.2966871267886],[-6.80435886145526,58.3043705019663],[-6.78176947064273,58.3051854642113],[-6.75458084848946,58.3061610162978],[-6.74417135032095,58.3139956892571],[-6.71037605592871,58.3340810779622],[-6.70626249537882,58.3356897926436],[-6.69536109706038,58.3338914632665],[-6.68913914106533,58.3310744986133],[-6.68683532603417,58.33248425621],[-6.68662752842225,58.332449950075],[-6.68617874230355,58.3328860076654],[-6.652505886299,58.3534735486296],[-6.65093072603929,58.3537449974054],[-6.64608877470516,58.3452873948783],[-6.64771141445976,58.3443560521107],[-6.64303829361234,58.339956781342],[-6.64565102215625,58.3445225458414],[-6.64073915484662,58.3449193171541],[-6.63927082192383,58.3432427214461],[-6.63275793989086,58.3455636049254],[-6.61755818889426,58.3467891806018],[-6.58239814317397,58.3634420662697],[-6.5471353334603,58.3650743919073],[-6.51922450959391,58.3970947141773],[-6.49707312870408,58.398240919193],[-6.454901356511,58.4232638405413],[-6.43586209139437,58.4345450303737],[-6.37293672580405,58.4535197635434],[-6.35465992768251,58.4590215110832],[-6.333161623448,58.4785985394151],[-6.33193428595728,58.4786662414573],[-6.33141336108853,58.4784553857318],[-6.33158906022643,58.4786852829571],[-6.30017955083835,58.4804137767426],[-6.27112204620365,58.4993417987768],[-6.27796073847965,58.504433743975],[-6.27782921322694,58.5044488123274],[-6.27771365084232,58.5049939623384],[-6.27829745217586,58.5046844044061],[-6.27848661715038,58.5048252229514],[-6.28227372933702,58.5094991045582],[-6.26178375595845,58.515820409669],[-6.23226474373751,58.504496932735],[-6.23299817326034,58.50432571454],[-6.23163377248979,58.5042547369874],[-6.22234097122564,58.500686978601],[-6.22247697915456,58.5000865125783],[-6.22678617757914,58.4893726473469],[-6.18099587173404,58.4668758134071],[-6.18644569034741,58.4597558509535],[-6.19638321541328,58.44676510012],[-6.16715735364756,58.4299788704048],[-6.16820848820969,58.4172839202917],[-6.19004901593496,58.4082706590638],[-6.21854768408107,58.3681812634702],[-6.16237155934245,58.3425921306891],[-6.19443549129737,58.3394671743652],[-6.195952159482,58.3385956059018],[-6.19845269917506,58.3383055739228],[-6.21381275111654,58.32832731516],[-6.23309191827136,58.3172341100081],[-6.23388660480474,58.3152757657804],[-6.24674676943838,58.3069077843679],[-6.24235410715673,58.2956684574978],[-6.24394570855314,58.2954678559212],[-6.27660635919874,58.2940261422988],[-6.28380682926401,58.2876233204322],[-6.28149927289283,58.2868405956562],[-6.28084465780808,58.2767809968067],[-6.28050488830426,58.2715564070064],[-6.28103469042488,58.2698652092251],[-6.31869828366293,58.2699635780835],[-6.32819518055702,58.2595210268437],[-6.31908823703124,58.2445490698699],[-6.34879561412225,58.2294568846471],[-6.34604769112544,58.2352624537208],[-6.36393923960964,58.2388664077459],[-6.36150184334966,58.2268856775111],[-6.38069089906823,58.2224208041084],[-6.35761662742445,58.2174552111312],[-6.33464646486988,58.2221512973844],[-6.34319021250197,58.2290925163253],[-6.31362284746887,58.2177281446485],[-6.30365576301229,58.2110124653564],[-6.2916874650956,58.2092878734516],[-6.28486403901822,58.2066607535616],[-6.2245552890677,58.2272955064304],[-6.20330484371599,58.2474285137013],[-6.17228404936352,58.2514091375402],[-6.16525006939967,58.2575142366713],[-6.1574398520515,58.2637429502374],[-6.13566987523695,58.2589840779183],[-6.16518438900968,58.2285818194885],[-6.15365225993047,58.2209288317659],[-6.15382210417909,58.2208134873574],[-6.17889801548727,58.2038619153469],[-6.17915345058497,58.2038107783257],[-6.20808932032538,58.198969871312],[-6.20726774116389,58.1920109464347],[-6.20738591970589,58.1890155592474],[-6.25093521889293,58.1795980422546],[-6.25101453985107,58.1796509445003],[-6.28851978191433,58.2053097067589],[-6.2894181417141,58.2052387058452],[-6.29062349574225,58.2060410315867],[-6.29511721870403,58.2047881327501],[-6.31671913042916,58.2030778675517],[-6.31841167080212,58.198289481081],[-6.32905994685857,58.1953166645087],[-6.32996550636017,58.1959312145658],[-6.33245004800276,58.1943699171666],[-6.34769517742202,58.1901107267294],[-6.35873626834885,58.2014813902856],[-6.35963327767325,58.2034419440739],[-6.38641699551698,58.2065041750584],[-6.39177271346391,58.2071157708116],[-6.39628835155552,58.1990118242],[-6.38450669668174,58.1888677365861],[-6.37155303106653,58.1909080208184],[-6.38567350087281,58.1806520792897],[-6.38771597431428,58.1793033677284],[-6.36749280984218,58.152771191046],[-6.37573049351787,58.1505505734695],[-6.40884619599713,58.1417499727393],[-6.42016608602855,58.1462427267939],[-6.42402799570385,58.1477749858171],[-6.42402478251649,58.1477143453013],[-6.42408682803513,58.1477388870904],[-6.42402038843782,58.1476313903739],[-6.42348750397567,58.1375687277914],[-6.41917376367181,58.1382490235852],[-6.41830754617065,58.1383856089627],[-6.41749089659617,58.1370634957199],[-6.37061167145695,58.1427133256287],[-6.36935749072444,58.1425248676642],[-6.37053094245377,58.1314984791566],[-6.40106651938232,58.1349105059907],[-6.41814316133528,58.1299468033076],[-6.42218206569935,58.1287722770764],[-6.49293633425107,58.1429875907418],[-6.48606064951651,58.1407601495953],[-6.49478233236056,58.142418673201],[-6.46699946751324,58.1345796066905],[-6.46813498671419,58.1273795931262],[-6.46827209011386,58.1266262365394],[-6.46825053252643,58.1266468045289],[-6.46828290649935,58.1264414896521],[-6.45932240521469,58.1302108455072],[-6.44697727737263,58.1244314450945],[-6.44712447778831,58.125056623591],[-6.44438087057416,58.1236498098203],[-6.44816605525788,58.1294796252945],[-6.44848480193081,58.1308329181455],[-6.44455234912886,58.1298559237426],[-6.42943935466068,58.1251887098086],[-6.45232995290301,58.109294749709],[-6.46269305819655,58.104667919843],[-6.47645414172463,58.1030800806449],[-6.51024344372589,58.1029802634635],[-6.51737605531581,58.0983486859126],[-6.53076437495489,58.0967976091448],[-6.54117283913299,58.0995807323158],[-6.53261624242658,58.0965829438206],[-6.63470962458479,58.0847030024397],[-6.63443653704447,58.0845329910683],[-6.62420735770741,58.0781631740577],[-6.60985279764843,58.0851360714961],[-6.60906247874031,58.0852290844096],[-6.60581178167923,58.0788270058762],[-6.60311150813538,58.0856708990794],[-6.60300457788987,58.0859418650795],[-6.59091971396834,58.0873628487042],[-6.57800587231732,58.0881573322976],[-6.57557718251496,58.086931506384],[-6.57530071235397,58.0866747974785],[-6.56711051069029,58.0790679907203],[-6.5660361856528,58.082114609893],[-6.56540526163424,58.0817960048773],[-6.5631345239753,58.0876681173655],[-6.55735503505815,58.0873195390102],[-6.52623487728632,58.0854379405254],[-6.51975606487412,58.0886612763068],[-6.50912486679933,58.0939485545938],[-6.47951211966571,58.0900856481786],[-6.47270516864138,58.0891966015072],[-6.47132842076747,58.0903739558419],[-6.46561099206487,58.0952623568842],[-6.43211094556762,58.0897277920779],[-6.4320949759878,58.0897423477487],[-6.43198245835028,58.0897187805075],[-6.428819395897,58.0918616051531],[-6.41799273519462,58.0991936573643],[-6.41429777138344,58.0989292337477],[-6.40269786594645,58.0980983814081],[-6.41441229646784,58.0998541204287],[-6.41654520658952,58.1001736624564],[-6.42045741579652,58.0993699765743],[-6.43493391361366,58.1004045983712],[-6.43525578381174,58.1004920875161],[-6.41523014727798,58.1064566767874],[-6.39978483142922,58.1110535514422],[-6.39799494262799,58.1077450407604],[-6.39702921385489,58.1035945909453],[-6.39635193115616,58.1047074363134],[-6.39381985054199,58.1000250160551],[-6.39489111977182,58.0995523777273],[-6.40315434680906,58.0989940191334],[-6.39901925161833,58.0977308693906],[-6.40009462858246,58.0972563153365],[-6.38344753838214,58.0929712493069],[-6.38385082261311,58.0929439495726],[-6.39873278614477,58.0922762477088],[-6.39864822010424,58.0919413725557],[-6.40066163314079,58.0918048193968],[-6.39702868907864,58.0844480054314],[-6.38369044398627,58.0903119657266],[-6.37878140314112,58.0924028270338],[-6.38121455396189,58.0790739329246],[-6.37336296109731,58.0773964239572],[-6.36890263829026,58.0763921319642],[-6.38124533604414,58.0678826292973],[-6.3674653599851,58.0647186671503],[-6.37381781101626,58.0486418978309],[-6.40809361333875,58.0487395748009],[-6.43997295235848,58.0488221647411],[-6.40764372544447,58.0450928252951],[-6.3583119638375,58.039384697073],[-6.38845737435996,57.9999984633027],[-6.41128704729079,58.0075792752617],[-6.43839719042323,58.0170607088511],[-6.44959015402185,58.0058810535077],[-6.45970816214907,58.0197944134446],[-6.46373803597378,58.0159085544877],[-6.46747848957653,58.0182714387216],[-6.46984189665925,58.0100210543469],[-6.47046510270768,58.0094198173319],[-6.49995605289122,58.0166303239106],[-6.49993126553383,58.0166095087298],[-6.49994647031808,58.0166132978599],[-6.49990754149948,58.0165895876443],[-6.4907851268799,58.0089273125688],[-6.5042916320018,58.0079955542127],[-6.52374251929185,58.014052166092],[-6.52819851516885,58.0163322277063],[-6.52601438858261,58.0063709991418],[-6.52591700640355,58.0055438670997],[-6.53265783442676,58.0052810467497],[-6.57084600170162,58.0044958532578],[-6.56111651971406,58.0041674786166],[-6.58009430099332,58.0034213139235],[-6.47550682022611,58.0012456022508],[-6.47481009895984,58.0012215853175],[-6.47220333444028,57.9998987050718],[-6.45112605553902,57.9886874554757],[-6.44890499345722,57.9656419056904],[-6.4683404639945,57.961328166952],[-6.47182153343527,57.937506648599],[-6.48491232752572,57.9387172166048],[-6.50185444506749,57.9403789372399],[-6.51931797423438,57.9269681323913],[-6.54911173390521,57.9580893771542],[-6.54708283568315,57.9485017582618],[-6.54114425032606,57.9165869017263],[-6.56607523334002,57.9197522165718],[-6.56418327494815,57.9147457395409],[-6.56417538651671,57.9145933142959],[-6.57300748305023,57.9246111622563],[-6.57711751459469,57.91050794224],[-6.5823179801956,57.9150378974975],[-6.60952797226874,57.9470007572272],[-6.60906213440808,57.9498678590816],[-6.6116026623074,57.9494351369848],[-6.6121954734276,57.9501306603879],[-6.64154144106623,57.9615763935759],[-6.64121396434233,57.9611667809192],[-6.64618961601705,57.9640873207863],[-6.60633954631064,57.9172565769928],[-6.62385396166781,57.9168428313253],[-6.63383351097237,57.9280192186812],[-6.63342297027063,57.9264559468991],[-6.63413832861299,57.9271757151333],[-6.63253107127855,57.9230592230134],[-6.63220659314238,57.9218232959507],[-6.64453663918462,57.9246148495812],[-6.64486329149008,57.9242645330406],[-6.64492399581809,57.924276842131],[-6.64691446676449,57.9220645831583],[-6.65100065245311,57.9176811516608],[-6.70213593729633,57.9604435113774],[-6.7124426234693,58.0112538500652],[-6.68076454757063,58.0323157121697],[-6.66425825351564,58.0425201993797],[-6.66501218227991,58.0530845013438],[-6.66501083410932,58.0531155462254],[-6.63292758989592,58.0547347130407],[-6.62179151941485,58.0469162398111],[-6.58640848150681,58.0532123149496],[-6.69513090591682,58.0581552022956],[-6.67758923944751,58.0551074774502],[-6.67138088877123,58.0537548031364],[-6.67208670329979,58.0444895008655],[-6.6953212215017,58.0303497797277],[-6.7240517719492,58.0133450420769],[-6.74203174017645,58.0084610123946],[-6.7606336836746,58.0034039951892],[-6.7568348901348,57.9926335059369],[-6.73963539176842,57.9903736194499],[-6.73838825556036,57.9902096525194],[-6.73005967176477,57.9765358505203],[-6.72157841918054,57.9618918419073],[-6.72313900005557,57.9555333395526],[-6.72388559691798,57.9531037642436],[-6.72540885755324,57.9530347351017],[-6.73468511510584,57.9529430484162],[-6.74520408580167,57.9528382562797],[-6.7346788506466,57.9528956339939],[-6.72761093315933,57.9529336722333],[-6.70634318591926,57.9530457580397],[-6.70448777688988,57.9512843243649],[-6.6737982107399,57.9172952861659],[-6.67379707519722,57.9172126374989],[-6.71355077701367,57.9153571381519],[-6.67879398246732,57.9030086992275],[-6.670141526827,57.8999318085571],[-6.66551049154819,57.8822922576491],[-6.72573061426738,57.8849952047717],[-6.74148489573365,57.8856975254168],[-6.74234159884806,57.8857991926947],[-6.77304032238563,57.8994935036179],[-6.77396750950696,57.899906827882],[-6.78469260088179,57.8990538346803],[-6.80291389129371,57.8976024842572],[-6.80284405442311,57.8975274209808],[-6.80285650762208,57.8975271162135],[-6.80282982056293,57.8975121208445],[-6.79041963642338,57.8841671260824],[-6.78984928291904,57.880882487345],[-6.79304347552846,57.8810394652292],[-6.80154556870786,57.8855119622762],[-6.81204895813668,57.8819717633396],[-6.81289981034803,57.8820134322768],[-6.80390398363139,57.8671684889095],[-6.77407207812675,57.8674976561773],[-6.75655714849149,57.8423955045276],[-6.75045820892035,57.8421644576286],[-6.73672662822189,57.8273055928525],[-6.73659564804828,57.8268511811194],[-6.7508216063798,57.8221361826681],[-6.75101728175111,57.8222872176151],[-6.75522337912723,57.8299664965122],[-6.75731583293392,57.8271479371562],[-6.75945359981125,57.8287972904555],[-6.76019317575447,57.8232713760584],[-6.76093223241251,57.8222755406444],[-6.76348451006157,57.8278858048907],[-6.76534128085962,57.8337953168268],[-6.7669461752829,57.8316201408884],[-6.77298852385999,57.8257964076049],[-6.79781681341653,57.8344214613781],[-6.79772676642759,57.8340086249521],[-6.79780833630342,57.8340376646526],[-6.79160246234708,57.8048117633069],[-6.80688628252042,57.8155852993936],[-6.8125761671987,57.8096484605459],[-6.82109593402545,57.8120833953627],[-6.82333004835339,57.8127886951205],[-6.84480970325689,57.8344960284541],[-6.84727945086051,57.8271009277712],[-6.86270288762046,57.8336610079508],[-6.86106846414157,57.8325985414876],[-6.86282711217265,57.8332995392439],[-6.83366145062467,57.8147271768722],[-6.84624935224921,57.8027814280357],[-6.84664808300446,57.8034169340225],[-6.85267236180462,57.8135731694472],[-6.85286839049723,57.8133280188647],[-6.85309182361937,57.8136839262686],[-6.85643804882981,57.8088632596158],[-6.85767746083326,57.8073127912592],[-6.86049266216819,57.8101813806749],[-6.86312405446246,57.8128930201724],[-6.85661932770819,57.7986158845358],[-6.87083776887384,57.7978929643908],[-6.86919184608704,57.7976941766701],[-6.87130926890319,57.7976166181527],[-6.86208998502954,57.7948045375286],[-6.86233878562847,57.7947405114029],[-6.88362833697171,57.8005466981045],[-6.88147215739795,57.7951705785235],[-6.88303722959136,57.7955998979963],[-6.87342898498341,57.7751009041569],[-6.87294619904072,57.7738954689398],[-6.92251812789641,57.7824685078005],[-6.92077588121223,57.7811118841159],[-6.92289800901581,57.7814323615454],[-6.92043070980894,57.7808430967311],[-6.91432114407248,57.7760846909012],[-6.92082517934777,57.774983261435],[-6.89927822547309,57.7643618694684],[-6.89920824474875,57.7643073130713],[-6.90131305293001,57.763846203771],[-6.92958785275554,57.759472524304],[-6.93113835845501,57.7638480727526],[-6.93384043430238,57.7588140818883],[-6.93706251070378,57.7583150871332],[-6.94459784847127,57.7387590957304],[-6.94460245857778,57.7387504964672],[-6.97877284304296,57.7436393890018],[-6.96547183263655,57.7301073837304],[-6.96527872061195,57.7298712133649],[-6.97472832024017,57.7290692645704],[-7.00261061828987,57.7528160913594],[-7.00904700633989,57.7537624303293],[-7.02113008224482,57.7624476146035],[-7.02019417395371,57.7634519234144],[-7.02312045980176,57.7639700997287],[-7.02432889802272,57.7672951123835],[-7.01512802147463,57.7695843243342],[-7.0141536852382,57.769409091176],[-7.01483831385443,57.7696563890768],[-7.01401706675732,57.7698606699938],[-7.03140488232123,57.7756486862369],[-7.03078931956802,57.7724376820837],[-7.03127591693079,57.7686630446053],[-7.04816485131248,57.7755456158502],[-7.05445084984522,57.7781060168077],[-7.08376747554337,57.8069554967188],[-7.12034201849281,57.8167529794551],[-7.13354340590429,57.8373893373655],[-7.10533897743839,57.8412747479977],[-7.10195628668891,57.8399868652826],[-7.08224709996113,57.8303917879475],[-7.08124297058865,57.8132795104011],[-7.07092533160879,57.8111212709782],[-7.0754461423525,57.8221028856577],[-7.06915822869876,57.8240150901731],[-7.06831363043916,57.8236034881145],[-7.02399739145755,57.8349646632801],[-7.02051786058027,57.8387898229218],[-6.9979825593717,57.8456247217206],[-6.9928555223445,57.8684975603763],[-6.98370843974641,57.8632401956465],[-6.95773660333847,57.8675381002181],[-6.95193472900726,57.8774142325502],[-6.95131467243809,57.8646119433473],[-6.93923717032654,57.8720023267252],[-6.92043104300497,57.8652679280032],[-6.90553200209237,57.8687706723584],[-6.96025437293761,57.8869740480635],[-6.95679297031974,57.8924368867558],[-6.94902920107264,57.9046837109716],[-6.94677162538304,57.9051383348208],[-6.94099861128734,57.9028200154546],[-6.91914104821412,57.9106983332886],[-6.91843039998208,57.9108412333176],[-6.87500123952249,57.900455212039],[-6.8512321678414,57.8995687564672],[-6.8454590791539,57.9052411965842],[-6.81392377638801,57.9009286621662],[-6.81766585300299,57.9022193156527],[-6.86423117439725,57.9225348267988],[-6.86574878778088,57.924219274484],[-6.84267600787358,57.9275829736274],[-6.84301535182685,57.9278493175169],[-6.83958991255405,57.9282343003543],[-6.84958881055137,57.9346261167082],[-6.85168056933434,57.9332322892775],[-6.91330991637605,57.9362199465259],[-6.91399908915899,57.9363061479624],[-6.90164094174543,57.9508839732354],[-6.90170098053819,57.950852591419],[-6.90168091897065,57.9508757101903],[-6.90252404360109,57.9504223769736],[-6.92187990434715,57.9403006525988],[-6.94387469792049,57.9506904072795],[-6.969822828633,57.950008872566],[-6.99983703141287,57.9655583824001],[-7.00802964009847,57.9638631133476],[-6.99549938163381,57.9546673428266],[-7.02274110504036,57.9522690752996],[-7.0452920469385,57.9586535025964],[-7.04547096761845,57.9592525261698],[-7.04592105599498,57.9588314906844],[-7.04694717380502,57.9591218369421],[-7.04707529732325,57.9593460843972],[-7.04735675360053,57.9592377266868],[-7.04825980397268,57.9594932348257],[-7.04751906440568,57.9594319473949],[-7.04953109528445,57.9600760788425],[-7.0490420405731,57.9597145513322],[-7.05628627591879,57.9617637868509],[-7.05802406858053,57.9703935424956],[-7.07524348941033,57.9678378618679],[-7.07999397472195,57.9671323294155],[-7.0902237501792,57.9949062943709],[-7.09166065963254,57.9939569786283],[-7.11415607161717,57.988663064943],[-7.11417241027859,57.9886662068647],[-7.0924586468297,57.9994772525334],[-7.09171712369708,58.0010272037608],[-7.09097484384478,58.0014352406487],[-7.09008624917651,58.0044356360581],[-7.08264503645813,58.0199793377698],[-7.08239002325928,58.0205118000297],[-7.05606103869073,58.0087918128252],[-7.05461833444692,58.010798832009],[-7.05242936659891,58.0100237614716],[-7.03129939516098,58.0294426438112],[-7.01959041792678,58.0330752164395],[-6.94035372941673,58.0459790452461],[-6.90629742741413,58.049148121832],[-6.92245775631236,58.0488853776747],[-6.90933675251917,58.0510143560319],[-6.98132048034508,58.0479109646671],[-6.98158066898722,58.0479065972774],[-7.03881354764494,58.0337474768892],[-7.06170629608392,58.041006279592],[-7.06172788598105,58.0413562967538],[-7.02168219669724,58.0538318089174],[-7.02087877764471,58.0539814900147],[-7.04618619137159,58.0548853584378],[-7.0591346471235,58.0553783297161],[-7.02383333269578,58.0697351504286],[-7.02049681084514,58.0710910047688],[-7.02485893325333,58.0744013012013],[-7.02895008149311,58.0807342021132],[-7.03185024281467,58.0797051842369],[-7.03366089323219,58.081078487085],[-7.0661275637835,58.0680558246521],[-7.06955011384843,58.0666819914421],[-7.06730783852481,58.0613486555761],[-7.07262037390693,58.0620743649423],[-7.08327235733028,58.0659178879868],[-7.07761792883989,58.0677183526132],[-7.09265743584937,58.0693028665491],[-7.10146041818495,58.0724766558648],[-7.10475169103442,58.0839349442393],[-7.1098198178843,58.1098626985198],[-7.11261639148633,58.1112822254673],[-7.11339226839668,58.1139775910584],[-7.12833785116049,58.1192590101778],[-7.13544277820667,58.1228620697204],[-7.13017189960092,58.1361721356114],[-7.12996806125583,58.1362645852054],[-7.130147743365,58.1362331142453],[-7.12949501024302,58.1378807351157],[-7.12686686922512,58.1386414826589],[-7.11742526162375,58.1372377362637],[-7.11000799469383,58.143519450503],[-7.10863588540872,58.1439163032276],[-7.11585260045105,58.1508512854343],[-7.10607434787692,58.1513712395524],[-7.1060457503928,58.1510023590739],[-7.10505472625061,58.1514254134439],[-7.10144543322144,58.1516171138622],[-7.10131840916792,58.151623858326],[-7.09420939495792,58.159006697393],[-7.09277183182477,58.1595060877255],[-7.09309709032259,58.1601615430484],[-7.08930905188841,58.1640938395245],[-7.1045101651528,58.1833564338342],[-7.09487556310803,58.1861562414843],[-7.09067017109698,58.1873759528367],[-7.09061344508977,58.1872233227677],[-7.09006694419286,58.1875106105671],[-7.09022805672012,58.1875041688025],[-7.08409636711204,58.189282146541],[-7.08334085378277,58.1890281286398],[-7.05926250497087,58.1807310210948],[-7.05921718386782,58.1809129033241],[-7.0568858242604,58.1801281860919],[-7.05311535253307,58.1854457973464],[-7.04287389093411,58.1709889287433],[-7.03738580577858,58.1837505492913],[-7.01969107422797,58.1840150650874],[-7.01768180422652,58.1834653133112],[-7.00708039098112,58.1842020769186],[-7.01813678882727,58.1840381829247],[-7.03138842553689,58.2007139581394],[-7.04228341190593,58.1881226892068],[-7.05931805427089,58.1936538085793],[-7.06476196039535,58.1964606776613],[-7.06136756029675,58.2041350150583],[-7.06081517004799,58.2039899498034],[-7.06115267707723,58.2046207378158],[-7.0488230146698,58.2324693220615],[-7.02413532104598,58.2442774609133],[-7.02671690047475,58.2323015242372],[-6.9945895860535,58.2331312414194],[-6.99265882325741,58.2320427597132],[-6.97621442218748,58.2202200342323],[-6.97457795404071,58.2218447136184],[-6.9701256927157,58.2193322068287],[-6.95856985463709,58.2345717002466],[-6.95528035190879,58.2322409749188],[-6.94110442976337,58.218102744275],[-6.90855958824753,58.2131295407424],[-6.90960434022447,58.2088376438244],[-6.91118790706718,58.2033829007839],[-6.91254495004191,58.2034092901991],[-6.94395633639073,58.2042800777557],[-6.94525696305518,58.1987175244633],[-6.96248108298132,58.2033288583011],[-6.96274197919528,58.2034127244155],[-6.96268357376225,58.2033830493041],[-6.9627965938769,58.2034132952544],[-6.93330062856211,58.1861859634642],[-6.8932581201657,58.1871025266048],[-6.89316962877902,58.1862630954685],[-6.89231900609785,58.1587712377449],[-6.8898944379823,58.1551598989455],[-6.88937405626623,58.150211799257],[-6.86908070839615,58.1241248156722],[-6.86362701644629,58.1159829641867],[-6.8644208131251,58.1181284693939],[-6.8588330242237,58.1109351244358],[-6.86832252390094,58.1286700742455],[-6.88346517850141,58.169517808813],[-6.88204378149122,58.1728066078426],[-6.87254079593065,58.172713676084],[-6.8706928367027,58.171793088791],[-6.87118602979773,58.1727003697598],[-6.86913732691114,58.1726802202925],[-6.87571820137425,58.1866081742997],[-6.86170896133251,58.182360900982],[-6.85913052354098,58.1811813297202],[-6.86076678978165,58.1877437094472],[-6.86063436353443,58.1876908899612],[-6.85525054675101,58.1961176114123],[-6.84769733355832,58.1984952213411],[-6.84185212525571,58.1967904862342],[-6.82862443171841,58.2044025617208]]],[[[-6.15270306283291,59.0951773162572],[-6.15906563451095,59.0931656939795],[-6.15064360908223,59.0994607535149],[-6.15270306283291,59.0951773162572]]],[[[-6.16993756958117,59.1012287980215],[-6.17022103565895,59.1011882106617],[-6.17016398401733,59.1014372713199],[-6.16993756958117,59.1012287980215]]],[[[-5.8129810665675,59.1190073696693],[-5.84056966378999,59.1159542848511],[-5.82264799237603,59.1260447382414],[-5.82496989348744,59.1329037451339],[-5.8129810665675,59.1190073696693]]]]},"properties":{"CTYUA23CD":"S12000013","CTYUA23NM":"Na h-Eileanan Siar"}},{"type":"Feature","geometry":{"type":"MultiPolygon","coordinates":[[[[-3.77599492983475,56.0929913950167],[-3.77408480811162,56.0917213714469],[-3.77644082190658,56.0927132833602],[-3.77599492983475,56.0929913950167]]],[[[-3.73313205707214,56.0618575442085],[-3.73076538374407,56.046947196383],[-3.73331070752656,56.045862521132],[-3.73076459429063,56.0469422247225],[-3.72844720680675,56.0323303339318],[-3.71904732797509,56.0277880486021],[-3.75429421332954,56.0202747844085],[-3.71673990880751,56.0266727635792],[-3.71463267932553,56.028728216177],[-3.68205695703265,56.0356594572331],[-3.69338672808421,56.0239610467621],[-3.68044411540445,56.0302764232544],[-3.67146677421156,56.0157234580921],[-3.69095203884631,56.0013282431923],[-3.69346048230376,55.9994740635836],[-3.69066431198986,56.0013321905782],[-3.67503746430304,56.0117121577457],[-3.60582438342803,56.0199817793033],[-3.5975399642296,56.020968771794],[-3.52366000336314,56.003509011095],[-3.51632924780749,56.001773297546],[-3.50899300572224,56.0011349037254],[-3.53639977391683,55.9857232279121],[-3.59996039814729,55.9968408811455],[-3.65699242161556,55.9647771763834],[-3.65293118022972,55.9592593708696],[-3.67421218245177,55.9539236225965],[-3.66757651965797,55.9454354087157],[-3.70324640650332,55.9345861636822],[-3.73041474800998,55.9358767532402],[-3.78208264467549,55.9016393213645],[-3.8225529291009,55.8964780929073],[-3.80916941084104,55.9048575780778],[-3.83302894503416,55.907799753458],[-3.90381227500457,55.9379419551279],[-3.86035788531716,55.9592420356142],[-3.93587016106184,55.9622833979305],[-3.9497216921315,55.9714432508668],[-3.94551467539882,55.9824391877568],[-3.96481079318839,55.9871016664351],[-3.98523129377921,55.9827816516817],[-3.98932400946125,55.9872844414287],[-3.974634866654,55.9908772515936],[-3.98841780995969,56.0077887954583],[-4.0303411431556,56.0097331345595],[-4.02012108223316,56.0280371736362],[-3.97865101067015,56.0393704357189],[-3.9733554810146,56.0486225128418],[-3.89673000872331,56.0454207342169],[-3.81426281632548,56.0528027840278],[-3.81533013796789,56.0611981094287],[-3.79789901853576,56.065419158597],[-3.83588961833326,56.0846477247211],[-3.82154575244587,56.1007190242395],[-3.79769186063896,56.1074095416315],[-3.7934198943577,56.1045718827375],[-3.76909377857919,56.076641194378],[-3.73783283815475,56.0660152593655],[-3.73313205707214,56.0618575442085]]]]},"properties":{"CTYUA23CD":"S12000014","CTYUA23NM":"Falkirk"}},{"type":"Feature","geometry":{"type":"MultiPolygon","coordinates":[[[[-5.12692773956101,56.6840890988298],[-5.13137040685288,56.6837374536776],[-5.12849133819554,56.685552762675],[-5.12692773956101,56.6840890988298]]],[[[-5.15240786422945,56.6855299533295],[-5.15288255534923,56.683337196211],[-5.15507827854361,56.6849435870807],[-5.15240786422945,56.6855299533295]]],[[[-5.12326240990167,56.6863321928358],[-5.12700344431797,56.6848441139683],[-5.12445483457461,56.6870816439409],[-5.12326240990167,56.6863321928358]]],[[[-5.87103454805436,56.6616074802755],[-5.88954098504248,56.6510541363869],[-5.8930111699728,56.656468512232],[-5.89599574079892,56.6612504575442],[-5.88219808064445,56.6700443545754],[-5.87103454805436,56.6616074802755]]],[[[-5.9183108956566,56.6648936987698],[-5.9054462951395,56.6588543141021],[-5.91763843348571,56.6584226002904],[-5.93177521452465,56.6579205207431],[-5.94800124286121,56.6583057597518],[-5.94105693063078,56.6677118738167],[-5.94057952156487,56.6670850268831],[-5.94079572967879,56.6591010503037],[-5.93026691633013,56.6678260892592],[-5.92813128060637,56.6695017236022],[-5.9183108956566,56.6648936987698]]],[[[-5.68108560798821,56.6879481810245],[-5.68180951791346,56.6878323730367],[-5.68171265035952,56.6882622763788],[-5.68108560798821,56.6879481810245]]],[[[-5.00868773832019,56.7130829442463],[-5.00821654068594,56.712402228029],[-5.00923656391231,56.7124854999901],[-5.00868773832019,56.7130829442463]]],[[[-5.69636452521523,56.6967196556191],[-5.69794708708508,56.694780017634],[-5.69831700664406,56.695883937348],[-5.69636452521523,56.6967196556191]]],[[[-5.87668971491953,56.8106448409317],[-5.80921609376018,56.7935198521137],[-5.83083236642836,56.7950105441747],[-5.85130853781703,56.7859360929266],[-5.88708719478156,56.7920316770852],[-5.87668971491953,56.8106448409317]]],[[[-5.13280702968074,56.8398432085658],[-5.13300507393492,56.8390725538136],[-5.13409103728492,56.8390704296637],[-5.13518318167097,56.8398401212283],[-5.13280702968074,56.8398432085658]]],[[[-6.26567567693916,56.8479795624062],[-6.25498022256079,56.8402336709815],[-6.22301582701321,56.8453229765459],[-6.22186651660234,56.8399027334163],[-6.21991351441364,56.8306882067917],[-6.22869391606685,56.834936559009],[-6.23580519321932,56.8229633399056],[-6.24782117256242,56.8328156246218],[-6.26356589736216,56.8294557361531],[-6.27032339391408,56.828012915141],[-6.27631966545132,56.8340060539278],[-6.27744316259984,56.8353352871681],[-6.26776889096222,56.8383391627013],[-6.26468583592699,56.8392962022085],[-6.26242753487225,56.8399971442188],[-6.26563419003909,56.8476155384536],[-6.26583645567309,56.8480959705323],[-6.26567567693916,56.8479795624062]]],[[[-5.88831623791168,56.9261319554374],[-5.88615055081714,56.9199412068251],[-5.9002450271161,56.9197488125307],[-5.88831623791168,56.9261319554374]]],[[[-6.11171762530301,56.9245064261412],[-6.11634642322963,56.8886646857815],[-6.11711759153286,56.8880276073385],[-6.12677468602354,56.8893513793025],[-6.13908597466121,56.8719844014955],[-6.14879212482769,56.8716834923546],[-6.16285528278403,56.8720008580964],[-6.1701529085006,56.8742057948181],[-6.20752687580291,56.8877272879701],[-6.20907413263293,56.8969432842446],[-6.20807340046603,56.9049360311962],[-6.20191877618342,56.9093081095793],[-6.18637253331872,56.9151205596726],[-6.17786928150682,56.9153083788714],[-6.15865344263267,56.9150058634722],[-6.162278363345,56.9363060502806],[-6.13861057492496,56.9442071704972],[-6.12731330799273,56.9362437064424],[-6.11171762530301,56.9245064261412]]],[[[-6.68386916349297,56.9714591971929],[-6.68411206180326,56.9665161637796],[-6.68606900443451,56.9679989176158],[-6.68386916349297,56.9714591971929]]],[[[-6.67818106933818,56.9757384256317],[-6.67641791222594,56.9647851692502],[-6.68240117689921,56.9698051879133],[-6.67818106933818,56.9757384256317]]],[[[-6.32996686007434,57.0603739549712],[-6.2884305071632,57.0463228827027],[-6.26020786781287,57.0367614586559],[-6.24753329353954,57.0201147697801],[-6.25291970788681,57.0187129747287],[-6.27963824424934,57.0117546265695],[-6.24133828134467,57.0053096821247],[-6.23831750571187,57.0047528090817],[-6.23935915964058,57.0017614653045],[-6.25692487391589,56.967065286001],[-6.27787461279887,56.9546329463176],[-6.31114123002018,56.9348677053187],[-6.36955725532484,56.9522260366952],[-6.37127774817597,56.9565490578653],[-6.37583271587431,56.9731810759914],[-6.46005318884237,57.0073940550762],[-6.44980742555178,57.011856308902],[-6.40963293434918,57.0293351279351],[-6.39778887952175,57.0426992130785],[-6.36376757116836,57.0518654668993],[-6.3512433154689,57.0489598630012],[-6.32996686007434,57.0603739549712]]],[[[-6.49725021038817,57.055447995442],[-6.46539927667887,57.0442910685311],[-6.4897209947982,57.0490592530705],[-6.51119696421239,57.044121311272],[-6.51309798903239,57.0522185784118],[-6.49725021038817,57.055447995442]]],[[[-6.48836870396479,57.0671531526749],[-6.48810643479691,57.057910445718],[-6.48854675209725,57.056003849541],[-6.49791496864259,57.0559080328826],[-6.54969194031447,57.0581204396578],[-6.57298191462456,57.0442955271918],[-6.60883647695886,57.0462947336078],[-6.60836759060515,57.0471810616727],[-6.59671456002164,57.0591885172769],[-6.56009144439103,57.0626841332985],[-6.55898554660559,57.0649744850802],[-6.52519897006166,57.069349600833],[-6.49394054090722,57.0683181494227],[-6.48836870396479,57.0671531526749]]],[[[-5.45182069026638,57.1070087017954],[-5.45434716702256,57.1065524636535],[-5.45364428310076,57.1075202719625],[-5.45182069026638,57.1070087017954]]],[[[-5.78159427873114,57.1459464080593],[-5.79359356438428,57.1435488715758],[-5.79151822253101,57.1469749393179],[-5.78734716861439,57.1493189239601],[-5.78159427873114,57.1459464080593]]],[[[-6.18341845396289,57.1627772019179],[-6.1823652660368,57.1525875088625],[-6.21024018074036,57.1507857602026],[-6.20894659374858,57.1478847040152],[-6.20401559446426,57.1360314876736],[-6.21496318721221,57.1331986264774],[-6.2324148897418,57.1315059766942],[-6.25595589434447,57.1495461965529],[-6.22718055839754,57.1579984648763],[-6.21465997634645,57.1528358686091],[-6.22137812075896,57.1586348806782],[-6.20568240123182,57.1659975417284],[-6.18341845396289,57.1627772019179]]],[[[-6.16292304287815,57.1970522544118],[-6.16268800995776,57.1964922751307],[-6.16365618216476,57.1968588199317],[-6.16292304287815,57.1970522544118]]],[[[-5.84771016592139,57.2742051096174],[-5.86448076948004,57.2684769413429],[-5.8699639616942,57.2776994875863],[-5.85925433974937,57.2813455738028],[-5.84771016592139,57.2742051096174]]],[[[-5.88335272719778,57.3097271728027],[-5.89100517677843,57.3056038322568],[-5.89286560704716,57.3152044585842],[-5.88335272719778,57.3097271728027]]],[[[-5.92898563017212,57.2809461361578],[-5.98035766377243,57.273838041837],[-5.98303978147204,57.2753098363016],[-6.00730578659446,57.2886175621336],[-6.01678676385211,57.2983918784371],[-6.02241979648604,57.305807926409],[-6.0162347670833,57.3203663830116],[-6.01112403023779,57.321948465723],[-5.99837636365216,57.3249138815396],[-5.98845802409454,57.3239986938531],[-5.92611424662535,57.3074991712312],[-5.92898563017212,57.2809461361578]]],[[[-5.66326251783677,57.3428032377141],[-5.66836731163114,57.3420204649146],[-5.66483986691015,57.3437247291626],[-5.66302057946035,57.3439113484895],[-5.66326251783677,57.3428032377141]]],[[[-5.85476569349482,57.3573357711337],[-5.84123953744663,57.3382478920629],[-5.83675412001833,57.3481133129037],[-5.82161837266174,57.3344854845425],[-5.84550008648575,57.3350290486286],[-5.85476569349482,57.3573357711337]]],[[[-6.49229278154976,57.3451233145354],[-6.49246379346377,57.3304115626164],[-6.51318372358866,57.3312830606757],[-6.49229278154976,57.3451233145354]]],[[[-6.60237251268589,57.4509868096796],[-6.60225443550604,57.4490515546556],[-6.60875664349432,57.4512480982433],[-6.61070615616123,57.4521129754917],[-6.6103878000212,57.4522809395877],[-6.604584890069,57.4535565956443],[-6.60237251268589,57.4509868096796]]],[[[-6.02533722653524,57.4957776923897],[-6.02524658907974,57.4797231438521],[-6.03410120249759,57.4896657954347],[-6.02533722653524,57.4957776923897]]],[[[-5.97839008970612,57.494585102878],[-5.98302815846494,57.4794627721454],[-6.0030495096142,57.4591756092292],[-6.03234615260128,57.4294448492211],[-6.01865339083961,57.3888351591913],[-6.01498926607707,57.3862633097326],[-5.99343726801211,57.3711261529763],[-5.99306764095455,57.3708663989897],[-5.99297362381273,57.3668661262602],[-5.99276980767691,57.3581882361707],[-6.02113609625182,57.3333388728825],[-6.05026875104807,57.3283824778847],[-6.06700043388068,57.3336733474342],[-6.06600247120247,57.3460349155198],[-6.07626168699949,57.3482980828254],[-6.0773778959019,57.3502757438833],[-6.08267951769625,57.349713274493],[-6.08803324309847,57.3508934835059],[-6.07423255774872,57.3803157374518],[-6.07527037314827,57.3843242294375],[-6.08486117788683,57.4213214108928],[-6.05663508297306,57.4597601084591],[-6.01782988426125,57.4546097797723],[-6.01131469200115,57.4650950999096],[-6.02944420157887,57.4694354271542],[-6.01920154469374,57.4729317198438],[-6.02275285542119,57.4769218603271],[-6.01999675415183,57.4799691952899],[-6.01998770585578,57.4799247298773],[-5.99334508605585,57.4929832812842],[-5.99340401839269,57.4933340601534],[-5.99206966324921,57.4936126890816],[-5.9944077511512,57.4993073614825],[-5.99541493096459,57.5052989494718],[-5.97839008970612,57.494585102878]]],[[[-5.99549925853898,57.509302116392],[-5.9925884148485,57.5064499465146],[-6.00886194715041,57.5121736107237],[-6.0104700615644,57.5127389976871],[-6.01302076785247,57.5137853486229],[-6.00912316839512,57.5145496026249],[-6.00302055393564,57.5157459172097],[-5.99549925853898,57.509302116392]]],[[[-5.68483653117729,57.5282483070441],[-5.68503504282085,57.5271662003868],[-5.68685003739808,57.5285390884754],[-5.68483653117729,57.5282483070441]]],[[[-6.64723865252759,57.524796530475],[-6.63848683322216,57.5115997693425],[-6.6404588011189,57.5116349932167],[-6.64982235059727,57.5142060724809],[-6.64723865252759,57.524796530475]]],[[[-5.96727004431338,57.580319264794],[-5.95384845015192,57.5684860542889],[-5.95405769258708,57.5680250431028],[-5.97832140372493,57.5144902977232],[-5.99788918669671,57.5275383823274],[-5.98044299190948,57.5404406781718],[-5.99391202889454,57.5357885385157],[-6.00111133363178,57.5427356370142],[-5.9960148922108,57.5441671696061],[-5.97990213880177,57.5467123598711],[-5.98065383230791,57.5484800213171],[-5.97635198942763,57.5496873220715],[-5.98843139517062,57.5667581268707],[-5.98948348306669,57.5692291128147],[-5.98308920737468,57.5747307744623],[-5.98198173244567,57.5753504515877],[-5.97504638768212,57.5711330209191],[-5.97880539069917,57.5771275768264],[-5.9787680718195,57.5771484547333],[-5.96623193375672,57.5718691557985],[-5.966783665649,57.5732074943167],[-5.96546089495816,57.5727025907331],[-5.96727004431338,57.580319264794]]],[[[-6.35265915271003,57.7081143102655],[-6.33073137869139,57.6996047904431],[-6.29690615115695,57.707572057529],[-6.29670482710972,57.7072329766251],[-6.30162813245513,57.6925714738072],[-6.30320888652261,57.6915908936895],[-6.2510695413295,57.6734747128252],[-6.23535225974927,57.6373616606701],[-6.19130907537024,57.6332517973539],[-6.15059408602877,57.5865193323023],[-6.13723707107607,57.5877360507696],[-6.14880208056691,57.5656233585537],[-6.1468116793158,57.5618337069014],[-6.13876785540322,57.5465098001797],[-6.14848057655384,57.4999694647011],[-6.13714355057991,57.4743925741102],[-6.1428115176343,57.4434039410112],[-6.14573220532755,57.4300851332851],[-6.14646600457669,57.429628171047],[-6.18109575165411,57.4126185327622],[-6.19773265073077,57.4121387110919],[-6.20213608527564,57.3904871260543],[-6.18400595094124,57.406203622568],[-6.18069743475911,57.4062193838254],[-6.17569522701683,57.4022780616776],[-6.13974420434929,57.4054829315222],[-6.1381430091052,57.4044509104557],[-6.12628030127443,57.3902357194073],[-6.12854087111576,57.3844597646949],[-6.13111977287665,57.3825010465337],[-6.14621154915302,57.3710333523515],[-6.11694440537581,57.3417447498075],[-6.10426565739338,57.3384196444509],[-6.10421320921915,57.341453865662],[-6.09756111011787,57.3411301520687],[-6.09611019996485,57.3401215921478],[-6.09866447719804,57.3381957755526],[-6.10711559508187,57.3352330842968],[-6.10656010696109,57.3322412057278],[-6.10685130092015,57.332021552465],[-6.10646551610278,57.3317316828757],[-6.10413710713453,57.3191844561813],[-6.13191382460302,57.3162539116162],[-6.16842207571652,57.2953873337446],[-6.11743743774484,57.3136809158846],[-6.05703119658811,57.3136642773759],[-6.04164424372751,57.293267129461],[-6.0461242444668,57.2905034087662],[-6.07780706485723,57.2761544469699],[-6.07556127450376,57.2723294969444],[-6.08304566439757,57.2677048532028],[-6.07446162131622,57.2704562939572],[-6.07380772298781,57.2693423127345],[-6.0361169715359,57.2827347740259],[-6.02064670377333,57.2876829833422],[-6.00818524983002,57.2796511576721],[-5.99786432036769,57.2727430559311],[-5.99728148230906,57.2726193466652],[-5.99387071095089,57.2704189922979],[-5.98225808969175,57.2680819219154],[-5.93663316581968,57.2588864135569],[-5.92204147925024,57.2627484710561],[-5.90468877737242,57.2528828206115],[-5.91423453931287,57.241325225069],[-5.88579217449952,57.2379709176892],[-5.85172973360864,57.2540647583896],[-5.86366114870782,57.2416117133364],[-5.81299859489101,57.2568426213624],[-5.81141750846707,57.2568736204895],[-5.78208684310727,57.2661197140322],[-5.75345843530521,57.2747009104146],[-5.71132851627496,57.2712392569601],[-5.71385748126721,57.2697906536767],[-5.73200449051709,57.2607665157172],[-5.72930969559094,57.2609360395056],[-5.72961474925858,57.2607611729425],[-5.70863745993768,57.262234516203],[-5.66708876862915,57.2648337441843],[-5.64913983582422,57.2559159716269],[-5.64757826275575,57.2551397878107],[-5.64892890233371,57.2537844270134],[-5.66723037931513,57.235407958112],[-5.66838715700222,57.2187044116308],[-5.66936765989664,57.2088896874241],[-5.67323698368192,57.2067121299719],[-5.73763148822853,57.180428567113],[-5.78105978482864,57.166861886879],[-5.78737871284857,57.1690072030938],[-5.80051779647511,57.1743543956423],[-5.800535875441,57.1734723029951],[-5.80847276650599,57.1761646124759],[-5.80068165431949,57.1663597103688],[-5.80096285034614,57.1526439528426],[-5.80579388346772,57.1457439045076],[-5.7912087750522,57.1399719546878],[-5.797873841137,57.1376377563379],[-5.80592569891309,57.1370348117276],[-5.80429685445006,57.1210819767396],[-5.82789794075046,57.1076086452268],[-5.85327289056481,57.1115604458783],[-5.8600151397222,57.1018273074557],[-5.87927201051044,57.0839834503544],[-5.88852710674163,57.0812823444548],[-5.89052443496671,57.0735475625006],[-5.89638861165993,57.0681062476896],[-5.89330441994928,57.0627768892832],[-5.89371957411424,57.0611679360805],[-5.90213853609583,57.0635742155987],[-5.89958879246476,57.0579198663969],[-5.93952362628895,57.0380374698704],[-5.96691788690283,57.0299343614201],[-5.97268473247579,57.0320363677398],[-5.98359667299085,57.0275869374445],[-6.00182247821664,57.0201507847655],[-6.00939488236371,57.0247929531585],[-6.00973039646399,57.0245394746658],[-6.0107576794227,57.0251223840928],[-6.01417785151791,57.0211790451393],[-6.01754627156506,57.0186334164714],[-6.01823113715369,57.0198931037407],[-6.01765648921087,57.0312851695338],[-6.02927426354704,57.0401922833942],[-6.03610893518274,57.052743699384],[-6.02577912453358,57.0696270211078],[-6.02510042304871,57.0703187548126],[-5.99947476624932,57.073921916284],[-6.00817030187714,57.0901052708526],[-5.99999962203829,57.104012118192],[-5.98498752133745,57.1073863585322],[-6.00504479252194,57.1147671298735],[-5.99775586565346,57.1241107876466],[-5.97532071505405,57.1303397875869],[-5.96924685736139,57.1397102042815],[-5.96577464415591,57.1415717773733],[-5.94002335970638,57.1464992986316],[-5.92007516790556,57.1618517804758],[-5.87383681572981,57.1704933164815],[-5.86641699324449,57.1713692612096],[-5.83802448089545,57.1897551044483],[-5.87797776260014,57.1760921111125],[-5.89758993356427,57.1796682501398],[-5.90133349587518,57.172012969575],[-5.9187476621035,57.1736547668098],[-5.93539849592601,57.1760104445813],[-5.97181526035897,57.1711904140018],[-5.99167680393846,57.1685566249435],[-6.00293279964167,57.1996108519419],[-6.01126460738449,57.2065422266339],[-6.0368836296879,57.2278346536665],[-6.03322035733348,57.2058378181408],[-6.02968246577863,57.1845630048812],[-6.0365721560234,57.1824716244095],[-6.04994839372051,57.1805859025714],[-6.04975058177276,57.1757619363693],[-6.07386328240065,57.1384278719768],[-6.08377712309365,57.1267505200699],[-6.10872009696591,57.1355567339199],[-6.11266695630523,57.1372117711966],[-6.10194943574191,57.170111530429],[-6.11072343494794,57.1801731883234],[-6.11032457886538,57.1863291680887],[-6.1190341448015,57.1896977703991],[-6.12338835547965,57.1946856810865],[-6.13069970685644,57.1843732823533],[-6.15886534378279,57.1950448889917],[-6.1649615474352,57.1986751246451],[-6.16529604209194,57.1974796291815],[-6.16812859183525,57.1985518611634],[-6.17405761664559,57.1745445321933],[-6.18561312175057,57.1753223487642],[-6.2096755620213,57.1778060167269],[-6.30199425236345,57.163334120109],[-6.32231166304374,57.1601385714827],[-6.30325737226312,57.174184937146],[-6.28660748178656,57.1864479610504],[-6.28537082427824,57.1968439333783],[-6.28445628118527,57.19774520235],[-6.28525070782751,57.1978534498826],[-6.28483384285549,57.2013566372592],[-6.2937512584877,57.205156901319],[-6.3061286716399,57.1988248549769],[-6.31045577161952,57.196610406423],[-6.31819237359928,57.1926500849326],[-6.33531524110441,57.1866601652598],[-6.34345297804931,57.1860974810904],[-6.35125910426937,57.1885381371439],[-6.35930046777704,57.1949210650846],[-6.37147970896275,57.2045831685694],[-6.38386946348429,57.2227322062777],[-6.38196010590245,57.2255362521322],[-6.35295947920246,57.2283955324595],[-6.35243597916483,57.2296826709495],[-6.34921194387694,57.2299421232154],[-6.34315886455546,57.2529577657741],[-6.35422126609167,57.240114160168],[-6.36014277856527,57.2362048361146],[-6.40500685124954,57.2322392688547],[-6.45149133298759,57.2624275313687],[-6.45856740645248,57.2862651957381],[-6.47381407710417,57.2896971968836],[-6.48188501744539,57.2923088432963],[-6.48278322202102,57.3109793429642],[-6.4782275419802,57.3125952355448],[-6.4334427849499,57.3250133132422],[-6.42685420927871,57.3230652161082],[-6.43062423226004,57.3393500044089],[-6.43065390344993,57.3399847316628],[-6.43028388245611,57.3398717051592],[-6.36760035224709,57.3135547805364],[-6.34777307615715,57.2999215255674],[-6.33475023855786,57.2997348687322],[-6.33080839828578,57.2980752329291],[-6.33276179223199,57.299706248058],[-6.31790819186256,57.2994914553065],[-6.30620704837495,57.2993210139571],[-6.31813957745106,57.3014626605051],[-6.33944184828913,57.305282510753],[-6.34546359524396,57.3103073822],[-6.35530229698164,57.3237184608227],[-6.40263586121769,57.3398807252286],[-6.40298346724118,57.3414625870232],[-6.40293032136396,57.3550379728459],[-6.38359904412675,57.3639744564105],[-6.43186928458838,57.3478650802245],[-6.44639082885348,57.3473018013632],[-6.44931239073158,57.3420358983887],[-6.45780120799719,57.3391975615232],[-6.4545232248361,57.3598859577663],[-6.47301173599246,57.364126088455],[-6.47986086487759,57.3666321038693],[-6.47552922285119,57.370708011744],[-6.46780687041938,57.3779718672202],[-6.48589825110149,57.3805148491046],[-6.48622185960008,57.383182799288],[-6.48262913407908,57.3956294780467],[-6.48836982571706,57.400880087206],[-6.4887108687584,57.4036880454589],[-6.49004467570933,57.4024116087126],[-6.49205946514687,57.4042537743317],[-6.49406748705838,57.3985612180202],[-6.52418206092564,57.3697081487626],[-6.52463496770442,57.3694292827523],[-6.51655475134278,57.3932087351723],[-6.5384048046986,57.4134661401945],[-6.53517499890136,57.3983719045945],[-6.54196185408157,57.3932121123253],[-6.54218958756869,57.3972552666111],[-6.55215661565891,57.3854580428201],[-6.57297990686793,57.3884914343712],[-6.5689799867119,57.3673437008186],[-6.56355529151456,57.3386188324207],[-6.5821255068729,57.3330044115174],[-6.6246450645599,57.3508250777871],[-6.65051710719089,57.3565236991088],[-6.65624559359978,57.3579059056211],[-6.65654116137984,57.35784953946],[-6.65765099519895,57.3580937611923],[-6.68096403576746,57.363220812386],[-6.69163883478183,57.3655664939836],[-6.70180178045548,57.3710914834119],[-6.71401898721436,57.3704803537638],[-6.71947763393039,57.3716780590085],[-6.73468298207835,57.3853841796442],[-6.73892549245053,57.3893247877781],[-6.72913583471307,57.3953068375617],[-6.74312246477266,57.4176193849265],[-6.76722869579338,57.42893265035],[-6.78965218555406,57.4210411248485],[-6.78017597928737,57.4577775769748],[-6.73845838648072,57.4522876468438],[-6.71997616699092,57.4497364225087],[-6.74295194204038,57.4646007723963],[-6.74953499594573,57.4836479030087],[-6.74812450682815,57.5000910603606],[-6.71667291689008,57.5137557371345],[-6.7154506101229,57.5126425145059],[-6.67227574158554,57.4728495751457],[-6.63967635451538,57.4427343125488],[-6.61995858904031,57.43199155017],[-6.61407967034579,57.4412119199638],[-6.60375214293185,57.4459739703221],[-6.60178318735683,57.445576549052],[-6.59690193733602,57.4416799752178],[-6.58493661977668,57.4214533761174],[-6.58186870849358,57.4319334862065],[-6.573863247084,57.4301677861674],[-6.59518566628787,57.4518098700455],[-6.59644086720169,57.4542035384478],[-6.597763245555,57.4544240479198],[-6.60391220073472,57.4606585117902],[-6.61058193597762,57.4565607202628],[-6.62147936998477,57.458375906996],[-6.62351802251437,57.4591989072627],[-6.61978837109221,57.4625395085142],[-6.61338445224143,57.4674039022081],[-6.63747061372126,57.5025079759836],[-6.62836986568911,57.5023287967939],[-6.61854677084451,57.5015659840843],[-6.59847854563658,57.5099146912522],[-6.56792086416382,57.4933239135799],[-6.56058056859643,57.5080271597157],[-6.62873698518648,57.5450550571442],[-6.64165165085489,57.5520584604533],[-6.64231268947548,57.5513143898445],[-6.65380994551975,57.5451672474654],[-6.65444570913283,57.5455300032819],[-6.6522824887116,57.5496335732145],[-6.64071266586367,57.5612317845719],[-6.63901247414281,57.574787383215],[-6.63474522505674,57.5828688754216],[-6.63537446735462,57.6037652034512],[-6.63477581512604,57.6085301090535],[-6.58268555783397,57.5883566127698],[-6.56551361012289,57.5482273486948],[-6.54746329106309,57.5480152883089],[-6.54088442838422,57.5479373562124],[-6.5043194340484,57.5340497482609],[-6.46336703020734,57.5008675594731],[-6.46567123445463,57.4980691710175],[-6.46217479630132,57.4999003885074],[-6.46175177980029,57.4995572101341],[-6.42709927969963,57.518255487254],[-6.45263013270683,57.480659919254],[-6.44176632437777,57.4811805704423],[-6.43873088391227,57.4789009921933],[-6.43241790865486,57.4704807078718],[-6.43472881110236,57.4840483522796],[-6.42652363200795,57.4960922692978],[-6.39981355517789,57.5088418223625],[-6.39961046371473,57.5287025507494],[-6.37483117408589,57.5002508784739],[-6.37229401874052,57.5024865334913],[-6.35177272568047,57.4974672001953],[-6.35021819977327,57.4968244438512],[-6.34969324491765,57.4959364160438],[-6.34499363138695,57.4807365320627],[-6.33989446483517,57.4856065961387],[-6.33527872997067,57.4900136837196],[-6.32625068109267,57.4589606896587],[-6.31178994357521,57.4551680521435],[-6.32572258632398,57.4852071854098],[-6.30460416659311,57.482333671041],[-6.34189223226153,57.5024105732362],[-6.34460680550964,57.5038708544662],[-6.36516040484214,57.5151663491631],[-6.37618382394433,57.5301390816773],[-6.36705976871399,57.5314359744947],[-6.38982604187715,57.5492760972198],[-6.39520415981313,57.5569202878404],[-6.39459258599956,57.5693303797109],[-6.39450798726361,57.5694708116599],[-6.38258478379391,57.5631091983912],[-6.35942756478489,57.5889471978966],[-6.38987966425686,57.5854628906697],[-6.39460839331217,57.5851735393877],[-6.39423759506935,57.6127239755971],[-6.42770448904871,57.6421503004449],[-6.40626840967841,57.6505200167435],[-6.40914518049236,57.6603009207285],[-6.38279566329646,57.6596651798181],[-6.36170396139229,57.667995863904],[-6.35357211281855,57.6712058002933],[-6.34235050832141,57.685023581288],[-6.35265915271003,57.7081143102655]]],[[[-5.78975648076099,57.7367572187947],[-5.80117619633529,57.7265173573991],[-5.82241789228351,57.7305702445903],[-5.82026949753743,57.7367263932093],[-5.78975648076099,57.7367572187947]]],[[[-6.29579848683022,57.7256658273244],[-6.29333331058574,57.7222202059191],[-6.29513674236182,57.7226319426882],[-6.30577969274032,57.7253911645589],[-6.29848255090689,57.7289260400723],[-6.29579848683022,57.7256658273244]]],[[[-3.9434494287205,57.8526935949582],[-3.92661523045029,57.8417741137241],[-3.96447661962591,57.8518359323545],[-3.9434494287205,57.8526935949582]]],[[[-5.60186778196801,57.8301685325994],[-5.60326969076386,57.8213492200445],[-5.63945012933259,57.8331990944163],[-5.6337789571531,57.8478608821768],[-5.60186778196801,57.8301685325994]]],[[[-5.45948792997769,57.87898534565],[-5.45917554577116,57.8784482717578],[-5.47823197300726,57.8844588308932],[-5.47740258900202,57.888017444104],[-5.47259577534389,57.8962915143069],[-5.45948792997769,57.87898534565]]],[[[-5.21046453833433,57.947164987841],[-5.2125810433311,57.9384461747635],[-5.23319902758428,57.9421256499699],[-5.23457646022492,57.9424752082283],[-5.23937401214184,57.9477879754111],[-5.22808160965027,57.9492871682248],[-5.21640057855112,57.9485187687039],[-5.21055461218987,57.9481337925726],[-5.21046453833433,57.947164987841]]],[[[-5.44076928149266,57.9636658163273],[-5.45304152104918,57.9624517680803],[-5.44668655444889,57.9670199955102],[-5.44076928149266,57.9636658163273]]],[[[-5.51046919864521,57.9558016612632],[-5.51949404216296,57.9546135195985],[-5.5257431013999,57.9610741775235],[-5.50937339535787,57.9680088824924],[-5.4976323281026,57.9575935960259],[-5.51046919864521,57.9558016612632]]],[[[-5.33888405826559,57.9851847158456],[-5.3460497856898,57.9798203565499],[-5.34834646248765,57.9920391618709],[-5.33888405826559,57.9851847158456]]],[[[-5.43476793973111,58.0091623556066],[-5.44756988751902,58.0038819694681],[-5.45824304382615,58.0121195785569],[-5.4545040909351,58.0133120101319],[-5.44599253094177,58.0159068888157],[-5.44003209354019,58.0125741057481],[-5.43476793973111,58.0091623556066]]],[[[-5.38492350827706,58.0071565201246],[-5.39721354443955,58.0001735646973],[-5.42172399117208,58.0054030470102],[-5.40924684384726,58.0238370857643],[-5.39746951608632,58.0172439410758],[-5.40136736073004,58.0115560494411],[-5.4034871482017,58.0098567315196],[-5.38671992206474,58.0074179582852],[-5.38492350827706,58.0071565201246]]],[[[-5.4289399774273,58.0413204145287],[-5.43227252884258,58.0382767054804],[-5.43726513347874,58.0387312426669],[-5.44800597085578,58.0417339973134],[-5.44479622459271,58.0479952753513],[-5.44201393521965,58.050227479157],[-5.42370274813414,58.047432389889],[-5.4289399774273,58.0413204145287]]],[[[-4.94872203879888,58.2245883595079],[-4.94788229023826,58.2237270406259],[-4.94905512197227,58.2240261554055],[-4.94872203879888,58.2245883595079]]],[[[-4.98339019038858,58.2364090496645],[-4.98333643185093,58.235565510463],[-4.98442580046672,58.2359579906495],[-4.98339019038858,58.2364090496645]]],[[[-5.01518503720395,58.2599491490991],[-5.01645421926387,58.2597349876212],[-5.01568175904293,58.2604766617647],[-5.01518503720395,58.2599491490991]]],[[[-5.0148475901054,58.2614768328732],[-5.01319173753555,58.2605713922378],[-5.01631839463046,58.2607447216154],[-5.0148475901054,58.2614768328732]]],[[[-5.2619736849701,58.2673140741674],[-5.25796588505674,58.2599923917181],[-5.24112373136555,58.260439069391],[-5.24181635983145,58.2524403970103],[-5.2477273553308,58.2514909888883],[-5.27739806006143,58.2572257371714],[-5.27996777940633,58.2577788581061],[-5.2619736849701,58.2673140741674]]],[[[-5.19712338007816,58.3880823868521],[-5.19702619946279,58.387477277345],[-5.1978381139821,58.3879377815917],[-5.19766482611659,58.3880390696335],[-5.19712338007816,58.3880823868521]]],[[[-5.16670925527583,58.3825330162546],[-5.17181979444465,58.3740884192157],[-5.20317222857663,58.3763101637872],[-5.20673924696626,58.379792950048],[-5.20326675509158,58.3839928556241],[-5.18299703078975,58.3892117009735],[-5.17974065948931,58.389471796156],[-5.16670925527583,58.3825330162546]]],[[[-4.70369139849189,58.4874019461271],[-4.71364060260482,58.4756854227178],[-4.71097792084748,58.4848712856164],[-4.70369139849189,58.4874019461271]]],[[[-4.29550822479287,58.5475186274903],[-4.29588868070559,58.5444171534401],[-4.30392112432732,58.548647873828],[-4.3007754823645,58.5495284373822],[-4.2956475637606,58.5500359520055],[-4.29550822479287,58.5475186274903]]],[[[-4.33582845856958,58.5512840929081],[-4.33657278994814,58.5502765217238],[-4.34653425551269,58.5502144704515],[-4.35034534380193,58.5509654375704],[-4.34902904157108,58.55406134511],[-4.34602338689938,58.5559292493344],[-4.34777303164295,58.5570149119106],[-4.34620515543123,58.560701169295],[-4.33319343675034,58.5617917638467],[-4.33582845856958,58.5512840929081]]],[[[-4.35137319201236,58.5628422495774],[-4.35026083532234,58.5585584452819],[-4.3552753981404,58.5616691019093],[-4.35157025434418,58.5628535316604],[-4.35137319201236,58.5628422495774]]],[[[-4.46782205581047,58.5645358661605],[-4.46796295433392,58.5643400390024],[-4.46824125900525,58.5643840932609],[-4.46782205581047,58.5645358661605]]],[[[-4.48682335692311,58.5681631780742],[-4.48677126183569,58.5679125902423],[-4.48738118588982,58.5679052700366],[-4.48682335692311,58.5681631780742]]],[[[-4.49076555192661,58.5697894878686],[-4.49203419124002,58.5694908272138],[-4.49194495238084,58.5696856796306],[-4.49076555192661,58.5697894878686]]],[[[-5.71803990671795,56.7098568469898],[-5.76949855992899,56.7081770614374],[-5.76984294635537,56.7082752601766],[-5.77767413010945,56.7167947932957],[-5.77920492067692,56.7059456952645],[-5.83555250970463,56.6749087666769],[-5.86087887308417,56.6809002320786],[-5.89350598383531,56.6738093372605],[-5.89590814353942,56.6739214768425],[-5.90410900286338,56.6799957279906],[-5.919569321397,56.6769961503077],[-5.92620604153559,56.6757077765281],[-5.92622226919058,56.675718541904],[-5.93460085451111,56.6860113855249],[-5.93823042562974,56.6836820857045],[-5.94571178735206,56.6886412531735],[-5.97241382416611,56.6817810114158],[-5.9742674320954,56.6724275462992],[-5.98741790922119,56.6848744524317],[-6.03020307712303,56.6803074270417],[-6.0515204999395,56.6930404315933],[-6.09641020147752,56.6878872968642],[-6.10179779077822,56.6890429029668],[-6.111468488232,56.693005089562],[-6.10990245418166,56.6974704403993],[-6.1156353318884,56.6947118034383],[-6.11730469067504,56.6953954813151],[-6.14222561867598,56.6831701208459],[-6.18811579057799,56.6880159920414],[-6.21831868939431,56.7031497787547],[-6.21878893926173,56.7043106967293],[-6.22677292105631,56.7260187242805],[-6.21140507907007,56.7257228498259],[-6.21122584576219,56.725706681238],[-6.20165744082015,56.7381803992593],[-6.20011017663939,56.7380722531539],[-6.18510025032012,56.7354884880695],[-6.18517631322558,56.7370274288619],[-6.18396952002062,56.7369429163257],[-6.18146949528218,56.744177934397],[-6.18559463200098,56.745487631815],[-6.18605077007216,56.754706105334],[-6.17986708264287,56.7539249042237],[-6.16779695506834,56.7514966735164],[-6.11796875459171,56.7656011666973],[-6.059630353182,56.7575551013399],[-6.04977188369754,56.7666009585612],[-6.01738923015255,56.7638949585753],[-6.01488491786065,56.7693226794195],[-6.00566190501729,56.7631355691178],[-6.01384466746654,56.7722802679402],[-5.99674047856217,56.7706029271602],[-5.98239137232767,56.7690359468065],[-5.9822325946475,56.7691782322275],[-5.98094926040475,56.7690521203548],[-5.97216699474798,56.7781957663142],[-5.96532784716704,56.784319954482],[-5.92837131958482,56.7613857368514],[-5.90945384839454,56.7496305032811],[-5.88639204705262,56.7633335910399],[-5.86969355586077,56.7554778283552],[-5.87022788609556,56.7416768708034],[-5.84051213344231,56.7402599055394],[-5.85203427415442,56.7471191673103],[-5.84655028772377,56.7501318944245],[-5.83413137114519,56.7449705585134],[-5.84457363979298,56.751217628004],[-5.84755276858339,56.7505484108857],[-5.8524384564821,56.7525780926129],[-5.85284249268084,56.7622456620268],[-5.86185457959808,56.7584925481385],[-5.8895998398506,56.7664839761707],[-5.88693410761185,56.7852771994007],[-5.8623251322722,56.7781364191883],[-5.860892651137,56.7785737900073],[-5.85815356807407,56.7778655781314],[-5.85505012554633,56.7675960782055],[-5.85264370690834,56.7797939985859],[-5.8310377109536,56.7698908252571],[-5.82283769180198,56.7856967209145],[-5.81364192183274,56.7853053450286],[-5.80385031751343,56.7839857483644],[-5.80079740899335,56.7872653619959],[-5.79530727162382,56.7909475516361],[-5.78007330470004,56.7826784248653],[-5.746761924178,56.7841582237414],[-5.86500350679776,56.8106617083413],[-5.86279078412342,56.8206556532012],[-5.85794311562461,56.8301423745071],[-5.82909298541088,56.8347840892286],[-5.81670437584808,56.8280279231747],[-5.81384943609219,56.8315245205608],[-5.79520649404588,56.8370228195889],[-5.78593187381161,56.8366779373876],[-5.77069599122382,56.8442450841436],[-5.76009402652958,56.8473667260622],[-5.71918017722792,56.8436282666507],[-5.70598890240214,56.8563072617052],[-5.69854012176475,56.86346244346],[-5.67600180479377,56.8706726270892],[-5.67648275842872,56.8727226175272],[-5.66599908037032,56.8753338001051],[-5.67756161943889,56.8773202045585],[-5.67812841725484,56.8797351273642],[-5.68868512021204,56.8795448150185],[-5.68900768702064,56.8792853287731],[-5.69033130688139,56.8795124938083],[-5.72011341329741,56.8558863556904],[-5.72622525014697,56.8510333178632],[-5.75390328892083,56.8548738836506],[-5.78886142612852,56.8597146624005],[-5.75563307882896,56.8792089354881],[-5.73139807354806,56.8842286134615],[-5.7235257052188,56.8849248053272],[-5.7257600086702,56.8853955153181],[-5.72559616780534,56.8854294205942],[-5.72806077851092,56.8858801740613],[-5.74050832230846,56.8885012903759],[-5.74040898761521,56.8887064326587],[-5.72985982743092,56.8923549260749],[-5.73772160301161,56.896148173052],[-5.78842716256684,56.8913667265035],[-5.80496506148347,56.8899927952374],[-5.80540966711944,56.8897604298869],[-5.82729109878325,56.8876872351993],[-5.82758053035089,56.8883433460786],[-5.83029392614439,56.8874024199321],[-5.86378606689736,56.8842206386152],[-5.88717441454627,56.8741866350281],[-5.91835220277089,56.8828396339681],[-5.9228204904028,56.8879311657963],[-5.92344159488728,56.8901960340649],[-5.91055946892648,56.8936632211604],[-5.89979638886997,56.8950715628143],[-5.89400926056209,56.9042575317872],[-5.86184661427728,56.8991562988855],[-5.86163551373417,56.8936959449902],[-5.85327509448744,56.9000111968124],[-5.85113128140939,56.8996942646057],[-5.85135924898547,56.9014580058216],[-5.84316484928341,56.9076446925907],[-5.85057065032345,56.9132701820276],[-5.87248062756399,56.9097245703312],[-5.8834171224839,56.9199004404436],[-5.87596235213473,56.9254287902228],[-5.87477240346531,56.9252525401989],[-5.87171905609781,56.9284330522493],[-5.85596148889367,56.9268911156658],[-5.86675685425031,56.9336006368366],[-5.86542377621315,56.9349886177373],[-5.85285855554557,56.940769577631],[-5.85943375471293,56.9462239351579],[-5.85947623720342,56.9475307148231],[-5.84642777840657,56.9647075514217],[-5.84313611210007,56.9665180186159],[-5.81716010857435,56.960672821864],[-5.82793352148811,56.9739586147137],[-5.84715128607384,56.9725657468354],[-5.84721526275929,56.9725837093764],[-5.83549842001177,56.9973095337996],[-5.82447796591336,57.0085533159976],[-5.727441523708,57.018305009531],[-5.72450509282868,57.0142063569898],[-5.70865762995507,56.9910234773458],[-5.63561815605185,56.9697966940172],[-5.629262053741,56.9729223280467],[-5.60351809958839,56.9844660621551],[-5.5892946254905,56.9803218126465],[-5.52402412512165,56.9943971783236],[-5.53529221909247,57.0009966297983],[-5.55182942575802,56.9988960820336],[-5.61644545055912,56.9828458676938],[-5.61955237219916,56.9828069441901],[-5.6224195075541,56.9835875119818],[-5.65728378654621,56.9930712372348],[-5.66120205164374,56.9943683956015],[-5.6711085895769,57.0031815589748],[-5.67900343627246,57.0110420785251],[-5.68272506247613,57.0234468460436],[-5.68048305783087,57.0258253502451],[-5.66398587894644,57.029651072182],[-5.68124082876585,57.0342103328018],[-5.68401439015979,57.0372677389421],[-5.70149941386618,57.0395587305451],[-5.7076295441757,57.0411761669171],[-5.7274959269859,57.0354841655674],[-5.74374549185925,57.0308248256041],[-5.75619236121308,57.0414866927079],[-5.76204473551196,57.0514428153585],[-5.78161804169128,57.0442936252426],[-5.79672963818359,57.0659149835294],[-5.79442979062806,57.0671221158308],[-5.72552438257166,57.1011725967002],[-5.72201347727664,57.1181963361877],[-5.65385898047469,57.1271217078769],[-5.63622255489903,57.1248655345942],[-5.59200955691363,57.1191973203746],[-5.56721002159876,57.0960063064519],[-5.51999415125587,57.0814331927172],[-5.50953747407861,57.0974254207461],[-5.48847803487083,57.0999284562162],[-5.48594591124999,57.0999900887136],[-5.4820733593238,57.1015811425604],[-5.39181296897316,57.1089321845588],[-5.42669720223366,57.1151874285745],[-5.47839347331919,57.1033378821494],[-5.48815023950702,57.1009075647391],[-5.49092791944389,57.1053713345898],[-5.52697611923945,57.1018561408419],[-5.52731839306904,57.1018610582419],[-5.55265480635568,57.1126342448919],[-5.5615388920055,57.1336057914587],[-5.6108929761699,57.1457505771158],[-5.63810411114607,57.1440269989434],[-5.65962601153943,57.1426594969804],[-5.6626072534142,57.1434837187467],[-5.68240419151413,57.1530244956151],[-5.68908076591016,57.1631258174592],[-5.68806206466637,57.1676282797507],[-5.69177800973517,57.167204887978],[-5.69301401502188,57.1690737796929],[-5.68857492285533,57.1730423181216],[-5.6629641783539,57.189031687316],[-5.64323203836458,57.1961201135003],[-5.63171883186277,57.2002534135097],[-5.62218154713867,57.2183855764716],[-5.62130479753744,57.2200515575816],[-5.6461480892567,57.2256667157042],[-5.65579340637791,57.2278449803957],[-5.6564121844253,57.227998964999],[-5.64738171843061,57.2381460592736],[-5.63684256522345,57.2499807077887],[-5.61574162221421,57.2548577355069],[-5.59593438440628,57.2587156886107],[-5.58391714212678,57.2556894983626],[-5.53129423056721,57.2712231344271],[-5.47674138686627,57.2332455192111],[-5.4493369978562,57.2232592830913],[-5.42300029087417,57.2136512496252],[-5.41189984950606,57.2242833988894],[-5.40449108811042,57.2313757351844],[-5.39054343094386,57.2330641073649],[-5.40393159261579,57.2319112090704],[-5.40843931888354,57.2311837806126],[-5.40565685959529,57.2326856564528],[-5.40979467316908,57.2309650246696],[-5.41555193445468,57.2300356061839],[-5.45619052405299,57.2399393207523],[-5.46912484851082,57.24720348051],[-5.51374143923803,57.2779224687312],[-5.50217029868251,57.2900334248072],[-5.48862308155492,57.2971871924591],[-5.48212432042977,57.307167727558],[-5.46042402651824,57.3106535439688],[-5.48430163231157,57.3099216672104],[-5.49785065362268,57.294368627187],[-5.51342588690023,57.2896086725639],[-5.51676943987501,57.2848064782496],[-5.51733417909214,57.289414233175],[-5.5188558880577,57.2818091662636],[-5.52173757699222,57.2776686339557],[-5.52615187954626,57.2791536533457],[-5.52646218372725,57.2805988657508],[-5.52922017286488,57.2801857001622],[-5.53509016100755,57.2821597541778],[-5.55529183224996,57.2767448238699],[-5.55822979783469,57.2835780841003],[-5.59257444607441,57.2708511519019],[-5.60010152139647,57.2811447337767],[-5.61899372173437,57.2741855951713],[-5.64790580464169,57.2871263730337],[-5.65212144088335,57.286004800678],[-5.65548193181074,57.2851105901466],[-5.72540712982898,57.2828754552422],[-5.7275814934805,57.2829791181569],[-5.71828025508176,57.2835177145506],[-5.71812936225612,57.2835201111788],[-5.72942522243327,57.2966457230352],[-5.71674937251451,57.3151233521476],[-5.69746962711949,57.326638556949],[-5.69205104233951,57.3267540579279],[-5.68055019211563,57.3259667143242],[-5.68095401295112,57.3269898684449],[-5.66863429997515,57.3272505095923],[-5.68145399032115,57.3282565647681],[-5.68490511668513,57.3369974532296],[-5.68583269126805,57.3414077807745],[-5.66370472676296,57.3404016022994],[-5.65577255363712,57.3446545619533],[-5.646142755249,57.34564131114],[-5.64595808065637,57.3444986890139],[-5.65725030526161,57.3376152499929],[-5.66168339075663,57.3349119911975],[-5.65696072100963,57.3347059035979],[-5.650421904053,57.3344202647152],[-5.58222257826878,57.3434942384549],[-5.57729590429866,57.3537947667228],[-5.53453608127011,57.3528820124276],[-5.50614441801509,57.3669747962147],[-5.47256871404241,57.382791796808],[-5.4714784072389,57.384158975378],[-5.45744129483825,57.3911100212806],[-5.44652080625962,57.4031282373599],[-5.43539974464952,57.4153581694477],[-5.44216567048799,57.4226930077049],[-5.46707987893737,57.4185644452279],[-5.49289089641983,57.401848787077],[-5.50620641009903,57.3932174649819],[-5.50283892346298,57.3909045784839],[-5.55607288052675,57.3579463567255],[-5.60159350947495,57.3552444737347],[-5.60421139356257,57.3561324207651],[-5.60738576194188,57.3613952393017],[-5.59788668983762,57.3650101331054],[-5.61660035207727,57.3658120439554],[-5.63538801543951,57.3690564479323],[-5.63394238620031,57.3800609555788],[-5.6253974756148,57.3823998841177],[-5.60273050142426,57.3879786937417],[-5.60318831628249,57.3884748761308],[-5.59405950076296,57.3909702110415],[-5.61239826672863,57.3984533606988],[-5.61453615982989,57.4007687591156],[-5.60768763407716,57.4210602080551],[-5.622574152264,57.4011044436903],[-5.64607992904045,57.391488286928],[-5.66213411902116,57.3865948158765],[-5.68872099028724,57.3784835311184],[-5.71674441930282,57.3625229286788],[-5.73845271345149,57.3536077852541],[-5.7877338853836,57.34644766597],[-5.78835724253905,57.34637787221],[-5.80807458854984,57.3762382848287],[-5.81338067514724,57.3622755675423],[-5.82195608574101,57.3634581930897],[-5.83126561444058,57.3910292903895],[-5.83001609793301,57.3907695426324],[-5.82253063625602,57.3868782065643],[-5.82225772546868,57.3891563760834],[-5.81916814099429,57.3885137958319],[-5.81960134949032,57.3923503660658],[-5.8206431355798,57.4015727381556],[-5.8080227196277,57.3927014947875],[-5.80600671352018,57.3912838619396],[-5.80701308839469,57.3927320649938],[-5.81220326812099,57.4001988786339],[-5.80747801988254,57.3989095864194],[-5.81468042415562,57.403761429339],[-5.82341424388344,57.4163159664875],[-5.82090335810211,57.4237821581638],[-5.80614465888709,57.4390334461986],[-5.82858778335263,57.4406243745357],[-5.82966166462896,57.441418890231],[-5.85439313657445,57.443300123174],[-5.87287763940488,57.4741414570942],[-5.83885640214369,57.5715849130318],[-5.83625390291855,57.5790187715774],[-5.82912525365704,57.5782320812117],[-5.82395371406081,57.5767264456735],[-5.82283239287721,57.577537253347],[-5.82025160175086,57.5772521961555],[-5.81161717219203,57.5856358502076],[-5.79076606516586,57.5730398369481],[-5.76826838354575,57.5594350554426],[-5.74335470960909,57.553982234462],[-5.74272260385945,57.5439735197554],[-5.74181627974815,57.5441875975317],[-5.7416632238402,57.5431823273348],[-5.72724479463964,57.5476236377597],[-5.70659834810142,57.5397097533547],[-5.71703969996682,57.5517593078416],[-5.70886976275437,57.5562747980014],[-5.70794516276167,57.5541886466468],[-5.69909563492656,57.5324093109354],[-5.69810509247048,57.5319707980737],[-5.69725080852731,57.5300405329476],[-5.69205020985474,57.5292899031106],[-5.65496649795277,57.5128553300726],[-5.64964506349146,57.5089102096095],[-5.65019180225974,57.5115698743818],[-5.65582362172263,57.545606086404],[-5.62160726580687,57.5211427435686],[-5.62314012324843,57.5322867768335],[-5.58066404635071,57.5347005366756],[-5.5740243290755,57.5293737141466],[-5.57733771766629,57.5363187574295],[-5.5625385711472,57.5319822606682],[-5.56203603095268,57.5386444108216],[-5.53492152426815,57.5312256097246],[-5.52377939562695,57.5438583940822],[-5.53377268749503,57.5522276755161],[-5.59005980089605,57.5564963085532],[-5.63431798762924,57.5555282703991],[-5.66852901392328,57.5456468317721],[-5.67029215723499,57.5531813219927],[-5.67914912738467,57.5560372326384],[-5.70382063659022,57.5639868075519],[-5.70145211514446,57.5706804197925],[-5.68145036650541,57.5675563641216],[-5.68539266719368,57.5761615198403],[-5.68575030601652,57.5769419508444],[-5.72764162800814,57.5854168025376],[-5.73312219781661,57.6064452897516],[-5.75562156206414,57.6235971275755],[-5.76333547740536,57.6265480420072],[-5.78404708264447,57.6357892671357],[-5.78859848514039,57.6362055328603],[-5.80008023089101,57.6405913383515],[-5.81872877666641,57.6392743020434],[-5.81860322299642,57.6395251880605],[-5.78680208891046,57.6837115650702],[-5.78919358138661,57.6974119535616],[-5.73799819345175,57.7082937284256],[-5.72952105515531,57.7007502040012],[-5.7308546734235,57.6985372490385],[-5.70743446328694,57.6994117887867],[-5.70334922884343,57.6977423970693],[-5.68390516309135,57.6890512395446],[-5.68425369494193,57.6899353434098],[-5.68199161140207,57.6890100883764],[-5.68784527573279,57.6991167518189],[-5.6716593579833,57.7014180969299],[-5.67505216492544,57.713260018536],[-5.69350959255672,57.7117238707038],[-5.6858462059612,57.717650627617],[-5.69635146807567,57.7301424873647],[-5.69683479141632,57.7301524598965],[-5.75982897330723,57.7314360013039],[-5.81287398657739,57.7498917845027],[-5.8122459257084,57.7522077442938],[-5.80106890427406,57.7933765056615],[-5.8079091582276,57.8238443727343],[-5.81376338051288,57.8554199497823],[-5.81070445046618,57.8583991310737],[-5.78990392678056,57.8597876477377],[-5.77899302853068,57.8587939351697],[-5.76109310653463,57.870210438607],[-5.76051125506073,57.8701736591321],[-5.73997200988014,57.8660166440132],[-5.72613471944167,57.867995772291],[-5.71088211283448,57.8670263827304],[-5.68396887600169,57.8653112768561],[-5.68351811251833,57.865069363875],[-5.69257594633968,57.84383249124],[-5.69166628125077,57.8437424117176],[-5.69168999926421,57.8436928906274],[-5.68290923811799,57.8378110636168],[-5.68502767464936,57.8345431109301],[-5.67634282537884,57.8334108451144],[-5.6621468032243,57.8238930231763],[-5.66138478724181,57.8226806637126],[-5.66883062704811,57.8000500579445],[-5.62290712634536,57.7678165340593],[-5.60351783026858,57.7651030832404],[-5.59629382355495,57.7732066332854],[-5.62214695192983,57.789810812416],[-5.6083850045793,57.796193365688],[-5.6063564082613,57.7916057696719],[-5.60467548668209,57.7869608493443],[-5.5828615734094,57.7899708476463],[-5.57937235540166,57.7904127174394],[-5.57942385734237,57.7904448143931],[-5.57913937742814,57.79048403139],[-5.58048821250539,57.7988485939077],[-5.59768636543896,57.8018760344977],[-5.5819204391607,57.8360737618931],[-5.60499920037979,57.8505572953402],[-5.64241021295645,57.8560467432841],[-5.65583757961528,57.8785943799508],[-5.65553056473115,57.8788211065912],[-5.64321525336899,57.88302093654],[-5.64725104279523,57.8849340734274],[-5.64687994987078,57.8852079977249],[-5.65298320066059,57.8876507922824],[-5.65586663103125,57.8890171230681],[-5.65214496981454,57.8941171964888],[-5.62063804156314,57.92259360444],[-5.61840166829277,57.9243381589136],[-5.58138540096975,57.9195543622714],[-5.57771886271737,57.9102970705477],[-5.56674388883762,57.9172365071832],[-5.56421131038093,57.9179327461848],[-5.56074618365424,57.9165145425813],[-5.55622313393985,57.9075585439978],[-5.56037518173773,57.9025711137595],[-5.55259734467149,57.9003757833356],[-5.54437588224993,57.8840774309683],[-5.54056159825192,57.8695795677172],[-5.53655224208362,57.868552919786],[-5.53624169148898,57.8679363950551],[-5.52334386449431,57.8651694196608],[-5.48806562877791,57.8561224999801],[-5.45449185357167,57.8509191853814],[-5.45532875022947,57.8563504743108],[-5.45486253115771,57.8564617344484],[-5.45543456410023,57.8570370504987],[-5.45667964386476,57.86511363839],[-5.45398624546445,57.8669952395869],[-5.44095068436775,57.8740406502355],[-5.43921128229296,57.8773125410403],[-5.43106029041927,57.8830011302761],[-5.43522315915373,57.884812129761],[-5.42228535032129,57.909119780591],[-5.37607083713103,57.8944179626238],[-5.36489110225251,57.8908570809664],[-5.34737235463951,57.8852420169268],[-5.32544322667675,57.8658310542638],[-5.23155073416954,57.8470754616594],[-5.2474584311833,57.8670947206032],[-5.31105114630956,57.8787799301638],[-5.34008642562669,57.9064611122115],[-5.39364203686493,57.9124050864319],[-5.39402021540134,57.9126314147161],[-5.40429179523356,57.9311605114505],[-5.37942150655777,57.9300627457571],[-5.37204756392413,57.9297363195212],[-5.37155471365942,57.9301390065817],[-5.3712579937348,57.9301281316192],[-5.37084090697212,57.9307222082466],[-5.36228675436384,57.9377094523698],[-5.34003367075771,57.9221958247066],[-5.33040826276094,57.9143423061366],[-5.30915329241942,57.9118001825763],[-5.29869582707901,57.9104715207332],[-5.29837928368622,57.9105100919156],[-5.29727713967134,57.9103780634232],[-5.23965454433605,57.9176413699042],[-5.24237137138359,57.9127546892923],[-5.22402321149256,57.9102309725304],[-5.15122132879943,57.8756076832549],[-5.12711499491138,57.874901993867],[-5.08609222659825,57.8299382545005],[-5.07127920259862,57.8271771616945],[-5.10049619357687,57.8701017858819],[-5.13282484816315,57.8799730978567],[-5.1523387975596,57.8959517601068],[-5.1655573847989,57.8926916935775],[-5.18745552627417,57.9047812481744],[-5.16653987854759,57.9016074270283],[-5.22353894187966,57.9248776531316],[-5.22144950647532,57.9256781228683],[-5.17945572219502,57.9410092159253],[-5.17633703494252,57.9495268797822],[-5.17391483342257,57.9561395965299],[-5.18458664284044,57.949320280664],[-5.19248909462061,57.9442683693767],[-5.19239507063586,57.9491242649568],[-5.19223374023285,57.9574555888699],[-5.22549297552302,57.9580084125513],[-5.24614521027918,57.9708700444767],[-5.31081772206106,57.9789834637474],[-5.30983777308552,57.9823566289883],[-5.30763141114443,57.9885279473494],[-5.33066294145872,58.0066613780853],[-5.35526166616561,58.0066537816227],[-5.34729440513753,58.013537003315],[-5.35702882799157,58.0263784074549],[-5.36099674145159,58.0267925821473],[-5.36240947612462,58.0281352952077],[-5.41573314144501,58.03249244411],[-5.42015477148434,58.0329517681569],[-5.41978871964435,58.0339753683437],[-5.4125445622839,58.0527813561887],[-5.44399074116085,58.0620738948002],[-5.45785697960525,58.0769829226179],[-5.44648485030995,58.0800155874311],[-5.44614018961532,58.097715035106],[-5.43622446162264,58.10218113851],[-5.42672576908444,58.1059103362372],[-5.39485013006424,58.0931367101458],[-5.38057521267704,58.0874107077365],[-5.35696769853154,58.0576869380361],[-5.35265478226021,58.07494532913],[-5.34053514503321,58.0801139090849],[-5.33932850260649,58.0802753736034],[-5.32389874662035,58.0679084739323],[-5.3005563602167,58.0642290497707],[-5.29959109427901,58.0654246184062],[-5.28224148071426,58.0737806571486],[-5.28224513059601,58.0737871648335],[-5.27919604078851,58.0737275026984],[-5.28626625212791,58.0809557637104],[-5.28746336107481,58.0830893036791],[-5.27501950250633,58.0844231543097],[-5.27522753593386,58.0847371447524],[-5.27721173789507,58.0969581157159],[-5.26669962072651,58.1018043290166],[-5.27447641325821,58.1108802790257],[-5.28579454790694,58.1078337771225],[-5.28425030817509,58.1093482595868],[-5.27896107104926,58.1142207930082],[-5.27922043072461,58.1142802071518],[-5.27887067815576,58.1146230938801],[-5.30288653899481,58.1197333381038],[-5.2983442205605,58.1198870910518],[-5.26216379298662,58.1210776688301],[-5.26222303529911,58.1211039279483],[-5.26218257606633,58.1211052852983],[-5.26316612944698,58.1215219448609],[-5.27504086580643,58.1267838452473],[-5.29805374329366,58.1369735394107],[-5.26945140562169,58.1375067146618],[-5.25830396722024,58.1375378898017],[-5.25207004861891,58.1474600379164],[-5.24490760609514,58.147611446488],[-5.2395448504824,58.1465952509135],[-5.23764410019847,58.1554705546276],[-5.26943542944589,58.1475868916303],[-5.30963176573216,58.1550022579715],[-5.28021351468949,58.1664155899781],[-5.27880325198165,58.1669621067479],[-5.27880130919631,58.1669628596045],[-5.27876656883194,58.1669765974507],[-5.30997436575305,58.1623457277954],[-5.31804605754053,58.1699375846935],[-5.30412950204066,58.1756876036214],[-5.30589313098961,58.1759977542586],[-5.30551140144834,58.1761865653696],[-5.31757642621697,58.1780516170119],[-5.33223915676122,58.1806273831489],[-5.36174891132122,58.2178965201487],[-5.40419495134217,58.2355782424124],[-5.40371386685011,58.2368554705674],[-5.37604028032755,58.264218215423],[-5.367737555765,58.2512380836511],[-5.33743979527284,58.2516942460027],[-5.33770791471285,58.2510878538156],[-5.3435213914303,58.2428451443067],[-5.31882664509118,58.2391259434787],[-5.31794098528903,58.2380787860685],[-5.31679366328243,58.2359454913541],[-5.3169837091167,58.2358761154721],[-5.31673487207099,58.2358361701943],[-5.31045636963294,58.2241571399193],[-5.30400167649701,58.2269997824527],[-5.24274762054852,58.2497605933148],[-5.24774675347434,58.2508383944078],[-5.24137828212526,58.2517580615716],[-5.2416885496905,58.2493650625771],[-5.24112286548714,58.2517949382],[-5.23203921405838,58.2531060533386],[-5.22919821481382,58.2452191947102],[-5.22004621438842,58.2540455230107],[-5.20511492472177,58.2474255429372],[-5.2036474648244,58.2464608102177],[-5.18113475637016,58.2510724498703],[-5.17586893395727,58.247018508209],[-5.17402775816574,58.2455010006151],[-5.17322543305312,58.2417786504148],[-5.17331973791901,58.2415743353004],[-5.17037299585545,58.239996052939],[-5.15882459128365,58.232964404387],[-5.16174586502657,58.2353741337271],[-5.15848334917273,58.2336257974757],[-5.17210707527275,58.2441216895102],[-5.16552822045911,58.25835886815],[-5.15408144522951,58.2527419416461],[-5.15252008633472,58.2536632151844],[-5.15172901161768,58.2533213283961],[-5.12872675338343,58.2585725213446],[-5.1200262148625,58.247413557691],[-5.12367570654429,58.2541655620324],[-5.12598257598411,58.2591986070328],[-5.12705620123466,58.2589536687355],[-5.12888937472759,58.2598183598736],[-5.13136355322797,58.2631841572018],[-5.10911046750203,58.2700988520974],[-5.09167000206334,58.2624216483245],[-5.05627155555659,58.2465969258727],[-5.05586693698221,58.2466432220124],[-5.0543869566293,58.2459904696739],[-5.05366738707136,58.2468948670479],[-5.02674887472908,58.2499711980343],[-5.02375237680353,58.2497712432234],[-5.02555595852963,58.2502088517589],[-5.02094270754495,58.2575798103286],[-5.00746691691962,58.2548963323251],[-4.99824542549959,58.2389861725078],[-4.93895261232755,58.2170032195004],[-4.95025911602244,58.232038816789],[-4.9950077644693,58.2509024784274],[-4.92061458593257,58.255865929219],[-5.00907467961525,58.2638993362791],[-5.03181236792049,58.262166161484],[-5.02191141403141,58.258743170794],[-5.03069731262605,58.2552052061694],[-5.05448873886346,58.257223904566],[-5.06092515511124,58.2587832042454],[-5.10776327986647,58.2742092785521],[-5.10896736905282,58.2746903679546],[-5.10802391317314,58.2833187975706],[-5.1231812363974,58.2802550435765],[-5.12292514071021,58.2819560564152],[-5.13428482947954,58.2778720250372],[-5.13429898322611,58.2779097492644],[-5.13275822159751,58.2855328572377],[-5.126536216845,58.2845677797877],[-5.1228819885354,58.282338611894],[-5.122575053189,58.2839531892108],[-5.12004366486216,58.2835603581064],[-5.12062205279719,58.2938053101787],[-5.12070399309263,58.2937927976915],[-5.12068729699049,58.2938805761476],[-5.1395455520794,58.2913394998537],[-5.13746717982851,58.2942410204987],[-5.13429540114076,58.2981574748524],[-5.14470507113788,58.301409145526],[-5.1470662391194,58.3022393167368],[-5.12825520206408,58.3102226009486],[-5.12732168141455,58.310618617112],[-5.14053911985048,58.3114164952651],[-5.14674585547713,58.3119432039554],[-5.12749693162693,58.3199432223992],[-5.14312057339801,58.3274688360273],[-5.14451911732945,58.3263403961761],[-5.14636131487361,58.3271194733468],[-5.15902478970426,58.3205451710223],[-5.16937691872165,58.321902024828],[-5.16959903529714,58.322029833101],[-5.15808341311755,58.3346000706296],[-5.15888775929302,58.3351348999217],[-5.15870366676393,58.3353262175949],[-5.15950124365048,58.3355428058552],[-5.17509202406665,58.3459049807233],[-5.17467173837829,58.3505520263014],[-5.18231651525012,58.3507039054225],[-5.18287559165324,58.3510752041254],[-5.15458474350714,58.3529023285051],[-5.17592889567508,58.3619521262773],[-5.14446091267438,58.3852835877348],[-5.14596612990386,58.3879400073392],[-5.14555932096453,58.3880067101639],[-5.14603306889978,58.3880581325599],[-5.15327081573495,58.4008252830411],[-5.14196884699366,58.4120445155609],[-5.13219062426823,58.4061729931861],[-5.11625196233167,58.3958643185457],[-5.08987236185214,58.3940184819937],[-5.09393462081481,58.3884971641553],[-5.0874528830797,58.3908471645295],[-5.07799645949979,58.3928271286837],[-5.07522818002531,58.3874292678953],[-5.06933609611538,58.3886875493896],[-5.06687042556712,58.3843263069109],[-5.06803481130324,58.3819988596829],[-5.05958028797975,58.3817397270957],[-5.03909206548506,58.3792193383578],[-5.04529511498072,58.3733166899064],[-5.01984838056512,58.3764967034047],[-5.02114736157013,58.3770088479557],[-5.0195958816336,58.3768175998559],[-5.03698572777648,58.3832511075491],[-5.04451769028868,58.3862181522711],[-5.03221472045713,58.3928269367805],[-5.06237191543303,58.3975237723856],[-5.06292050466725,58.3976157630911],[-5.05407712290904,58.4044272865785],[-5.06611125606833,58.4028702302847],[-5.07075281969532,58.4024015411134],[-5.05237696077703,58.4114279932342],[-5.05172239044778,58.4114007342759],[-5.03248127511527,58.4098387402418],[-5.0400579590194,58.4109144137253],[-5.03124924281497,58.4105464405829],[-5.06663976618127,58.4148080174924],[-5.06668667522896,58.4144470667917],[-5.06861498633621,58.4085376951976],[-5.08258302764187,58.4075391247244],[-5.09081707692827,58.4069497335406],[-5.09334453162522,58.4068445621005],[-5.10016335095133,58.409017631376],[-5.11069760011511,58.4134444514884],[-5.0832215969922,58.4148397861162],[-5.07241333465734,58.4153870283971],[-5.08355210086783,58.4186179615431],[-5.09213024670566,58.4211050829671],[-5.09212935397174,58.421110429434],[-5.0921342349828,58.4211062394386],[-5.11570429097895,58.4279352733806],[-5.10276883903044,58.4386386364718],[-5.08521504004854,58.437617633831],[-5.08301026857904,58.4374892201694],[-5.08478335841478,58.437761301919],[-5.10026026389393,58.4405511584709],[-5.08725942418191,58.4460502047811],[-5.08595413604794,58.4460461361553],[-5.06514605131995,58.4459794797429],[-5.07745049452862,58.4508903061653],[-5.07709623213363,58.451041496905],[-5.04585536683411,58.4497495896611],[-5.03192376172704,58.448670138149],[-4.99393262130405,58.4234015000042],[-5.00123631984414,58.4360618894338],[-4.99100711785544,58.4403156333456],[-5.01570980896454,58.4450861431688],[-5.01659253914858,58.4523078654183],[-5.07707103542249,58.4569668018434],[-5.06067222603318,58.4623207122446],[-5.05622896376382,58.4635941307053],[-5.05658333949014,58.4636550834061],[-5.05576689330947,58.4639214954852],[-5.08637671882782,58.4692494929874],[-5.08306247874087,58.4768119516894],[-5.08881339991417,58.4786346601809],[-5.10175745552426,58.4827355260373],[-5.11491218253877,58.4785527222745],[-5.12580854687608,58.4890810904626],[-5.12544638707498,58.4900378494757],[-5.1134286287977,58.5217586943676],[-5.09378538695629,58.5351213198423],[-5.09121543827381,58.5368686043177],[-5.08615729325108,58.5373623444586],[-5.07217758801359,58.5365306094986],[-5.06549400958884,58.5393771569834],[-5.05090997799957,58.5407970790741],[-5.01396835215712,58.5776977386409],[-5.0152895667472,58.5791918393392],[-5.01340684553173,58.5899721091815],[-5.01069815305143,58.5911223389025],[-5.00699172891601,58.6257090041718],[-5.00346163774898,58.6247124148613],[-4.95619537715849,58.6104874987778],[-4.95485369494594,58.6109741160986],[-4.94600022850794,58.6084686556592],[-4.93624076188969,58.6169166551945],[-4.92892563569735,58.6166789424755],[-4.9281249364494,58.6165717076525],[-4.92812552209956,58.6166529164607],[-4.87638749401858,58.6149593188955],[-4.84885303502348,58.5994484449443],[-4.82486114179962,58.5966940094562],[-4.82173164058103,58.5720863865193],[-4.82219858963969,58.5719639898346],[-4.82142462209212,58.5696701571027],[-4.82052628105908,58.5625979402885],[-4.8190808177235,58.5627217350474],[-4.81892666649241,58.5622646353807],[-4.81008199838028,58.5563378097795],[-4.8047497044847,58.5542441606271],[-4.79282562892334,58.5498612953757],[-4.78602137871356,58.5477390384383],[-4.83118627848675,58.5225114541046],[-4.80225187787782,58.5342269891131],[-4.81281364398404,58.5107856926],[-4.77967198222311,58.5505631159433],[-4.79168746686391,58.5523275266519],[-4.8083571050652,58.558410130417],[-4.81257418312755,58.5632787670712],[-4.80569737070549,58.5638671119331],[-4.79667047624971,58.576251219832],[-4.76568614551261,58.5805658377029],[-4.79175502159338,58.600780366654],[-4.76805068871172,58.6051808895698],[-4.76676458291987,58.5904281420031],[-4.75417762329135,58.5871400805122],[-4.74247432259757,58.5840811817021],[-4.73912797311561,58.5763728331713],[-4.73597190711447,58.5685679469869],[-4.73575082104843,58.5685898757605],[-4.73479078626081,58.5663767098895],[-4.71791882111264,58.5703016879162],[-4.70317545804404,58.5561682465165],[-4.66351883740969,58.5524317940124],[-4.65482802977615,58.5513178188239],[-4.66412642868552,58.5485996401263],[-4.65336178466055,58.5327520802222],[-4.70708185437397,58.4995551856497],[-4.71226839291909,58.4963455787264],[-4.7104103475343,58.4969865506448],[-4.71167989800282,58.4961965070729],[-4.75706376271193,58.4488433089974],[-4.73633505086985,58.4495528540301],[-4.72464929831998,58.4654462027757],[-4.66443685509035,58.482738108222],[-4.66968583183923,58.4976348760711],[-4.64247481893246,58.5203876582087],[-4.64230674572174,58.5204454679885],[-4.61818612910327,58.5237074121553],[-4.61804173916473,58.5230643604466],[-4.62047819631011,58.5095355986562],[-4.61597486411654,58.5138566500923],[-4.61581806149654,58.5131579072015],[-4.59328165814279,58.5346720063547],[-4.59456674324989,58.536992402973],[-4.5987054975491,58.5635561726917],[-4.59169815864154,58.5742739692687],[-4.58497333674182,58.5778293485989],[-4.54044657901333,58.5784886934665],[-4.50941913019763,58.5773991101784],[-4.49699109884633,58.573658064651],[-4.4923221157883,58.5680970337682],[-4.45751537965184,58.5617617967739],[-4.45688555855404,58.5615718307125],[-4.45596359372971,58.5517169963413],[-4.45570373439273,58.5474632857086],[-4.43684551758773,58.5562430100478],[-4.43412641597432,58.5548421928967],[-4.43425977840878,58.5548214239467],[-4.43420451412676,58.5545214789555],[-4.43394210772657,58.5547472352895],[-4.424100210024,58.5496754466839],[-4.43021176505099,58.5295648430478],[-4.42054101725522,58.5259266090673],[-4.42039233377378,58.524901632307],[-4.41930581633349,58.525461805825],[-4.40920976622916,58.5216617802547],[-4.43930462978207,58.5049281474321],[-4.45498686047394,58.4961993566776],[-4.45012283274961,58.4971167358858],[-4.45562989358278,58.4938073971806],[-4.45998134840893,58.4731220112269],[-4.45176577833629,58.4839087777257],[-4.44413519360239,58.474960742512],[-4.47869925746876,58.4528117658677],[-4.45945385234671,58.4615126540466],[-4.48382821429351,58.4468938751118],[-4.47311828373681,58.4484113176428],[-4.47606332968673,58.4399773306591],[-4.44627395596232,58.4726791900397],[-4.43495957818857,58.4783509603317],[-4.42313533112222,58.4742318617278],[-4.42961023213668,58.4810997318995],[-4.44292697424793,58.4758372081507],[-4.450481775107,58.4922122129975],[-4.44300792800848,58.4859081519862],[-4.43994762301675,58.4913842924353],[-4.42679969527852,58.4887681195659],[-4.44997046047143,58.4952184393006],[-4.43550004179664,58.4938183666723],[-4.43455920207529,58.4941102668478],[-4.41927304986219,58.4950096688756],[-4.41095081913803,58.5006414012233],[-4.41054216063723,58.5007543951885],[-4.41076990690379,58.500763800643],[-4.40305595121983,58.5059818152604],[-4.383931572996,58.5095777145169],[-4.35205454566253,58.5373989119513],[-4.33106553921056,58.5403531528338],[-4.31608996648156,58.5416548645741],[-4.31605755458074,58.5416012698692],[-4.31534230315785,58.5416456067177],[-4.31550093848648,58.5417060273185],[-4.29929148211625,58.5431128473487],[-4.27045683331686,58.5374362503166],[-4.26795998716734,58.5352208138735],[-4.26622441689507,58.5179316903974],[-4.26539026242436,58.5266482514657],[-4.23611124284182,58.5263512182585],[-4.22245771680639,58.5088669283791],[-4.21156322156281,58.4949013759073],[-4.22117782688707,58.508889086247],[-4.24053092304114,58.5370074944679],[-4.2403846736733,58.5373352421427],[-4.21331292411932,58.5300406218441],[-4.21384250179066,58.5414466974713],[-4.20966044050346,58.5418233891791],[-4.21195796812328,58.5515730092296],[-4.20836933240932,58.5520453633041],[-4.18672167798536,58.5457782750646],[-4.17626434286246,58.5407880925566],[-4.15663209926784,58.5480328808925],[-4.15291356406275,58.5633409547884],[-4.13282877628778,58.5620230193015],[-4.13252079039327,58.5623584317179],[-4.13193626674372,58.5623242148862],[-4.12882233507152,58.5663857031678],[-4.12720411952282,58.5681474656581],[-4.12684964799595,58.5679032747155],[-4.12703293598159,58.5683338219848],[-4.12605469062984,58.5693987388619],[-4.09399323398663,58.5567463589803],[-4.09042210640665,58.559384116455],[-4.08115776256943,58.5567420019637],[-4.0735047335006,58.5505421679073],[-4.07293383110396,58.5543957024594],[-4.07201598766215,58.5541337880497],[-4.07135381588929,58.5627166632723],[-4.06461268080912,58.5653271095561],[-4.0474550117106,58.5719679386295],[-4.04348166669826,58.591117205521],[-4.02546914897005,58.5908681525312],[-4.01902353763985,58.6016571800679],[-4.01854221959128,58.6005228323092],[-4.00441253827931,58.5635009800213],[-3.95761980223738,58.574220932014],[-3.95707773073835,58.5742619968829],[-3.94485625398474,58.5679992852444],[-3.9445830893816,58.5677738506887],[-3.94450635969302,58.5678199358978],[-3.94301550790915,58.5670557173835],[-3.93305485537819,58.5731803201508],[-3.93136768339563,58.5720486866639],[-3.92090592632684,58.5600697417763],[-3.9115311799111,58.5592353326153],[-3.91088843126935,58.5568219618451],[-3.90037612957643,58.537665184174],[-3.90694601190271,58.5588269607379],[-3.90902468424966,58.559012116557],[-3.90543328990265,58.5632316141096],[-3.89945994798612,58.566029576821],[-3.85902775239023,58.5628136089765],[-3.80078672279927,58.5736133387854],[-3.80058809961525,58.5735425625281],[-3.77999136439554,58.5628947574841],[-3.77645788542135,58.5680050868892],[-3.74084870294881,58.5873558069765],[-3.72221034133083,58.5951193894143],[-3.69897670470335,58.6047885564632],[-3.69608435689989,58.6057047986985],[-3.67402039079845,58.6064966616246],[-3.67370119804527,58.6064290147323],[-3.67360169673227,58.6065116517232],[-3.67270822113569,58.6065436341638],[-3.66211594096194,58.6160476040217],[-3.65582691038651,58.6212663785115],[-3.63453314805373,58.6157773643935],[-3.63323888736988,58.6152171847202],[-3.63257438243503,58.6152721793637],[-3.63090331737525,58.6148411594741],[-3.53587226751086,58.6229522256984],[-3.53762959946509,58.6211040188717],[-3.55210759343734,58.6082837256775],[-3.52515113768541,58.5968904338843],[-3.51296501134452,58.599342923226],[-3.52687508850041,58.5876399171631],[-3.50218580690297,58.6034478941802],[-3.46256672897484,58.6122490089919],[-3.41674963469535,58.6039868014494],[-3.37183569921693,58.5945398429663],[-3.37079618284138,58.5956795803778],[-3.36841063892058,58.5952477735609],[-3.35248894503003,58.6014649691447],[-3.34937314977677,58.6189847824437],[-3.37941378318301,58.6290369174777],[-3.41355267569388,58.6404448616009],[-3.40802327758525,58.6587117218564],[-3.38104424799315,58.6703375409845],[-3.37680066831556,58.6721649574169],[-3.3559565949233,58.6649378276177],[-3.34453157867585,58.6467035065861],[-3.31000955976677,58.6429548756782],[-3.27753858919686,58.6533270022234],[-3.22664929426067,58.6497406390761],[-3.20461360128405,58.6559707652976],[-3.20471854333625,58.6556520835635],[-3.20338612078098,58.6558990045177],[-3.20417313376317,58.6560952372934],[-3.18992259410243,58.6601210702573],[-3.17620707836755,58.6504143219395],[-3.16127224439652,58.6379882677643],[-3.15914371571929,58.6383285840198],[-3.15764064389928,58.6372634667366],[-3.09997212495367,58.6466710020554],[-3.04848616006527,58.6450115329048],[-3.02520477133714,58.6437744938657],[-3.03467594766894,58.6191636556572],[-3.04278277872262,58.5980703153543],[-3.07227169816846,58.5920742409982],[-3.0600166847332,58.5813159686281],[-3.06781587025732,58.5641560420984],[-3.1257593816625,58.5274084781238],[-3.12708611821453,58.5231611846186],[-3.12766759560906,58.5212993766631],[-3.1293604368183,58.5201142518026],[-3.12876827457608,58.5177746199771],[-3.1340328617902,58.5009057893128],[-3.15136221276911,58.5135173842305],[-3.12015337135453,58.4837006705395],[-3.11925651514561,58.4801494888271],[-3.11443001964773,58.4782262688223],[-3.11203198482774,58.4759319546076],[-3.10887940216495,58.4760140191485],[-3.10411135304646,58.4741132565985],[-3.07893306004346,58.4767896892297],[-3.05028995724256,58.477525182663],[-3.04914765997159,58.4757216269787],[-3.06057348899234,58.4417967642531],[-3.12283256583252,58.4487802209614],[-3.08180014210095,58.4409352830326],[-3.07043888619268,58.4321938540461],[-3.08368881036792,58.420359702513],[-3.08678469113366,58.4182749300199],[-3.10791885264863,58.3711802608838],[-3.15587420263157,58.3432647495649],[-3.19679350020177,58.3193960379977],[-3.19653235679637,58.3196651357988],[-3.1982707391182,58.3192797027553],[-3.19802146371702,58.3186790492736],[-3.22074456437665,58.3054039666365],[-3.26554486998171,58.3005572291645],[-3.29105247113956,58.297807732185],[-3.2973590812325,58.2892854493384],[-3.36558243796078,58.2740370299021],[-3.38159568391212,58.2704507799708],[-3.38636044925276,58.2668671206814],[-3.42408158945241,58.2462351630302],[-3.42811723465959,58.2466016472911],[-3.50629337404721,58.1737237242849],[-3.50843875352569,58.1717922482598],[-3.50974668247972,58.1712343546162],[-3.61263250001396,58.1315927544601],[-3.62243512914638,58.1230506096345],[-3.63794302472045,58.1164016839411],[-3.64337508337126,58.115390332933],[-3.65874562829616,58.1200932726795],[-3.6511654730692,58.1141891762724],[-3.65199539171895,58.1137847955304],[-3.65835041780014,58.1126007109505],[-3.71608497294481,58.0825130717852],[-3.74536155155804,58.068199087613],[-3.80426880505078,58.0570554872404],[-3.83330387385602,58.0388940916748],[-3.8475899636688,58.0065801482766],[-3.87163755664835,57.9963990925643],[-3.96609630776368,57.9730264809034],[-3.98327376739434,57.9695621803702],[-4.00380664021797,57.9347068236447],[-4.02824387382078,57.9344535020031],[-4.02990668272153,57.9344360944242],[-4.02832362744724,57.9358671148378],[-4.00866463752166,57.9536270596991],[-4.02903894029646,57.948542756414],[-4.04684119889714,57.9440964630019],[-4.05451524261457,57.9546423646463],[-4.08190149421326,57.9513243364035],[-4.06898510261627,57.9367964657432],[-4.03327379340275,57.9269253891813],[-4.02783631725106,57.9272281417426],[-4.00466225178263,57.9285157810117],[-4.00947061875095,57.9323892766209],[-4.00136881815531,57.9263890571513],[-3.99220809137789,57.9030799994646],[-4.01309938417118,57.8907473166974],[-4.01138226407195,57.8593473818262],[-4.0242486892265,57.8635036156053],[-4.03675813585026,57.8675423459092],[-4.07285043637625,57.8671723738348],[-4.11168838571512,57.8484988336089],[-4.12108716167486,57.8557039325476],[-4.14112197063102,57.8553951645546],[-4.14419177941332,57.8561527161601],[-4.13445031404828,57.8591904172271],[-4.13527759324397,57.8701638202861],[-4.16112529965247,57.8603295682349],[-4.16658600961294,57.8616758249278],[-4.17506420986935,57.8682687031161],[-4.21063849490276,57.8725239763628],[-4.2124038464081,57.8729582466089],[-4.21312659162855,57.8728211825733],[-4.2324944146292,57.8751328443716],[-4.27163048783962,57.8697434701768],[-4.2711299355002,57.8618043654162],[-4.27324164197088,57.8614026538559],[-4.2894312415224,57.8619544779906],[-4.29542057745922,57.8642261950486],[-4.3443052833131,57.8875300343969],[-4.3208138922968,57.8738513365108],[-4.33703053624294,57.8799927372698],[-4.30550418248352,57.8649286794768],[-4.30016546956294,57.8618157292535],[-4.29695077574872,57.8518996092925],[-4.26706349494714,57.855044675264],[-4.26208891086208,57.8544732694506],[-4.19378359532063,57.862642432062],[-4.16384487174083,57.8336761199491],[-4.11934748418266,57.8292068329887],[-4.13872089453385,57.8439791139596],[-4.1386580326282,57.8440163976976],[-4.11278094986181,57.8341573235515],[-4.11062880311127,57.839674894212],[-4.10983680118977,57.8395078005421],[-4.10893964636768,57.8348663725197],[-4.09904904016527,57.837231193207],[-4.09897437898343,57.8372154331035],[-4.04822202397265,57.8165459589777],[-4.04811745122423,57.8152873041771],[-4.03734545128799,57.8121105701091],[-4.04651681258532,57.8158507206981],[-4.02205817678271,57.8244553502195],[-3.9608534119651,57.8459489254989],[-3.90704132423242,57.8312728938917],[-3.89356066281111,57.8251401637208],[-3.90965740997889,57.8301231909118],[-3.94739239048302,57.8135255527334],[-3.95912858774149,57.8168350767117],[-3.95221294401376,57.8122672422659],[-3.90914912031769,57.8226648106025],[-3.85923561193694,57.8245162947609],[-3.82838281105168,57.8353666846193],[-3.81295497394269,57.86021939461],[-3.78448870669717,57.8648771392462],[-3.77205313276468,57.8668596277194],[-3.79331742098356,57.8364521747781],[-3.85265401061347,57.7960478994171],[-3.91632253242995,57.7525629133759],[-3.97498250588853,57.6946609536002],[-3.9827426164969,57.6944814968216],[-4.01483336736566,57.6949590772136],[-4.03587046967002,57.6952676809257],[-4.03630311747435,57.6968054042843],[-4.01622054179326,57.7199089537605],[-4.0078052155446,57.7295806897563],[-4.0094630483067,57.7423285190018],[-4.01732948721648,57.7398212812853],[-4.04996209027943,57.7294115513289],[-4.07308437042919,57.732286534319],[-4.16717360182617,57.6854328185248],[-4.16878464122869,57.6853164175501],[-4.18286965058279,57.68799162936],[-4.1821757596701,57.6890422254947],[-4.19861193908144,57.6909792783305],[-4.20742551580076,57.6926508862275],[-4.2393505365118,57.6879924519384],[-4.23811809010822,57.6804377103295],[-4.23941594838656,57.6799904176747],[-4.28893788094511,57.6812193947358],[-4.30106603454075,57.6676262914825],[-4.28383742227317,57.6652190251836],[-4.28418718772097,57.6647402740916],[-4.29899359140608,57.6650843065636],[-4.30498362549066,57.6564606647679],[-4.33785535125267,57.650070187843],[-4.34702943522081,57.6423056483074],[-4.34742848115569,57.6419678248501],[-4.38090564605262,57.6218425568645],[-4.38249969404879,57.6193663990923],[-4.41296301528613,57.6069019429266],[-4.41557612057268,57.6058320208008],[-4.40788649069707,57.5930897697372],[-4.40679274352689,57.592744923741],[-4.39663422406453,57.5973944034581],[-4.39968907524236,57.5926420274792],[-4.39492091707605,57.5981783756582],[-4.37424172483013,57.607636235499],[-4.34563585715845,57.6207054436936],[-4.34164577998426,57.6225271216409],[-4.23285737944662,57.6676016992291],[-4.16568933813379,57.6758686939516],[-4.16530305894586,57.6569356730558],[-4.12781438384495,57.6591140867053],[-4.08569245179194,57.664786489033],[-4.03634204495015,57.6838230390227],[-4.01399784341942,57.6799075255745],[-3.99464572384274,57.6765124329131],[-4.04823224447216,57.6416159263435],[-4.09395648359667,57.6125930983449],[-4.10203481522265,57.6074590464825],[-4.11294373095724,57.5900952075811],[-4.09133065104656,57.5741315080127],[-4.13294079650673,57.5783184004318],[-4.13635633544736,57.5771687522239],[-4.14053911008302,57.5774575629982],[-4.17444652674376,57.5662064950818],[-4.18793160674717,57.5460861424901],[-4.22790801347361,57.5066147612751],[-4.23440770128392,57.5007763660284],[-4.33841970320346,57.5083754282892],[-4.38297075413158,57.5116029775523],[-4.35630985732509,57.5030074878328],[-4.37146298255353,57.5030345542217],[-4.37333066046741,57.4974784611202],[-4.38789047078794,57.504157575392],[-4.39613449288912,57.4994065049716],[-4.35931242646693,57.4946596147491],[-4.37246749279604,57.4928202740746],[-4.34317380918629,57.4943749682248],[-4.33615435448812,57.4914401201395],[-4.372836382352,57.4856249194909],[-4.32551879792715,57.4924526968045],[-4.34944203721821,57.4868619908034],[-4.30039605829831,57.4849491488757],[-4.28866250097085,57.4811541666838],[-4.24287100389391,57.494022685538],[-4.2373802762814,57.4953869602004],[-4.22806850509404,57.4692050773047],[-4.23433905587245,57.4956963430674],[-4.17831918910764,57.48527434109],[-4.14832037949375,57.5016876271682],[-4.14738308108805,57.5184295746691],[-4.11277161369452,57.5160605272173],[-4.10237632164032,57.5350686804638],[-4.04071338044424,57.5601493577562],[-4.04736432933917,57.5767733256936],[-4.0762854694168,57.5826148519251],[-4.05827847829377,57.5908557428662],[-4.01688654062119,57.5926070644414],[-4.01253896365938,57.6009743288611],[-4.0109845055634,57.6007012639565],[-4.00959199843213,57.6002905339158],[-3.96347257408223,57.5866733897778],[-3.99082262821811,57.5971574212074],[-3.9451350944802,57.5891125406494],[-3.93098229290736,57.5858725762522],[-3.8874135990999,57.5895401604114],[-3.87016338668041,57.5906049135563],[-3.86900652577958,57.5910849229153],[-3.86062585060477,57.5917873177187],[-3.85996173505265,57.5923460707164],[-3.82892782410562,57.6059658042118],[-3.82414632785863,57.6096806807079],[-3.79151864523662,57.6231839189149],[-3.76294284150361,57.6305232406287],[-3.73875288140671,57.5981792060839],[-3.74868243279939,57.5908916461644],[-3.71228782684441,57.5671746742469],[-3.72971641201642,57.5609806007488],[-3.71182783000669,57.5340817194002],[-3.72232212321997,57.5286418459573],[-3.69088574367084,57.5202267355786],[-3.70534464878455,57.5123263682582],[-3.68270836719099,57.4898314618009],[-3.70060444331623,57.4362296816998],[-3.65985276212118,57.42815463675],[-3.61776415444388,57.4354384697547],[-3.60985006715454,57.4473583162405],[-3.56625506629794,57.446928387398],[-3.50277198700225,57.4606784865035],[-3.47076580738341,57.4333259107568],[-3.43319697074301,57.4209675403041],[-3.41284373094614,57.4236455095839],[-3.38568259231445,57.3888074945573],[-3.39876703877824,57.3828997510627],[-3.39456704688286,57.3710743312649],[-3.49392294229155,57.30472849253],[-3.49384055601031,57.296145237913],[-3.44922972131504,57.2809339178962],[-3.4613173599616,57.2723696318661],[-3.44763486889079,57.2564473080938],[-3.4638143398285,57.2388838483713],[-3.42967284621768,57.2233172854443],[-3.44679758588079,57.2120841853126],[-3.43210247793211,57.2041625780147],[-3.45227858177014,57.1768886011034],[-3.48774273678546,57.177474754321],[-3.51591967163262,57.1652962544332],[-3.53611776075723,57.1672488522651],[-3.56035771901077,57.1410552434611],[-3.5832557760162,57.1362490875629],[-3.61635955246787,57.1127097253193],[-3.65469803730817,57.1159020081243],[-3.68369382916125,57.0952385285112],[-3.71489076648728,57.0789880949996],[-3.74973297814719,57.0762825673452],[-3.75806417125048,57.0693060775374],[-3.74710058887696,57.0576670314958],[-3.73243952055996,57.0567431907711],[-3.75739085014659,57.0377970785146],[-3.74439610470253,57.0167119105993],[-3.74822961056712,56.9931091613947],[-3.76039088786484,56.9743847430558],[-3.78784262013627,56.9632311943704],[-3.80164622664352,56.9358802598125],[-3.82427789001186,56.9383867616471],[-3.85483264657554,56.9227880380215],[-3.89472438948335,56.9227555743018],[-3.90028806225047,56.9318405514687],[-3.93636721185216,56.9354289056431],[-3.9386134371216,56.9486205187259],[-3.95068540864679,56.9471163495649],[-3.9694055635043,56.9293774758284],[-3.96776329672966,56.8992795403935],[-3.99938480578103,56.8902904160243],[-4.01154956626932,56.8980213089486],[-4.02289219043133,56.8887527229996],[-4.03475557090682,56.9014875967774],[-4.04088661736653,56.8961740488658],[-4.11145791542723,56.8947312200097],[-4.16827071050032,56.9046981024153],[-4.17449214092942,56.911706839392],[-4.20554093606273,56.8844469919769],[-4.19191833386751,56.8774666162954],[-4.19939982348554,56.8704427330694],[-4.21695375726813,56.8689999297415],[-4.22769599533226,56.8576029462463],[-4.30395924738413,56.8513971964657],[-4.32972199984963,56.8369675112438],[-4.33051011477634,56.8239313638053],[-4.34332511336732,56.8212874139457],[-4.37426367295415,56.8322589710099],[-4.44184375013708,56.7738431500649],[-4.46909806078705,56.7778580580935],[-4.52051234814598,56.805259394842],[-4.54965288924394,56.7819473986229],[-4.54679323820306,56.7723671430973],[-4.5898717604623,56.7598813106697],[-4.57599538060952,56.7347889896742],[-4.60591668794602,56.7079593370345],[-4.59120763020784,56.7044692733312],[-4.59201593937216,56.6931823981347],[-4.65756889912309,56.6747415429039],[-4.71753628104795,56.6765875166999],[-4.71542038933688,56.6423282562788],[-4.66413678044439,56.6397974019448],[-4.62981108716155,56.6550156261762],[-4.6183259089393,56.6377813871268],[-4.63679633826411,56.6250253142601],[-4.62642362625922,56.6155969800891],[-4.68657486679811,56.6006280329288],[-4.70222864359271,56.6055554473939],[-4.72618819596148,56.5878065831983],[-4.77944290317935,56.5877692106449],[-4.80110032843195,56.5735989230857],[-4.83002484211776,56.5692178906806],[-4.83860961388441,56.5738395705017],[-4.87852158366549,56.5660497992042],[-4.94747228655341,56.5757268172258],[-4.95153225198149,56.5636803731348],[-4.97114177724799,56.5545661030388],[-4.98512731886112,56.5564869191887],[-4.99431972743847,56.542131172186],[-5.05188478736873,56.5361771121833],[-5.06174275822188,56.5271074515432],[-5.096048168793,56.5285209246397],[-5.06547220448037,56.5638562990496],[-5.0975251653569,56.5357337910252],[-5.1144627428092,56.5479719172017],[-5.09967437712572,56.5552858401344],[-5.09543244569332,56.5738817731073],[-5.1089023235711,56.5874871850086],[-5.08674464539547,56.5962418735748],[-5.07995069119585,56.6094541030412],[-5.11884279074418,56.6165644909486],[-5.15306958878823,56.6128245812238],[-5.15297786933351,56.6266699890114],[-5.21382126757591,56.6319169071214],[-5.21647348671738,56.6021568460668],[-5.24966849309154,56.5921600903175],[-5.27467107392391,56.6007224389102],[-5.29737228780261,56.598000654878],[-5.32503741254301,56.6206716258603],[-5.32500773095739,56.6206910689478],[-5.29591963704241,56.6389449133791],[-5.29832672704595,56.6430152848791],[-5.29771915703779,56.6435139558337],[-5.29868651390263,56.6436236010063],[-5.3008669164587,56.6473096968097],[-5.32641640002619,56.6471191047483],[-5.31739093003566,56.6534102333027],[-5.2773805370442,56.669928381033],[-5.27526718079239,56.6699867084755],[-5.25304444728003,56.666922401802],[-5.25253519920815,56.6655170393631],[-5.22376578873988,56.686136098272],[-5.18615879764979,56.6887800008608],[-5.14684749432788,56.6771082366193],[-5.11632273775872,56.6808857322115],[-5.10634530703651,56.691869717297],[-5.05109889334199,56.7048869097683],[-4.96945528873502,56.71455672283],[-5.01288139917847,56.7140197516221],[-5.16262901072795,56.6848717884104],[-5.16795289629727,56.6926105073136],[-5.18570768615614,56.6919437376018],[-5.18554522973267,56.699943794756],[-5.24740520501486,56.7030291749235],[-5.22909542183426,56.7294232076063],[-5.21500734265442,56.7404016112431],[-5.11217732025844,56.8188104833497],[-5.11208347945387,56.8203690219035],[-5.10890844714964,56.822829209661],[-5.08445717945149,56.8326199638147],[-5.09828700660808,56.8347485518194],[-5.10207184982679,56.8265936201988],[-5.11113935248589,56.8391133191748],[-5.11852600192563,56.8390999757647],[-5.1248728890539,56.8422136854013],[-5.14681821873281,56.8386198618483],[-5.15729908739794,56.8417093706047],[-5.19205301949795,56.8546919165194],[-5.32837024039055,56.8582677815681],[-5.30595474159246,56.8477710733439],[-5.24596450657451,56.8424924752314],[-5.17994334372515,56.8466155816075],[-5.15832558860005,56.840378490491],[-5.15227688311059,56.8376966976127],[-5.14302252222161,56.8365596646216],[-5.13289548590317,56.8364275607723],[-5.12380521513552,56.8340653104273],[-5.12364150524307,56.8290477962195],[-5.1347690325139,56.8185412838527],[-5.21392538234317,56.7679581586135],[-5.21825219224187,56.7656044765588],[-5.24025559321576,56.7667544454375],[-5.23359513222265,56.7559933954296],[-5.25335586566199,56.734325865018],[-5.2565086248177,56.7319986254424],[-5.24265126717042,56.7204029051416],[-5.26944393443049,56.7135865876382],[-5.27405854444023,56.7124117605534],[-5.28412853204667,56.700629181124],[-5.28836213333679,56.7101633215894],[-5.29791627260231,56.712188447518],[-5.29798214483083,56.7125154473056],[-5.30642196733993,56.7139905269775],[-5.29833910895242,56.712278051276],[-5.30476918863162,56.7080010922774],[-5.30811334101596,56.7078462135999],[-5.32730022494688,56.6948883168185],[-5.35004363603976,56.6865835344537],[-5.36082920298557,56.6826424632092],[-5.35561117598109,56.6757470671903],[-5.38510741934211,56.6557772756818],[-5.39878246454933,56.6468923979039],[-5.4341619613464,56.6427621326048],[-5.47027111038948,56.6152813837678],[-5.48395370160014,56.617433760327],[-5.48832257254473,56.6101819373296],[-5.49074353891615,56.6105473437976],[-5.51892322114797,56.6165742748205],[-5.51425658148319,56.6140934258851],[-5.52850417916626,56.6162396520576],[-5.50745980731249,56.6104792575135],[-5.49485802015719,56.6037754359352],[-5.52686126108093,56.5734488240193],[-5.55209306177278,56.5512065518395],[-5.57344489066444,56.5393765106868],[-5.68406659354802,56.4973696306658],[-5.69556203476994,56.5122625462073],[-5.74563293796907,56.5250544416791],[-5.75475393903729,56.5188528938363],[-5.7646764688318,56.5267824544199],[-5.77139653405996,56.5325448204327],[-5.74047342928674,56.562219903161],[-5.74812704377616,56.5648414379514],[-5.74827785975771,56.5647073552041],[-5.7481809916142,56.5648375909113],[-5.74871149417753,56.5643218268588],[-5.78412282206951,56.5328079149885],[-5.88314893376327,56.5478147274321],[-5.90458758424209,56.5511672505988],[-5.90665462575997,56.5523431156667],[-5.95964007998591,56.5824468318491],[-5.97832857844809,56.6103504457189],[-6.00097053174138,56.6198109237872],[-6.00450964684262,56.6454752541675],[-5.93592668091864,56.6540932390665],[-5.92357476926534,56.6523173454455],[-5.90931842437786,56.6573838421548],[-5.90959841326088,56.6573905581673],[-5.90626038662011,56.6578081711878],[-5.89154456350243,56.6394003552775],[-5.8831956477208,56.6404444771472],[-5.84700134845396,56.6282586310785],[-5.83068584926224,56.621150212674],[-5.82740773093863,56.6280713105358],[-5.83869733049643,56.6312868501802],[-5.84119362218142,56.6345783565784],[-5.86890753142225,56.6425381212678],[-5.87661817299006,56.6501227440326],[-5.87657411111281,56.6537300985992],[-5.85046650860709,56.6597400836264],[-5.83977671368727,56.6605807449089],[-5.83228001906528,56.6639223616885],[-5.81912618850332,56.6669450891658],[-5.80553121012078,56.6734802814409],[-5.74675908610932,56.7016898534185],[-5.74714325303504,56.7017995037623],[-5.74681710189959,56.7019443530255],[-5.72106375112112,56.6967878613289],[-5.70419272531475,56.682186620449],[-5.68733174346931,56.6846999921628],[-5.65956985655827,56.676567148957],[-5.54459599440639,56.6877816907158],[-5.61601628581773,56.6890884834223],[-5.66395934699817,56.6800924738429],[-5.71803990671795,56.7098568469898]]],[[[-3.10556486096667,58.6714532287691],[-3.13872773399587,58.6670008402256],[-3.11571185461278,58.6964299177761],[-3.10060065893663,58.6846413768631],[-3.10556486096667,58.6714532287691]]]]},"properties":{"CTYUA23CD":"S12000017","CTYUA23NM":"Highland"}},{"type":"Feature","geometry":{"type":"Polygon","coordinates":[[[-4.61638594810658,55.9304392489123],[-4.63502564034691,55.9137257975935],[-4.61321481216946,55.9060313269494],[-4.61915020001488,55.8890289156139],[-4.5990988234701,55.8796732131651],[-4.61038546940304,55.8690672704939],[-4.59729871579899,55.8623964813159],[-4.62280734604972,55.8615935601117],[-4.62301963105537,55.8498305473693],[-4.64332235154431,55.8390807933756],[-4.70120140823317,55.8409148694271],[-4.7293837017141,55.8532674543449],[-4.75088102525508,55.8497575972365],[-4.79416834839607,55.8722304424603],[-4.79969671972434,55.8926081111344],[-4.84422388830228,55.8752586679547],[-4.88838112215187,55.8746991023395],[-4.88838205395975,55.8747796680607],[-4.89272275830699,55.8816814648188],[-4.89619508426245,55.8928768690475],[-4.88084737060999,55.9034119144686],[-4.87140890943465,55.9098869200737],[-4.88169057563878,55.9147679313584],[-4.88241606617847,55.9151122631202],[-4.88196361239804,55.9184455330129],[-4.87914564048967,55.9391942752305],[-4.87851840177981,55.9425592619158],[-4.81776779986293,55.9628567402174],[-4.81137924035395,55.9602084547783],[-4.80628761676398,55.9579620697045],[-4.80621164614047,55.9580657940854],[-4.80317487426844,55.9568064500623],[-4.79873482146023,55.9626070765914],[-4.77708786493945,55.960731949434],[-4.7453665191944,55.9442745917754],[-4.61638594810658,55.9304392489123]]]},"properties":{"CTYUA23CD":"S12000018","CTYUA23NM":"Inverclyde"}},{"type":"Feature","geometry":{"type":"Polygon","coordinates":[[[-2.84624367983483,55.8189607204974],[-2.87040933564897,55.8240959555949],[-2.88375329142728,55.8071991489518],[-2.90196293738135,55.8091558730771],[-2.9290012355493,55.7931584656207],[-2.94107183057677,55.794560019784],[-2.95162137210359,55.8189519788803],[-3.07525945236723,55.7597667772012],[-3.10337545962764,55.7371256488623],[-3.0918799860922,55.7221327428072],[-3.12826770688761,55.7103470908584],[-3.15112377185125,55.7255451517739],[-3.14399347680904,55.7400515929695],[-3.16119800102085,55.748992481691],[-3.15399506574788,55.7610597362977],[-3.17479560135035,55.7720459139925],[-3.16778532064345,55.7795186611304],[-3.18103856335367,55.7813409228216],[-3.18509418183617,55.8017395245818],[-3.19559653618106,55.802123157665],[-3.21432837876847,55.783984472599],[-3.22571014851978,55.7870246222203],[-3.23590666570241,55.7791229398313],[-3.2743687143918,55.7753471927435],[-3.29277620246339,55.7805618924238],[-3.29434913894252,55.7963019235111],[-3.34511943334963,55.7929725768002],[-3.36903649137681,55.8241085624945],[-3.35067275057754,55.8271331068266],[-3.29554154144025,55.8662203901701],[-3.26573176687937,55.8761020370651],[-3.25391694551255,55.8685726557927],[-3.23841151391962,55.8827398332042],[-3.2090878357933,55.883253460047],[-3.20154481338416,55.894821360157],[-3.16243840107193,55.8890860868416],[-3.09267482290597,55.8998020138638],[-3.11767664120165,55.913450103601],[-3.11167202827647,55.9296898584844],[-3.08857680610922,55.9313851499577],[-3.07784426996756,55.9193664940605],[-3.01774501899481,55.9016340239585],[-2.98880620636469,55.9128284792919],[-2.96691062088607,55.9118496153489],[-2.9371588390153,55.8634909098183],[-2.91354236981221,55.8565676179215],[-2.89450595862039,55.8593231637094],[-2.89904337166537,55.8507522858587],[-2.86218660060628,55.8398574650009],[-2.84624367983483,55.8189607204974]]]},"properties":{"CTYUA23CD":"S12000019","CTYUA23NM":"Midlothian"}},{"type":"Feature","geometry":{"type":"Polygon","coordinates":[[[-2.80150625828467,57.6951383785014],[-2.80324460165386,57.6655408329974],[-2.77239093506659,57.6498879654284],[-2.81064308618674,57.6099362267437],[-2.79225787001089,57.6050692694237],[-2.77565026340245,57.5841305472235],[-2.74726613295861,57.5796702349635],[-2.74951700372431,57.5675590530764],[-2.71995582089712,57.5642143343063],[-2.70839515911285,57.5305497654626],[-2.68577011245089,57.5389864366561],[-2.64982470171258,57.5295554268705],[-2.69276081899084,57.5163809708677],[-2.69459742832324,57.5079765670865],[-2.70830622599504,57.5109912867978],[-2.71795657509567,57.5009532595939],[-2.74189359597563,57.5040206257508],[-2.76064449014173,57.5138259490673],[-2.75887809169245,57.5218446917673],[-2.78858105622731,57.5082726875107],[-2.81700005224229,57.5198506158279],[-2.82096081705077,57.5350811042654],[-2.83347825891689,57.5384124268999],[-2.86628335897642,57.5296504671273],[-2.88592970104913,57.5323705343861],[-2.88643504889496,57.5218839478836],[-2.91958985343585,57.5062829137126],[-2.91674887943622,57.4950183343224],[-2.97255654823242,57.4966934203139],[-3.01994264324594,57.4495103495762],[-3.01063128339621,57.4428749884011],[-2.95548504354545,57.438522457325],[-3.0068101904274,57.4206463266592],[-3.02404875657753,57.4051579396883],[-2.98922799364922,57.3986907202822],[-2.95448433725985,57.377816147968],[-2.98353183820209,57.3632824359785],[-2.96987648881926,57.3513688551127],[-2.9721775683006,57.3280801779835],[-2.95186847263766,57.3182399696301],[-2.97668413497153,57.2988767244368],[-2.9842346369087,57.2777386351206],[-3.01906830801141,57.2616594343266],[-3.04371501763081,57.278745751167],[-3.05405225077635,57.2751156135593],[-3.09239360611478,57.28426587094],[-3.11024402257734,57.2771294393892],[-3.14323277362251,57.2779163147009],[-3.16491317015548,57.2622387610072],[-3.2085234806147,57.2561225087404],[-3.24518772551,57.2195518569762],[-3.24257066228727,57.2021438491178],[-3.26577256198347,57.20321468599],[-3.27962282021266,57.1901599539089],[-3.31385175034986,57.1922813832095],[-3.3535226752693,57.1781592091464],[-3.35670793146843,57.166679190097],[-3.34175712199861,57.1563736252979],[-3.34937529758067,57.1481209648492],[-3.32247925474776,57.1304080137341],[-3.33634195314817,57.110981232685],[-3.35596888682928,57.1101461245917],[-3.37813951335842,57.0977983525161],[-3.41021203447942,57.0982546873611],[-3.42273253585651,57.1053679493809],[-3.44912142508444,57.092213758536],[-3.48628174186974,57.0945187869269],[-3.51681338706956,57.0863724473628],[-3.53843324464084,57.0908210560768],[-3.55262992980028,57.0826184532944],[-3.55772826395655,57.0963820585064],[-3.59325633526335,57.0840399114094],[-3.64648074226937,57.0883425134033],[-3.66491325750646,57.0684406458242],[-3.68369382916125,57.0952385285112],[-3.65469803730817,57.1159020081243],[-3.61635955246787,57.1127097253193],[-3.5832557760162,57.1362490875629],[-3.56035771901077,57.1410552434611],[-3.53611776075723,57.1672488522651],[-3.51591967163262,57.1652962544332],[-3.48774273678546,57.177474754321],[-3.45227858177014,57.1768886011034],[-3.43210247793211,57.2041625780147],[-3.44679758588079,57.2120841853126],[-3.42967284621768,57.2233172854443],[-3.4638143398285,57.2388838483713],[-3.44763486889079,57.2564473080938],[-3.4613173599616,57.2723696318661],[-3.44922972131504,57.2809339178962],[-3.49384055601031,57.296145237913],[-3.49392294229155,57.30472849253],[-3.39456704688286,57.3710743312649],[-3.39876703877824,57.3828997510627],[-3.38568259231445,57.3888074945573],[-3.41284373094614,57.4236455095839],[-3.43319697074301,57.4209675403041],[-3.47076580738341,57.4333259107568],[-3.50277198700225,57.4606784865035],[-3.56625506629794,57.446928387398],[-3.60985006715454,57.4473583162405],[-3.61776415444388,57.4354384697547],[-3.65985276212118,57.42815463675],[-3.70060444331623,57.4362296816998],[-3.68270836719099,57.4898314618009],[-3.70534464878455,57.5123263682582],[-3.69088574367084,57.5202267355786],[-3.72232212321997,57.5286418459573],[-3.71182783000669,57.5340817194002],[-3.72971641201642,57.5609806007488],[-3.71228782684441,57.5671746742469],[-3.74868243279939,57.5908916461644],[-3.73875288140671,57.5981792060839],[-3.76294284150361,57.6305232406287],[-3.76235080297253,57.6306751989655],[-3.73315991877145,57.6447310273871],[-3.72173778921136,57.6444782957279],[-3.75377599523945,57.6294342278357],[-3.70260883158988,57.6463769018891],[-3.68955158046506,57.6578134894098],[-3.67760707142532,57.6592194028448],[-3.64402881690048,57.6631650766445],[-3.61970045757214,57.6552750453544],[-3.62409383739873,57.6446387424464],[-3.64188464823572,57.6415685479773],[-3.65213550523778,57.6379758997718],[-3.64142543202055,57.6294995844795],[-3.64184104132317,57.6404229198707],[-3.63925821472201,57.641036681749],[-3.63235404889346,57.6396382185642],[-3.64085328112959,57.6364613635642],[-3.63045320315211,57.6392773345613],[-3.63573595896611,57.6323280502161],[-3.6212245393391,57.6383577348407],[-3.60117896377981,57.6337450602104],[-3.60799120010832,57.6271198878396],[-3.59970770401974,57.6337839037272],[-3.58950015266283,57.6307888119184],[-3.58300298929073,57.6460648408703],[-3.62428952483428,57.6627736082846],[-3.5889468736907,57.6633860624517],[-3.58195081584895,57.6624654428032],[-3.54511876604552,57.6641318276216],[-3.52848615405246,57.6644108611007],[-3.49665758834685,57.6791041511646],[-3.49754099977401,57.704188400162],[-3.4601589902168,57.7036735005666],[-3.34479872218553,57.724390942901],[-3.34198706353448,57.7248942864823],[-3.27871778646496,57.7244435150285],[-3.28313610134126,57.7177084504261],[-3.25583713457883,57.7048114454511],[-3.28011990162015,57.7185719965205],[-3.26392670154017,57.7139138261941],[-3.26359989018065,57.7136480207539],[-3.22702767243914,57.7032870788051],[-3.1740558991021,57.6880015625752],[-3.1002683550922,57.6757691707451],[-3.11359609383666,57.6758641337677],[-3.10522573300045,57.6682392640064],[-3.09715299223451,57.6755765038959],[-3.02716239292077,57.6635989902101],[-3.00746283125627,57.6691073771609],[-2.99390277839052,57.6728962868331],[-2.93352625403623,57.6872004789786],[-2.9292898939824,57.6909195006949],[-2.8802623269917,57.7045615564122],[-2.86936751640203,57.7055654628114],[-2.84790850039562,57.7061290897717],[-2.83262553139944,57.6903539153372],[-2.80155836637798,57.6951075603787],[-2.80150625828467,57.6951383785014]]]},"properties":{"CTYUA23CD":"S12000020","CTYUA23NM":"Moray"}},{"type":"Feature","geometry":{"type":"MultiPolygon","coordinates":[[[[-5.07177990100813,55.5233129695598],[-5.06383135068397,55.5125640157119],[-5.08673159166931,55.5258189499099],[-5.08368436944797,55.5337236473656],[-5.08228691079419,55.537076842885],[-5.07177990100813,55.5233129695598]]],[[[-5.26644938928249,55.7210601840452],[-5.20225165745871,55.7026563447478],[-5.18355162934478,55.6918402372586],[-5.16111997656575,55.678853904902],[-5.12986157902406,55.6135834675353],[-5.12809562959451,55.609888985226],[-5.14537576934305,55.5958561175623],[-5.15312151112987,55.5901948531501],[-5.15300420855499,55.5896572999033],[-5.16031812252562,55.5837118175617],[-5.15124902257386,55.5816120714446],[-5.15119102424456,55.5813461659227],[-5.13476244469562,55.5777926677212],[-5.10871660562745,55.5717526017824],[-5.08291679222584,55.5527079268795],[-5.1286356361531,55.5316016154564],[-5.12511689573886,55.5241332179571],[-5.07926180635581,55.5098571490628],[-5.09478297923248,55.4916779834177],[-5.08358306733289,55.4545211325865],[-5.11236137935702,55.4398637201523],[-5.13789747287809,55.4439063267216],[-5.15434863704686,55.4410872160186],[-5.15828560363756,55.4413989001528],[-5.16406702983483,55.4394206011942],[-5.19660918267617,55.4338333939871],[-5.25138202759455,55.4394369641025],[-5.26119680135664,55.4434994793678],[-5.263060746678,55.4460664153123],[-5.29319765799707,55.4567337916778],[-5.31320333539236,55.4649984509338],[-5.32705304829974,55.4980288467912],[-5.35538144560814,55.5067341845562],[-5.35492042945636,55.5114697002049],[-5.34898229184902,55.537277473985],[-5.33758871844554,55.5495208290557],[-5.39088861874202,55.6066364773029],[-5.39526807847891,55.611320872267],[-5.39503455959344,55.627165185976],[-5.3648883520055,55.6782635936873],[-5.32684376418816,55.6890342667785],[-5.31614367537432,55.7058801553817],[-5.28620535368471,55.7023261422138],[-5.28873480638369,55.7056833145491],[-5.28763789147887,55.7056675490718],[-5.2896926469523,55.7069544202298],[-5.2942919524518,55.7130565874605],[-5.29325123618035,55.7139888892925],[-5.26713045431105,55.7209708384637],[-5.26644938928249,55.7210601840452]]],[[[-4.93825471512025,55.7350710435096],[-4.95464315737924,55.7107140058648],[-4.96787045464886,55.7217043068843],[-4.93825471512025,55.7350710435096]]],[[[-4.89364940782459,55.7657801958265],[-4.90167118084416,55.7528776308474],[-4.91385164730789,55.7447847854218],[-4.91393781366949,55.7539849393332],[-4.93025571400242,55.7523767927769],[-4.94695612873778,55.7433102609082],[-4.94713169635005,55.7437511915914],[-4.92956995862547,55.7844567703698],[-4.91406871663444,55.7897783253065],[-4.90453060756965,55.7928587365229],[-4.89364940782459,55.7657801958265]]],[[[-4.79969671972434,55.8926081111344],[-4.79416834839607,55.8722304424603],[-4.75088102525508,55.8497575972365],[-4.78370874824664,55.8397891414945],[-4.72234969926048,55.8207860179223],[-4.73035030752599,55.8110131959914],[-4.72045623555241,55.8051069296037],[-4.68569737656959,55.8037366733294],[-4.66111979899467,55.7597011144026],[-4.63373287871559,55.7760400458203],[-4.63078055825816,55.7644399796797],[-4.61653630412156,55.761495894953],[-4.57464174272381,55.7834524938778],[-4.55091877516458,55.7663828423523],[-4.52990807983792,55.7445732936916],[-4.57922356870693,55.7122860566586],[-4.61071244298507,55.6765423660442],[-4.63833303164531,55.6725061535283],[-4.59675599995749,55.6550769420956],[-4.60378424758067,55.6473417108352],[-4.59363902954085,55.6441537622746],[-4.5719176108827,55.6483999619536],[-4.54648551055368,55.6670069710675],[-4.53080837313239,55.6594713702094],[-4.49262074404278,55.6650682175845],[-4.49619228696181,55.6564911633797],[-4.5572350005073,55.6467144293659],[-4.5695552756433,55.6326283270515],[-4.55874280956377,55.6252190020529],[-4.58844396924298,55.618218863965],[-4.57933755031396,55.6036555739142],[-4.59221062124585,55.5979495133736],[-4.64781065279776,55.5633581066851],[-4.65844256705367,55.5683964859563],[-4.65833262424028,55.5702014251536],[-4.66880365277762,55.5797179464051],[-4.67509738231264,55.5896986811333],[-4.68850058685695,55.5976041609524],[-4.69571601459523,55.6041513528519],[-4.69820639589947,55.6057751921039],[-4.70787982775459,55.6090261695069],[-4.71575275589422,55.613663615795],[-4.7506094351815,55.6242918531503],[-4.75480415075366,55.6337442122956],[-4.77599408515696,55.6320220055258],[-4.77841361544042,55.6327583653063],[-4.78112932303432,55.63160405888],[-4.79453032396582,55.6305123153699],[-4.7959549731324,55.6313269447113],[-4.7985352597231,55.6387785755101],[-4.81890193322957,55.6397568795807],[-4.81652331277789,55.641649875059],[-4.81973013567384,55.6447018626791],[-4.81514325909778,55.6479204183145],[-4.8624967409342,55.6841286020111],[-4.86474737821305,55.6849140733325],[-4.90544981458045,55.699106510994],[-4.90299811861645,55.7222275257731],[-4.88482240079185,55.7293016885113],[-4.88984058955136,55.7328644585161],[-4.88699572203018,55.7333539547317],[-4.89325832560342,55.7352904275719],[-4.89519504275424,55.7366649621924],[-4.89504802817472,55.7367368165704],[-4.87337920323485,55.7303363101574],[-4.87562596437831,55.7462257108913],[-4.87378434997508,55.7471250619643],[-4.87441838741671,55.7487681958722],[-4.87172930204439,55.7484712575439],[-4.87133501388041,55.7479500272742],[-4.87070613544981,55.7483582595261],[-4.86938967287923,55.7482128563378],[-4.8573420035936,55.7468814867872],[-4.85567009457699,55.7576552873395],[-4.85641670489142,55.7657332760087],[-4.85518374830405,55.7742133079583],[-4.85748510612823,55.7772864245011],[-4.85763902656945,55.7789502294429],[-4.87312739207987,55.798994547049],[-4.87362850529313,55.799642690449],[-4.88772642290335,55.8178669534299],[-4.88838112215187,55.8746991023395],[-4.84422388830228,55.8752586679547],[-4.79969671972434,55.8926081111344]]]]},"properties":{"CTYUA23CD":"S12000021","CTYUA23NM":"North Ayrshire"}},{"type":"Feature","geometry":{"type":"MultiPolygon","coordinates":[[[[-3.05314699481047,58.7397137493146],[-3.07066276640998,58.7362551021242],[-3.05030432890615,58.7520101840979],[-3.05314699481047,58.7397137493146]]],[[[-3.10849808907489,58.8333221627822],[-3.10188184403683,58.8286644992617],[-3.07706437074053,58.8315549348206],[-3.08001992621812,58.8140972614295],[-3.10097993807916,58.8203283365675],[-3.10159115753118,58.819737344346],[-3.10216770023261,58.8198880136148],[-3.10361341846911,58.8177818414458],[-3.10710623226108,58.8144037434553],[-3.13885369119147,58.8167562893189],[-3.14269189224304,58.8334146559468],[-3.06990030754022,58.8494283952404],[-3.0677112717007,58.843626489502],[-3.11355641941738,58.8368820378602],[-3.10916059945312,58.8337884675076],[-3.11095292695444,58.833380139811],[-3.10849808907489,58.8333221627822]]],[[[-3.15546898396524,58.8366160065636],[-3.16236733921272,58.8344110951334],[-3.17618750924386,58.8420948918963],[-3.18052948512819,58.846349077448],[-3.17782544686911,58.8488107109089],[-3.1647042688498,58.854152887168],[-3.15824458929948,58.8496150583227],[-3.15107512369894,58.840425716211],[-3.15546898396524,58.8366160065636]]],[[[-3.16413131313136,58.8736545788033],[-3.16809507013278,58.8722577802098],[-3.17076048313646,58.8763266892007],[-3.17285531210719,58.8820219027889],[-3.17334205754092,58.8833449365467],[-3.17025649584454,58.882045447891],[-3.15856177495704,58.8771186308271],[-3.16413131313136,58.8736545788033]]],[[[-2.66418179993709,58.9015416114796],[-2.68292009303332,58.8922169420483],[-2.6838552660114,58.8961886345628],[-2.68362652776626,58.8992776631293],[-2.66418179993709,58.9015416114796]]],[[[-3.25929623215766,58.7868504947508],[-3.23607632101469,58.7834149684694],[-3.20688007188266,58.8015010793654],[-3.15237891752849,58.8065635206144],[-3.14812948800254,58.8051880119657],[-3.13916201310084,58.8015466553908],[-3.15380417433666,58.7866643026496],[-3.13346128407076,58.7864618499307],[-3.13374996424777,58.7861205109648],[-3.18816029636799,58.777040271064],[-3.23139214653365,58.7851953523118],[-3.23002599938332,58.7840852873622],[-3.23198534565937,58.7844202770125],[-3.22213552701952,58.7776721853908],[-3.22016064373606,58.7760666191692],[-3.22663019732803,58.7732572500474],[-3.23015058019003,58.7718496570224],[-3.24994587578644,58.7816131936106],[-3.29698669410661,58.7780655339644],[-3.32214058029559,58.7963937263889],[-3.32845391194125,58.8174315553367],[-3.36999827494199,58.8371976069145],[-3.37957086932086,58.8679862057066],[-3.38894229444321,58.8687030542533],[-3.40795860306139,58.8701555975804],[-3.43421045498562,58.8736989599495],[-3.43049450048445,58.8794263370846],[-3.40268311069995,58.9222286269958],[-3.39118227820334,58.9245133102884],[-3.35371585442373,58.9319469831919],[-3.32656418536537,58.927825107494],[-3.32332177686719,58.9234059651856],[-3.31395304944164,58.9060183907753],[-3.30215555079503,58.905655615169],[-3.22014714816528,58.880764041825],[-3.2129205313239,58.8780605161231],[-3.21432012959474,58.8771100918096],[-3.23123864654464,58.8700674254292],[-3.22405299623184,58.8693831428851],[-3.21807377396508,58.8654760136594],[-3.22112493846037,58.8609170098462],[-3.19892727323725,58.8529568646393],[-3.19832576128392,58.8525633655272],[-3.2149266678257,58.8404996272336],[-3.21053759761042,58.8396632051863],[-3.21111533212913,58.8391656633297],[-3.19201036757099,58.8361303906664],[-3.19095649744852,58.8359293347551],[-3.19095790909964,58.835927811905],[-3.20550934880087,58.826929301227],[-3.16950865163144,58.8206537192959],[-3.20347544902447,58.8046937574287],[-3.24151744095932,58.8027292536332],[-3.24477225770772,58.7998235419607],[-3.24654573426781,58.7996429550712],[-3.24956462557077,58.7955441670002],[-3.25929623215766,58.7868504947508]]],[[[-3.2949751553579,58.9363197368938],[-3.28268758575582,58.9323250033368],[-3.27284838928285,58.935747272446],[-3.26688873888575,58.9237678608448],[-3.29296567377922,58.9240732083759],[-3.30549648303082,58.9246863258171],[-3.30838002109966,58.9403167032651],[-3.2949751553579,58.9363197368938]]],[[[-2.89720985176561,59.0260927276635],[-2.90119390893975,59.0190370253847],[-2.9015874618201,59.0194574429437],[-2.90135009018829,59.0257829732763],[-2.89720985176561,59.0260927276635]]],[[[-2.56453919790345,59.0284184721102],[-2.57258563772388,59.025037561591],[-2.57263217852653,59.0253643089281],[-2.56939140352933,59.03558395878],[-2.56026345934934,59.0309634843546],[-2.56453919790345,59.0284184721102]]],[[[-4.50620793501005,59.0240264769987],[-4.50687714047673,59.0224526703344],[-4.50711607417285,59.0249396040458],[-4.50620793501005,59.0240264769987]]],[[[-2.80220891394998,59.0807806545832],[-2.80168034221883,59.0686125178981],[-2.8060159154147,59.0644500498079],[-2.82421961458334,59.0469606218581],[-2.81055582576573,59.0336069694653],[-2.80578252331723,59.0285138848864],[-2.82519484374068,59.0193233126394],[-2.85125685269598,59.0249305705707],[-2.8787350773892,59.0324863374153],[-2.8829131996602,59.031731864979],[-2.90131686211666,59.035681106133],[-2.90488793099583,59.0331757593617],[-2.9120653035677,59.029320864202],[-2.93394841306716,59.0303738496367],[-2.91149440662701,59.0637518819611],[-2.90238896882335,59.0772676830341],[-2.89321653593361,59.0638784976982],[-2.89250610273027,59.0628410091723],[-2.88894138802265,59.0616165761679],[-2.88874903223464,59.0613912359464],[-2.88797775124224,59.0612855477902],[-2.86230246357703,59.0524605679937],[-2.87005470756434,59.0578214858316],[-2.86732607796763,59.0584537099176],[-2.856438639389,59.0569592694967],[-2.84071766397023,59.0646146736498],[-2.83765742093976,59.0653227556487],[-2.84000790712007,59.0767876029936],[-2.83072322861267,59.0794070957276],[-2.81956402546104,59.0793485811406],[-2.8067581053549,59.0861635110254],[-2.8033821133436,59.0871147274233],[-2.80220891394998,59.0807806545832]]],[[[-2.96431385317363,59.0907562044886],[-2.94658054573159,59.0784130993099],[-2.95159579418234,59.0738616246901],[-2.96159624224421,59.0804626066058],[-2.97331297809929,59.0724938447334],[-2.97388261603011,59.072120279446],[-2.99296370323038,59.0864024672075],[-2.96431385317363,59.0907562044886]]],[[[-4.40025223235141,59.0871914762084],[-4.41146545269779,59.0829640123724],[-4.40692603995649,59.0875831580285],[-4.40025223235141,59.0871914762084]]],[[[-2.95141154913373,59.1184201579189],[-2.96698089734758,59.1107896606139],[-3.01151057651076,59.1132666200452],[-2.96190250705786,59.1270856347646],[-2.95141154913373,59.1184201579189]]],[[[-2.66636756259292,59.1394037061095],[-2.66475885493457,59.1282850474417],[-2.66731837695252,59.1285156336587],[-2.68064965517889,59.134620151558],[-2.68104026618524,59.1351855805086],[-2.68027267418395,59.1354063160959],[-2.66978485119304,59.1340193262328],[-2.66763212943561,59.1390402729392],[-2.66636756259292,59.1394037061095]]],[[[-3.11112020433265,59.1463918408257],[-3.11792101846766,59.1394449746538],[-3.12500682329424,59.1474166480485],[-3.12576666237104,59.148444296074],[-3.11112020433265,59.1463918408257]]],[[[-2.58318446139429,59.1481003138404],[-2.59962033658426,59.1478953790876],[-2.58724151511842,59.1570312283864],[-2.5792524642791,59.1486953873753],[-2.58318446139429,59.1481003138404]]],[[[-3.3566587152058,59.0483550715443],[-3.33464473822503,59.0549101427424],[-3.34570525695972,59.0599706645133],[-3.34938552619821,59.0616539554426],[-3.34678862305179,59.0983022780235],[-3.35752937252495,59.1038540512397],[-3.35677236212416,59.1043640607056],[-3.32028470824754,59.1229233079491],[-3.3220623969147,59.1277278192552],[-3.31919627714544,59.1296552353897],[-3.32330077421294,59.131073873067],[-3.32511990072094,59.1359878687416],[-3.32376652810361,59.1361820878586],[-3.31221449050996,59.1354660066408],[-3.28657870951921,59.1415124469596],[-3.1982940324099,59.1541176928581],[-3.19810348433009,59.1540521353207],[-3.11268420784226,59.123385073952],[-3.10920704128515,59.123409269264],[-3.09491316312753,59.118471277241],[-3.0728004681105,59.1232947766312],[-3.07248624902179,59.1224479098259],[-3.06955616170125,59.1135644242171],[-3.04932238020472,59.1063248792808],[-3.04571101088671,59.1050320939508],[-3.04605202517092,59.1048410370463],[-3.06103013665146,59.0981798757971],[-3.05931307384484,59.0974090736902],[-3.06172713436086,59.0960556568766],[-3.04884562683718,59.0906998348802],[-3.00408170249795,59.072065020842],[-3.00617892233707,59.0630517586242],[-3.01181255293854,59.038816724915],[-3.04748337962258,59.046031267647],[-3.06511989163658,59.0495935007409],[-3.06387416017378,59.0481789826334],[-3.06530894517873,59.0484587546125],[-3.06327456320842,59.0474980989065],[-3.05331991003439,59.0361895969002],[-3.05405634243622,59.0346630606383],[-3.06101487186682,59.0237700762428],[-3.0702739450862,59.0237006322924],[-3.08074666092298,59.0238714057071],[-3.09240083326334,59.0159433413388],[-3.09558231277618,59.0162834374817],[-3.09765172983219,59.0123697661978],[-3.10136294783872,59.0098434714413],[-3.12407891867139,59.0104470356326],[-3.12407184565756,59.010443615907],[-3.12408049474646,59.0104440024361],[-3.1240464425233,59.0104313309581],[-3.11141707209707,59.0043224057252],[-3.08674040046688,58.9997122488146],[-3.08727792442248,58.9991566881368],[-3.08270539733172,58.9989578520786],[-3.05351906660074,58.9934963517766],[-3.0461547254552,59.0023375625445],[-3.04142359597068,59.0080149691859],[-3.04011468366513,59.0089297333671],[-3.00694469263318,59.0101260824622],[-2.96042224354233,58.9847211268332],[-2.96041419215119,58.9847296521263],[-2.96041017002665,58.984727420556],[-2.93202908332396,59.0140731692832],[-2.92822000074531,59.007149910214],[-2.92804026952159,59.0063154836254],[-2.92777557336784,59.0063419441795],[-2.92753430433131,59.0059033003666],[-2.91627806301659,59.0074907335772],[-2.9017852896346,59.0089372368368],[-2.90256065295952,59.0080281926212],[-2.91161780083133,59.0055278087744],[-2.90596595241551,59.0040351563551],[-2.91543794476263,58.9929230348652],[-2.9126511814256,58.9927196685017],[-2.91316116796637,58.9922386693888],[-2.90591667890792,58.9922279554631],[-2.89103780066814,58.9911402974913],[-2.90843608763058,58.985529191864],[-2.91937697162268,58.9826322197073],[-2.91915966905513,58.9653547971462],[-2.88837952534854,58.9602547071379],[-2.88754897339834,58.9609087311888],[-2.88587516991712,58.960641325841],[-2.87116080792747,58.9738075437958],[-2.85605439419374,58.9856871122968],[-2.83889130390579,58.9831646170287],[-2.82553271251313,58.9807691481152],[-2.80181037800866,58.9908356219153],[-2.79274654373877,58.968453437734],[-2.79193273932957,58.9653942960459],[-2.81999438521415,58.9668275998394],[-2.84826452951716,58.9579049398036],[-2.82808565581406,58.9374564812712],[-2.82828869787174,58.9326266189942],[-2.84176107443686,58.9253379001465],[-2.82406981698537,58.9207243228076],[-2.81948999640504,58.927455838783],[-2.80969727982145,58.9286044610543],[-2.80129985182913,58.9286807781361],[-2.80569690538391,58.9227689458668],[-2.7884869841739,58.9157172836589],[-2.77860135411496,58.9270315876137],[-2.79216774486675,58.926993531745],[-2.78628681411607,58.940496637858],[-2.80351207000735,58.9470930583987],[-2.72473868368581,58.9684264314347],[-2.70787315996318,58.9727353101777],[-2.71921501122618,58.937267304564],[-2.71185828320185,58.9238040262887],[-2.71201331068336,58.9219860699049],[-2.74804259044805,58.9237386525358],[-2.76211212344366,58.9131487077072],[-2.7792452157603,58.9141426562711],[-2.78506157582827,58.9146372991557],[-2.7852265705538,58.9144891063603],[-2.785867375428,58.9145262063093],[-2.79261782779633,58.9078490068314],[-2.82951395677257,58.8746582008829],[-2.84441989189651,58.8845870018059],[-2.85544103589901,58.8919233205119],[-2.88411604335939,58.9002348068912],[-2.89701233264907,58.8955308191921],[-2.89670068224202,58.8953930456682],[-2.89694776410263,58.8953125376698],[-2.8929006216664,58.8937129732644],[-2.88370046367972,58.88964428966],[-2.89138584821702,58.8842709477839],[-2.89753152374803,58.8799725785703],[-2.91330202557935,58.8695378842887],[-2.91216800873061,58.8697301534332],[-2.91301487465683,58.869137291498],[-2.88533278048178,58.8735634206012],[-2.88643522633387,58.8642505695644],[-2.88806132228919,58.8546933663402],[-2.85788482868343,58.8531125537765],[-2.89696628986498,58.8427365713124],[-2.90094175323664,58.8417080068612],[-2.90091911957834,58.8416861046046],[-2.90128795240102,58.8415880772865],[-2.87793582932323,58.8190772846504],[-2.88020188993174,58.8190276316633],[-2.89630998123461,58.8189603547502],[-2.93063787278412,58.7943024540267],[-2.92153979235855,58.7837129894661],[-2.93563495622526,58.7705665125602],[-2.93967681891602,58.767126439402],[-2.90967335785238,58.7539471689374],[-2.91377910339635,58.7472366475206],[-2.92382389142494,58.7332830588064],[-2.96132360443152,58.7300720010817],[-2.96382246734925,58.7351373947005],[-2.96546302561328,58.7413209255489],[-2.96672732459988,58.7410238709512],[-2.96675871977977,58.7410874799828],[-2.96726079896127,58.7408985223308],[-2.97635698778775,58.7387607557103],[-2.99247886837323,58.753884410568],[-2.97983795187399,58.7610482841142],[-2.97908016007335,58.7861886528031],[-2.99409821094674,58.7870019389701],[-3.02195346096655,58.8072003151693],[-3.02164295284342,58.8074029754281],[-3.0098167687254,58.8130017135131],[-3.00553534947585,58.80886606645],[-2.99730005512322,58.8004965215396],[-2.97422618834839,58.8179739792883],[-2.98332091386142,58.8119706478246],[-3.00384261095296,58.8267523721019],[-3.03157056722724,58.8204463928705],[-3.03636047185263,58.8194832858309],[-3.0137003663059,58.8328298294534],[-3.00464866044698,58.8311290936674],[-2.99095745554038,58.8279136479728],[-2.9779084441469,58.8319583085094],[-2.96391574718669,58.8360490326386],[-2.95797974977648,58.8260005942956],[-2.9031812079262,58.8430062443846],[-2.90275462694502,58.8430778665823],[-2.90299015266566,58.8430654655875],[-2.90257965897196,58.8431927035403],[-2.98823739528153,58.852580912876],[-2.9890941796048,58.85275770505],[-2.95976727104432,58.8604359073855],[-2.95988454691309,58.8601462082705],[-2.96749790856935,58.8532124231802],[-2.96211224711886,58.8546423361439],[-2.96336538409134,58.8515454902533],[-2.93884783863043,58.8607476684268],[-2.9181054506082,58.856077659343],[-2.91555790626954,58.85543861822],[-2.91558394223034,58.8555096683579],[-2.91496722134751,58.8553707371137],[-2.9197603432139,58.8669032386654],[-2.92365477299854,58.8775211069763],[-2.90937020305719,58.8841454980601],[-2.89581971376496,58.890425679618],[-2.89611523929899,58.8905474068666],[-2.89591851896014,58.8906359460858],[-2.89645836109187,58.8906887369182],[-2.91018020198903,58.8963390088714],[-2.92193620501838,58.893177469325],[-2.93443149183685,58.8943960657512],[-2.93586529243728,58.8961036253],[-2.93321651404554,58.9025414296288],[-2.97222541248062,58.9393436534523],[-2.97287310942344,58.9401128121993],[-2.97028974142246,58.9568287087931],[-2.96986139777826,58.9592600912266],[-2.96991268861204,58.959267210398],[-2.96973613779843,58.9604089082493],[-2.9835395311326,58.9626156263693],[-3.03115480390345,58.9392185741188],[-3.03381245678424,58.9389742912525],[-3.07588612573793,58.9393151964034],[-3.0760886045794,58.9388575472553],[-3.09081673138245,58.9430349823552],[-3.07954775409612,58.9310371664367],[-3.08004966936378,58.9299021730319],[-3.11326325517874,58.9313033061004],[-3.13018220462282,58.9170097178831],[-3.15690680756405,58.9205964412839],[-3.18085743970201,58.9120570091324],[-3.18092491973818,58.9121119684122],[-3.1875646650939,58.9186315589387],[-3.19799456103663,58.9132358458847],[-3.22845340322794,58.9347126712324],[-3.22978820199541,58.9656908023564],[-3.250860254042,58.9754759214506],[-3.25063302986461,58.9826029148625],[-3.25846590683885,58.9692498702647],[-3.26409239032469,58.9623137155137],[-3.29169220237034,58.9615551493017],[-3.29360031541139,58.9680409748599],[-3.30027851260681,58.95006668735],[-3.35574273115689,58.9648547393402],[-3.36620430735988,59.0152181307875],[-3.34787869370713,59.0376118901704],[-3.35536941687731,59.0465851673338],[-3.3566587152058,59.0483550715443]]],[[[-2.62976858373977,59.1620411827079],[-2.61663258416231,59.1536425431778],[-2.63499598199957,59.1558934704195],[-2.63477616317979,59.1556208148832],[-2.63574483907825,59.1557359507947],[-2.62490896761159,59.1432707388918],[-2.5723690580934,59.1414781845161],[-2.5840548514329,59.1398085967079],[-2.60507974114904,59.1371350710526],[-2.60494258258715,59.1368212760508],[-2.60513794435519,59.1367933173025],[-2.60185120795022,59.129747142693],[-2.59573496892937,59.1157421766517],[-2.55391525123737,59.1202437455446],[-2.53762493903167,59.1217599610731],[-2.5529527450605,59.1113063193743],[-2.55189208739673,59.1085075687161],[-2.55042918382711,59.1002844866671],[-2.54855235820524,59.0996919701428],[-2.54798219545359,59.0981864932871],[-2.52711544237059,59.0929169337718],[-2.53714719927182,59.0759189406226],[-2.56676699990607,59.0841177940142],[-2.56743178191758,59.0835330798616],[-2.56782002773731,59.0836325280689],[-2.56941277060003,59.0817905463882],[-2.57624723453548,59.0757771717383],[-2.60564959036547,59.0718573625475],[-2.6046659287163,59.0967048006575],[-2.63210011087141,59.1076904720918],[-2.65771591670322,59.100248432043],[-2.64615160388093,59.0896650338125],[-2.64422844167477,59.0875020127496],[-2.65085769110738,59.0759189699095],[-2.68388937523705,59.0778673499681],[-2.68929921957628,59.0783423617839],[-2.67016675575555,59.1086578055249],[-2.62965264991501,59.1101268463635],[-2.62062952601146,59.1181068206731],[-2.63186271264196,59.1249050076662],[-2.67363077529991,59.1516532726918],[-2.62976858373977,59.1620411827079]]],[[[-2.90818538139942,59.1632579834879],[-2.92029779433024,59.1249794334097],[-2.94509423868459,59.1546416321883],[-2.93179903444857,59.1688039818427],[-2.92869713824537,59.1695022398333],[-2.91036863304308,59.1643120096951],[-2.90818538139942,59.1632579834879]]],[[[-3.0326432882711,59.1785224752603],[-3.03012231724041,59.1777109200474],[-3.00729515166096,59.1781799646961],[-2.99377498877022,59.1779951958809],[-2.9686342848028,59.1875292108986],[-2.95275429589634,59.1798686044188],[-2.9529324131666,59.1797418527459],[-2.97881711074128,59.1631728709268],[-2.96556812484218,59.1350681124271],[-2.96635514540751,59.1349683469505],[-3.04018908702993,59.1264611057389],[-3.05004791605093,59.1300233195384],[-3.09310956700667,59.1455649507039],[-3.11836599160507,59.1726349297929],[-3.07436254531028,59.1992173171887],[-3.05211556047142,59.1973981322009],[-3.05091400642869,59.1972997644989],[-3.05002730054869,59.183706894246],[-3.0365521487735,59.1785748390992],[-3.0326432882711,59.1785224752603]]],[[[-2.72111168517021,59.2300839695544],[-2.72142187270583,59.2298223092675],[-2.74644377228593,59.2336502096277],[-2.74075947605596,59.2444513622638],[-2.73939285148923,59.2470471347389],[-2.73661933100931,59.2444748219275],[-2.72111168517021,59.2300839695544]]],[[[-2.76619665852354,59.1917553345039],[-2.75761455144707,59.1598215631445],[-2.75673515497585,59.1592458989137],[-2.75664560319755,59.1587538577615],[-2.75254013866911,59.15649943444],[-2.73952681142598,59.147975947661],[-2.74815562479099,59.1458577743974],[-2.78820682782232,59.1380632871188],[-2.79433951255792,59.1599523753895],[-2.80004960998469,59.1621749499335],[-2.81565671623405,59.1722887809846],[-2.82159526951374,59.1705564212189],[-2.82369418342639,59.1713725068698],[-2.82737877165049,59.1865025317828],[-2.82763320196115,59.1880415961939],[-2.82344312446925,59.1946308319095],[-2.80280346025819,59.1833755661755],[-2.78005458705948,59.1898061390605],[-2.78029573073966,59.1908429637549],[-2.77984985971921,59.1909735013843],[-2.78305741096523,59.2027126261462],[-2.7905090814374,59.2346978191086],[-2.76807120214126,59.2442930160181],[-2.75983322421966,59.2478135143994],[-2.76202337949508,59.2336842852261],[-2.76283345922014,59.2318055147716],[-2.73653462849443,59.2193311263631],[-2.73986279059173,59.2157265588757],[-2.75667854011849,59.2092852252817],[-2.75391577289402,59.2004971804316],[-2.75998011837087,59.1939205374166],[-2.76619665852354,59.1917553345039]]],[[[-2.4080180143057,59.2846187702727],[-2.39049481087999,59.2784896308248],[-2.42296534908882,59.2749127876657],[-2.4285273047773,59.2772359395971],[-2.43451638619247,59.2824748403306],[-2.43961695115656,59.2818662716299],[-2.44344292827425,59.2834632445161],[-2.47212781281479,59.2779820623213],[-2.47614396472692,59.2775016109812],[-2.47654860249126,59.2771366076238],[-2.4802018978591,59.2764377879711],[-2.51394345282196,59.2455459384907],[-2.51855093415628,59.2413225773834],[-2.51028306234401,59.2293771545948],[-2.50730630029216,59.2238059807594],[-2.52395474875785,59.2339372741178],[-2.51575817244724,59.2455387083528],[-2.51056912787317,59.2528789450302],[-2.52278348078094,59.2576891716541],[-2.53830596259063,59.2505745863907],[-2.53207674298838,59.2454726445375],[-2.52384027191483,59.2387239072382],[-2.56296934758169,59.2364266353534],[-2.56354440793449,59.2364374521209],[-2.56356692638272,59.2363914580311],[-2.56597032586787,59.2362499512048],[-2.56944313258469,59.2243853038743],[-2.57117399593988,59.2208471764236],[-2.57337023971449,59.2219009705604],[-2.57892805736203,59.2323508958194],[-2.57735534228473,59.237072574097],[-2.56090955243814,59.2384159470146],[-2.57037234711902,59.2449040597163],[-2.6019026883904,59.2292039360957],[-2.6065133264612,59.2367695344319],[-2.63094457450349,59.2374762934746],[-2.63313319030659,59.2348621798105],[-2.6372188166502,59.2346064860666],[-2.64355810471619,59.2224045558739],[-2.65388803306534,59.2100506035337],[-2.66912402755366,59.2074244140177],[-2.67215040391759,59.1967155765074],[-2.6743905887854,59.1915936530952],[-2.68805591291764,59.2040016506696],[-2.69445322356605,59.1848760198846],[-2.69477817455837,59.1890688329837],[-2.69612050640529,59.2210328280147],[-2.67899680525346,59.2198590723885],[-2.67453771936651,59.224154611184],[-2.67217720611412,59.2244309754796],[-2.6658728921807,59.2324980749141],[-2.65646502799918,59.2415516980382],[-2.64620781364454,59.2449553806363],[-2.60191822781996,59.2596350257627],[-2.602622779535,59.2603631962712],[-2.60212526085476,59.2605336229704],[-2.60416670753279,59.2619587574264],[-2.6097154212578,59.2676916217864],[-2.59300729001018,59.2688402003632],[-2.61553736098142,59.2946368824119],[-2.61046840260394,59.2921804926219],[-2.60857620186561,59.2897627505783],[-2.60727033481782,59.2906304415894],[-2.60503165469562,59.2895452622417],[-2.58939314289396,59.2949257724435],[-2.58293085015815,59.2932568179809],[-2.56149184339461,59.3034863428074],[-2.5616507729092,59.3044618791552],[-2.55793283802984,59.3057390203791],[-2.52931244122828,59.3029612669487],[-2.55621764517246,59.2872588773572],[-2.55318107917772,59.2758651750099],[-2.56985250238348,59.277631387294],[-2.58339456744248,59.264390618058],[-2.557631463519,59.2602820646533],[-2.55384122055803,59.269050881285],[-2.54495519170268,59.2601338525912],[-2.48035799986697,59.2898029975176],[-2.44988646702081,59.2903226959996],[-2.44668414652154,59.3038833521133],[-2.42385833660195,59.3120140780061],[-2.42025064402697,59.303782328629],[-2.41649647026851,59.2875826634128],[-2.41255275231597,59.2862041539566],[-2.41199301206496,59.2849252527139],[-2.4080180143057,59.2846187702727]]],[[[-3.07061679921957,59.3295746316166],[-3.05612542654123,59.327135094285],[-3.033325812087,59.3232929714052],[-3.02455534625839,59.3296867417093],[-3.01677301331256,59.3290520407201],[-3.00675547557586,59.3276085185529],[-3.00516275821134,59.3281042432261],[-3.00237492470089,59.3278764978823],[-2.97934295625036,59.3359057652009],[-2.975901819711,59.3540273285057],[-2.9543021798482,59.3591733456631],[-2.9499598313972,59.3564081163718],[-2.94469457899148,59.3486978222557],[-2.95255126602436,59.3463295017318],[-2.95560495212808,59.3460721835966],[-2.95551428441831,59.345436120994],[-2.96918383930456,59.3413131336237],[-2.95448064676214,59.338183166209],[-2.95370840008026,59.3327623048048],[-2.95540401069917,59.3278302192292],[-2.98359785715047,59.3256609371071],[-2.98911647215298,59.316520306521],[-2.98191195810779,59.317432188697],[-2.9713012072246,59.3174344029424],[-2.96035101688663,59.3103478064978],[-2.96028575506465,59.3094479145812],[-2.95916914730631,59.3095827080682],[-2.95636060640185,59.3077643811913],[-2.94156460866319,59.3110706778279],[-2.93966978580647,59.303281131341],[-2.91524450263834,59.2979854293577],[-2.90403318042151,59.303841862193],[-2.88263772799597,59.2858522096044],[-2.88088467925308,59.2661943418583],[-2.85483630098258,59.2672386592993],[-2.84548505164091,59.2571492934719],[-2.8380138184743,59.2477858403982],[-2.85410944912878,59.2502301081325],[-2.85915786302559,59.2512772552156],[-2.86708045648628,59.2436703605759],[-2.88297854963894,59.2283946219011],[-2.88203843482309,59.2321629148394],[-2.87832904950665,59.2435948453075],[-2.87452558568647,59.2553093160791],[-2.87627885371829,59.2552323361534],[-2.87621916015899,59.2554712828028],[-2.87784391217401,59.2551636004393],[-2.89099642829563,59.2545852178268],[-2.91207565385645,59.277140889107],[-2.96348899953632,59.2890733352958],[-2.95467117395029,59.279776210181],[-2.95640974202721,59.279058481492],[-2.95072752170529,59.2756163512662],[-2.9480889014087,59.2728324258888],[-2.9778700924506,59.2680112610401],[-2.98321468128708,59.259342091017],[-3.02462798329885,59.2776638554374],[-3.02492438043342,59.2778116294701],[-3.02313586016217,59.3051633210928],[-3.02593820105188,59.3066016150087],[-3.07061679921957,59.3295746316166]]],[[[-2.87665590569325,59.3343923355352],[-2.88468687591814,59.3252377975634],[-2.89670499034374,59.3305491545748],[-2.89724997857206,59.330082182671],[-2.89728045658102,59.3300950268248],[-2.89808101036333,59.3293700834878],[-2.90520404441782,59.3232650522417],[-2.9110999670473,59.3496291889676],[-2.87889524720687,59.3854296535602],[-2.86919470559108,59.3702906841868],[-2.87146377537884,59.3683803511151],[-2.88301344722948,59.3622259655108],[-2.88044195897929,59.3608191132103],[-2.88880121253143,59.3537755496097],[-2.87665590569325,59.3343923355352]]],[[[-2.38363682453925,59.3921133767896],[-2.37558901285132,59.385771221716],[-2.37232830362528,59.3822240575247],[-2.38136882215136,59.3807678369971],[-2.4043173286042,59.3803748396066],[-2.4062996278119,59.3767481440489],[-2.4096210070708,59.3762121935065],[-2.40814495381552,59.3733713381392],[-2.41107364736839,59.3680106490678],[-2.4018437149716,59.3612382470269],[-2.39879590926216,59.3553664391449],[-2.41960200865661,59.3478861390807],[-2.42042217499743,59.3476440270472],[-2.43030814507399,59.3574031982176],[-2.43830309755041,59.3570535389387],[-2.44863130127123,59.3574007441462],[-2.43242661155631,59.3863210535991],[-2.41102439012193,59.3897811124294],[-2.40393172163758,59.3846442900609],[-2.3980493261761,59.3868098384087],[-2.3977011054326,59.3866408405559],[-2.39664372195377,59.3873272180219],[-2.38363682453925,59.3921133767896]]]]},"properties":{"CTYUA23CD":"S12000023","CTYUA23NM":"Orkney Islands"}},{"type":"Feature","geometry":{"type":"Polygon","coordinates":[[[-2.03449605548557,55.8112090710434],[-2.0861230942702,55.793045271488],[-2.0856391490368,55.7620403330448],[-2.10764153175897,55.7598881506854],[-2.11763747623683,55.7387750010784],[-2.14429584165104,55.7392700694797],[-2.15057590272351,55.7231544083591],[-2.17668873824399,55.718689497621],[-2.16723105928948,55.7060351656943],[-2.21865916071879,55.6759071381416],[-2.21845272804607,55.6642602683354],[-2.24834586160377,55.6521497554078],[-2.23436858586757,55.6410421018837],[-2.30578970416838,55.6470437745825],[-2.33600510128162,55.6324814828842],[-2.3243105601635,55.6261659078181],[-2.30862602967662,55.628875977236],[-2.3160941125707,55.6204584689942],[-2.2892322950467,55.6037736967936],[-2.28881057092811,55.5803072667808],[-2.2403065059112,55.5556271692665],[-2.22884551551699,55.509518780902],[-2.2026492750732,55.489541288571],[-2.20133583318611,55.4752675207087],[-2.1655212321177,55.4683818989758],[-2.18807797549864,55.4621152753329],[-2.19485820047688,55.4445902852248],[-2.2312819124724,55.4284292928826],[-2.26061128927204,55.4329339989058],[-2.31325356259942,55.4067893351075],[-2.33562914471265,55.4082080643391],[-2.34494682160794,55.399313431888],[-2.33002052064065,55.381241567215],[-2.34623321175053,55.3730610542629],[-2.33752995734802,55.3671909676834],[-2.37891180668306,55.3491694380124],[-2.39924454089922,55.3481854415864],[-2.41499664354287,55.3589219038862],[-2.47539346393945,55.3547399208929],[-2.52026965851612,55.3230470920814],[-2.55900833851599,55.3178528230182],[-2.57336309653362,55.2968843981579],[-2.60923810323899,55.283248026502],[-2.62665606673464,55.262220938519],[-2.64677118121333,55.2600438638246],[-2.61145085823107,55.247134430211],[-2.63022898081735,55.2447914968204],[-2.63141420722149,55.2236980857955],[-2.666814789349,55.2215803908599],[-2.68978972314827,55.1889838768114],[-2.70347661666498,55.173173160778],[-2.7848482544576,55.1417914408718],[-2.82550257520544,55.1383140722935],[-2.82760794396969,55.124836869601],[-2.85854005901994,55.108348804226],[-2.86511730811265,55.1353255452338],[-2.896915650251,55.1466833574387],[-2.90475192065703,55.1736692525178],[-2.88818707824329,55.207866187521],[-2.86191648331556,55.2232859979653],[-2.86384243187307,55.2363516726036],[-2.92144508629688,55.2367219203893],[-2.90501284203659,55.2571839812638],[-2.88492562986709,55.2626915025129],[-2.89848771398977,55.28350300609],[-2.91705891142397,55.2774116105189],[-2.96208381296045,55.2902655914727],[-2.99592870711763,55.2690881089186],[-3.01016936821876,55.267434503021],[-3.01993404948694,55.2791423061253],[-3.04295623012406,55.2715324764142],[-3.05465508176776,55.2807246809147],[-3.0466407369118,55.2955147749679],[-3.09908486841795,55.3316818308551],[-3.10202573596958,55.3515866278303],[-3.10973300514061,55.3480302976934],[-3.12723912967875,55.3597407367974],[-3.17450266653972,55.3467916160941],[-3.17925368683582,55.3604677347508],[-3.21738963511234,55.3761343506854],[-3.30366358976735,55.3423631937935],[-3.32026011495569,55.349351578661],[-3.31548403562744,55.3665964646687],[-3.30383341051223,55.3688878894739],[-3.31167283667253,55.3796342859636],[-3.30276258854263,55.3937704795292],[-3.24358693141093,55.4276853595064],[-3.2796071652533,55.4352532179777],[-3.2934449004254,55.4309155039477],[-3.3109815014474,55.4448283555114],[-3.33162730278199,55.4410557815831],[-3.35432161636757,55.4125174509244],[-3.36232625951272,55.4169935868856],[-3.40140191436278,55.4080553495355],[-3.42048997647979,55.4159948481802],[-3.47212770910069,55.4037558971552],[-3.50737757990869,55.4122645139947],[-3.53956455534744,55.4431717910758],[-3.51847368544829,55.4737784876953],[-3.52217868947716,55.4902631409117],[-3.50442780202944,55.5124680450649],[-3.48660238064678,55.5170533035973],[-3.50341801939899,55.5474420118142],[-3.48847611551878,55.562667587575],[-3.52689025484855,55.5970144582313],[-3.5300180947502,55.6113973705599],[-3.4817119227095,55.6164258210047],[-3.48572658560372,55.649036794042],[-3.39697754342475,55.710656464274],[-3.39838405791581,55.716533424664],[-3.41920244730504,55.7105622272788],[-3.43954371737336,55.7240610979515],[-3.45605620160783,55.7636178648537],[-3.47163525325419,55.7709697393328],[-3.43940102980156,55.7845940409063],[-3.43552925907786,55.8054955797925],[-3.39476322800486,55.819739967744],[-3.36903649137681,55.8241085624945],[-3.34511943334963,55.7929725768002],[-3.29434913894252,55.7963019235111],[-3.29277620246339,55.7805618924238],[-3.2743687143918,55.7753471927435],[-3.23590666570241,55.7791229398313],[-3.22571014851978,55.7870246222203],[-3.21432837876847,55.783984472599],[-3.19559653618106,55.802123157665],[-3.18509418183617,55.8017395245818],[-3.18103856335367,55.7813409228216],[-3.16778532064345,55.7795186611304],[-3.17479560135035,55.7720459139925],[-3.15399506574788,55.7610597362977],[-3.16119800102085,55.748992481691],[-3.14399347680904,55.7400515929695],[-3.15112377185125,55.7255451517739],[-3.12826770688761,55.7103470908584],[-3.0918799860922,55.7221327428072],[-3.10337545962764,55.7371256488623],[-3.07525945236723,55.7597667772012],[-2.95162137210359,55.8189519788803],[-2.94107183057677,55.794560019784],[-2.9290012355493,55.7931584656207],[-2.90196293738135,55.8091558730771],[-2.88375329142728,55.8071991489518],[-2.87040933564897,55.8240959555949],[-2.84624367983483,55.8189607204974],[-2.77719751541064,55.8443004213203],[-2.7399212226309,55.8281864943857],[-2.6692640544235,55.846548512749],[-2.64323520319702,55.8409278547318],[-2.64842326298363,55.8336406997958],[-2.59417782145885,55.8286717696289],[-2.58133907054301,55.8454857260121],[-2.55488159558334,55.8390891969517],[-2.53451035536423,55.8609310611574],[-2.53346352521556,55.8712736995899],[-2.57002114803782,55.8921435518726],[-2.55452901319408,55.9000760462987],[-2.56271591642578,55.906633630628],[-2.55440434043717,55.9115231780834],[-2.50472323372926,55.9119301911649],[-2.46683858117374,55.8843657812966],[-2.36537763121481,55.9453643505252],[-2.33043714846333,55.9302499880696],[-2.32166984380544,55.9294590365612],[-2.25915625713184,55.9238002712005],[-2.22370024498545,55.9330029934507],[-2.17515880906874,55.9162215779066],[-2.13793525562245,55.9170054237387],[-2.13726776013124,55.915872444505],[-2.13270113350287,55.8935391794395],[-2.13453574299606,55.8917181119826],[-2.13206704793079,55.8904360802661],[-2.13195065866361,55.8898664310599],[-2.12965755172283,55.889184662597],[-2.10362176975716,55.8756543584696],[-2.09166188399422,55.8778784070705],[-2.09106435383754,55.8777004554224],[-2.08903315120814,55.8700196730914],[-2.07690339436692,55.8726280106266],[-2.06978037055692,55.8426830993819],[-2.05915897207927,55.8332150964423],[-2.03449605548557,55.8112090710434]]]},"properties":{"CTYUA23CD":"S12000026","CTYUA23NM":"Scottish Borders"}},{"type":"Feature","geometry":{"type":"MultiPolygon","coordinates":[[[[-1.62951880570356,59.5148207303232],[-1.6397563570944,59.5132179008172],[-1.65085210923399,59.5125401246018],[-1.65358557231322,59.5162996061281],[-1.65060371150671,59.5241123530804],[-1.64826864980869,59.5245709858402],[-1.64375576626019,59.5254572146415],[-1.63990679280536,59.5521094872088],[-1.60818176404003,59.5535406924033],[-1.61293915161192,59.5405296780754],[-1.61250726068766,59.5405040730381],[-1.61252451179741,59.5404520591703],[-1.59723852098294,59.5395979119689],[-1.60055095843825,59.5323927721542],[-1.61595906447091,59.5330996651372],[-1.60883351825675,59.5232403731531],[-1.6256939001018,59.526826671931],[-1.62951880570356,59.5148207303232]]],[[[-1.15952902211931,59.9933047198838],[-1.18158372092924,59.9924338706981],[-1.18809434261043,60.0080533820682],[-1.15952902211931,59.9933047198838]]],[[[-1.36350249748847,60.0304964280926],[-1.34482010994018,60.0273971144733],[-1.35123994342946,60.0193428280825],[-1.36350249748847,60.0304964280926]]],[[[-1.32321303999067,60.0840843439871],[-1.31202285900988,60.0908025263694],[-1.3011146416173,60.0962629309503],[-1.30078153340109,60.0952194125888],[-1.33689037721817,60.0403018610502],[-1.32415334170617,60.060620042894],[-1.32770079652644,60.0768719156387],[-1.32348910609389,60.083640764004],[-1.323482422771,60.083651505017],[-1.32857296635469,60.0808651273889],[-1.32889737302981,60.0823501701656],[-1.32220573993728,60.085702752279],[-1.32321303999067,60.0840843439871]]],[[[-1.34407308265607,60.059240883637],[-1.35754018154916,60.0498509404698],[-1.37029675137008,60.0413319404631],[-1.37684341012504,60.0490485387934],[-1.37736988910286,60.0496893681329],[-1.34471647475497,60.0590558941194],[-1.34471465190698,60.0590571556685],[-1.34394478556024,60.0593880607659],[-1.34350063763557,60.0598975546841],[-1.34332970603513,60.0600158776114],[-1.35149749272411,60.0723322556015],[-1.3560157515417,60.0793535586741],[-1.32602293451525,60.094921503583],[-1.3485542940918,60.106778743514],[-1.3391032682657,60.1062621472189],[-1.32112403343824,60.1051591678952],[-1.31586756102209,60.1183438113978],[-1.31342263308562,60.1128053965772],[-1.31013642360002,60.1052143904658],[-1.31858377290678,60.0917180196597],[-1.33021676895401,60.0816890173554],[-1.33083373398465,60.0795070367848],[-1.33267920305481,60.0783983122563],[-1.3317266086199,60.0763487426671],[-1.333782664601,60.069073671495],[-1.33403112119429,60.0692399939992],[-1.33515398703653,60.0678977809738],[-1.33411183427145,60.0679086424401],[-1.3346433259485,60.066027365215],[-1.3374221532889,60.0638757542625],[-1.34338624202283,60.059719602956],[-1.34323312519203,60.0594814161983],[-1.34407308265607,60.059240883637]]],[[[-1.36402206747885,60.1163577319189],[-1.37362254137175,60.1128980451777],[-1.36804732481029,60.1231573707058],[-1.36795997657581,60.1231711638421],[-1.36423345479221,60.1213479113608],[-1.35892713701982,60.1185115701612],[-1.36402206747885,60.1163577319189]]],[[[-1.33598991096349,60.1195473660867],[-1.34092927074925,60.1195421278583],[-1.35278592825121,60.1207426380161],[-1.35345543594742,60.1221194173854],[-1.34877328081589,60.1244399842849],[-1.33591624721893,60.1198276302395],[-1.33598991096349,60.1195473660867]]],[[[-1.30769391979184,60.1000307648316],[-1.31034843066287,60.0992368683678],[-1.30775230225105,60.1057140523059],[-1.2987314421527,60.1264243946951],[-1.28185753565995,60.1303377896489],[-1.27601577481942,60.1316918925627],[-1.28215598978664,60.1166113761489],[-1.28618279769777,60.1067136876154],[-1.30769391979184,60.1000307648316]]],[[[-1.35576160934454,60.1429511876667],[-1.36060770861095,60.1390551742428],[-1.36091913123563,60.1429761661418],[-1.36167173624926,60.1524481946053],[-1.3503814402847,60.1472752701822],[-1.35576160934454,60.1429511876667]]],[[[-2.05239187061484,60.1565535442282],[-2.04355980856898,60.1445068275161],[-2.03989946606301,60.1395114398425],[-2.04949702882527,60.1276706515145],[-2.06423033655833,60.1097416935431],[-2.0658950782271,60.110511118837],[-2.09352087759734,60.129064296428],[-2.11453457958721,60.1329666443604],[-2.11669275130961,60.1339618883131],[-2.11272742331029,60.1444660673128],[-2.11217957878143,60.1459167744085],[-2.07367065601231,60.1576837561077],[-2.05239187061484,60.1565535442282]]],[[[-1.00577527030946,60.1509803906614],[-1.00829953183011,60.1408073794025],[-1.0105500025212,60.1317323619195],[-1.02406188232975,60.1409240988108],[-1.03459708613006,60.1480863957827],[-1.03887236796628,60.1465894050372],[-1.04316471567968,60.1455318770676],[-1.03656004499267,60.1545524291676],[-1.00577527030946,60.1509803906614]]],[[[-1.08081867018107,60.18843155015],[-1.07436702976894,60.1654383930514],[-1.07631595891635,60.1625530770785],[-1.07351597700224,60.1624030208573],[-1.07238193675196,60.1583574440647],[-1.06578080102049,60.1619881551926],[-1.05734553511767,60.1615352024739],[-1.0510054982673,60.1696673551801],[-1.04544049867119,60.1663619121213],[-1.05633690081125,60.1411579214199],[-1.07291872331245,60.1027258960852],[-1.12233360879728,60.1199124542895],[-1.11811705752865,60.1415836889105],[-1.11727169910498,60.1459248188476],[-1.11336942758891,60.1492813235911],[-1.11623963225243,60.151223159969],[-1.11495577995965,60.1578116801516],[-1.11910990537632,60.1531647512874],[-1.14551460417037,60.171012286424],[-1.14797260124399,60.1728818466798],[-1.1297025710625,60.1843394638421],[-1.07885729748601,60.170899150038],[-1.07908385243147,60.1711975196094],[-1.07890419530301,60.1711508273929],[-1.08583175578703,60.1800817771464],[-1.09011687992048,60.1857210925024],[-1.08081867018107,60.18843155015]]],[[[-1.56851583335166,60.1937687500638],[-1.58790242912175,60.1907547055623],[-1.60384361546714,60.2000627367837],[-1.58888410718376,60.2077308417446],[-1.58414394495019,60.209522423267],[-1.58379774509673,60.2093788337062],[-1.56773621583851,60.1979305383497],[-1.56851583335166,60.1937687500638]]],[[[-1.4742532658539,60.3414240336275],[-1.47392555051108,60.3308097401769],[-1.46131888729553,60.3353564739925],[-1.43805768946095,60.3271764289541],[-1.45475248395937,60.3229748957015],[-1.46885850637655,60.3194223907065],[-1.47187814820667,60.3130772325614],[-1.47295567585264,60.3111204892631],[-1.48181215611488,60.3206552128663],[-1.48217615636502,60.3210582622177],[-1.47937939621864,60.3221612074798],[-1.46612700209498,60.3268414838087],[-1.46747788723741,60.3268532592801],[-1.46623107399037,60.3273446636029],[-1.49091638168337,60.3270553904057],[-1.4742532658539,60.3414240336275]]],[[[-1.39255088064201,60.3227051506312],[-1.39474373563923,60.3213594818394],[-1.39578458388982,60.3227199154833],[-1.40393941711936,60.3333744402094],[-1.38563874307071,60.3423296193404],[-1.3780079983298,60.3369839533658],[-1.37406141871182,60.334045540334],[-1.39255088064201,60.3227051506312]]],[[[-1.70372682323003,60.3286950088151],[-1.70591471740016,60.3273622198728],[-1.70614889291771,60.32918525731],[-1.71356352203959,60.3237828174524],[-1.71894341985841,60.3198615280362],[-1.73866414209063,60.3369117003204],[-1.71865880010623,60.3464019666128],[-1.70982535296641,60.3403808252896],[-1.70953807620673,60.3405027038854],[-1.70948033541601,60.3404653489483],[-1.69970336728524,60.3445121192682],[-1.69633223366676,60.3362205375333],[-1.69095601077378,60.3426011164952],[-1.68738137996489,60.3314501433557],[-1.6869044685631,60.3324546338942],[-1.68654539936873,60.3315550903218],[-1.68456795828177,60.3373749277916],[-1.68208647773658,60.3425988291535],[-1.67920519851148,60.3427384033646],[-1.66900098174677,60.3426933387851],[-1.66869575531407,60.3421431661974],[-1.67633534789397,60.3287832043452],[-1.66411392576281,60.3248204797759],[-1.66468476398456,60.3231881156688],[-1.70437227256109,60.3153495850764],[-1.70372682323003,60.3286950088151]]],[[[-1.02782457259105,60.3703450515342],[-1.04060144819948,60.3522223836563],[-1.04404644888284,60.3589099076625],[-1.04530571867884,60.3631711835962],[-1.02782457259105,60.3703450515342]]],[[[-0.913715374126717,60.3771863128971],[-0.927696115709008,60.3725470599621],[-0.978775524671221,60.3313810921588],[-1.00498283844781,60.3263882968885],[-1.03771542802802,60.3346565614551],[-1.03769830137932,60.3346735290189],[-1.0153531738399,60.3464894157468],[-1.02035479330172,60.3518456711785],[-1.00351297371511,60.3685014897562],[-1.00269277503323,60.3691632418546],[-0.975708468236446,60.3705017691514],[-0.962597604728603,60.3826827492403],[-0.936158304808403,60.376705178271],[-0.934613468618728,60.3772535976773],[-0.934350627051096,60.3771960926578],[-0.933373082321683,60.3776939116167],[-0.913463202589665,60.3847583413394],[-0.913353364184973,60.3847972973111],[-0.900188850255512,60.3816721891457],[-0.913715374126717,60.3771863128971]]],[[[-1.39056721333457,60.3787275850419],[-1.38696837286617,60.3771486531516],[-1.38779550699795,60.3778577481623],[-1.38243478049867,60.3761751147081],[-1.37874925141435,60.3678058277668],[-1.39193663929593,60.351457899503],[-1.43168714796025,60.3451272175747],[-1.43340287151667,60.3457202668904],[-1.43319282172099,60.3456954437216],[-1.43382460763189,60.346349092849],[-1.43472967737106,60.3461788540126],[-1.46341544040945,60.3560872293218],[-1.47564684180596,60.3743091774136],[-1.45819157419678,60.3738404838489],[-1.44922381309939,60.3866460351331],[-1.43001224067857,60.3900052668858],[-1.42777762983277,60.3903951441251],[-1.39056721333457,60.3787275850419]]],[[[-0.757053714898748,60.4230801655846],[-0.756020195513152,60.4222767712663],[-0.754607106355268,60.4188189741674],[-0.770460136257082,60.4198872530308],[-0.776231411084279,60.4204949903387],[-0.798964221906661,60.4099945869658],[-0.759565925477509,60.4310000870027],[-0.75754176009591,60.4260494377395],[-0.75947727108848,60.4250472870108],[-0.756831321069545,60.4242019867047],[-0.757053714898748,60.4230801655846]]],[[[-1.15540958710525,60.4749773436615],[-1.14156397478244,60.4619772883968],[-1.16268231141894,60.4662731672148],[-1.15540958710525,60.4749773436615]]],[[[-1.22608499031318,60.5186971338343],[-1.21965834019521,60.5106058555682],[-1.23538856833418,60.5150110320862],[-1.22608499031318,60.5186971338343]]],[[[-1.41715280407136,60.6168681794934],[-1.43770670004128,60.6164362869243],[-1.42957313955184,60.620129116086],[-1.41715280407136,60.6168681794934]]],[[[-0.971115356320347,60.6094311058053],[-0.980121492649897,60.6029588163493],[-1.00189768477401,60.6062834962978],[-1.00184106796984,60.6059966332442],[-1.00196997771718,60.606014651372],[-1.00300107235416,60.5977806008155],[-1.00574334382452,60.5980706952891],[-1.01032549878112,60.6004232594658],[-1.00516632785859,60.6093279769167],[-0.991158217666313,60.6189764932883],[-0.988221509659948,60.6190029482063],[-0.971115356320347,60.6094311058053]]],[[[-0.866312984309271,60.6326800323789],[-0.831506298284225,60.6281785772556],[-0.824968291456545,60.6069168163341],[-0.818167544470579,60.6018321266053],[-0.809956946972687,60.6057426931073],[-0.809006243759133,60.606190872781],[-0.808073073940776,60.5989284923794],[-0.807850263022526,60.5991181160625],[-0.807835674643434,60.5990278443921],[-0.79311106633237,60.6116561168223],[-0.791686651323511,60.612867200236],[-0.773888462612545,60.6148171323873],[-0.770837233723987,60.5923592293217],[-0.801031324884241,60.5682576092238],[-0.830962897543133,60.5883414951868],[-0.83149156624233,60.5881582568916],[-0.831497840433017,60.5881623523691],[-0.840043131127356,60.5851936779915],[-0.84652171246356,60.5829470120566],[-0.84664995518348,60.5830483578472],[-0.859672531383872,60.5936092054644],[-0.890911058078351,60.5929178999221],[-0.8966833769564,60.5869424025489],[-0.895069546342509,60.586145398907],[-0.895086572996534,60.5861255725332],[-0.88772217702208,60.5825160896799],[-0.860045908151401,60.5688337867839],[-0.894047293408765,60.5628338092275],[-0.90711325726055,60.57430164563],[-0.947976643650568,60.6101062481584],[-0.936260922756832,60.6307939405058],[-0.909561761357222,60.629789018921],[-0.905350918310926,60.6264838828908],[-0.897634030083695,60.6204247517789],[-0.866312984309271,60.6326800323789]]],[[[-1.49730807770497,60.453273713104],[-1.50721453104796,60.4605039560379],[-1.5067327504907,60.4604895892329],[-1.50734849080967,60.4606535240964],[-1.50736809074067,60.4606160011081],[-1.51517228498515,60.466309113404],[-1.49378127901115,60.4763306187552],[-1.49636209390791,60.4841193764801],[-1.49813513390785,60.4839145746574],[-1.49821178991609,60.48404831568],[-1.5348716423522,60.4796652773616],[-1.53752946742445,60.4793574088925],[-1.55433589202443,60.4906855740243],[-1.5712414873329,60.476414233421],[-1.58507075391236,60.4817516920281],[-1.61278029784699,60.4734636947402],[-1.62651534225745,60.4826521549489],[-1.63300968069953,60.4872350259968],[-1.61072715974427,60.5088615967339],[-1.58316865986146,60.5086365409509],[-1.57692524431742,60.5029928812408],[-1.57673223166468,60.5028183735505],[-1.57470245756601,60.5008111172085],[-1.57455869147571,60.500853062537],[-1.57377499428493,60.5001443766116],[-1.56554750576606,60.5029565970561],[-1.56171145232952,60.5042674518323],[-1.57860269916852,60.509147473124],[-1.56563636940495,60.5152751229],[-1.56646594359546,60.5378062051946],[-1.53349167044663,60.5562883656734],[-1.53214492877286,60.5541077630449],[-1.51833298189504,60.5316977311323],[-1.46757437832802,60.5102471134942],[-1.44465868884574,60.5037926171663],[-1.3939832703956,60.511978490128],[-1.39402350559328,60.5119780600162],[-1.39400275816144,60.5119812890443],[-1.39508143952387,60.5119667494083],[-1.45546550951411,60.5113072483843],[-1.46236355957993,60.5154779134675],[-1.49747004562165,60.5371379486146],[-1.49720285735359,60.5386027640282],[-1.48201729026038,60.5528082871602],[-1.43456450191882,60.5737832231381],[-1.43607506211527,60.5757980728162],[-1.44401604406134,60.5887559094756],[-1.41918495206634,60.6020328545652],[-1.42062680731728,60.6021427464578],[-1.41856383910364,60.6032269823654],[-1.43477493727314,60.6032201947189],[-1.43478900923681,60.6032212659586],[-1.43198669653739,60.6055902516918],[-1.42116819612286,60.6146756173882],[-1.37526551977591,60.6058429914717],[-1.34967219817164,60.6099753481113],[-1.33285826850678,60.5996512987353],[-1.34894488580235,60.6191706811375],[-1.34443395381052,60.6267682869821],[-1.34368069792997,60.6276195727027],[-1.32960252418951,60.62167971035],[-1.32809305011473,60.622861738378],[-1.3271010593949,60.6225467368484],[-1.30881681941194,60.637637746077],[-1.30431974493083,60.5951612704431],[-1.31894107705022,60.5833173977571],[-1.33568490149107,60.5833129387516],[-1.31376497835525,60.5710905866744],[-1.31559237294718,60.5411493507988],[-1.34132675748063,60.5367647300083],[-1.35316213067645,60.5417320484428],[-1.36685668570764,60.5264404584205],[-1.32374292985827,60.5254885235071],[-1.36269867521911,60.5169586220867],[-1.33762978630383,60.519471872497],[-1.3241034566253,60.5105554067881],[-1.34404752657354,60.5030654417476],[-1.34356880001902,60.5020511576671],[-1.33736462344802,60.4889004161513],[-1.35674159119424,60.478958551268],[-1.33211605389005,60.4782766270189],[-1.32732873678973,60.4950519341158],[-1.31040986587337,60.4955178955613],[-1.31152902027818,60.4821991652967],[-1.33112810115564,60.4784602426493],[-1.32016142665464,60.4517032049349],[-1.33432367985001,60.44806850816],[-1.33795338268293,60.4500075205426],[-1.33836150327228,60.4519503619089],[-1.34953231112816,60.4561908651777],[-1.33956684653678,60.4508693386027],[-1.3636491049672,60.4292534815323],[-1.35595628602559,60.4133464736818],[-1.37079695838188,60.4143645002159],[-1.38371564880308,60.3974996052449],[-1.37524025068368,60.3937418441343],[-1.32766655009698,60.4109524217005],[-1.34674728153024,60.4135531469308],[-1.3303767635796,60.4371538441874],[-1.29545403096491,60.4438915484026],[-1.2817820428723,60.4365808401808],[-1.27740878105243,60.4481990086753],[-1.27487708108035,60.4474720204977],[-1.26012784774441,60.4432350990195],[-1.27478736885932,60.4515139670307],[-1.30428574772093,60.4681553394053],[-1.28036788905607,60.4877140056963],[-1.27406736167342,60.483842363282],[-1.26179014372492,60.4762945741043],[-1.22881877422053,60.495045291118],[-1.20318328218572,60.4783206279709],[-1.20822112268748,60.4563839146326],[-1.18893711220688,60.4642055716982],[-1.1822852506348,60.4618909523684],[-1.17702919080292,60.4544746100749],[-1.17687265433902,60.4536271695468],[-1.20284152537328,60.4452331146612],[-1.16735874078817,60.4419874345516],[-1.19442084284024,60.4316433668173],[-1.19378929142572,60.4317043522987],[-1.19381720466708,60.4316939527726],[-1.19219020981534,60.4318587529316],[-1.17323893300333,60.4336870296761],[-1.16752013969804,60.4201147187985],[-1.18906959163773,60.4229145331821],[-1.19531829027104,60.4315164968268],[-1.1996978382415,60.4292061018043],[-1.25755089876107,60.403048413409],[-1.24047284155965,60.4076727707342],[-1.25907566857297,60.3978348006609],[-1.19409409080056,60.4199036112399],[-1.19346284206037,60.4191743432875],[-1.19087410095782,60.4137815723868],[-1.19556355620527,60.4119743400886],[-1.22550740488827,60.4017688408215],[-1.21710431398748,60.4036681996212],[-1.22137056691678,60.4020222031663],[-1.16986116742688,60.4143325106386],[-1.16956183216206,60.4144000049862],[-1.16393750760578,60.3774267917945],[-1.16383285060079,60.3776444637833],[-1.16381250188749,60.3775137325525],[-1.16289376356688,60.379597499141],[-1.15144051890786,60.4033973907585],[-1.13725740493778,60.4039469816395],[-1.12176242258856,60.4043852321866],[-1.13687192496163,60.4119204308444],[-1.11899212273504,60.4290879711891],[-1.11080400823932,60.4154664020344],[-1.11052436227325,60.4157361277323],[-1.11022907214372,60.4152425764217],[-1.07650817732861,60.4415955471048],[-1.05105171830771,60.4495775300864],[-1.05090784895145,60.4496050930976],[-1.04985609191969,60.446378976799],[-1.05340290141333,60.4366484825779],[-1.10385740188062,60.4058973084078],[-1.12100998916258,60.4015895629368],[-1.13963820140066,60.384042442771],[-1.14136388801501,60.3829874065614],[-1.14079930963064,60.3829480034659],[-1.14098869087631,60.3827694884767],[-1.13361757237076,60.3824465601922],[-1.12725966059898,60.3820022994798],[-1.1277448295683,60.3786183570737],[-1.12939067995054,60.3697570160054],[-1.12894107675076,60.3702717722992],[-1.12906892245773,60.3693794917257],[-1.10792545798777,60.3938972629776],[-1.08433647122395,60.3898990131222],[-1.07523040781159,60.3883021629017],[-1.07549959770128,60.3567350259402],[-1.11818359110607,60.3453113057453],[-1.19353459800874,60.3530361137802],[-1.18391366019074,60.3497532261771],[-1.17025797100028,60.32841724429],[-1.16857412155955,60.3221364845766],[-1.15596389911549,60.3378589768058],[-1.1559613396872,60.3378607994878],[-1.13592162173318,60.3212868061342],[-1.13395785759572,60.31966159612],[-1.13383104810557,60.3212731957858],[-1.13370086237493,60.3229275214872],[-1.12646683289799,60.3262419066043],[-1.10926479073069,60.3231834926736],[-1.10712599401356,60.3219495137944],[-1.10445886001562,60.3223285292856],[-1.09891385948865,60.3213418161427],[-1.08828200836706,60.3246260211499],[-1.08499706987218,60.3250922790811],[-1.08718109456343,60.3209610690118],[-1.0927206595068,60.3104777562969],[-1.08160051314079,60.3049406586232],[-1.0873768700839,60.2995581819907],[-1.09751521040268,60.300641457722],[-1.11638407603347,60.3028648639053],[-1.15989455851951,60.2807137169943],[-1.14776697934387,60.2804462894517],[-1.14340796252062,60.2802794780789],[-1.14571544561396,60.2736476144955],[-1.14599973634297,60.2736290412669],[-1.14809268294248,60.2651937936292],[-1.14538113255617,60.2733317229696],[-1.13238547959254,60.2743154875355],[-1.13213318934832,60.2739817417808],[-1.13192786708068,60.2743501048526],[-1.11297215827247,60.2757826642961],[-1.1083880168795,60.2760809403104],[-1.1170882400178,60.2710900044801],[-1.11335371629045,60.2681573772801],[-1.11125453059996,60.2662293185129],[-1.11097873098121,60.2662920352637],[-1.11050382194998,60.2659190065316],[-1.10105352611477,60.2685484778203],[-1.09636383805681,60.2696142811694],[-1.10210851618792,60.2589800483135],[-1.14408093005491,60.2594507805283],[-1.1544419253715,60.2467762708009],[-1.15401106528361,60.2468558302921],[-1.15405860972648,60.2467982447104],[-1.14059830707183,60.2491126591667],[-1.14251225691589,60.2484148592647],[-1.1714528105248,60.24028364036],[-1.17804142546436,60.2525081778777],[-1.16684380190459,60.2590188503415],[-1.16498849001993,60.2599541179983],[-1.16521578436098,60.2599651217644],[-1.16490959180284,60.2601430848026],[-1.16692151129759,60.260047683954],[-1.18997741838233,60.2611611634744],[-1.19937290905007,60.2701754565556],[-1.21033809716716,60.2659836590115],[-1.19376100632206,60.2457371448103],[-1.19365152242877,60.2453824875484],[-1.23142036069989,60.2300251524735],[-1.18514147945072,60.2323210159402],[-1.18532731424515,60.2321390293282],[-1.22200649558098,60.1987824997007],[-1.21721161760438,60.2008811003034],[-1.21748060421203,60.2006171099237],[-1.20746297955912,60.2051464623567],[-1.16814613915454,60.2223303158806],[-1.18070123943979,60.2122248963197],[-1.18095929854198,60.2120242112634],[-1.18095345586805,60.2120218155268],[-1.18089448952517,60.2120055382566],[-1.16994759599011,60.2088506824361],[-1.18739359620107,60.2041627740211],[-1.19179754523184,60.1994831728243],[-1.21799056291052,60.1734678291474],[-1.21481249282507,60.175002977268],[-1.21887580706952,60.1706767319257],[-1.15400578503178,60.2038959679453],[-1.15524112703784,60.199362600909],[-1.15607624942359,60.1969161409851],[-1.15687707530537,60.1964801570627],[-1.15614239590412,60.1967223513334],[-1.15876270135085,60.189043729646],[-1.15805325141647,60.1890380757312],[-1.15806025927855,60.1890123365913],[-1.15787114438751,60.1890366239187],[-1.14497116207827,60.1889330836537],[-1.16061716319601,60.169090716301],[-1.16321795899641,60.1658722917718],[-1.16317243493631,60.165847630671],[-1.16321682849419,60.1657912807627],[-1.13291700309642,60.1494463466025],[-1.13198294419687,60.1489396293146],[-1.13681432700535,60.1446763874215],[-1.1374516782373,60.1441631256174],[-1.15028774783489,60.1468094247563],[-1.15965060081745,60.148782238143],[-1.15964137890909,60.1487367281406],[-1.15973859859561,60.1487567552281],[-1.1582848087613,60.1418448411452],[-1.15720642293126,60.1367160082023],[-1.15557761792122,60.1286705667317],[-1.16228796506281,60.133646397746],[-1.17217304896609,60.1410661720201],[-1.17218384981315,60.1409810901366],[-1.17252682189219,60.141235225464],[-1.1751212522934,60.1191157555627],[-1.20386841508373,60.1306531630833],[-1.19940501050244,60.1064597621326],[-1.20549710830901,60.1049412725634],[-1.22605707215355,60.1002894664311],[-1.20690430311386,60.0898317446795],[-1.21722357131623,60.0739694786039],[-1.1997804723332,60.0572356919494],[-1.20351991735574,60.0478393037388],[-1.2034983218218,60.0478348806375],[-1.20363322803202,60.0476819466239],[-1.17156542965606,60.040675856185],[-1.17446855158319,60.0351132424159],[-1.20058079507721,60.0352356955959],[-1.20774044214794,60.0356214620961],[-1.20871835402124,60.0440634261518],[-1.20841610646152,60.0450652888526],[-1.20876742986611,60.044487016773],[-1.20900781513939,60.0465616688854],[-1.21079154821863,60.0411549487128],[-1.2147661340787,60.0346098801617],[-1.23316161323494,60.0331083296705],[-1.2327799086381,60.032112587724],[-1.23327296166789,60.0320909265238],[-1.22729818743885,60.017805996455],[-1.22337173185658,60.0075507705095],[-1.19803564506804,59.9909497361131],[-1.19810177855963,59.9909385909861],[-1.20851710182555,59.9892454043253],[-1.20850382925743,59.9891851308678],[-1.20867335754619,59.989156545371],[-1.20481380802652,59.9724000242785],[-1.22072579756882,59.9949817978337],[-1.2332555065989,59.9820525607649],[-1.23416183365095,59.9811230648974],[-1.24026070234697,59.9861814537106],[-1.25247294482192,59.9964839881442],[-1.25256434879375,59.9963804650648],[-1.25287745267778,59.9966399125304],[-1.25987379380298,59.9889166634508],[-1.2769460208302,59.9906306667405],[-1.27650957744978,59.9900080691335],[-1.27752440187086,59.9900797957573],[-1.26722948649066,59.9766025227778],[-1.25742481032981,59.9763845466086],[-1.25407229506788,59.9762987785388],[-1.25407662094763,59.9762546246539],[-1.26328208946111,59.9650401026389],[-1.25593151678527,59.9573127723467],[-1.25626816570084,59.9538727154243],[-1.26504016727511,59.9511911195094],[-1.25801834547562,59.9359769474053],[-1.25801850338218,59.9359753238872],[-1.27158572857711,59.9204228402528],[-1.28636581174175,59.9216582760849],[-1.29203454877473,59.922131655092],[-1.28642930805928,59.9187077502214],[-1.27510343043013,59.911786484152],[-1.26924156057398,59.908142780229],[-1.27197780263723,59.8856929323873],[-1.28715668797712,59.8847451852578],[-1.30041184160527,59.8839160855691],[-1.29774447910794,59.8837565606882],[-1.29840548343532,59.8837088077437],[-1.28496376561576,59.8829914248108],[-1.28004624246666,59.8826966950291],[-1.28360861873276,59.8726176359338],[-1.27832556390156,59.8736654052986],[-1.26866613117174,59.8755669004079],[-1.26879310413456,59.8752025074812],[-1.27768019001416,59.8533855178427],[-1.28758216427875,59.8648324087353],[-1.29658104580813,59.8752278668398],[-1.29683602818436,59.8755448268828],[-1.29684551347254,59.8755332713091],[-1.29696029227437,59.875665815836],[-1.31125873196507,59.8579639752661],[-1.31346749059234,59.855269772297],[-1.31221818472829,59.8598824734777],[-1.31218133276763,59.8599208217196],[-1.31220996048785,59.8599128337254],[-1.30631573894811,59.8816578522478],[-1.31888324836511,59.8975243132502],[-1.34440853643988,59.8970492928835],[-1.35018801647469,59.8834245007237],[-1.35865372658265,59.892849544533],[-1.37998547311207,59.8889797741138],[-1.37998248970954,59.8890004919788],[-1.38002468236719,59.888972657138],[-1.38163334648499,59.8886806532871],[-1.39034176771884,59.9087103655088],[-1.39025122377863,59.9088570885899],[-1.39043371182462,59.9089217110326],[-1.39226934918801,59.9131405588023],[-1.39178443045606,59.9132684592875],[-1.36409774277497,59.9201116183076],[-1.36411112563625,59.9205628739425],[-1.36354361655779,59.9207123689878],[-1.3641032953119,59.9458144700669],[-1.34505302590119,59.9423364447847],[-1.34347495726207,59.9464177914571],[-1.32997850520554,59.9465195381621],[-1.33011268402438,59.9480943115353],[-1.32918941434783,59.9480142149602],[-1.3310704825413,59.9632417998072],[-1.33178988088879,59.9690618279697],[-1.35872278714624,59.9693653686288],[-1.36132854923365,59.9694319565171],[-1.35473069883032,59.980649433484],[-1.35449612871445,59.9805688432349],[-1.33065816606466,59.9718029246843],[-1.33109017076896,59.9725233060659],[-1.3301605177963,59.9722035832206],[-1.34691594150914,59.9989021667178],[-1.31755118080138,60.0127664916409],[-1.30917408450536,60.0416058311046],[-1.30407379052151,60.0587257836268],[-1.28284904491246,60.0847298695279],[-1.27191297702446,60.0981110759246],[-1.2667449578844,60.1374222917413],[-1.26708886956451,60.1423460046418],[-1.27076134189373,60.1339832718258],[-1.28178679826463,60.1335892926645],[-1.30559356200072,60.1327354312459],[-1.29520819664144,60.1426434470807],[-1.29052177567493,60.1471122534118],[-1.29081779338509,60.1471616295914],[-1.29069462883291,60.1472810905752],[-1.29161207356852,60.147294113371],[-1.30234063969029,60.1490830357951],[-1.28350412893733,60.1955501514802],[-1.28528461154646,60.1952695772701],[-1.28500586331918,60.195992836821],[-1.28566470423269,60.1952096776233],[-1.29701297302426,60.1934206796753],[-1.31588677883666,60.1592405559944],[-1.31605235556328,60.1590432559315],[-1.31817063466893,60.1717482630871],[-1.28604733479623,60.2127951453759],[-1.26725457914102,60.236583013712],[-1.26914912083619,60.2343428295604],[-1.26461464963578,60.2401197301642],[-1.2798550329784,60.222027562209],[-1.32842031969435,60.1642282897804],[-1.32836875187698,60.1643554583387],[-1.28983851100826,60.2545776070755],[-1.3293611467107,60.2176854675326],[-1.34757224627636,60.2007563902539],[-1.36893886326601,60.2347454430531],[-1.36742305834151,60.2398517754905],[-1.35224100161993,60.2377134072925],[-1.3526407935646,60.2383901562391],[-1.35248087138039,60.2383700411227],[-1.35623098332761,60.2449735320683],[-1.35657004605783,60.2450398635372],[-1.35695198631204,60.2456860930209],[-1.3864510242373,60.2513308336943],[-1.38716189672359,60.2463155650967],[-1.390897860281,60.2450381095757],[-1.39610597386401,60.2453924174257],[-1.41102537338969,60.2549896558832],[-1.41294068108589,60.254988191319],[-1.41801179318566,60.2590166895331],[-1.43505196174299,60.2549898492526],[-1.42201929671771,60.2508916010029],[-1.38888890589809,60.2353729585808],[-1.37651348631097,60.2365637713007],[-1.37635370326818,60.2365134128684],[-1.37112394647519,60.223042929841],[-1.36097708552838,60.1946561106838],[-1.37304216697992,60.190061654631],[-1.37333231536489,60.1899789044308],[-1.368674138281,60.2098160101741],[-1.38971100946931,60.2016804930109],[-1.39450940855504,60.1998842544605],[-1.3971633583426,60.2189616360392],[-1.39763312981045,60.21457001938],[-1.39816679880296,60.2172352636231],[-1.40091783798067,60.1838296149308],[-1.40141819125283,60.1791415278682],[-1.42225414352222,60.1647444563029],[-1.43876724210639,60.1721826876134],[-1.43870719703952,60.1758611409842],[-1.43813052347008,60.1873929088055],[-1.43852965097989,60.1867309309783],[-1.43849637159767,60.1887672061876],[-1.45608318504853,60.1575894377318],[-1.46268875983334,60.1466091449403],[-1.46985738691899,60.160309969272],[-1.49929506829044,60.1634480969425],[-1.51057588338283,60.164703398433],[-1.5118802655107,60.1830902727043],[-1.51498955838212,60.1824080881894],[-1.53467341975117,60.1798925738031],[-1.5419571076576,60.1838570466485],[-1.54641421482603,60.1888173982844],[-1.5429171090383,60.2042483110397],[-1.48737014082062,60.2045286313196],[-1.4843509098774,60.2040592018803],[-1.50268614864764,60.2082468312225],[-1.50415202071777,60.2085902612212],[-1.46882931910633,60.2219015158709],[-1.506669834544,60.2152285265739],[-1.50550396949187,60.2284368126914],[-1.4913920014171,60.2307747658587],[-1.49389556892559,60.2309485271344],[-1.49308904176735,60.2311187695158],[-1.51032859307526,60.2320878534928],[-1.51571867133899,60.2324610952088],[-1.51132223992711,60.2420275670655],[-1.52816795329966,60.2455585915834],[-1.53265581944944,60.2469688851435],[-1.53256480544774,60.2464797369208],[-1.53417528237308,60.2468170842569],[-1.53039745672843,60.2338090661045],[-1.52047753515086,60.2308916293416],[-1.51482525259505,60.229078935134],[-1.55409535125684,60.2015273657351],[-1.55671046236755,60.2020497592808],[-1.5508495613531,60.220864705218],[-1.56379718801896,60.2288291581961],[-1.56471249045237,60.2280135572291],[-1.56528129787434,60.2283409834521],[-1.57046797720593,60.2228839128821],[-1.57459202718717,60.2192071568037],[-1.61211068587724,60.2201123252944],[-1.59781232831343,60.2105970894906],[-1.60236166732556,60.2098716985451],[-1.62530491998159,60.2073994991899],[-1.64092492621596,60.2147974755523],[-1.65179737533699,60.2199438546703],[-1.64079099896329,60.2271368734987],[-1.6372578575828,60.2294450297784],[-1.64077229852263,60.2288478691834],[-1.65494180757281,60.2264390747737],[-1.65631653038096,60.2267411359676],[-1.69009510508448,60.2346996864411],[-1.69792252461735,60.2472291720949],[-1.69266081573994,60.2502314778213],[-1.68663940751045,60.2536462325989],[-1.68667043748246,60.253648632084],[-1.6864675526748,60.2537643481902],[-1.70323616035147,60.254928907217],[-1.68019174404693,60.2770666487787],[-1.68097157376254,60.2775062271175],[-1.68054486079258,60.2779384389775],[-1.68743976529004,60.2811516244726],[-1.70221398324316,60.2894739734071],[-1.70119142269009,60.2902384457855],[-1.67099198321245,60.3036076374092],[-1.65691050238359,60.3059579043353],[-1.63992388721545,60.3062790691174],[-1.60328078482672,60.3069644582154],[-1.60138398640546,60.30690149509],[-1.59403337828993,60.3020111570061],[-1.57309592906059,60.2875412349849],[-1.57322792087681,60.2881592426656],[-1.57220154781434,60.2874755159808],[-1.57425887521868,60.2929855356037],[-1.57582482256708,60.3003137315541],[-1.56976373379451,60.294771985226],[-1.53606577718998,60.2922615158007],[-1.53692492401023,60.2930723526137],[-1.53623031782163,60.2930333719977],[-1.55047711448265,60.3058565598507],[-1.55063374403147,60.306004247559],[-1.50543740147693,60.3194990183322],[-1.50356081333253,60.3165858975933],[-1.47798384198548,60.274461067091],[-1.45927923326806,60.2888601035115],[-1.45993791699221,60.2888569173701],[-1.45973789175181,60.2890146092086],[-1.47905657486123,60.2904496906228],[-1.48799530790928,60.3067703107703],[-1.44494273553506,60.2973058656512],[-1.44509839157093,60.2973650966156],[-1.44455660099762,60.2972458895687],[-1.4661621145374,60.3054674156917],[-1.43817464682302,60.3090469736994],[-1.4608381210514,60.3129808475013],[-1.43725756631269,60.3243652270437],[-1.42698835198106,60.328659481907],[-1.4203255087389,60.3175167171506],[-1.41895236581975,60.3150609301166],[-1.41132998720458,60.3203134858907],[-1.38768821588799,60.3137242775017],[-1.37534262809614,60.2850076561922],[-1.37505443447778,60.2855548284946],[-1.37451801715393,60.2843515471304],[-1.36626867287848,60.2994755149253],[-1.33913649038233,60.3011177079589],[-1.3523425177341,60.3029236165752],[-1.34977031717448,60.3034929325932],[-1.36828569419753,60.3107346933474],[-1.36987637598816,60.3132574307419],[-1.37023160719588,60.3295567736263],[-1.35817616470745,60.3426252996358],[-1.35474741940572,60.344283504398],[-1.33875682709491,60.3336364260444],[-1.33060788779952,60.3374332144731],[-1.33995783637035,60.3596327589974],[-1.30035863483765,60.360643063324],[-1.27701646979041,60.351012240207],[-1.27109571082429,60.3485678223739],[-1.26153259354684,60.351308393631],[-1.27685462438764,60.3583083543523],[-1.30199431940355,60.3697832640603],[-1.3640287036413,60.3693360008171],[-1.36152270272809,60.3711656178292],[-1.34369160580073,60.3826933167737],[-1.35349699064214,60.3954402083183],[-1.37769686299764,60.3768240047952],[-1.40499945702396,60.3837813400196],[-1.40873310783353,60.393243170885],[-1.40967394718281,60.3956667975911],[-1.38542571246245,60.397754408543],[-1.41575595171079,60.4044631214209],[-1.40771944467737,60.4139760267085],[-1.39090959251659,60.4085864203822],[-1.39022875382264,60.4083615222071],[-1.39924682343005,60.4193306376064],[-1.45274723748424,60.4160224279768],[-1.44935174749122,60.4442999093578],[-1.43412417434967,60.4480858318808],[-1.42225768895874,60.4508121399567],[-1.42306045124581,60.4508348835635],[-1.42182433325513,60.4511419413482],[-1.46528841946486,60.4521188278001],[-1.46443805244049,60.4646094409552],[-1.43036758482186,60.4710096245643],[-1.43539194295833,60.4705318259372],[-1.43208297389336,60.4712009861145],[-1.46463060499527,60.4693414183417],[-1.45369031323534,60.4898808829141],[-1.45758253920936,60.4882827372065],[-1.45657445167227,60.4901471764139],[-1.48313451706804,60.4777844160709],[-1.48857323330313,60.4755483875705],[-1.48832488238251,60.4753668067817],[-1.48851380224988,60.4752788003126],[-1.48320887962269,60.4716257108824],[-1.48077169340194,60.4698431390912],[-1.48130992364506,60.469263939387],[-1.49730807770497,60.453273713104]]],[[[-0.876604828662933,60.6710673600456],[-0.88615843551265,60.6600837966967],[-0.906498502934442,60.667846897555],[-0.918737055804154,60.6729222153867],[-0.908299485676289,60.6787532410218],[-0.887084860749709,60.673905792743],[-0.876604828662933,60.6710673600456]]],[[[-1.0039185835634,60.7088493528109],[-1.0055454600967,60.7084977881904],[-1.00461305662236,60.7097344524964],[-1.0039185835634,60.7088493528109]]],[[[-1.11695048094824,60.7290720137291],[-1.11742730697287,60.7287339670932],[-1.11761773760159,60.7290734956558],[-1.1172522507668,60.7291519048291],[-1.11695048094824,60.7290720137291]]],[[[-1.01032524915003,60.7238534838524],[-1.01100198232562,60.7229329727589],[-1.00974787067864,60.7230009264237],[-1.00996671404535,60.7237589295259],[-0.999777270698174,60.7210711142288],[-1.00938717761469,60.7129231434424],[-1.0053854091789,60.7106851411678],[-1.00640022537063,60.7088237660265],[-0.987633411657483,60.7007521243458],[-0.98678687178879,60.7002782365288],[-0.98764964618335,60.7003216697133],[-1.00665032441321,60.7023168258501],[-1.00356729617461,60.7011219642462],[-1.00793454948058,60.7013412003529],[-0.994815911412343,60.6977030492709],[-0.992562046971593,60.6794459094608],[-0.989503465882723,60.6546364447327],[-0.997259336491272,60.6500110704272],[-0.999548223274407,60.6490810448713],[-0.983232783309907,60.6383043841517],[-0.994172390348923,60.6344247907547],[-0.998444392514139,60.6334460055002],[-1.03226259492768,60.6428341359136],[-1.03505264908229,60.6447738582762],[-1.06903906336701,60.6715846635804],[-1.06651779590882,60.6666289316809],[-1.0670200161499,60.6669774630582],[-1.06633246626195,60.666264591936],[-1.05386358096321,60.6417320524114],[-1.03507730981676,60.6338208513308],[-1.01949181188576,60.6176154151493],[-1.0192090473691,60.6167187613139],[-1.02892810573513,60.6108031538947],[-1.04625903280259,60.6005416282316],[-1.05783130617582,60.6056307199493],[-1.07001685548862,60.6113382488824],[-1.0911191211171,60.6044587844962],[-1.03151587131466,60.5973603356862],[-1.02945992028269,60.5869432558956],[-1.01793031734589,60.5907560827252],[-1.01768269486554,60.5824297971229],[-1.00305400110559,60.5810903455521],[-1.00572747218344,60.5655148328446],[-1.02415649867161,60.5612192377142],[-1.02080801946587,60.5571976575031],[-1.01434752772912,60.5487819343292],[-1.04850672359719,60.5499957081797],[-1.04800964610467,60.5495506513994],[-1.04045851259772,60.5353562002382],[-1.04365169056486,60.5337939224999],[-1.03944910953539,60.5334577747475],[-1.03807059664563,60.5308647847995],[-1.0251809774775,60.5323154903387],[-1.02140781984908,60.5320131489856],[-1.03290337773662,60.5104629201769],[-1.03585422520393,60.5106939900976],[-1.03434582309694,60.5077567409931],[-1.03747430008262,60.5018856502073],[-1.02969499807588,60.498697212473],[-1.02881919221916,60.4969906302204],[-1.05262642639782,60.4926374601778],[-1.03943520481934,60.4988554951726],[-1.06560042645066,60.4902628487735],[-1.06860250093033,60.4897131546059],[-1.07182656405924,60.491135551519],[-1.09049947104935,60.4995324918082],[-1.10983088345065,60.4983453361506],[-1.091933823385,60.499993894054],[-1.09348801500136,60.5005883247587],[-1.11739489483868,60.5097269533362],[-1.12081435688157,60.5007704269202],[-1.12174141173124,60.4983413106812],[-1.11665393408658,60.4956452108142],[-1.11696194833264,60.4935601964985],[-1.1107281018646,60.4925040187524],[-1.09891654761582,60.4862403026625],[-1.14086086620056,60.4889680113918],[-1.14640183076483,60.4837822934083],[-1.16791612066908,60.4991418302997],[-1.16854802651372,60.5010759372153],[-1.17563970501065,60.5227663688858],[-1.18817038505983,60.5223645078502],[-1.17656799070952,60.5264675893427],[-1.18993007048993,60.5463844372203],[-1.18065533291679,60.5721869305797],[-1.19387325998196,60.5735996319287],[-1.1900690217126,60.56162675182],[-1.2024039341059,60.5669668944988],[-1.18465635818782,60.5821985244747],[-1.203223653915,60.6067164558784],[-1.1884711393161,60.6349304381574],[-1.18477969562124,60.6348435196995],[-1.1582164951526,60.6573860894316],[-1.15804522736922,60.6575110434582],[-1.15458528973924,60.6323255950642],[-1.15306180443624,60.6211784283738],[-1.13732809221017,60.6220176819825],[-1.13587858361594,60.6211254365767],[-1.12174684267051,60.6060185505815],[-1.10536944678822,60.6042329156091],[-1.13548262547305,60.6214853790216],[-1.13652086391911,60.622150687773],[-1.13663597302937,60.622145659597],[-1.14618910960997,60.6276133132925],[-1.12965274684884,60.6804054979536],[-1.12586990681741,60.6924566430104],[-1.13537678729658,60.7047085535818],[-1.11907425034879,60.7192264260402],[-1.12784883335264,60.7267886759929],[-1.09639297627168,60.7286356070224],[-1.08541098522196,60.7266856853345],[-1.07471683050051,60.7071552577693],[-1.07480368444229,60.7077859220957],[-1.07451599510801,60.7071117633268],[-1.07332316987345,60.7305739532139],[-1.04754454479329,60.7242232227428],[-1.04198075725414,60.7226215022933],[-1.04160133363169,60.7320958511348],[-1.01032524915003,60.7238534838524]]],[[[-0.784455466554741,60.7464900958886],[-0.795140238735903,60.7409283746823],[-0.791069627612315,60.760196150348],[-0.784326658644695,60.7465677390872],[-0.784455466554741,60.7464900958886]]],[[[-0.875852675494757,60.8456893255492],[-0.866116686858534,60.8335917176377],[-0.881203546110119,60.8051160598895],[-0.874463346271199,60.8053859178582],[-0.874567379534668,60.8050539977443],[-0.874215706913437,60.8053958258627],[-0.867218470756307,60.8056755986865],[-0.839374097620303,60.8392212096245],[-0.835085024838458,60.843379581252],[-0.826467086323109,60.8310258308389],[-0.798095767579666,60.8352314239939],[-0.797698768705316,60.8290862409105],[-0.777596828110873,60.8292873855317],[-0.781942827138602,60.8201120133583],[-0.781879905380555,60.8201084319843],[-0.782058249703812,60.8197359399356],[-0.766367860137455,60.8174639903995],[-0.801435393827969,60.8104368067483],[-0.80442645894973,60.8100246300658],[-0.776551425652685,60.7968430007591],[-0.780169760427025,60.7820954937809],[-0.780784608560548,60.780237707973],[-0.835745926762901,60.7866613706124],[-0.802805509225553,60.7584874933572],[-0.865638222870566,60.7573965185428],[-0.812610029635225,60.7491688947814],[-0.870727938612304,60.7022248266899],[-0.842703236411903,60.6904307186944],[-0.83391333063598,60.6965636335357],[-0.832751258843992,60.6836848916818],[-0.84599819474277,60.6782643497357],[-0.856712646114133,60.6738778155356],[-0.872765815543653,60.6784918805588],[-0.903286855244523,60.6872554017738],[-0.913299799198027,60.6901278756413],[-0.91369652878502,60.6899326774972],[-0.913765365397809,60.6899520658388],[-0.914379953511987,60.6895964116825],[-0.935888737001791,60.6790080522785],[-0.947450160352559,60.6733122678939],[-0.954805791765857,60.6743713429472],[-0.966549287333652,60.6845110359465],[-0.966552836180788,60.684794123675],[-0.973749233503037,60.6843892180226],[-0.981210918122864,60.6840944251571],[-0.965159172780146,60.6959298684389],[-0.984260967281253,60.7194221174621],[-0.971875516438332,60.7188407087118],[-0.952002746966732,60.7176259710261],[-0.952198705821004,60.7179146180691],[-0.952158368812226,60.7179127165789],[-0.952225867690369,60.7179546274968],[-0.961554868551687,60.7316900119812],[-0.960933961793414,60.7318821315722],[-0.96190946910561,60.7322118657054],[-0.965199356389709,60.7370527303243],[-0.938972615927912,60.750771226744],[-0.946809410460271,60.7612828789847],[-0.932241435690593,60.7818596498917],[-0.95493406600434,60.7913444742797],[-0.925436400292606,60.8095814117129],[-0.938209449374268,60.8129511132555],[-0.912961927855158,60.8161838718208],[-0.898492630438114,60.827435397552],[-0.895153262444276,60.8300307826056],[-0.898191392734449,60.83620340066],[-0.90037513199083,60.8406386436278],[-0.898594536290336,60.8410055826476],[-0.897850081719018,60.8406610907675],[-0.89792910548778,60.8411427043745],[-0.875852675494757,60.8456893255492]]],[[[-0.872210850899757,60.8602839367862],[-0.874549347958293,60.8597171573176],[-0.874292068897855,60.8608667561475],[-0.872210850899757,60.8602839367862]]]]},"properties":{"CTYUA23CD":"S12000027","CTYUA23NM":"Shetland Islands"}},{"type":"Feature","geometry":{"type":"MultiPolygon","coordinates":[[[[-5.10675937322861,55.2517760138991],[-5.11814752439619,55.2475682505708],[-5.11984908800423,55.2481284585906],[-5.1220294198454,55.2532944269758],[-5.1202942444573,55.2558056574138],[-5.11475567689338,55.2562449162677],[-5.10889071923506,55.2531635032329],[-5.10675937322861,55.2517760138991]]],[[[-4.51694555360277,55.5713847944024],[-4.51822354989809,55.5653767240216],[-4.45453294177729,55.5620454560727],[-4.43714587800586,55.567879908485],[-4.43622686228906,55.5609279376943],[-4.40949030567636,55.553285880363],[-4.39913772862333,55.5108057893012],[-4.41866090388987,55.5066276131916],[-4.41608675882557,55.5008011005444],[-4.4395775547551,55.5043841975478],[-4.44045401570743,55.4938254129403],[-4.45896508307885,55.4835910267745],[-4.47193763076899,55.4859155124589],[-4.49350708070554,55.4701591415013],[-4.49345477207492,55.4573401782331],[-4.4810394368558,55.4578518331281],[-4.47485360674646,55.4483045020551],[-4.49329098472781,55.438427990496],[-4.4713031020086,55.4289768631792],[-4.45437277872245,55.4308474929696],[-4.45043467309967,55.4119434255582],[-4.50188420167792,55.3991306738463],[-4.5278032102847,55.4091368374336],[-4.53510787979715,55.4238487672943],[-4.56501893649807,55.4263028830073],[-4.57110458580755,55.4044493939299],[-4.60347410875322,55.3949810547874],[-4.58747274571724,55.3968384904641],[-4.56338327062286,55.3864153324059],[-4.54436089608736,55.3960510135147],[-4.52838187968575,55.3919461571394],[-4.51982828804501,55.3835744224817],[-4.56464285774234,55.3574730778899],[-4.52879319618362,55.3497148311469],[-4.49560362972678,55.3240743333778],[-4.47412862436242,55.3251768124812],[-4.4659444279644,55.3151905582064],[-4.43797823130519,55.3078262454247],[-4.45862643455766,55.2852440042861],[-4.42910551483153,55.2540238223673],[-4.45019969534291,55.237395548076],[-4.45182834071647,55.2112780557311],[-4.4766019063493,55.1991148223173],[-4.46184664635684,55.1702203887556],[-4.47862115705443,55.1529260063354],[-4.56496668501854,55.1580153709514],[-4.58400081131103,55.141976743965],[-4.62317045241628,55.1407845146625],[-4.65831649945949,55.1199359488222],[-4.66212295138821,55.0897439879053],[-4.62522340508776,55.0684492075567],[-4.63474544550487,55.0510334255714],[-4.64581469087392,55.0487705732007],[-4.64673943318255,55.0563824019774],[-4.71517152118473,55.0375112583421],[-4.7414566853193,55.0473090059162],[-4.76107366428514,55.0379746949122],[-4.77599222271109,55.0418376461149],[-4.7891672380325,55.0310544596481],[-4.80235308725211,55.0443930951243],[-4.83060523397494,55.0346414743065],[-4.84105569165308,55.0447450270966],[-4.8845510564382,55.0389030340817],[-4.89472981845057,55.0608615886483],[-4.92304619462045,55.0662077246348],[-4.93339939880104,55.0643718151446],[-4.93078126694337,55.0513815535924],[-4.96055909410365,55.021501236012],[-4.97805991916295,55.0221212128308],[-4.97323098591546,55.0115366408482],[-5.03972398883141,54.9977492421481],[-5.03975403473502,54.9977913778922],[-5.06026896426652,55.0255457249972],[-5.05244664164283,55.0512675469436],[-5.02441949826187,55.0768375970832],[-5.00637327036884,55.0932813297669],[-4.99180475002678,55.143451155909],[-4.94150463410268,55.1641439923569],[-4.91075620240281,55.1983967685812],[-4.86023094958828,55.2271292264314],[-4.86497268352111,55.245376715845],[-4.85529741564423,55.2440921345204],[-4.86402737266942,55.2455991752511],[-4.85274154522008,55.2607758242738],[-4.83609346942892,55.2831408701306],[-4.84533012629463,55.3249429545286],[-4.82489503388307,55.3357660274329],[-4.77476671575389,55.3598849611285],[-4.76956197059489,55.4005785377087],[-4.75352716426274,55.4162330023607],[-4.71300701954913,55.4328902942265],[-4.65347850495682,55.4413695592063],[-4.64793625092238,55.4371282985199],[-4.64738699683311,55.4451832354815],[-4.64663359102668,55.4562277945903],[-4.64503405581333,55.4575655511873],[-4.64599341357341,55.4656085495737],[-4.64572217537601,55.4695819745323],[-4.62160789336692,55.4595703500211],[-4.64405728159981,55.4705789765947],[-4.62857143676468,55.4772506692867],[-4.62016300643888,55.4982499841754],[-4.63284445114922,55.5184643945334],[-4.62039089814568,55.5088291426779],[-4.6223140334514,55.5157273897714],[-4.68549148625493,55.5465873905947],[-4.65970240826461,55.5477050144916],[-4.65942606844332,55.5522449484211],[-4.65854248211545,55.5524107712208],[-4.65924357609552,55.5552426399852],[-4.65844256705367,55.5683964859563],[-4.64781065279776,55.5633581066851],[-4.59221062124585,55.5979495133736],[-4.56825443315765,55.6018696580548],[-4.56852180130524,55.5928702713323],[-4.53607013271553,55.5916921012252],[-4.53870790877821,55.5750999047671],[-4.51694555360277,55.5713847944024]]]]},"properties":{"CTYUA23CD":"S12000028","CTYUA23NM":"South Ayrshire"}},{"type":"Feature","geometry":{"type":"Polygon","coordinates":[[[-4.10703179947398,55.8346525858565],[-4.0458257037881,55.8117172474881],[-4.04841612199337,55.7972608823541],[-3.99914552949985,55.7789083638466],[-4.00166509957626,55.7704303964835],[-3.97371866073658,55.7670955396879],[-3.93012274515851,55.7485089415455],[-3.9185966598867,55.7347581464075],[-3.88822467047029,55.7591220548479],[-3.76641151060024,55.7700531283616],[-3.74401226312913,55.7820086250888],[-3.73271573090544,55.777870182081],[-3.69867037623627,55.7946286192852],[-3.59150925375083,55.8102158219759],[-3.55499874139373,55.7856910137232],[-3.54706397575658,55.7907326072367],[-3.47163525325419,55.7709697393328],[-3.45605620160783,55.7636178648537],[-3.43954371737336,55.7240610979515],[-3.41920244730504,55.7105622272788],[-3.39838405791581,55.716533424664],[-3.39697754342475,55.710656464274],[-3.48572658560372,55.649036794042],[-3.4817119227095,55.6164258210047],[-3.5300180947502,55.6113973705599],[-3.52689025484855,55.5970144582313],[-3.48847611551878,55.562667587575],[-3.50341801939899,55.5474420118142],[-3.48660238064678,55.5170533035973],[-3.50442780202944,55.5124680450649],[-3.52217868947716,55.4902631409117],[-3.51847368544829,55.4737784876953],[-3.53956455534744,55.4431717910758],[-3.50737757990869,55.4122645139947],[-3.53139949560021,55.3964362011546],[-3.54983139871295,55.3989852651899],[-3.55816763430744,55.3881133289078],[-3.57849386755789,55.3849633561753],[-3.57269152964768,55.3551034598359],[-3.58826862158171,55.346175070195],[-3.57396488088404,55.3283606060121],[-3.6070279127865,55.3258272881599],[-3.62155187352205,55.3165415929469],[-3.61865584033394,55.2957448882569],[-3.66361336261294,55.2917506898497],[-3.67836378062533,55.3089475615145],[-3.71115703171967,55.3231591888696],[-3.72017979505358,55.3502448859446],[-3.71104365687774,55.3632415396721],[-3.75366008119978,55.3749414265828],[-3.76459435249003,55.4011024392003],[-3.81640272104014,55.4272689669008],[-3.82549880334195,55.4444156059405],[-3.89543623495325,55.4597580098235],[-3.92434793407624,55.4563275274839],[-3.95098184599594,55.4625922122928],[-3.96979026562442,55.4543641352857],[-3.98622645537262,55.4640518758031],[-4.01682384650754,55.4729611948513],[-4.0116159564542,55.4828520219811],[-4.02568757738433,55.4924520508958],[-3.95870431881755,55.5407877051498],[-3.95704646931223,55.555750649455],[-3.97235276443031,55.5564392026484],[-3.97639303510269,55.564656282134],[-3.99700024781583,55.5635356984239],[-4.03957614793341,55.5923705714483],[-4.08156633747413,55.567578607337],[-4.12630891905639,55.5656735407665],[-4.14771637612256,55.5727326959536],[-4.22466282953864,55.5504864244056],[-4.22817760177927,55.5600662163346],[-4.2426391416614,55.5621345497734],[-4.20247280519075,55.5830450156766],[-4.1946936138365,55.6007049165163],[-4.17497644283731,55.6048394848032],[-4.20529781833633,55.6148585597025],[-4.20193629375129,55.6269472201657],[-4.22161511181842,55.635100963046],[-4.21696035749874,55.6471963315964],[-4.24689312432099,55.6790492953497],[-4.22160226432997,55.6915323170812],[-4.22312159443412,55.7275538017725],[-4.2750485094382,55.7543365585268],[-4.28255884217727,55.7683042495219],[-4.25339796204897,55.7726766973863],[-4.25074130479644,55.784885703015],[-4.22669811523354,55.7812748892724],[-4.2239299554509,55.7919439439279],[-4.20428501783306,55.8004460511424],[-4.21452959187931,55.8150721321777],[-4.22548763203423,55.8121725765322],[-4.23375158301954,55.8186562935519],[-4.22757639017162,55.8408150710323],[-4.22043318536489,55.8331037896678],[-4.20300722154916,55.8441300511836],[-4.19882925542899,55.8336475191387],[-4.18048989904814,55.8356089970719],[-4.17250722682429,55.8229668447697],[-4.13059743269203,55.8332796064804],[-4.11115145611575,55.8258681356592],[-4.10703179947398,55.8346525858565]]]},"properties":{"CTYUA23CD":"S12000029","CTYUA23NM":"South Lanarkshire"}},{"type":"Feature","geometry":{"type":"Polygon","coordinates":[[[-3.82944976111,56.1965493080032],[-3.85817301313212,56.1645231598194],[-3.85425718463454,56.1528874969494],[-3.87786868633793,56.1499599550195],[-3.85749484535403,56.1353131316729],[-3.88508318224873,56.1290961396097],[-3.86467369136126,56.1189098042255],[-3.8697676150171,56.107723976487],[-3.84831082793777,56.119616060366],[-3.83439733386183,56.1158256939462],[-3.83835746511842,56.1037191012288],[-3.82154575244587,56.1007190242395],[-3.83588961833326,56.0846477247211],[-3.79789901853576,56.065419158597],[-3.81533013796789,56.0611981094287],[-3.81426281632548,56.0528027840278],[-3.89673000872331,56.0454207342169],[-3.9733554810146,56.0486225128418],[-3.97865101067015,56.0393704357189],[-4.02012108223316,56.0280371736362],[-4.09610173660084,56.0275005356811],[-4.12350433292422,56.0099614281458],[-4.15237580016566,56.008036242355],[-4.16272321497786,56.0302911902834],[-4.198046945057,56.0101211628429],[-4.22253109825164,56.0203298827168],[-4.2569940583354,56.0172274180299],[-4.28141712011709,56.0284164363932],[-4.29953842428124,56.0173713005039],[-4.27502836140895,55.9932187232328],[-4.27265180510538,55.9653443517203],[-4.28863658548281,55.9668313994751],[-4.28640046753306,55.9577822030322],[-4.33521001497383,55.9594146921713],[-4.36637449362572,55.9804116883981],[-4.4020374738936,55.9718290591676],[-4.43033919201892,55.9790236846934],[-4.44780157456243,56.0040953513698],[-4.46970490194256,56.0019596583839],[-4.48239469588715,56.0115211367614],[-4.49893594006691,56.0476162227189],[-4.48050146047934,56.0514549767533],[-4.47548043959903,56.0612176167331],[-4.50486312242053,56.0675735966476],[-4.50630748696571,56.058590669589],[-4.53235044302288,56.0734231911621],[-4.58736965481921,56.0732241066503],[-4.59818792272611,56.0842262154959],[-4.60530887109135,56.0888899299314],[-4.5904236090608,56.110881341362],[-4.64000841945132,56.1223203118662],[-4.65559083861116,56.1649893788312],[-4.69563960457088,56.2001336690066],[-4.68501354818326,56.2160797414803],[-4.70141589195886,56.254658752287],[-4.69712478202764,56.2744407282822],[-4.66030557748645,56.2811429441336],[-4.68210842859035,56.2978392376974],[-4.67065887722585,56.3025133745882],[-4.6767025500492,56.3128717034396],[-4.65846897971968,56.3219288225801],[-4.69570107821047,56.3224719282009],[-4.71590375303062,56.3299846547431],[-4.72184934304736,56.3214682960007],[-4.73989706834866,56.3319142355835],[-4.78578722030299,56.3237346970201],[-4.79281942957544,56.3331270251145],[-4.78317301238743,56.3438559012032],[-4.85447699803646,56.3704108991744],[-4.81263600418757,56.3981077560964],[-4.81165894969933,56.4175981729441],[-4.79860179969577,56.4167791070371],[-4.76807400438962,56.4364921493835],[-4.73338836634295,56.4342416995173],[-4.72640452320533,56.4594894547781],[-4.70007265134363,56.4673544774055],[-4.66553062048381,56.4600801135849],[-4.65534810733761,56.4730339196841],[-4.63906605487862,56.4760372951701],[-4.62847160792473,56.4743074948942],[-4.62514747036466,56.4864839939299],[-4.57726337954804,56.5052200855234],[-4.52850167812034,56.5048975565936],[-4.5287948327107,56.5185656216296],[-4.50741589552538,56.5233626094509],[-4.49435454339587,56.5126570297755],[-4.47739103664123,56.5130102751135],[-4.44197766063991,56.5257366279822],[-4.37849428093856,56.533592248908],[-4.36503260854044,56.5470912768095],[-4.33122510384161,56.5390178596227],[-4.29688622472732,56.4750435701857],[-4.19444360813268,56.4953196653131],[-4.15448217573762,56.51028533114],[-4.12755103318398,56.5012781951865],[-4.10822935364374,56.4883576223478],[-4.09861767533533,56.4653450054271],[-4.13443504003803,56.4640242078683],[-4.16189150984196,56.4447268673499],[-4.2020505284865,56.4578192730994],[-4.19645186079138,56.3866955685597],[-4.24062331049666,56.3843905032785],[-4.24202969084296,56.3527811574005],[-4.22262829196114,56.3423018949075],[-4.2372637867614,56.3290344917989],[-4.18820624977883,56.3042182880666],[-4.13987116299417,56.2978200031441],[-4.11569395387976,56.2810309584647],[-4.08407928739331,56.2808888466365],[-4.07850332155818,56.2899152460206],[-4.05220554815724,56.2734910340008],[-4.03854655635157,56.2802633465442],[-4.03756231781145,56.269111402624],[-4.00528055555888,56.274934264915],[-3.94036183127197,56.2280191388285],[-3.91629499616873,56.2249266244928],[-3.90070443755226,56.2341029304683],[-3.87313525952471,56.2144621355859],[-3.8472022237699,56.2259724730131],[-3.84388822750657,56.2018135434838],[-3.82944976111,56.1965493080032]]]},"properties":{"CTYUA23CD":"S12000030","CTYUA23NM":"Stirling"}},{"type":"Feature","geometry":{"type":"Polygon","coordinates":[[[-2.2411895635243,57.2353376284174],[-2.22742974133804,57.2282568374859],[-2.20527557896789,57.2314748290829],[-2.17466838940817,57.2102638261811],[-2.14312654221817,57.2112863254175],[-2.12824839976335,57.2274437625498],[-2.06112586891121,57.2122706238043],[-2.06138209227315,57.2119323390742],[-2.07756382102998,57.1760784669647],[-2.10787495031302,57.176737046458],[-2.07805094272501,57.1747959141638],[-2.07619731467748,57.149157703089],[-2.06105829763901,57.1456793726018],[-2.09502414025003,57.1453929157479],[-2.07822848256566,57.1412938827608],[-2.05561540476942,57.1448891845222],[-2.04688101819125,57.1401582959969],[-2.07265907209698,57.1036868222404],[-2.07306812856577,57.1036870316797],[-2.08501256065925,57.0861813376881],[-2.08524390720785,57.0858533324777],[-2.08524446485972,57.0858518930144],[-2.11868682584187,57.0904208865826],[-2.12607436809121,57.1184105279648],[-2.17192889352549,57.1145834574968],[-2.17888596709856,57.1071462160909],[-2.23523324428181,57.0943043463137],[-2.25937797728718,57.0952153302799],[-2.27011244091644,57.0793489511567],[-2.30764363020034,57.0761748772513],[-2.31701733133668,57.0800205735745],[-2.29068493323848,57.0883234360896],[-2.28404809531927,57.1033240855187],[-2.33095055036682,57.1014955881131],[-2.36092443915212,57.1112431285991],[-2.35118518965044,57.1356318691273],[-2.30417813232535,57.1234162040265],[-2.27729405617718,57.1289463173119],[-2.25429297942014,57.1583947753485],[-2.29506009778836,57.197638494901],[-2.27959220274904,57.2012133117316],[-2.27509809564372,57.2342718033129],[-2.261862969037,57.2284872852167],[-2.2411895635243,57.2353376284174]]]},"properties":{"CTYUA23CD":"S12000033","CTYUA23NM":"Aberdeen City"}},{"type":"Feature","geometry":{"type":"MultiPolygon","coordinates":[[[[-1.78093915455011,57.4623643944803],[-1.78234502313613,57.4622347179935],[-1.78099639242859,57.4628360381311],[-1.78093915455011,57.4623643944803]]],[[[-2.79059680518624,57.6996496539998],[-2.77787089378525,57.6924147256589],[-2.76809235339118,57.6934109549599],[-2.7427592923497,57.6836233941702],[-2.74018608379046,57.681885128429],[-2.71423441958304,57.6926479509443],[-2.71219381076072,57.6920263229475],[-2.68371788547271,57.6828013189836],[-2.67254342384775,57.6881813266238],[-2.66755102609576,57.6905841140175],[-2.63822433287347,57.6801895791871],[-2.58374325423492,57.6775232792806],[-2.58170721576151,57.6786608503739],[-2.58151491489399,57.6786526770202],[-2.58053992318063,57.6793129901371],[-2.57446515521684,57.6827062755128],[-2.56901326834749,57.6795825277976],[-2.56155040401992,57.6735814977674],[-2.55841914410007,57.6735102305452],[-2.55339350828929,57.6706286334634],[-2.52092591933862,57.6705842420418],[-2.51474294763042,57.6609756950868],[-2.52824370569956,57.6514639604841],[-2.5136752125301,57.6593158406484],[-2.51362134041238,57.6617656213549],[-2.4982210962778,57.6726073653144],[-2.49719656682842,57.6731151136032],[-2.47136062234287,57.6718812759504],[-2.47150513479766,57.671618273023],[-2.4710639528677,57.6718670766657],[-2.45025764698768,57.6708694908342],[-2.45026180952285,57.6705665979418],[-2.44993108958454,57.6708538062099],[-2.39647936140826,57.6682749198266],[-2.36192972866829,57.6759975171026],[-2.34895406335223,57.6714459447345],[-2.34684683159242,57.6704827957978],[-2.34652260186301,57.6705927659116],[-2.34457394209349,57.6699089351123],[-2.33696179227891,57.6728535053511],[-2.32494440543894,57.6775002633087],[-2.32566160653473,57.6804105089727],[-2.32547336945045,57.6868819387322],[-2.29754869018373,57.6962031141335],[-2.28588837500455,57.690446744519],[-2.27082186386111,57.6817876690426],[-2.26819508960774,57.6817065210113],[-2.26331579740701,57.6792950417282],[-2.21168654320072,57.6795545268799],[-2.19191510959577,57.6713175778872],[-2.11805235969001,57.7011040993502],[-2.04233818330357,57.6916980672829],[-2.00422039128925,57.6988700313263],[-2.00167003237212,57.6931773392201],[-1.99644095821102,57.681499671572],[-1.98686540821129,57.6800249150676],[-1.98640062919216,57.6795040937014],[-1.97999748775144,57.6789666484959],[-1.95705962766719,57.6754290529373],[-1.97084506260762,57.6685775877099],[-1.95399162405373,57.674955523628],[-1.9541058758228,57.6768965659861],[-1.94588081607609,57.6809820328107],[-1.92006852916893,57.6749057127756],[-1.89069976654476,57.6341564459535],[-1.88677425726799,57.6385522275985],[-1.88103292324096,57.6362686696865],[-1.87901168865114,57.6341259661308],[-1.8599263709751,57.627869037381],[-1.82637583921965,57.6145019062493],[-1.8264430106162,57.5840047709305],[-1.82669983535145,57.5830146586786],[-1.82644575225322,57.5827585985755],[-1.82647870015435,57.5677698775063],[-1.80413647569207,57.5563913060591],[-1.8023052870537,57.5460067246257],[-1.80471783349021,57.5292115866958],[-1.79864715275184,57.52524386462],[-1.79728364757804,57.5174988503955],[-1.81296131192112,57.5228898500659],[-1.81147514876715,57.5180930658492],[-1.77279828567948,57.5083364207724],[-1.76793966531668,57.5051560942958],[-1.77186835363145,57.4972537946437],[-1.77188406312566,57.4972420664831],[-1.77513077661307,57.5075049227391],[-1.78636885398285,57.5010543913019],[-1.79067771155972,57.5022025508527],[-1.79152233644976,57.4980952561979],[-1.79393661968672,57.4967087346816],[-1.79200073140757,57.4957685095948],[-1.7922083787219,57.494758489159],[-1.79031902226301,57.4949516712483],[-1.78375259119173,57.491761671151],[-1.77552872218468,57.4964629075385],[-1.77548935201279,57.4964669276449],[-1.77656717829837,57.4956645591027],[-1.78492422259611,57.4900640393423],[-1.79608138141922,57.4847105517369],[-1.79423548511599,57.4838213681671],[-1.79455648707572,57.4836061046902],[-1.77617476683701,57.4727467746028],[-1.77927052958044,57.4652943296444],[-1.79745034222842,57.4550826841868],[-1.80101137511176,57.4537390995759],[-1.80390712641183,57.4501401131976],[-1.8319489866428,57.4152479486153],[-1.83967446167454,57.4127683567977],[-1.84898928611812,57.4162788692835],[-1.86057751977998,57.4070704987418],[-1.85860839498025,57.3921625398434],[-1.8588067868727,57.3896786924693],[-1.91017854435305,57.3658621963111],[-1.92160679902187,57.3576167723899],[-1.96874905910525,57.3257211286443],[-1.97281728556695,57.3206103315552],[-1.98711640122615,57.310260321988],[-1.98990476913585,57.3060413497468],[-2.00164829429592,57.2906153944312],[-2.01684208010363,57.2706362979078],[-2.06112586891121,57.2122706238043],[-2.12824839976335,57.2274437625498],[-2.14312654221817,57.2112863254175],[-2.17466838940817,57.2102638261811],[-2.20527557896789,57.2314748290829],[-2.22742974133804,57.2282568374859],[-2.2411895635243,57.2353376284174],[-2.261862969037,57.2284872852167],[-2.27509809564372,57.2342718033129],[-2.27959220274904,57.2012133117316],[-2.29506009778836,57.197638494901],[-2.25429297942014,57.1583947753485],[-2.27729405617718,57.1289463173119],[-2.30417813232535,57.1234162040265],[-2.35118518965044,57.1356318691273],[-2.36092443915212,57.1112431285991],[-2.33095055036682,57.1014955881131],[-2.28404809531927,57.1033240855187],[-2.29068493323848,57.0883234360896],[-2.31701733133668,57.0800205735745],[-2.30764363020034,57.0761748772513],[-2.27011244091644,57.0793489511567],[-2.25937797728718,57.0952153302799],[-2.23523324428181,57.0943043463137],[-2.17888596709856,57.1071462160909],[-2.17192889352549,57.1145834574968],[-2.12607436809121,57.1184105279648],[-2.11868682584187,57.0904208865826],[-2.08524446485972,57.0858518930144],[-2.09217406923277,57.0679833623941],[-2.161387095025,57.0179691324414],[-2.1774051191344,56.9795658848447],[-2.20916762605979,56.9676416556346],[-2.19124125314911,56.9509632133433],[-2.19126164423924,56.9507953289603],[-2.2005835581024,56.948182358708],[-2.1967756762428,56.91116004772],[-2.19654272430236,56.9088927966107],[-2.19693113322254,56.9084055566003],[-2.21582992663465,56.8947104299817],[-2.22369933880394,56.8747926294254],[-2.22980273711468,56.8671192969336],[-2.26875732676826,56.8450593722743],[-2.27470304982484,56.8455324887944],[-2.27729942128268,56.8296586278489],[-2.28024143755647,56.827632044108],[-2.28791777271062,56.8274526503767],[-2.30581412162318,56.8100042537255],[-2.32588926786937,56.7961504849011],[-2.32904932091983,56.7951742886917],[-2.37091480222435,56.7822289577376],[-2.37584519416386,56.7736222420069],[-2.39940830290785,56.7742671784036],[-2.42410240798935,56.7549430888452],[-2.42498327857745,56.7534592780406],[-2.46219453676999,56.7475674975689],[-2.53021744993592,56.7852725313526],[-2.61624077998107,56.7834554637661],[-2.6316103985007,56.8090772570101],[-2.65278677446215,56.8104217575018],[-2.65097019879649,56.822596909798],[-2.67055578545058,56.8422805385042],[-2.66114708279765,56.8857204758207],[-2.68096337560514,56.8879812273131],[-2.68675293560873,56.9150663148161],[-2.72468709212907,56.9258299821969],[-2.74001991025543,56.9484865063815],[-2.76504913673614,56.959776416262],[-2.82450854060477,56.9619363747931],[-2.83316613211737,56.9770074123219],[-2.85108734957097,56.9725656928688],[-2.89242865265962,56.9868040921257],[-2.91295913865819,56.9816358922348],[-2.91024467907006,56.9757875154056],[-2.94467517950387,56.9737714828032],[-2.95407928275288,56.966800594819],[-3.0263399899215,56.9727732530469],[-3.0831697025638,56.9584318778586],[-3.11077346834215,56.9187321859943],[-3.10675393384111,56.8950365164911],[-3.12033788110447,56.8884468942276],[-3.16044683228341,56.9068216553588],[-3.17391583446394,56.9003980081833],[-3.2325507411969,56.9177164858162],[-3.26993642146341,56.9198758682811],[-3.28424718467081,56.9285566813274],[-3.28485446090437,56.90726675997],[-3.33706160539036,56.8958392304384],[-3.37213805072716,56.8746151169209],[-3.40496178415876,56.8840208190284],[-3.42128684956236,56.8795729385975],[-3.42983213847641,56.8865461334643],[-3.46570678242214,56.8728107375311],[-3.50254053823598,56.8871122127373],[-3.5292499645614,56.8836074869057],[-3.53765531521213,56.8922553465931],[-3.56078193422629,56.8841033190201],[-3.56846046688664,56.894621585681],[-3.55871738835406,56.9003455045016],[-3.58321718251843,56.931034652326],[-3.64582075829889,56.9230425821477],[-3.65473490310035,56.9328980264369],[-3.6754708111476,56.9324420468323],[-3.68355195228788,56.9161158337327],[-3.71026911398447,56.913578644446],[-3.74068646685942,56.9336083647196],[-3.78349791389758,56.92308074098],[-3.80164622664352,56.9358802598125],[-3.78784262013627,56.9632311943704],[-3.76039088786484,56.9743847430558],[-3.74822961056712,56.9931091613947],[-3.74439610470253,57.0167119105993],[-3.75739085014659,57.0377970785146],[-3.73243952055996,57.0567431907711],[-3.74710058887696,57.0576670314958],[-3.75806417125048,57.0693060775374],[-3.74973297814719,57.0762825673452],[-3.71489076648728,57.0789880949996],[-3.68369382916125,57.0952385285112],[-3.66491325750646,57.0684406458242],[-3.64648074226937,57.0883425134033],[-3.59325633526335,57.0840399114094],[-3.55772826395655,57.0963820585064],[-3.55262992980028,57.0826184532944],[-3.53843324464084,57.0908210560768],[-3.51681338706956,57.0863724473628],[-3.48628174186974,57.0945187869269],[-3.44912142508444,57.092213758536],[-3.42273253585651,57.1053679493809],[-3.41021203447942,57.0982546873611],[-3.37813951335842,57.0977983525161],[-3.35596888682928,57.1101461245917],[-3.33634195314817,57.110981232685],[-3.32247925474776,57.1304080137341],[-3.34937529758067,57.1481209648492],[-3.34175712199861,57.1563736252979],[-3.35670793146843,57.166679190097],[-3.3535226752693,57.1781592091464],[-3.31385175034986,57.1922813832095],[-3.27962282021266,57.1901599539089],[-3.26577256198347,57.20321468599],[-3.24257066228727,57.2021438491178],[-3.24518772551,57.2195518569762],[-3.2085234806147,57.2561225087404],[-3.16491317015548,57.2622387610072],[-3.14323277362251,57.2779163147009],[-3.11024402257734,57.2771294393892],[-3.09239360611478,57.28426587094],[-3.05405225077635,57.2751156135593],[-3.04371501763081,57.278745751167],[-3.01906830801141,57.2616594343266],[-2.9842346369087,57.2777386351206],[-2.97668413497153,57.2988767244368],[-2.95186847263766,57.3182399696301],[-2.9721775683006,57.3280801779835],[-2.96987648881926,57.3513688551127],[-2.98353183820209,57.3632824359785],[-2.95448433725985,57.377816147968],[-2.98922799364922,57.3986907202822],[-3.02404875657753,57.4051579396883],[-3.0068101904274,57.4206463266592],[-2.95548504354545,57.438522457325],[-3.01063128339621,57.4428749884011],[-3.01994264324594,57.4495103495762],[-2.97255654823242,57.4966934203139],[-2.91674887943622,57.4950183343224],[-2.91958985343585,57.5062829137126],[-2.88643504889496,57.5218839478836],[-2.88592970104913,57.5323705343861],[-2.86628335897642,57.5296504671273],[-2.83347825891689,57.5384124268999],[-2.82096081705077,57.5350811042654],[-2.81700005224229,57.5198506158279],[-2.78858105622731,57.5082726875107],[-2.75887809169245,57.5218446917673],[-2.76064449014173,57.5138259490673],[-2.74189359597563,57.5040206257508],[-2.71795657509567,57.5009532595939],[-2.70830622599504,57.5109912867978],[-2.69459742832324,57.5079765670865],[-2.69276081899084,57.5163809708677],[-2.64982470171258,57.5295554268705],[-2.68577011245089,57.5389864366561],[-2.70839515911285,57.5305497654626],[-2.71995582089712,57.5642143343063],[-2.74951700372431,57.5675590530764],[-2.74726613295861,57.5796702349635],[-2.77565026340245,57.5841305472235],[-2.79225787001089,57.6050692694237],[-2.81064308618674,57.6099362267437],[-2.77239093506659,57.6498879654284],[-2.80324460165386,57.6655408329974],[-2.80150625828467,57.6951383785014],[-2.79811291050268,57.6971451150683],[-2.79059680518624,57.6996496539998]]]]},"properties":{"CTYUA23CD":"S12000034","CTYUA23NM":"Aberdeenshire"}},{"type":"Feature","geometry":{"type":"MultiPolygon","coordinates":[[[[-5.57236219684089,55.2866479704385],[-5.56943050569159,55.2779534597169],[-5.59740079202151,55.2786826384809],[-5.57236219684089,55.2866479704385]]],[[[-5.54183820124685,55.421391914538],[-5.54224145593902,55.4212933038829],[-5.54586190349977,55.4224211198693],[-5.55126067873765,55.4241025812684],[-5.54548806339522,55.4262284291188],[-5.5387170451505,55.4273169652694],[-5.54122524743422,55.4225556578716],[-5.54183820124685,55.421391914538]]],[[[-6.13879622013545,55.6206077383587],[-6.14227314779572,55.6133544774343],[-6.15302638482513,55.614405296985],[-6.15034758392825,55.6156924535274],[-6.13879622013545,55.6206077383587]]],[[[-5.73085288178158,55.7108292849481],[-5.7219285585242,55.6996290282568],[-5.72523262048836,55.6954053527438],[-5.73436821980371,55.6843535484489],[-5.71800100384687,55.6852148409043],[-5.71799594485428,55.6852140114634],[-5.73652750150632,55.677130142719],[-5.73478559188351,55.6628917665571],[-5.73442147307451,55.6593722390845],[-5.76372122120926,55.6458239284037],[-5.75962505596325,55.668011833419],[-5.77049883177179,55.6677586604644],[-5.77434226592943,55.6768482499223],[-5.74612977036632,55.709197642108],[-5.7385759318042,55.7074829026916],[-5.73859833208179,55.7076728430808],[-5.73692695964908,55.707308339083],[-5.73980539999729,55.7179044149542],[-5.7405061128794,55.7238409693694],[-5.72302438082119,55.7298825222093],[-5.71193403525788,55.7224991773428],[-5.73085288178158,55.7108292849481]]],[[[-5.1474580321811,55.7847198648961],[-5.15752781922608,55.7769090604032],[-5.16205868174977,55.7821995207011],[-5.16766268075675,55.7905311093539],[-5.16498148601554,55.7971206724419],[-5.16126396592572,55.8046532017917],[-5.15345214669508,55.79359779965],[-5.15290818330236,55.7927923144385],[-5.1474580321811,55.7847198648961]]],[[[-5.0620038190159,55.8590697060389],[-5.05888898437035,55.8391968744583],[-5.05729738561056,55.839399048918],[-5.05719442631107,55.8388767617369],[-5.02472219321837,55.843371302712],[-5.02229739883496,55.8093455615371],[-5.01521814104348,55.7962493057445],[-5.00108263959695,55.7700707677423],[-5.00105276012954,55.7699764333223],[-5.03196804801485,55.7567789014802],[-5.00554579183793,55.7322432153455],[-5.00415151219785,55.7306250950137],[-5.02804598814457,55.7219954617206],[-5.05376422452278,55.7332559339431],[-5.06093658883868,55.7585052168706],[-5.09357309319414,55.7780271682259],[-5.09772233368017,55.777139227908],[-5.09839370527738,55.7774903056492],[-5.11990604518517,55.7723888565097],[-5.12036381811159,55.7722907758229],[-5.1239976665261,55.7935309342195],[-5.1267295545742,55.8094822513524],[-5.13809705715416,55.802107465766],[-5.14303173163489,55.8127285899329],[-5.12923556116928,55.8452217282648],[-5.1692829507446,55.8517670730694],[-5.21232294917669,55.8847808114186],[-5.22141923488442,55.9011779278475],[-5.21477597894092,55.9055136197237],[-5.18067608559115,55.9245778930209],[-5.17735229158892,55.924256864348],[-5.15838565490719,55.9209400940569],[-5.11373070391245,55.8924128510821],[-5.07836781844138,55.8814049494708],[-5.08427390846651,55.8683429040537],[-5.09224615627226,55.8633402216678],[-5.08687717305912,55.8625826823626],[-5.08728270598279,55.8616852108744],[-5.07293977115139,55.8606149386347],[-5.0620038190159,55.8590697060389]]],[[[-6.12323033380483,55.9290357467632],[-6.12039773822113,55.9216297875717],[-6.13207048204735,55.8896443674723],[-6.1077308387057,55.8527817129763],[-6.10392402288084,55.8170489727888],[-6.1040312335846,55.8128819823412],[-6.08397870887729,55.7825780321911],[-6.05229960516644,55.7663974216894],[-6.04691219996203,55.7636435585428],[-6.05207505380823,55.7447385782784],[-6.05279236803866,55.7425584240123],[-6.05268810888395,55.7424926120577],[-6.05283374962191,55.7419590131833],[-6.03200243747127,55.7261120226024],[-6.03666358229995,55.7141815736707],[-6.04043994695494,55.7096663023027],[-6.03969249166701,55.7064251594698],[-6.03998434723356,55.7056776219286],[-6.03884237863691,55.7027381365407],[-6.03642460373568,55.6922475856472],[-6.02884469726682,55.6945481122829],[-6.02529446270226,55.6948248065372],[-6.03082370917604,55.6836403316262],[-6.0292697504065,55.6837172644871],[-6.02978046542591,55.6827843221227],[-6.02279448400998,55.6840376266457],[-6.02013733521646,55.6841689877619],[-6.02143313935151,55.6835600733338],[-6.04987524593018,55.6715458920207],[-6.05116366476908,55.6695805025887],[-6.05527929382778,55.667643960572],[-6.05471612444351,55.6641604143789],[-6.05778250077695,55.6594806797543],[-6.07184979474608,55.6645369702841],[-6.0720534176251,55.6626695120435],[-6.07336273329797,55.6632084711604],[-6.07415266972373,55.6434065523132],[-6.07427314966973,55.6423005189379],[-6.0862861482363,55.648987188702],[-6.132345259322,55.6318976924136],[-6.14939243160597,55.6255645487494],[-6.1655200595544,55.630817838663],[-6.18601378856788,55.6233389083394],[-6.19395054746135,55.6329673732331],[-6.21773456670644,55.6305287489335],[-6.21162156513299,55.6201572934834],[-6.24022901804243,55.5924556803076],[-6.25341543604431,55.5901124742108],[-6.25878249666925,55.5894034062541],[-6.26771308508693,55.579211885197],[-6.26783877628002,55.5790684070756],[-6.26917678587462,55.5791608024313],[-6.31207553948777,55.5821151627923],[-6.3138746458891,55.5879944934684],[-6.31391459370759,55.5883178563901],[-6.31397559946442,55.5883243421984],[-6.31415409709097,55.5889075352167],[-6.33918697561776,55.5910941116834],[-6.33465439002995,55.613628671932],[-6.33310666769946,55.6137684152829],[-6.33459783328616,55.6139097201055],[-6.33344024100319,55.6196614071156],[-6.31369652300965,55.6391629180467],[-6.30378198534411,55.6486819284994],[-6.27347035807342,55.6495265677027],[-6.26715006848883,55.653020118578],[-6.26682428591175,55.6530436685469],[-6.26678553677594,55.6532215861585],[-6.25817035040986,55.657982084907],[-6.26387478172468,55.6665823273113],[-6.26383900574399,55.6667464926748],[-6.26551244046608,55.6690505539256],[-6.28752283108079,55.702191136939],[-6.31130296729225,55.7193701805844],[-6.34125576061658,55.7161348223785],[-6.34089553035079,55.7206732961547],[-6.3400970531405,55.7295958354922],[-6.3315015399796,55.7419856030313],[-6.27817750322082,55.7587286792082],[-6.26187513157502,55.7638400181997],[-6.25280311345578,55.7789518235845],[-6.2610512345015,55.7847448671245],[-6.34659797919593,55.7841424547883],[-6.34819875424094,55.7816372360834],[-6.3502254551372,55.7815468299512],[-6.36949561202978,55.7482762238734],[-6.37179486389291,55.7446710200352],[-6.41476267525045,55.706042270209],[-6.45649460626899,55.6861632435772],[-6.48824054278212,55.6710183551759],[-6.50978746847196,55.6768451089445],[-6.52569728202098,55.6929383791328],[-6.52055144389581,55.696124240823],[-6.49948723486236,55.7059704365177],[-6.49823284487676,55.7099336487978],[-6.49312179582504,55.7130941560699],[-6.49676059529413,55.7145842434962],[-6.49632114111817,55.715972202574],[-6.50696323741938,55.718940263762],[-6.49892031031301,55.7334375483677],[-6.49754049512411,55.7356182362424],[-6.46389173394129,55.7509364069659],[-6.46108499002522,55.7522131973794],[-6.46068583087497,55.7523947641929],[-6.46415762781686,55.7532592998729],[-6.46747277699211,55.7540846971585],[-6.47057792472742,55.7555771001871],[-6.46557137301069,55.7656072506357],[-6.45713845752062,55.7824903360059],[-6.46793075064801,55.7861933076668],[-6.48694055799425,55.7927117370036],[-6.48695944245478,55.7927194946023],[-6.46974637298536,55.8020094399864],[-6.45650376213555,55.809151941259],[-6.45539133782877,55.8252563615474],[-6.46491444566763,55.8277572801073],[-6.45464597373212,55.8524387223288],[-6.42950429990374,55.8602063346875],[-6.41929900572408,55.8546752964844],[-6.4150349243424,55.8517776973252],[-6.39206009505591,55.8580929759422],[-6.32912760218871,55.8906504833816],[-6.32805030501133,55.8899521371112],[-6.34609242926332,55.8345117309956],[-6.33494296379391,55.8222205076879],[-6.31874147293051,55.8218932047827],[-6.3283300432759,55.8335919936558],[-6.30480612587009,55.86668404214],[-6.31149972857133,55.8737395600966],[-6.28678315941449,55.8784913178352],[-6.28614994604154,55.8785575507927],[-6.28595529389989,55.8786503700688],[-6.26823061359022,55.8820540476294],[-6.26873685207209,55.8868579560186],[-6.21474052569336,55.9125592313857],[-6.20409720754147,55.9232095987529],[-6.19739620370752,55.9267375040601],[-6.17369944493037,55.9257948207747],[-6.16389946653912,55.9283567819788],[-6.12726984330644,55.9379228851744],[-6.12323033380483,55.9290357467632]]],[[[-6.51587174421436,55.6873595058898],[-6.51607985443007,55.6866106657273],[-6.5144880907829,55.6870012371939],[-6.51587174421436,55.6873595058898]]],[[[-5.67222014071049,55.9581892727341],[-5.6987783848188,55.9324873939512],[-5.69922480141075,55.9326232182296],[-5.69900464542085,55.9470947048889],[-5.69006868520362,55.9567847319968],[-5.68029637939912,55.9519058405064],[-5.67294655535799,55.9581676159701],[-5.66703858035178,55.9631992561039],[-5.67222014071049,55.9581892727341]]],[[[-6.20880314910496,56.0246591921127],[-6.20923861928546,56.0198026748367],[-6.21320777603715,56.0196550452075],[-6.21437972905712,56.020999252959],[-6.22694209237237,56.0191432167994],[-6.23114180075294,56.0189864010194],[-6.2374098755542,56.0072715879587],[-6.25521146357004,56.0016670604184],[-6.25513285397722,56.0070841241779],[-6.25286717214308,56.0135171724043],[-6.26967737838614,56.0228471313645],[-6.23800499536709,56.0272404509991],[-6.22637371753876,56.0284711319153],[-6.21056822353242,56.0275735369998],[-6.20880314910496,56.0246591921127]]],[[[-6.21481032046131,56.028963992592],[-6.2165845399647,56.0281770901042],[-6.21689905878122,56.0289607783642],[-6.21481032046131,56.028963992592]]],[[[-5.56501857956979,56.0909949342361],[-5.56744792606206,56.0893710125394],[-5.56718989298751,56.0913759427792],[-5.56535448030219,56.0913363869309],[-5.56501857956979,56.0909949342361]]],[[[-5.23967778723272,56.1012165524011],[-5.24390829551002,56.0994223947258],[-5.24104254917331,56.102947164169],[-5.23967778723272,56.1012165524011]]],[[[-6.13307992650378,56.1212411586852],[-6.16726600232129,56.07857340716],[-6.1717227211785,56.0757754206983],[-6.17934959135173,56.071497007329],[-6.19666420612975,56.0617789253229],[-6.19537710358543,56.0609155713903],[-6.19564524147845,56.0607470357371],[-6.19371600896573,56.0598012753964],[-6.18234965697405,56.0521741035809],[-6.18635043026086,56.0427002280059],[-6.21745225293691,56.0303390879924],[-6.22178959712138,56.0411420382422],[-6.22871069525635,56.0342637828039],[-6.24967053493151,56.0342349955554],[-6.24634237641741,56.0453760628693],[-6.26893658536416,56.0387507133102],[-6.27584720198866,56.0376861542608],[-6.25754715320247,56.0491703232808],[-6.25627228581482,56.0498135963923],[-6.25623765364332,56.0499917381699],[-6.2478554433919,56.0552485280384],[-6.25502190619956,56.0562444384301],[-6.25430655437241,56.0599227373682],[-6.24560895299154,56.0633536850855],[-6.25834244424017,56.0657959642506],[-6.24131612400964,56.0725671451958],[-6.25349745790131,56.0753572487057],[-6.24755952001735,56.0833822955316],[-6.23519933409776,56.0915382193373],[-6.20879265856055,56.1060323501284],[-6.19736279520157,56.1055455999331],[-6.18421926266666,56.1016300998183],[-6.18351709514743,56.1049545379804],[-6.18126472132147,56.1048582461306],[-6.18128847521295,56.1155025222537],[-6.18083005284181,56.1176715575176],[-6.17113325188281,56.1221543253574],[-6.14768460938837,56.1329871193185],[-6.13617252213629,56.1239143902894],[-6.1355236965613,56.1233535857153],[-6.13307992650378,56.1212411586852]]],[[[-5.93878490575184,55.9605645559406],[-5.94037301291542,55.9603717533806],[-5.99407342124346,55.9757238000195],[-6.00066207291475,55.9742749919764],[-6.00628575886311,55.9732133398915],[-6.00595304906958,55.9742786825338],[-5.96268959632312,56.0254353017427],[-5.95000462836974,56.0375331520886],[-5.9402670497953,56.0425325740044],[-5.88175398675915,56.0703687113692],[-5.85842455163928,56.0778009697157],[-5.82135753565795,56.0895949654555],[-5.80044875887197,56.1117726436681],[-5.78518669512687,56.108438543124],[-5.74551429983778,56.1296208005961],[-5.74584265610802,56.135806136665],[-5.74593894825045,56.137619467754],[-5.72212064801691,56.1375557856511],[-5.7223749008783,56.1386109842674],[-5.72231478905937,56.1386133646647],[-5.72396051654656,56.1462944420518],[-5.71485473939797,56.1484475325086],[-5.70929393606052,56.1495446128997],[-5.69613075359371,56.1373056566913],[-5.68739968396924,56.129182415523],[-5.68755029165752,56.1114330860443],[-5.7666437347449,56.0274387204732],[-5.76664006326701,56.0279544003053],[-5.76707678903524,56.0269777141075],[-5.77663385876904,56.0168006550524],[-5.78342203836955,56.0150355865017],[-5.79306080426256,56.013210747938],[-5.82037918997699,55.9730798822067],[-5.83268494688135,55.971329483612],[-5.83543955774764,55.9710873653898],[-5.83548708915013,55.9709307068292],[-5.83643691460622,55.9707955194236],[-5.84146055574584,55.953022759605],[-5.84480672850971,55.9411762494419],[-5.84504413910955,55.9403355090461],[-5.8761545097714,55.905206425729],[-5.87286455730159,55.8898073267497],[-5.88693012089595,55.8790221842505],[-5.8816664867319,55.891499055811],[-5.89739482541044,55.8898863802338],[-5.90144946920856,55.8702376826612],[-5.90236966998208,55.8671691653473],[-5.91715374856801,55.872568337842],[-5.93651928166932,55.8673993933145],[-5.95110603911565,55.8345974778012],[-5.95088336512386,55.8344295833161],[-5.95091290231383,55.8343635847065],[-5.94435890818631,55.8295093455268],[-5.93964193392188,55.8259511559842],[-5.95137426347411,55.8098028830577],[-5.95157147176367,55.8100348631056],[-5.9520723806599,55.8090547293889],[-5.9518609967129,55.8091326410812],[-5.96387275518433,55.7925845323429],[-6.03593029507866,55.7954570441255],[-6.06465588794952,55.8060891565046],[-6.0871422508027,55.8313048290768],[-6.08631266594406,55.8634663285273],[-6.09656401856218,55.8718744315268],[-6.09481123677182,55.8772251496538],[-6.08676739292776,55.9002518034619],[-6.02699793681966,55.9469595886953],[-6.0244638397955,55.9471725431961],[-5.91496321711291,55.9563225077121],[-5.84873206235906,55.9781765522218],[-5.85481046791466,55.9903282272352],[-5.88137017490957,55.9707061033553],[-5.88265424404599,55.970086923475],[-5.89351662096193,55.9824077386838],[-5.89352098443109,55.9823859129621],[-5.89352546224643,55.9823926009804],[-5.89360928470021,55.9819442078817],[-5.89514478370194,55.9742617709761],[-5.91423697578104,55.9745058157643],[-5.92407811076194,55.9628774605346],[-5.93878490575184,55.9605645559406]]],[[[-6.63374282376559,56.1326162172242],[-6.63288025035608,56.1317935135401],[-6.63444218021808,56.1321815656537],[-6.63374282376559,56.1326162172242]]],[[[-5.67233825722113,56.1682183083373],[-5.70057619964737,56.1596287007214],[-5.74425532268773,56.1614510432494],[-5.74392351258354,56.1771757763672],[-5.74006743512257,56.1805339533586],[-5.69217980958467,56.2001641127381],[-5.69007036030315,56.2008094217354],[-5.67596545960109,56.1917217985068],[-5.67233825722113,56.1682183083373]]],[[[-5.58871702730073,56.207397510211],[-5.6112921849715,56.1953881427506],[-5.60958110086435,56.2286867540194],[-5.60902899277133,56.2297945356018],[-5.59129462381375,56.2230389053041],[-5.58871702730073,56.207397510211]]],[[[-5.8027536787083,56.2214179725112],[-5.81878216405917,56.2163853032598],[-5.79986284118772,56.2290179541312],[-5.8027536787083,56.2214179725112]]],[[[-5.69842842702048,56.2237617908091],[-5.68543405834465,56.2030023858818],[-5.69700755322902,56.2019955337553],[-5.70239292641005,56.2130061058083],[-5.7034089610162,56.2129146593885],[-5.70355767444213,56.2132049802057],[-5.70406754243691,56.2128553796005],[-5.71516498723436,56.2118559343518],[-5.71350369887993,56.2135453025659],[-5.69209791541849,56.234044228758],[-5.69481790648839,56.2291019804211],[-5.69842842702048,56.2237617908091]]],[[[-5.75339045143991,56.2417998414075],[-5.77762995948198,56.2370732246427],[-5.75393985418488,56.2497947441622],[-5.75339045143991,56.2417998414075]]],[[[-5.60940626749597,56.2657521252637],[-5.61942594035895,56.2510391292533],[-5.62369204023397,56.255664968939],[-5.61261724609778,56.263502555658],[-5.60940626749597,56.2657521252637]]],[[[-5.62645313786468,56.2538053421253],[-5.61997547518271,56.2495239355761],[-5.6197429768746,56.2498798240699],[-5.61897333363363,56.2490725893125],[-5.61771465360083,56.2477041393319],[-5.63439319466356,56.2190136223089],[-5.63302683370979,56.1975760302423],[-5.63519874367569,56.1906933334514],[-5.66464461070212,56.2177674256777],[-5.66565870215328,56.2189486963853],[-5.64732853453794,56.2544098108599],[-5.63899099452626,56.2700549949106],[-5.62467509454626,56.2550518917775],[-5.62645313786468,56.2538053421253]]],[[[-5.6610203980435,56.289552193252],[-5.66405192005479,56.2894439774485],[-5.65669994188485,56.2946939113477],[-5.65409619082742,56.2910184873421],[-5.6610203980435,56.289552193252]]],[[[-5.58553527094248,56.3243141758089],[-5.58881771388646,56.3056433962982],[-5.59022821928068,56.3017510240239],[-5.61131739946101,56.2928636523936],[-5.59916074728405,56.2799609632291],[-5.62607412601879,56.2660194376428],[-5.62722808055228,56.2669773818044],[-5.63358563161191,56.2908221717017],[-5.65419234905213,56.2976559446445],[-5.62299133709041,56.3192966203307],[-5.61909612157235,56.3219960634752],[-5.61814266887254,56.3214430840047],[-5.6162277218969,56.3194947837668],[-5.61171807467038,56.3149056658769],[-5.6086378359564,56.3159292062097],[-5.60630503779568,56.3145755581053],[-5.61150337660299,56.3094687997059],[-5.59277292021067,56.3201782582916],[-5.58553527094248,56.3243141758089]]],[[[-6.35616513992903,56.2956402946887],[-6.36227389961576,56.2844653976727],[-6.37173498193153,56.2916188048951],[-6.38542174872344,56.2879594708081],[-6.38518715720614,56.2883052197113],[-6.37882940341193,56.2948394054074],[-6.37352195224428,56.3002922231258],[-6.3702796804614,56.3005275861648],[-6.35445254412413,56.2987720074123],[-6.35616513992903,56.2956402946887]]],[[[-6.4070653268059,56.3144734941274],[-6.42175792773864,56.3067037989362],[-6.44045011162243,56.3096630914317],[-6.44045635280855,56.3096732774837],[-6.42786597636349,56.322420007034],[-6.42188431183157,56.3251351504179],[-6.42639332134625,56.3373366630211],[-6.39096509388968,56.3496228633586],[-6.38664225016493,56.3509474464795],[-6.38648302504764,56.3495947668319],[-6.39744546019038,56.3237662998025],[-6.4070653268059,56.3144734941274]]],[[[-5.48907696487267,56.421079254187],[-5.55158767277058,56.3727542155176],[-5.56004742764265,56.3704388927465],[-5.55383578952848,56.3786218222785],[-5.56460382326751,56.382109070413],[-5.58897001468451,56.3803863799708],[-5.56711522464323,56.40416030091],[-5.56336210607561,56.4082396948662],[-5.52285902086742,56.4111964495684],[-5.51362983153096,56.4168259322436],[-5.4981914708707,56.4250245435334],[-5.48907696487267,56.421079254187]]],[[[-5.19798301398888,56.4555111231383],[-5.19821406644493,56.455073705623],[-5.19945168319223,56.4551181659338],[-5.19798301398888,56.4555111231383]]],[[[-6.15283153078507,56.4473170083248],[-6.16284108032997,56.4360601741614],[-6.16448582146656,56.4387091972583],[-6.16590212529258,56.4433537560065],[-6.15283153078507,56.4473170083248]]],[[[-5.14486863711634,56.4813739256384],[-5.14543768784432,56.4809864659716],[-5.14618006788501,56.4815160018797],[-5.14486863711634,56.4813739256384]]],[[[-5.14640571431964,56.4816900107607],[-5.14708193131506,56.4808324339404],[-5.14699430061812,56.4814414303675],[-5.14640571431964,56.4816900107607]]],[[[-6.07945335425667,56.4638689971539],[-6.0800697457727,56.4632379383337],[-6.10028584855206,56.4642042263066],[-6.0923873129212,56.4688034170301],[-6.08963516629963,56.4701496309423],[-6.08842138929077,56.4698908794536],[-6.07945335425667,56.4638689971539]]],[[[-6.2263912878752,56.499432661034],[-6.17860975187833,56.4820185043017],[-6.17783691623892,56.4829806700301],[-6.17756600159858,56.4828720207192],[-6.1733559498081,56.4883632042665],[-6.16597497833407,56.4820614777658],[-6.16205823459929,56.4787163824614],[-6.1545688314671,56.4824441733509],[-6.15416135261785,56.4826469597256],[-6.15396217207755,56.4824645006485],[-6.14178203096023,56.4713028233665],[-6.16007171299691,56.4633921762688],[-6.18851765277897,56.4665707727589],[-6.18913858150699,56.4659103577999],[-6.20030857785558,56.4613938307485],[-6.2045470035004,56.4619792257538],[-6.20817283438611,56.4721147917144],[-6.20857263037336,56.4720847699283],[-6.20854659556121,56.472628240801],[-6.21273959358104,56.4717717786863],[-6.22205515027828,56.4710715645787],[-6.22387969992414,56.4694954698544],[-6.24213047117466,56.4657635376476],[-6.24455309166926,56.4669223934054],[-6.24706617465487,56.4722721608928],[-6.26305413363374,56.4757683579602],[-6.26860565914688,56.4784213588581],[-6.26844235651439,56.4785752675505],[-6.25128008064037,56.4947425761318],[-6.24570231221133,56.4958853579061],[-6.2328348692388,56.494082527042],[-6.2296737218823,56.4991675562036],[-6.22710640660659,56.4996930271229],[-6.2263912878752,56.499432661034]]],[[[-6.29121068594327,56.4975215028758],[-6.27257291234059,56.4896256606721],[-6.25565621310304,56.493845767338],[-6.25400763301451,56.4941836368905],[-6.27312643945408,56.4784138445767],[-6.27852800249414,56.4739556442556],[-6.27999405806236,56.4781768851893],[-6.28170447684704,56.4831004297088],[-6.30699688299683,56.4810717131421],[-6.30733485140103,56.4911163376047],[-6.30284732461075,56.4928993842453],[-6.30122896257846,56.4910136032818],[-6.30108796559305,56.4935983490263],[-6.29121068594327,56.4975215028758]]],[[[-5.40889903173346,56.5265273285488],[-5.42825194815652,56.5252011930049],[-5.42533838800569,56.5279619990831],[-5.4120120104818,56.5353890665502],[-5.40890408031039,56.5358075159634],[-5.40889903173346,56.5265273285488]]],[[[-5.4309074388546,56.5598854455085],[-5.50142752655256,56.5026078647533],[-5.50700116665001,56.4980719319548],[-5.57341861494181,56.4713089733865],[-5.59791785509424,56.4614186673697],[-5.58413409574159,56.4705382920903],[-5.57636019281463,56.4755521439767],[-5.57456085434249,56.4834421529249],[-5.57129939467607,56.4977358129651],[-5.53303031421758,56.507923228967],[-5.52852883684986,56.5108337628249],[-5.52236432416425,56.5125114370387],[-5.46783028110037,56.5491411865332],[-5.47030318320513,56.5583549910785],[-5.47016217331428,56.5583037297882],[-5.45594265559773,56.5497720845519],[-5.43582494049574,56.5586096378602],[-5.4309074388546,56.5598854455085]]],[[[-6.75479907910773,56.5143299333064],[-6.7553756435456,56.5140642564958],[-6.76519052001391,56.5143173523404],[-6.76718928985723,56.5165028717968],[-6.76436313153538,56.5188106128799],[-6.75479907910773,56.5143299333064]]],[[[-6.74052401026623,56.5487439140428],[-6.73963140622721,56.5480984643749],[-6.74163328365116,56.5485302524011],[-6.74139678877307,56.5492310759221],[-6.74052401026623,56.5487439140428]]],[[[-5.38472527807087,56.5956696260718],[-5.39715372826793,56.5786003114026],[-5.397550170294,56.5792843837205],[-5.40253780765055,56.5899584337232],[-5.40047332378743,56.590877558625],[-5.38472527807087,56.5956696260718]]],[[[-5.4813037698872,56.3557383128815],[-5.49442856669845,56.3606521905261],[-5.49286111487617,56.3633433557027],[-5.49603183204078,56.3612522604871],[-5.4970631096307,56.3616382255862],[-5.51851995839541,56.3464125094558],[-5.52014723713526,56.3453380839994],[-5.5381993750889,56.3596830087886],[-5.51408300214568,56.3956236439016],[-5.47275164194781,56.412919703834],[-5.48386070487121,56.4359027199247],[-5.47905047341367,56.4385137354414],[-5.46124045689198,56.4479337522621],[-5.44736156564213,56.4532559452411],[-5.44101056606006,56.4556034997734],[-5.43610812975406,56.447338068548],[-5.41491097454796,56.4552413167098],[-5.41424675672709,56.4497352595442],[-5.35836890565807,56.4584225098623],[-5.35927378096272,56.4573978319501],[-5.35674023132826,56.4580337326404],[-5.3582522208536,56.4584406206288],[-5.35047649255193,56.459647190908],[-5.34310927131448,56.4565114065723],[-5.33035281579191,56.4505217011699],[-5.32975418688404,56.4508244790692],[-5.32931678273157,56.4506381675568],[-5.3232872062536,56.454094893444],[-5.31606514793415,56.4577461076916],[-5.28610747909738,56.4486670409557],[-5.26930408693355,56.4505181676701],[-5.26697755558756,56.4579195386391],[-5.24867764037206,56.4374439154879],[-5.24565934852791,56.4372785978713],[-5.23494938966575,56.4366913866284],[-5.23394309098586,56.4388106979806],[-5.22760602540622,56.4455337080443],[-5.22371017503934,56.4400124947006],[-5.1904031361072,56.4484699609817],[-5.15711506894608,56.4719613547265],[-5.13557020303329,56.4769709406926],[-5.14447615698905,56.4823232656542],[-5.13128493612671,56.4926707484483],[-5.11909626362146,56.489002425989],[-5.12919642362335,56.4930605258792],[-5.096048168793,56.5285209246397],[-5.06174275822188,56.5271074515432],[-5.05188478736873,56.5361771121833],[-4.99431972743847,56.542131172186],[-4.98512731886112,56.5564869191887],[-4.97114177724799,56.5545661030388],[-4.95153225198149,56.5636803731348],[-4.94747228655341,56.5757268172258],[-4.87852158366549,56.5660497992042],[-4.83860961388441,56.5738395705017],[-4.83002484211776,56.5692178906806],[-4.80110032843195,56.5735989230857],[-4.77944290317935,56.5877692106449],[-4.72618819596148,56.5878065831983],[-4.70222864359271,56.6055554473939],[-4.68657486679811,56.6006280329288],[-4.62642362625922,56.6155969800891],[-4.60981674673025,56.614809951155],[-4.55983966622687,56.5730028942742],[-4.59952426153017,56.5766589670782],[-4.69758473525094,56.5499557485533],[-4.6976254473554,56.5410436797987],[-4.65945333704326,56.5344522929559],[-4.65372269356021,56.5260098584399],[-4.6582991938605,56.5106825153778],[-4.68620617484934,56.4905470946016],[-4.67083330604354,56.4797522960918],[-4.63906605487862,56.4760372951701],[-4.65534810733761,56.4730339196841],[-4.66553062048381,56.4600801135849],[-4.70007265134363,56.4673544774055],[-4.72640452320533,56.4594894547781],[-4.73338836634295,56.4342416995173],[-4.76807400438962,56.4364921493835],[-4.79860179969577,56.4167791070371],[-4.81165894969933,56.4175981729441],[-4.81263600418757,56.3981077560964],[-4.85447699803646,56.3704108991744],[-4.78317301238743,56.3438559012032],[-4.79281942957544,56.3331270251145],[-4.78578722030299,56.3237346970201],[-4.73989706834866,56.3319142355835],[-4.72184934304736,56.3214682960007],[-4.71590375303062,56.3299846547431],[-4.69570107821047,56.3224719282009],[-4.65846897971968,56.3219288225801],[-4.6767025500492,56.3128717034396],[-4.67065887722585,56.3025133745882],[-4.68210842859035,56.2978392376974],[-4.66030557748645,56.2811429441336],[-4.69712478202764,56.2744407282822],[-4.70141589195886,56.254658752287],[-4.68501354818326,56.2160797414803],[-4.69563960457088,56.2001336690066],[-4.65559083861116,56.1649893788312],[-4.64000841945132,56.1223203118662],[-4.5904236090608,56.110881341362],[-4.60530887109135,56.0888899299314],[-4.59818792272611,56.0842262154959],[-4.62193954076457,56.0450130412168],[-4.60153183627077,56.0202240879458],[-4.62967160200229,56.0099744721083],[-4.63033018788025,56.0026710587615],[-4.65293519336373,56.0081051081418],[-4.6598902591745,56.0027465684984],[-4.61622949350613,55.9873543677704],[-4.62494665332647,55.9724022744747],[-4.60223054831466,55.958024108947],[-4.60988543867429,55.9466188154139],[-4.66643711175178,55.958363894903],[-4.68370441713431,55.9709005501876],[-4.70172544819943,55.9672860290027],[-4.7007092872542,55.9752419093752],[-4.685062049929,55.9756410702915],[-4.69212510413375,55.9835219692547],[-4.70074015605967,55.9931296005159],[-4.72111391430461,55.9982997127306],[-4.72130065679344,55.9986111437952],[-4.72712563085841,55.999824351851],[-4.78745785981087,56.0151022142754],[-4.78941712514094,56.0180497930151],[-4.78765137076278,56.0243718267945],[-4.80245854488123,56.0376571127441],[-4.83055550405932,56.0798257949993],[-4.83715037185404,56.049767942193],[-4.79284560345353,56.0008333295851],[-4.77041009648457,56.0007334212204],[-4.76766441232586,55.9880523534331],[-4.82438372262431,55.9847670095836],[-4.84743545738342,55.9878563477661],[-4.85244330355234,55.98988780594],[-4.8717196751889,56.0296997140002],[-4.87860711612166,56.0534611722979],[-4.83905967132005,56.113528054354],[-4.76986868745314,56.1871524232909],[-4.74968073856859,56.1954643366307],[-4.75253590759684,56.2037879073444],[-4.78965857026785,56.181997237477],[-4.83194611772361,56.1235254123594],[-4.86163170360852,56.0998165579705],[-4.86198666574607,56.0999468636605],[-4.86180737258344,56.1003630364827],[-4.86217857181576,56.1000173101444],[-4.88696287663192,56.1091107029444],[-4.88297914137325,56.1419405780364],[-4.90178312551531,56.1690260897823],[-4.91667300533759,56.164541800757],[-4.89976234658076,56.1465895230266],[-4.90867874020891,56.1120903727056],[-4.87561904704496,56.0874943132548],[-4.89334445007272,56.070964462819],[-4.91443050023897,56.0512791914585],[-4.89761770423291,55.9841016216832],[-4.93936545120371,55.9945316645357],[-4.93940873259708,55.9945154302835],[-4.96188186103542,56.0057739850429],[-4.96085191588074,55.9894980069718],[-4.93197503262639,55.9780462084359],[-4.92383685215172,55.9748163506162],[-4.90863059335528,55.9670686308622],[-4.91068024356993,55.9633055904652],[-4.93071245475953,55.9439642304704],[-4.93408064697692,55.9434861804196],[-4.97887835098872,55.8617686997325],[-5.03122252796494,55.8688920771754],[-5.04492816499321,55.8709176614047],[-5.0685032375616,55.9521967837454],[-5.10487520908993,55.9713152367422],[-5.10657158649633,55.9740993979038],[-5.12317280009679,56.0096635616056],[-5.1253943346947,56.0049626840795],[-5.12602170570157,56.0059904458491],[-5.12563039936932,56.0044630907254],[-5.1292904343019,55.9967156058116],[-5.12101821043215,55.9864507372104],[-5.11735705060613,55.9721395945034],[-5.08314122555041,55.9393710629096],[-5.0823982769976,55.9384463012384],[-5.07718957485423,55.898128449322],[-5.11173352909115,55.9015294104156],[-5.17303470795577,55.9302628110383],[-5.17212818844022,55.930965557506],[-5.17372959422855,55.9307713944859],[-5.17368781425799,55.9305685377515],[-5.17865153478972,55.9328918426454],[-5.18910899653488,55.9716552352147],[-5.19311523118544,55.9864833114567],[-5.19388657574077,55.9715312891888],[-5.19486821824721,55.9524912802683],[-5.20351743688758,55.9259409216045],[-5.22399759654936,55.9092395595208],[-5.23634789940471,55.9042741697725],[-5.24013775833457,55.8960651952927],[-5.24219088664252,55.8943885491567],[-5.20867117869894,55.8563141894996],[-5.20441296406158,55.8282675804549],[-5.2074901046716,55.8278733457532],[-5.22211378020693,55.8322548715661],[-5.22601262638524,55.837232988332],[-5.25267078408592,55.8463304425661],[-5.2562146396562,55.8517421258609],[-5.28508596965597,55.8483397419626],[-5.29012040045167,55.8552305298016],[-5.29031156214261,55.8561787930884],[-5.29076286225265,55.856109691341],[-5.29186378881842,55.8576161277367],[-5.31104194731413,55.8530026820583],[-5.31194852519266,55.8528636937969],[-5.30440629539687,55.8554860362078],[-5.31268917806168,55.8566633369692],[-5.31156716629163,55.8745503294075],[-5.31121430889091,55.8756309215135],[-5.31151523501189,55.8753779296704],[-5.31151242241579,55.8754227599513],[-5.31647144232474,55.871210638941],[-5.31696764378742,55.8707933614412],[-5.31358376822783,55.8777623622199],[-5.3477466019226,55.8876990824902],[-5.3510754493889,55.8955669790104],[-5.35107324022574,55.8955694315543],[-5.35107601428355,55.8955683148732],[-5.35221806686309,55.8982668424559],[-5.33679098543861,55.9197462612726],[-5.34382298878482,55.9222599691766],[-5.33366777816614,55.9490224399394],[-5.32703478840412,55.9558863684077],[-5.33591883483783,55.9618113227339],[-5.34637755587416,55.9712563041505],[-5.34414619301574,55.9830102519168],[-5.33893884033332,55.9972017593866],[-5.31826033568238,56.0118127298065],[-5.31523055276396,56.0119305274762],[-5.31237513938334,56.0159684631459],[-5.30150648764418,56.0236401295596],[-5.29803653035878,56.0362316360736],[-5.28471194355346,56.0550417814307],[-5.21023790918624,56.1051398389397],[-5.20317295001501,56.1285713379667],[-5.10091275955754,56.1568211007288],[-5.08312978505632,56.1671776469038],[-5.06078294943929,56.2078428334444],[-5.03040206382285,56.22449613781],[-4.98110099509468,56.2363982669683],[-4.92669554211397,56.2674394536946],[-5.03976538665809,56.2340840593408],[-5.05299357368894,56.246432010744],[-5.10418050022681,56.2017980194912],[-5.1174101715606,56.1706895911258],[-5.14600137065346,56.1566378160459],[-5.19256466794212,56.1494105114018],[-5.23612008119435,56.1284117371244],[-5.2567116524381,56.0972375868696],[-5.28218075655526,56.0891276665021],[-5.28437197846572,56.0857415834054],[-5.28342300623426,56.0891755094954],[-5.30574849623467,56.0613029069572],[-5.31875041461268,56.0591578468425],[-5.32081626771599,56.0599272832567],[-5.32131942192905,56.0686147967336],[-5.33394534080832,56.0681330360499],[-5.3303953283347,56.063494185535],[-5.33582005228194,56.0655135304092],[-5.32679856682769,56.0587929689807],[-5.32619676258626,56.0580062441959],[-5.34113767247063,56.0506033411071],[-5.3455302523642,56.0222278324337],[-5.35820807169663,56.0254331038482],[-5.36095489373349,56.0230560069639],[-5.36232159139049,56.0231345693225],[-5.38907498374086,56.004810436262],[-5.39436325893228,56.0073390480379],[-5.39990674632995,56.0039583976623],[-5.406734134297,56.0011335680287],[-5.4135172188447,56.0044695233537],[-5.42827520653513,56.0172051091548],[-5.43047571475457,56.0347721014941],[-5.44062563401452,56.0379010298207],[-5.44334104333756,56.0208099063184],[-5.44605047127023,56.0207069425002],[-5.4483401567497,55.9893085760332],[-5.45110719520721,55.9718536512443],[-5.44475971729823,55.9647668517459],[-5.42872107035767,55.9468466824159],[-5.42832990601482,55.9449548715357],[-5.41951301458609,55.8964589946892],[-5.41818491988901,55.8958182483892],[-5.41776541241808,55.8937834174141],[-5.40353629814466,55.8887485515137],[-5.40256392002145,55.8882791089759],[-5.40267615376276,55.8882798628509],[-5.41305176033262,55.8898865409333],[-5.40162731941458,55.8768962753953],[-5.40164945372791,55.8768937218927],[-5.40160078200358,55.8768660883372],[-5.3960289896232,55.8705270145637],[-5.41432920964758,55.8638148605456],[-5.41507186447262,55.8635876853407],[-5.4149596911087,55.863583523968],[-5.4150045060529,55.863567080196],[-5.4065595130693,55.8632715946354],[-5.38519706925888,55.8624757323932],[-5.33975559267625,55.8272132764098],[-5.31760876925129,55.7884532176708],[-5.31457719621379,55.7831410787641],[-5.3275987148545,55.7645787885705],[-5.35072666461725,55.7661451509444],[-5.39430543964659,55.7520444995939],[-5.45103366699613,55.707126356626],[-5.44877727988101,55.6876794297272],[-5.48365897231855,55.642641573469],[-5.46910878110814,55.6044464215261],[-5.45845347893489,55.5764249790921],[-5.46687220510986,55.5711115012704],[-5.47024721955042,55.5823760856751],[-5.48764769828631,55.5789368642253],[-5.48864686409121,55.5846604637802],[-5.48892315894537,55.5733214713229],[-5.49271935444525,55.570522020261],[-5.48994169813351,55.5315122861376],[-5.48998026949969,55.529928710018],[-5.50424279013578,55.5271205054147],[-5.51038015708342,55.4876056520715],[-5.54350115219964,55.4678022201533],[-5.54358210693868,55.4673870511559],[-5.54551571788432,55.4662156984765],[-5.55050154566867,55.4343256640562],[-5.58061409388403,55.4241893056598],[-5.60373867913735,55.4271488254398],[-5.60125935010279,55.4254620472257],[-5.60362884682106,55.4256425921004],[-5.59653108134963,55.4222446875274],[-5.59469282562812,55.4209936486109],[-5.58404414033801,55.4137444553406],[-5.57986167419901,55.414260578953],[-5.57903831768203,55.4138660722656],[-5.57701626834648,55.4146116179385],[-5.55236467594371,55.4176498680196],[-5.54192963029849,55.4078971075036],[-5.52643745909241,55.3918453918614],[-5.52033476440912,55.3612390199789],[-5.56182924835752,55.3237092034092],[-5.6035995047712,55.3075150838424],[-5.68797363754234,55.3087559815276],[-5.71990345170581,55.2932701555083],[-5.75538705514789,55.2895269949773],[-5.77836376365143,55.2947148100643],[-5.78208114742017,55.2960096815351],[-5.79985018285806,55.302196382808],[-5.79776698897798,55.3685092087549],[-5.79627138712481,55.3911706806837],[-5.7556488356119,55.4142709923539],[-5.75223414453229,55.4233466944656],[-5.7503126656919,55.4247359215912],[-5.72221958453765,55.4267250301617],[-5.7162313418604,55.4424410534866],[-5.71369882607382,55.5205634055888],[-5.70376053506514,55.5325836123827],[-5.71617423722475,55.5734784553557],[-5.69272926260122,55.5873719528873],[-5.68793835380289,55.5980529337693],[-5.67237045546799,55.6327208255872],[-5.66307147694087,55.667837293555],[-5.67654949749949,55.6824409481862],[-5.61995699346514,55.7097447314383],[-5.56982591978101,55.766925742814],[-5.55344205793011,55.7670505165668],[-5.52182413793228,55.7827656695721],[-5.51055276346633,55.7883629516704],[-5.4789989689889,55.8040184780346],[-5.43551175793524,55.8572010860577],[-5.44592430510366,55.8571649191278],[-5.4702046522056,55.833534617272],[-5.50939526435793,55.8043514241762],[-5.51185736829978,55.8028445702105],[-5.52564396910904,55.7944038894007],[-5.57439381996776,55.7768634223963],[-5.57589029741738,55.7800158524367],[-5.58943978122857,55.7671758670578],[-5.60529057105266,55.7631939513129],[-5.615330850549,55.76164009397],[-5.61519253380064,55.763404789115],[-5.60672899157617,55.7751488819982],[-5.60035880685627,55.7775180907825],[-5.60777841071708,55.7768841363777],[-5.61755490726354,55.7807102840363],[-5.61978326315208,55.7833353590597],[-5.61779659891186,55.7853099438192],[-5.60481532185414,55.7917228186387],[-5.61242063924029,55.7906521072406],[-5.6079831306721,55.7950604734073],[-5.63908302315763,55.7868943767788],[-5.6398531401012,55.7867857430481],[-5.66439143458853,55.7993003698013],[-5.66458394295933,55.8140464204777],[-5.66364730299745,55.8419764882081],[-5.64654432982649,55.8645497255838],[-5.59059280368697,55.9215051361897],[-5.56901790147825,55.9374331353329],[-5.60900484690127,55.9292130662792],[-5.62854909577181,55.9170929755571],[-5.67784623734334,55.8868740028449],[-5.68294207237479,55.8984725766052],[-5.68737562924542,55.9126237099589],[-5.6768072483445,55.9303800626248],[-5.60382489078624,56.0027091966474],[-5.59990654591229,56.0061141171589],[-5.58943353415107,56.01159081833],[-5.57249043154068,56.0170777752284],[-5.5700257008142,56.0217333184406],[-5.5692575722381,56.0221345708381],[-5.5698903854168,56.0219888778284],[-5.56563100428574,56.0300315200348],[-5.5968395634956,56.0165220251301],[-5.58184144517451,56.0288675930007],[-5.56617643007811,56.041275876952],[-5.56757099781141,56.0406053565313],[-5.5667896519064,56.0412477874122],[-5.58862867022732,56.03230890273],[-5.58681944392568,56.0390628120787],[-5.59202586602677,56.0315153989526],[-5.59207338615847,56.0314875957125],[-5.59268055633194,56.030649565894],[-5.60899362717315,56.0239662420697],[-5.60903780179944,56.0239610061755],[-5.57730800338836,56.052547240522],[-5.59699345943918,56.036482995472],[-5.57955368261466,56.0545859500937],[-5.61208823330803,56.0242512290245],[-5.61497795187983,56.0242470660144],[-5.6247882276649,56.0244590294133],[-5.62444245375928,56.0242329494044],[-5.62528563795048,56.0242316564223],[-5.62334910660226,56.0235180546798],[-5.61326747223251,56.0169243635076],[-5.62011968273628,56.0093898119757],[-5.64181151742131,55.9893749280006],[-5.65838902131552,55.9836297530977],[-5.65839996747211,55.9836306667647],[-5.63571382423287,56.0129169266264],[-5.63691899064902,56.0120101957642],[-5.63629171807731,56.0128324231849],[-5.639582870924,56.0100057832649],[-5.65197968152062,56.0006744449508],[-5.672786875974,55.9785067151649],[-5.67039556483454,55.9731871556703],[-5.65474489003799,55.9772987421836],[-5.66826343413342,55.9639450325667],[-5.6830426721396,55.9578661761641],[-5.68783937345525,55.9558924862029],[-5.68627101407464,55.9577696142189],[-5.67672118925018,55.9691953975316],[-5.69867059108011,55.9573972245394],[-5.71265456290162,55.949874933476],[-5.71469585835759,55.948965362972],[-5.70832079744611,55.9571066099671],[-5.65669800931811,56.0229009976857],[-5.63577741915233,56.0291481963799],[-5.63264983858573,56.0525377105347],[-5.58465366320623,56.0917509376074],[-5.58216926575402,56.0916977424827],[-5.56722373575226,56.0880261115829],[-5.55500366914009,56.0911128007585],[-5.55330172635097,56.0910759537258],[-5.55046455047378,56.0807910450443],[-5.53667589945646,56.0757846372684],[-5.52106289206963,56.0701123690359],[-5.50942565826856,56.0785278134179],[-5.52840479507177,56.0748426942475],[-5.5288799985083,56.0851015065708],[-5.53746340980738,56.0843662160906],[-5.54465093036622,56.0837500273137],[-5.53810972881502,56.0914060581959],[-5.53028753307037,56.1005570833379],[-5.5389594944501,56.1006575465535],[-5.55096211835455,56.1007955869988],[-5.55350759198999,56.102675651426],[-5.54769324316429,56.1105540366242],[-5.55877718056743,56.1065669563421],[-5.56851518074013,56.1137552257877],[-5.54272143136419,56.1415567187015],[-5.54248384243975,56.1418125967652],[-5.50133159460075,56.186075742563],[-5.50809153888761,56.1912062300446],[-5.51698772112393,56.1869634079802],[-5.52586375085461,56.1876016460544],[-5.53286991078408,56.1793848910511],[-5.53327491918682,56.1791915679364],[-5.53431224500954,56.1786964047275],[-5.53211140495647,56.1815188823644],[-5.54014402824287,56.175912236337],[-5.54564737102207,56.173284252887],[-5.579413784631,56.1571468683195],[-5.59242944558081,56.1403688858044],[-5.59412985777908,56.138175817032],[-5.60231075937008,56.1324489710301],[-5.61429320722807,56.1315866110583],[-5.61455585338069,56.1316455555148],[-5.60426804696642,56.1400237501824],[-5.58776507125469,56.1534543170327],[-5.60102171019415,56.1483113673339],[-5.59761549765834,56.1596701865143],[-5.60075913606588,56.1590199781194],[-5.60046783326926,56.1611379747519],[-5.55728289493911,56.2038776710086],[-5.56369692855709,56.2085345844962],[-5.56654438762125,56.2108136871587],[-5.54952303934369,56.2152201332059],[-5.54076576858358,56.2174858934828],[-5.54713766510915,56.2221801748877],[-5.54868433559969,56.2305397000886],[-5.56543012855426,56.2370022645595],[-5.55184021892572,56.2402300336488],[-5.48130859874412,56.2569495297094],[-5.4946402400811,56.2623643148497],[-5.49732544676791,56.2643102361918],[-5.49380348037653,56.2702196983621],[-5.50520131828743,56.2701165435469],[-5.51727476522352,56.2596104582086],[-5.5334561113827,56.2599265780563],[-5.55371960490602,56.2604978151364],[-5.5618743801881,56.2607267946429],[-5.58168252654151,56.2481510353108],[-5.58305971988468,56.2482421069608],[-5.59598710759952,56.2501320528802],[-5.57920002413314,56.2838804963923],[-5.5906932237715,56.2826482962147],[-5.59187601945131,56.2828462610134],[-5.58126383040112,56.3205117676632],[-5.57768252986198,56.3332070427839],[-5.55277058330581,56.3471419965117],[-5.54269204249449,56.3446658778249],[-5.53908174066613,56.3494637327234],[-5.53689783868067,56.3494954042564],[-5.52108947693168,56.3409379034184],[-5.52044255248224,56.3404392689623],[-5.52030886162424,56.3405151813574],[-5.5201364325206,56.3404218052449],[-5.49888974606893,56.3521329428645],[-5.4811028958247,56.3544799781598],[-5.47995938178485,56.3552348169612],[-5.47969052683263,56.3551341225861],[-5.47511330373977,56.3553096434484],[-5.44919305085827,56.3615854964579],[-5.4485467888737,56.3680173864005],[-5.47581370235939,56.3567387496187],[-5.4813037698872,56.3557383128815]]],[[[-6.72629070616373,56.5407965467166],[-6.72564465138317,56.5265509125394],[-6.77459666774727,56.5245995840143],[-6.77502555835879,56.5250682565261],[-6.78023158192913,56.524373723711],[-6.80426194626266,56.5234076326349],[-6.81339439908535,56.5123883228446],[-6.79659925420825,56.5065709806027],[-6.79510259166228,56.505741718685],[-6.81144968692052,56.488797609121],[-6.87550845225426,56.4883749361406],[-6.87770331697487,56.4883598729933],[-6.89871088892274,56.4703508618702],[-6.8947829490921,56.4554107367422],[-6.89420277801755,56.45320283623],[-6.89407080506324,56.445281283872],[-6.93272767887783,56.4431138007928],[-6.94674262468915,56.4533463885839],[-6.95486162156605,56.4592708756404],[-6.97924031501717,56.4520438320682],[-6.98001255592075,56.4518147814214],[-6.97997856151266,56.4520141158103],[-6.97377246391668,56.4883784424981],[-6.98612791091814,56.5036688055181],[-6.98769747191098,56.5036456556483],[-6.98769560881446,56.5039688642883],[-6.99192679632567,56.5035831766995],[-6.99905337344964,56.5034775703066],[-6.99736669529481,56.5043740621953],[-6.9839576834632,56.5072142679476],[-6.97672797526844,56.5153385418917],[-6.95101801711597,56.5289835663665],[-6.91283732332472,56.5306568048443],[-6.91205569767786,56.5304149104499],[-6.90266641720174,56.5248310138661],[-6.89826760052168,56.5261464831293],[-6.87962703224561,56.5203717835135],[-6.87426678161737,56.5187103528995],[-6.87132356195264,56.5212771398499],[-6.821917927059,56.5420713902283],[-6.81800946524322,56.5431821051805],[-6.81415425849399,56.5419772251534],[-6.79785219944008,56.5351140532406],[-6.79617015780399,56.5363539616119],[-6.79565780899529,56.5361936977823],[-6.79476927837773,56.5373865353057],[-6.78984718789458,56.5410139964912],[-6.78015771990381,56.5373490327326],[-6.78003834301565,56.5372302866316],[-6.7799762363647,56.5372803737803],[-6.7790666912615,56.5369362666001],[-6.75454077877541,56.5558737195558],[-6.74154317967602,56.5439907018219],[-6.73101902945628,56.543437241943],[-6.72629070616373,56.5407965467166]]],[[[-6.67424667135389,56.5778664281202],[-6.67451542865824,56.5774167467928],[-6.67543278794001,56.577594660032],[-6.67469521746974,56.5784185992988],[-6.67424667135389,56.5778664281202]]],[[[-5.15297786933351,56.6266699890114],[-5.15306958878823,56.6128245812238],[-5.11884279074418,56.6165644909486],[-5.07995069119585,56.6094541030412],[-5.08674464539547,56.5962418735748],[-5.1089023235711,56.5874871850086],[-5.09543244569332,56.5738817731073],[-5.09967437712572,56.5552858401344],[-5.1144627428092,56.5479719172017],[-5.0975251653569,56.5357337910252],[-5.13433571372425,56.5034435605981],[-5.15591207950299,56.5012697169627],[-5.18355560199891,56.4613308555955],[-5.23022643319779,56.4466360136302],[-5.24742176437227,56.4579213501912],[-5.25674512049517,56.4640364393454],[-5.28819893529209,56.4604438067269],[-5.34647968793091,56.4717824813705],[-5.36195531340175,56.4701277837297],[-5.36500257529987,56.4627917803944],[-5.36673723655349,56.4589828747732],[-5.39944532484942,56.4589104610071],[-5.40702629840492,56.4589400556608],[-5.40657783377938,56.4657542646769],[-5.40098518623973,56.4706960440001],[-5.40589231414988,56.476167059303],[-5.40535561407458,56.4843165562195],[-5.42016513959055,56.4920696862281],[-5.42220523446206,56.4943414972222],[-5.42333898822429,56.493730622629],[-5.42704488943631,56.4956697034745],[-5.42123830389766,56.5048453156779],[-5.41952559510692,56.5075508749498],[-5.42282581706212,56.5048014454934],[-5.45890463699931,56.4747127488958],[-5.45163222565007,56.4879781793492],[-5.47385710446494,56.4819005490579],[-5.4734631998816,56.4823010486921],[-5.43205414005063,56.5215976488007],[-5.40189129442509,56.5257091706706],[-5.39835629300353,56.5211854763284],[-5.40062643841575,56.5172284944109],[-5.39334539145046,56.5147710141396],[-5.38977601661928,56.510200370217],[-5.38612755610153,56.5123341263947],[-5.38163306181282,56.5108163213525],[-5.33369194933777,56.5210000148788],[-5.29643023767412,56.5464496601369],[-5.24970134225452,56.5485426101658],[-5.24589722430527,56.5530361316416],[-5.26111646565072,56.5540621771291],[-5.23147775116644,56.5638901403614],[-5.28209510504529,56.5483378584282],[-5.31996456603656,56.5477877971291],[-5.36679697161011,56.5234802330231],[-5.36705155100927,56.5234849157735],[-5.36645116757987,56.523835716062],[-5.37403604950741,56.5293248186569],[-5.38279681964986,56.524158017788],[-5.39322032241048,56.5437386506074],[-5.41672029615759,56.5390215519207],[-5.40827275029823,56.5606796550163],[-5.3910649241328,56.5687787223226],[-5.39035530578357,56.5595475083091],[-5.36939563671856,56.5659092675461],[-5.38777982941138,56.5752854358151],[-5.38375566631389,56.5821563911109],[-5.32503741254301,56.6206716258603],[-5.29737228780261,56.598000654878],[-5.27467107392391,56.6007224389102],[-5.24966849309154,56.5921600903175],[-5.21647348671738,56.6021568460668],[-5.21382126757591,56.6319169071214],[-5.15297786933351,56.6266699890114]]],[[[-6.11263040215183,56.6438987360986],[-6.06656014557092,56.6385851006506],[-6.05834412822116,56.6281984636669],[-6.05825703052745,56.6280781813375],[-6.06967956087047,56.6209907634973],[-6.06698823760164,56.6202129934236],[-6.06736674855751,56.6198812267172],[-6.0531860936536,56.6162228302033],[-6.03250675560206,56.6102399817891],[-6.01223015583291,56.5879704967741],[-5.98937150665883,56.579687754988],[-5.98358160812854,56.5708612999525],[-5.96338549186474,56.5370876606108],[-5.97526403182074,56.5315261967153],[-5.95148996046346,56.5180445735701],[-5.94572468958935,56.5216328795351],[-5.93279725626462,56.5217070907261],[-5.9202517938545,56.5164538672687],[-5.9031165024414,56.518018129751],[-5.86374370565788,56.5216030142684],[-5.84502820079377,56.5142592174918],[-5.83102534941828,56.5084440931671],[-5.83084862104906,56.5086914577458],[-5.82459140606188,56.5062334548586],[-5.82361831674224,56.5172261555548],[-5.79686833244511,56.5150939713607],[-5.77429312330076,56.4946039620863],[-5.76843613398578,56.4892835740337],[-5.74152752191926,56.4819047011107],[-5.72008994653517,56.4851320915582],[-5.71737248227978,56.4832519237539],[-5.71326929930649,56.4747523924827],[-5.69386474103552,56.4669769076815],[-5.68016209728572,56.4574815532355],[-5.68335972774952,56.4518386561539],[-5.66156011596821,56.4481851494451],[-5.65237192932161,56.456689338952],[-5.65227808344535,56.4545675796555],[-5.65229250669932,56.4250266022258],[-5.67033432135954,56.428715240022],[-5.67039679520989,56.4287612546792],[-5.66410595777449,56.4325911916295],[-5.67945663759215,56.4409872977277],[-5.69537608615015,56.427390524006],[-5.67812103071614,56.4338457999556],[-5.67550125635492,56.4313864855165],[-5.67526423527612,56.4196254423425],[-5.66767725255023,56.4232130080038],[-5.66573393741863,56.4222140356613],[-5.66451841469478,56.4210721716251],[-5.66368085935199,56.4211585467111],[-5.65262335166737,56.4154722545745],[-5.67948926729327,56.3837059834108],[-5.71751633773517,56.3906533460619],[-5.71381004262049,56.4042436670007],[-5.71064693624869,56.4140705235382],[-5.71114487912256,56.4140107539137],[-5.71098282726606,56.4146044764749],[-5.71317672431377,56.4137668420366],[-5.73409557160842,56.411253541485],[-5.74819381358729,56.4134966689378],[-5.73176788873812,56.3960601463315],[-5.75451460895875,56.3946105512372],[-5.75814020521627,56.3812132964004],[-5.79489720700027,56.3664332597599],[-5.78611345507969,56.3682133282098],[-5.7912828695121,56.3658526749322],[-5.72122553444375,56.3813389217774],[-5.70921853076143,56.3837630289945],[-5.69352090429949,56.3827818042445],[-5.6912875818148,56.3825775706866],[-5.69542028501537,56.3705807971459],[-5.74580245233177,56.3417502692671],[-5.8276344855384,56.3131336550739],[-5.83409386346265,56.3108707389051],[-5.83990042030642,56.3120011898048],[-5.84319067576345,56.3126509903572],[-5.88290608790257,56.3204857757566],[-5.88895821761693,56.3216782845958],[-5.88334585542109,56.3248121394868],[-5.84616829822964,56.3455525915758],[-5.85235278975872,56.3539007399536],[-5.87667388970403,56.3562281986403],[-5.88340564236191,56.3521886582913],[-5.90181676845535,56.3464017615874],[-5.92458411787133,56.3274525019992],[-5.93442364921173,56.3215351752613],[-5.9868021218636,56.3228540240908],[-6.01713397803053,56.3071223299985],[-6.04416470762547,56.2930858380649],[-6.07495606479205,56.3011986451451],[-6.07897974208182,56.302381878849],[-6.12660521865539,56.2967274526344],[-6.14288251152276,56.2844019077362],[-6.17016051680584,56.288149951429],[-6.17015663470431,56.2881567735051],[-6.17016865587922,56.2881510689673],[-6.198599150156,56.292050202154],[-6.20226518815365,56.2908673711271],[-6.20321139822203,56.2909760919827],[-6.21571988752362,56.2865247224984],[-6.22003097942,56.2851327582525],[-6.2201117457562,56.2851838880165],[-6.22016734413605,56.2850887245695],[-6.22546929451436,56.2833764817103],[-6.24539558965578,56.2885745147682],[-6.24785981078704,56.2854620888527],[-6.24995653674539,56.2857135111347],[-6.26288651727884,56.2664709949195],[-6.26455276796582,56.2643639163277],[-6.26497753302482,56.2649066088702],[-6.26946301787296,56.2739955377132],[-6.32022595110449,56.2696287179189],[-6.32353787673369,56.2706024292994],[-6.32303280451827,56.2826333208484],[-6.3294852071258,56.2826829167851],[-6.32915426540078,56.284716973922],[-6.34962274782311,56.2848296194457],[-6.34814194849784,56.2959227506024],[-6.34679750904339,56.3059894201769],[-6.37690577130611,56.3088035966872],[-6.3512462174373,56.3467073283705],[-6.29490010534303,56.3442541710621],[-6.29463613512938,56.3442384081654],[-6.29455125798953,56.344119940142],[-6.28963475014852,56.3368657224917],[-6.28935381991197,56.3368640346814],[-6.28652766412011,56.332917270916],[-6.28576874283256,56.3368424422077],[-6.27279401128137,56.3367634300735],[-6.26738253113236,56.3242978454067],[-6.29785111885032,56.3243766820009],[-6.23644434003318,56.3157061562796],[-6.24855991230362,56.3430772421416],[-6.20822544144672,56.3355540495279],[-6.19029855708411,56.3322051054116],[-6.176549599151,56.3343240373816],[-6.18497040541502,56.3377175319038],[-6.183832065507,56.3386216451132],[-6.1777468991695,56.3410331384808],[-6.15883053627393,56.3390606554394],[-6.14542036549432,56.3373273318402],[-6.14497519930413,56.3376139283467],[-6.14193102060922,56.3372958410721],[-6.13033013046734,56.3467488497056],[-6.10313306721703,56.3422779083593],[-6.07085770004621,56.3564918339821],[-6.01864854275712,56.3645068712641],[-6.00329503253625,56.3784114463954],[-6.01377120137007,56.3870957757642],[-6.00833161852919,56.3876860530847],[-5.97930493548947,56.3858855391406],[-6.02272770678932,56.3946551669475],[-6.02415538667974,56.39392360225],[-6.02463130676887,56.394026743973],[-6.04674013794838,56.3823450015181],[-6.05941786836397,56.3758406553929],[-6.07251186204735,56.3838538762349],[-6.09528203946707,56.3706667331765],[-6.10575632180379,56.3668997021917],[-6.19485365905954,56.358845587393],[-6.20935439245393,56.372283973825],[-6.20599342709123,56.3852228286385],[-6.15116105746178,56.41307861917],[-6.13060891562593,56.445984305479],[-6.12520896380852,56.4485801780298],[-6.05476027743068,56.4513704699785],[-6.00181517576144,56.4779695252355],[-6.00197063873701,56.4801301930371],[-5.99923528587039,56.4815670483946],[-6.00009246034447,56.4926853766097],[-6.00291517603862,56.4932508221772],[-6.00312190685857,56.4961209593826],[-5.99532078713024,56.4931973011637],[-6.00316802321939,56.4967611353121],[-6.00416496076889,56.496511795258],[-6.0132686354203,56.4999222425861],[-6.03257306352076,56.4896369579098],[-6.0359900479726,56.488134270735],[-6.04750701549241,56.485986574446],[-6.08654170892015,56.4786976550082],[-6.12320255135984,56.473073796824],[-6.13589975259507,56.4819617798219],[-6.14678979859126,56.4812574740309],[-6.14930061590751,56.4813362456373],[-6.14779195268613,56.4826710716448],[-6.13789688444421,56.4914232478851],[-6.14872354366733,56.500176793183],[-6.22535297715839,56.5288557094436],[-6.22910355664957,56.528527491102],[-6.2298185201095,56.5287849778207],[-6.25111521483613,56.5265988223247],[-6.28679374394621,56.5234639492624],[-6.34047093689546,56.537210613541],[-6.33400059535645,56.5541061959307],[-6.31994363085375,56.5567394602388],[-6.30521337389144,56.5584416134661],[-6.27971816206253,56.5773432429178],[-6.28442097425289,56.5773096224031],[-6.28298466669895,56.578431953722],[-6.29910576411585,56.5772034953401],[-6.31520300509312,56.577085157933],[-6.32376728782468,56.6061610904085],[-6.27456818690428,56.6027433803222],[-6.27254927480033,56.6037779772802],[-6.27130931917636,56.6037141606946],[-6.26935868730892,56.6054128225534],[-6.253932403243,56.6133140646578],[-6.2533586797694,56.6130684460372],[-6.2383063105671,56.6059782959309],[-6.18828797594607,56.582385267759],[-6.20275007637665,56.5913788186995],[-6.18963026193474,56.5857484323305],[-6.22358992105671,56.6046846028148],[-6.21190739402868,56.603138806583],[-6.22697760667787,56.6141787061897],[-6.22700497747703,56.6334371328649],[-6.20898205492894,56.6280431440792],[-6.19737405758819,56.6242208296826],[-6.19787327087821,56.6247163587057],[-6.19460400074952,56.6237369941796],[-6.20815966887469,56.6355067138766],[-6.20224918310575,56.6333830004196],[-6.20024791008682,56.6325278819018],[-6.20022353946543,56.6326550391608],[-6.19852988062897,56.6320463360201],[-6.19825546299439,56.6423393814743],[-6.1661755659906,56.641754431728],[-6.15237184103483,56.647197244443],[-6.12858652683434,56.6558635759968],[-6.11263040215183,56.6438987360986]]],[[[-6.45341450144698,56.6877802259916],[-6.4526797450216,56.6747962277003],[-6.47429460604548,56.6512054104665],[-6.50573158208072,56.6168372174996],[-6.50601838638241,56.6166508287208],[-6.53406960982442,56.6394267717432],[-6.52330083859718,56.613190728769],[-6.52914843011705,56.609162398852],[-6.53096205675439,56.6101544555578],[-6.5540743821043,56.5947296959444],[-6.56310197385588,56.5946852777388],[-6.56554747660125,56.5946731325694],[-6.56674112808215,56.5864979798705],[-6.58025423676196,56.5918552003439],[-6.59353125321213,56.5857017611624],[-6.60013324312307,56.5855274033657],[-6.60098268241698,56.5890904928287],[-6.61092152499924,56.5752949846349],[-6.62497735819777,56.5924884914676],[-6.63564128285564,56.5765929155844],[-6.63819861303656,56.5733615864291],[-6.64757558441002,56.5829382411574],[-6.67098368835008,56.5833251633679],[-6.67245773564731,56.580859383775],[-6.67815555720594,56.5804336181683],[-6.68159096587936,56.5655740851013],[-6.68195945418299,56.5649571240243],[-6.69511803366969,56.5632328974622],[-6.70975939920828,56.5791420656238],[-6.70901961809812,56.5802069593947],[-6.69940339807628,56.5850214539385],[-6.69609844332941,56.5827694454738],[-6.68531205885619,56.5920729801676],[-6.67879419470682,56.5953332051852],[-6.67567539685924,56.5950920192543],[-6.67401463966115,56.5926167209515],[-6.66064159677357,56.5939282520167],[-6.65539023665731,56.5935212933159],[-6.6490431076836,56.6020180294907],[-6.64871963032196,56.6019054228623],[-6.64896143327235,56.6021273386182],[-6.63713005595508,56.6179548394913],[-6.62566155367739,56.6210059417855],[-6.61918175671019,56.6222759084011],[-6.61895833542134,56.622788573172],[-6.61589308434131,56.6236035622701],[-6.61223915605165,56.6377628333436],[-6.58482842048064,56.6471750542125],[-6.58221769028665,56.6480709675638],[-6.57157762999478,56.6511667324458],[-6.57163580639704,56.6517013254707],[-6.57006685267759,56.6522394571735],[-6.5473969974783,56.6600110566491],[-6.53433792232135,56.6735459418844],[-6.52732671452823,56.6765940704939],[-6.50659822889741,56.6786992416278],[-6.50385462012085,56.6856795856385],[-6.49272514838685,56.6818568659444],[-6.49473879679019,56.6905023365977],[-6.47337906896339,56.6868287073142],[-6.46960319178656,56.691427596519],[-6.46360976590388,56.6901953311766],[-6.45341450144698,56.6877802259916]]]]},"properties":{"CTYUA23CD":"S12000035","CTYUA23NM":"Argyll and Bute"}},{"type":"Feature","geometry":{"type":"Polygon","coordinates":[[[-3.07699074546574,55.9468491642492],[-3.08857680610922,55.9313851499577],[-3.11167202827647,55.9296898584844],[-3.11767664120165,55.913450103601],[-3.09267482290597,55.8998020138638],[-3.16243840107193,55.8890860868416],[-3.20154481338416,55.894821360157],[-3.2090878357933,55.883253460047],[-3.23841151391962,55.8827398332042],[-3.25391694551255,55.8685726557927],[-3.26573176687937,55.8761020370651],[-3.29554154144025,55.8662203901701],[-3.35067275057754,55.8271331068266],[-3.36903649137681,55.8241085624945],[-3.39476322800486,55.819739967744],[-3.39597499005614,55.8317355880368],[-3.42014432919706,55.8459971646624],[-3.41692925263304,55.8603829641543],[-3.39657176044319,55.8687375050177],[-3.41378847108092,55.8783745780196],[-3.38770837459645,55.9028537504205],[-3.44419669317303,55.9077422193321],[-3.43141056010985,55.9317810770263],[-3.41811018620842,55.9336178532172],[-3.44952924107955,55.9509355594583],[-3.42491348015411,55.9537545556767],[-3.44337361138132,55.9614850638565],[-3.44826631468525,55.9775749911598],[-3.4297026538778,55.9818119206335],[-3.42596459250696,55.9938774744631],[-3.42534776450794,55.9938233352938],[-3.42059700225481,55.9952669324022],[-3.41405164202594,55.9946454755292],[-3.4147379937469,55.9926991410824],[-3.38969098550324,55.989789364139],[-3.3834651417853,55.9917364566198],[-3.382274963558,55.9916230980126],[-3.37200582611858,55.9953189677449],[-3.35196601308298,56.0015800087939],[-3.30377967013195,55.9752629264257],[-3.29800156257885,55.9824388702886],[-3.28366759518644,55.9811039215942],[-3.26278994185036,55.9791565122892],[-3.22585581052427,55.9871312633678],[-3.22257499089871,55.9876800087271],[-3.22191705444697,55.9807871747836],[-3.22071862188568,55.9878686797487],[-3.2182458170709,55.9805503701117],[-3.19934358691913,55.9803261058783],[-3.18233673381855,55.9913950570827],[-3.11626445827954,55.9568457322317],[-3.10038858696349,55.9527114118605],[-3.09908280414134,55.9519245881677],[-3.09633813155509,55.9516561399721],[-3.07768037356368,55.9467927382105],[-3.07699074546574,55.9468491642492]]]},"properties":{"CTYUA23CD":"S12000036","CTYUA23NM":"City of Edinburgh"}},{"type":"Feature","geometry":{"type":"Polygon","coordinates":[[[-4.39318534807638,55.8891456242368],[-4.35343350772049,55.8737384532507],[-4.36467145228092,55.8553240203869],[-4.38087255317914,55.8563416388129],[-4.3680292909692,55.8454395568914],[-4.38141361086496,55.8231478436573],[-4.40055655831012,55.81094500768],[-4.46580533903447,55.8047260288701],[-4.47271416526606,55.7977933095056],[-4.49514337988747,55.8014447771185],[-4.49570016998303,55.7907215056651],[-4.52198487105586,55.7744224211732],[-4.54190174224285,55.7785452196845],[-4.55091877516458,55.7663828423523],[-4.57464174272381,55.7834524938778],[-4.61653630412156,55.761495894953],[-4.63078055825816,55.7644399796797],[-4.63373287871559,55.7760400458203],[-4.66111979899467,55.7597011144026],[-4.68569737656959,55.8037366733294],[-4.72045623555241,55.8051069296037],[-4.73035030752599,55.8110131959914],[-4.72234969926048,55.8207860179223],[-4.78370874824664,55.8397891414945],[-4.75088102525508,55.8497575972365],[-4.7293837017141,55.8532674543449],[-4.70120140823317,55.8409148694271],[-4.64332235154431,55.8390807933756],[-4.62301963105537,55.8498305473693],[-4.62280734604972,55.8615935601117],[-4.59729871579899,55.8623964813159],[-4.61038546940304,55.8690672704939],[-4.5990988234701,55.8796732131651],[-4.61915020001488,55.8890289156139],[-4.61321481216946,55.9060313269494],[-4.63502564034691,55.9137257975935],[-4.61638594810658,55.9304392489123],[-4.61436312396758,55.9302211089553],[-4.5754614959693,55.9341115308014],[-4.48409966241112,55.9282760672328],[-4.39318534807638,55.8891456242368]]]},"properties":{"CTYUA23CD":"S12000038","CTYUA23NM":"Renfrewshire"}},{"type":"Feature","geometry":{"type":"Polygon","coordinates":[[[-4.4020374738936,55.9718290591676],[-4.37961707028159,55.9209800357418],[-4.38995268453848,55.9105112170701],[-4.37547456512933,55.9000243103137],[-4.39318534807638,55.8891456242368],[-4.48409966241112,55.9282760672328],[-4.5754614959693,55.9341115308014],[-4.56340773365091,55.9353143402682],[-4.60961475139012,55.9465625168804],[-4.60988543867429,55.9466188154139],[-4.60223054831466,55.958024108947],[-4.62494665332647,55.9724022744747],[-4.61622949350613,55.9873543677704],[-4.6598902591745,56.0027465684984],[-4.65293519336373,56.0081051081418],[-4.63033018788025,56.0026710587615],[-4.62967160200229,56.0099744721083],[-4.60153183627077,56.0202240879458],[-4.62193954076457,56.0450130412168],[-4.59818792272611,56.0842262154959],[-4.58736965481921,56.0732241066503],[-4.53235044302288,56.0734231911621],[-4.50630748696571,56.058590669589],[-4.50486312242053,56.0675735966476],[-4.47548043959903,56.0612176167331],[-4.48050146047934,56.0514549767533],[-4.49893594006691,56.0476162227189],[-4.48239469588715,56.0115211367614],[-4.46970490194256,56.0019596583839],[-4.44780157456243,56.0040953513698],[-4.43033919201892,55.9790236846934],[-4.4020374738936,55.9718290591676]]]},"properties":{"CTYUA23CD":"S12000039","CTYUA23NM":"West Dunbartonshire"}},{"type":"Feature","geometry":{"type":"Polygon","coordinates":[[[-3.42596459250696,55.9938774744631],[-3.4297026538778,55.9818119206335],[-3.44826631468525,55.9775749911598],[-3.44337361138132,55.9614850638565],[-3.42491348015411,55.9537545556767],[-3.44952924107955,55.9509355594583],[-3.41811018620842,55.9336178532172],[-3.43141056010985,55.9317810770263],[-3.44419669317303,55.9077422193321],[-3.38770837459645,55.9028537504205],[-3.41378847108092,55.8783745780196],[-3.39657176044319,55.8687375050177],[-3.41692925263304,55.8603829641543],[-3.42014432919706,55.8459971646624],[-3.39597499005614,55.8317355880368],[-3.39476322800486,55.819739967744],[-3.43552925907786,55.8054955797925],[-3.43940102980156,55.7845940409063],[-3.47163525325419,55.7709697393328],[-3.54706397575658,55.7907326072367],[-3.55499874139373,55.7856910137232],[-3.59150925375083,55.8102158219759],[-3.69867037623627,55.7946286192852],[-3.73271573090544,55.777870182081],[-3.74401226312913,55.7820086250888],[-3.73346879030675,55.7930330081231],[-3.74163295743224,55.7994057900571],[-3.71505074315368,55.814002916324],[-3.73664516414531,55.8263881664283],[-3.75024767818035,55.8589994479485],[-3.71112703754746,55.8737993551988],[-3.71192206684752,55.882070721499],[-3.7251468831047,55.8848541412125],[-3.76222934982858,55.8726933956004],[-3.77341745044911,55.8809924467915],[-3.79550685898769,55.8735153580851],[-3.82285698531723,55.8838690617849],[-3.83124850637463,55.8935899506263],[-3.8225529291009,55.8964780929073],[-3.78208264467549,55.9016393213645],[-3.73041474800998,55.9358767532402],[-3.70324640650332,55.9345861636822],[-3.66757651965797,55.9454354087157],[-3.67421218245177,55.9539236225965],[-3.65293118022972,55.9592593708696],[-3.65699242161556,55.9647771763834],[-3.59996039814729,55.9968408811455],[-3.53639977391683,55.9857232279121],[-3.50899300572224,56.0011349037254],[-3.42596459250696,55.9938774744631]]]},"properties":{"CTYUA23CD":"S12000040","CTYUA23NM":"West Lothian"}},{"type":"Feature","geometry":{"type":"Polygon","coordinates":[[[-2.42498327857745,56.7534592780406],[-2.43838063423467,56.7308764914339],[-2.45461425936679,56.7034746101004],[-2.44252370919302,56.7018658221799],[-2.44026392867226,56.6926895110176],[-2.44472067789989,56.6842425552034],[-2.45992992984857,56.6770595424694],[-2.48357539003287,56.6716501757989],[-2.5113063847027,56.6516061174841],[-2.50233515080953,56.6304229772679],[-2.49489679966313,56.6297769658399],[-2.48024514179154,56.6213540370026],[-2.48230219908977,56.6193265077466],[-2.52246347138155,56.5807249255435],[-2.53752164749043,56.5759818861672],[-2.53750488143703,56.5668884338595],[-2.60556853370094,56.5504985826148],[-2.60619290437618,56.5503479955068],[-2.63674047101475,56.5268086916925],[-2.65172422455407,56.5208745551662],[-2.71603751949074,56.4953618087589],[-2.73315771411702,56.466109444842],[-2.74980261340015,56.4684096121312],[-2.79496137124577,56.4804914943607],[-2.83865636984908,56.4740704408801],[-2.83969287784529,56.4736881217289],[-2.84571537938835,56.4779001803547],[-2.83835320463672,56.4924866994144],[-2.89650761719001,56.4931939254584],[-2.94720340423258,56.5039815975032],[-2.96960374198191,56.4942259552271],[-3.03172649539026,56.5024573074269],[-3.05203259270458,56.4968531194962],[-3.05109053312045,56.4825317970426],[-3.09804101236186,56.479250396673],[-3.08942726849724,56.4669367306542],[-3.11961194393324,56.4676688349298],[-3.11874349801991,56.4768265527879],[-3.14362845672945,56.4797442792175],[-3.14204289880451,56.4875512262872],[-3.19156684733616,56.5032868574112],[-3.18464818388328,56.5077861000032],[-3.21206580442064,56.5242850240641],[-3.17302426772307,56.5261916661457],[-3.1640452529424,56.5381402803217],[-3.19020461981773,56.561295326584],[-3.13266004907213,56.5790906113572],[-3.08814412602564,56.6131861755042],[-3.11018904641004,56.6139561832077],[-3.14404021517907,56.5955600027083],[-3.16586684978213,56.5988997463307],[-3.15306378492664,56.613875898089],[-3.19128436636814,56.6219492603291],[-3.17135178141702,56.6261196148887],[-3.17813746347746,56.6355979540675],[-3.1536734182912,56.6379079893765],[-3.1513209750839,56.653167305997],[-3.21274326499995,56.6553790782034],[-3.26410961996089,56.6705963699962],[-3.28447713324628,56.6657230618684],[-3.28380123049601,56.6777963142407],[-3.30852884424047,56.6899484742067],[-3.30680790004911,56.7027111432375],[-3.35278405310857,56.7261509273227],[-3.36394652227166,56.7381180236695],[-3.35784136195044,56.7476544217693],[-3.37783982132174,56.7532300803743],[-3.3897975536888,56.7692336004186],[-3.35764189546051,56.8044341954884],[-3.36673117429661,56.8134362721716],[-3.35163683070877,56.8202762296306],[-3.40702154650928,56.8434056663563],[-3.37213805072716,56.8746151169209],[-3.33706160539036,56.8958392304384],[-3.28485446090437,56.90726675997],[-3.28424718467081,56.9285566813274],[-3.26993642146341,56.9198758682811],[-3.2325507411969,56.9177164858162],[-3.17391583446394,56.9003980081833],[-3.16044683228341,56.9068216553588],[-3.12033788110447,56.8884468942276],[-3.10675393384111,56.8950365164911],[-3.11077346834215,56.9187321859943],[-3.0831697025638,56.9584318778586],[-3.0263399899215,56.9727732530469],[-2.95407928275288,56.966800594819],[-2.94467517950387,56.9737714828032],[-2.91024467907006,56.9757875154056],[-2.91295913865819,56.9816358922348],[-2.89242865265962,56.9868040921257],[-2.85108734957097,56.9725656928688],[-2.83316613211737,56.9770074123219],[-2.82450854060477,56.9619363747931],[-2.76504913673614,56.959776416262],[-2.74001991025543,56.9484865063815],[-2.72468709212907,56.9258299821969],[-2.68675293560873,56.9150663148161],[-2.68096337560514,56.8879812273131],[-2.66114708279765,56.8857204758207],[-2.67055578545058,56.8422805385042],[-2.65097019879649,56.822596909798],[-2.65278677446215,56.8104217575018],[-2.6316103985007,56.8090772570101],[-2.61624077998107,56.7834554637661],[-2.53021744993592,56.7852725313526],[-2.46219453676999,56.7475674975689],[-2.42498327857745,56.7534592780406]]]},"properties":{"CTYUA23CD":"S12000041","CTYUA23NM":"Angus"}},{"type":"Feature","geometry":{"type":"Polygon","coordinates":[[[-2.83969287784529,56.4736881217289],[-2.87017009031172,56.4624392510043],[-2.87095414709521,56.4625276500247],[-2.89004567732502,56.4683880509128],[-2.90980732045429,56.46690142984],[-2.91525832394406,56.4675139951733],[-2.92231195247356,56.4659589925306],[-2.93930222014746,56.4646762544374],[-3.00295706322687,56.4512342708328],[-3.03929873036545,56.451004989671],[-3.05193016849772,56.4583817930502],[-3.05206882699704,56.458331160325],[-3.05785284836515,56.4630419927238],[-3.08747582946747,56.4619216080496],[-3.08942726849724,56.4669367306542],[-3.09804101236186,56.479250396673],[-3.05109053312045,56.4825317970426],[-3.05203259270458,56.4968531194962],[-3.03172649539026,56.5024573074269],[-2.96960374198191,56.4942259552271],[-2.94720340423258,56.5039815975032],[-2.89650761719001,56.4931939254584],[-2.83835320463672,56.4924866994144],[-2.84571537938835,56.4779001803547],[-2.83969287784529,56.4736881217289]]]},"properties":{"CTYUA23CD":"S12000042","CTYUA23NM":"Dundee City"}},{"type":"Feature","geometry":{"type":"Polygon","coordinates":[[[-4.15237580016566,56.008036242355],[-4.11284247452523,55.9769874633525],[-4.12299872929733,55.9530889979227],[-4.0627776323468,55.9682036035634],[-4.04686210998606,55.9522623491823],[-4.07143969760526,55.9439160352008],[-4.05793009085733,55.9235095601159],[-4.11136527731992,55.9232696919815],[-4.1246827412535,55.9115641262995],[-4.19448955472014,55.9131145513934],[-4.18041608141808,55.9049086734739],[-4.23635858978936,55.8968371244351],[-4.26838329116343,55.9284934924348],[-4.29804968016659,55.9291671862103],[-4.30126404651811,55.9163631609388],[-4.29042103950574,55.9117923382444],[-4.32784041292707,55.8996895811415],[-4.34848541735667,55.9052346962534],[-4.34621513962973,55.9164917415471],[-4.37961707028159,55.9209800357418],[-4.4020374738936,55.9718290591676],[-4.36637449362572,55.9804116883981],[-4.33521001497383,55.9594146921713],[-4.28640046753306,55.9577822030322],[-4.28863658548281,55.9668313994751],[-4.27265180510538,55.9653443517203],[-4.27502836140895,55.9932187232328],[-4.29953842428124,56.0173713005039],[-4.28141712011709,56.0284164363932],[-4.2569940583354,56.0172274180299],[-4.22253109825164,56.0203298827168],[-4.198046945057,56.0101211628429],[-4.16272321497786,56.0302911902834],[-4.15237580016566,56.008036242355]]]},"properties":{"CTYUA23CD":"S12000045","CTYUA23NM":"East Dunbartonshire"}},{"type":"Feature","geometry":{"type":"Polygon","coordinates":[[[-3.73941399135654,56.077113232196],[-3.71462197367735,56.1044872882052],[-3.67447357338482,56.1002317486755],[-3.67258302533341,56.1077991765632],[-3.6287866576953,56.1104406824461],[-3.66393874446118,56.1230462659014],[-3.62834742152508,56.1327697684165],[-3.58095167344724,56.139309784067],[-3.58288692727163,56.1508719970483],[-3.56396296758149,56.1598110066466],[-3.5461024044313,56.1585235852151],[-3.54000652668364,56.1464619842161],[-3.45370272308239,56.1503778099503],[-3.41663544793015,56.1384210602957],[-3.36991205386951,56.1458403932157],[-3.37171791528222,56.1644001888388],[-3.3454474717232,56.1729410581937],[-3.31641759835385,56.1664850767314],[-3.2965348995139,56.1705760179084],[-3.30912518067074,56.1853048088936],[-3.26094659590594,56.1961376063366],[-3.27492778782864,56.2141639638077],[-3.26486857224533,56.2200545053055],[-3.29023342713277,56.2249814705157],[-3.27998415000159,56.2338457309621],[-3.36749092780538,56.2397605624286],[-3.35330522130486,56.2552722841708],[-3.38366441153242,56.2687809564133],[-3.33553297353597,56.2894498202318],[-3.32482904338007,56.2828008023229],[-3.29369796428892,56.2887043934106],[-3.30062149295491,56.3139795857553],[-3.25602980067044,56.3400973065805],[-3.2556421370754,56.3462684322679],[-3.27460083472969,56.3506419641746],[-3.2263158602121,56.3550699221393],[-3.19099336574263,56.3665729258872],[-3.03964720146185,56.4156684947012],[-2.98998695897494,56.4207198213963],[-2.97439852069721,56.4277526939568],[-2.92185870257247,56.4514235046045],[-2.91634102521766,56.4515665106012],[-2.87979268451765,56.4500143410717],[-2.86550641313352,56.4401314151717],[-2.8082541356948,56.4415363739983],[-2.81091939972867,56.3912556952454],[-2.83904347453399,56.3713076468245],[-2.84547956038327,56.3694113585738],[-2.86389891790364,56.3639814719766],[-2.83886021588742,56.352931142558],[-2.81977291761632,56.36785515083],[-2.80616780864809,56.3444996545166],[-2.79060705765359,56.341539303325],[-2.78451550338176,56.3383521529146],[-2.79024478535566,56.3350013641133],[-2.78346648103607,56.3378032093258],[-2.77974517227481,56.335855686488],[-2.77745674010811,56.3327025535804],[-2.6603826504215,56.3183236360792],[-2.64809174435355,56.3078980365316],[-2.63039377432371,56.2928737675474],[-2.58545018730804,56.2791240163802],[-2.59052859188975,56.2745724174189],[-2.61646901471752,56.2604477797471],[-2.6295103143138,56.2575038762282],[-2.64706904919301,56.247381372657],[-2.69244114885364,56.2211886522769],[-2.69739539813629,56.220047701368],[-2.70411878776908,56.2226601229907],[-2.70660148719836,56.217926844485],[-2.7704360794558,56.2031955629409],[-2.77073214032504,56.2030388785257],[-2.78160447344843,56.2008856348202],[-2.80100128681183,56.1900170768315],[-2.81225877874689,56.183704989611],[-2.81355934547804,56.1837815624879],[-2.81893736194559,56.1896610852507],[-2.8337165770533,56.184966563527],[-2.8691708472595,56.1870426890547],[-2.86783770533119,56.1895653576066],[-2.86603024479995,56.1929850118796],[-2.87638040386705,56.1928634049835],[-2.87850439736884,56.1946401534168],[-2.87257866177182,56.1978580761365],[-2.88995174759994,56.2059093295195],[-2.91303222244809,56.2091907544728],[-2.91411827902083,56.2094730014251],[-2.91475946049403,56.2094361249068],[-2.94334837424616,56.2134935128897],[-2.96011045739595,56.2068192595998],[-2.96294621271022,56.2066550668095],[-2.96796728773357,56.2036892857628],[-2.96870102009101,56.2033969328001],[-2.99630819221853,56.1923905592404],[-3.01436833262526,56.194188036464],[-2.99665413610771,56.1905081537845],[-2.99859171873015,56.1885782143063],[-3.00598504585449,56.1812119435248],[-3.00740520382913,56.1803715578923],[-3.00489650629095,56.1855833905473],[-3.04620041217517,56.1676007859014],[-3.05435589645389,56.1627547066353],[-3.05440299830036,56.1627399648699],[-3.05446964650942,56.1626871024771],[-3.10731636809427,56.1312422826661],[-3.14601664539682,56.1183647882188],[-3.14946017107909,56.117894843477],[-3.14981970775254,56.117098205164],[-3.15101599569897,56.116699748493],[-3.15144494341615,56.1134966998294],[-3.17437966707594,56.0626004744224],[-3.21675312590497,56.0638510516766],[-3.23423760444557,56.0546636326534],[-3.24357624919627,56.0551090353878],[-3.26618298494305,56.0594043815122],[-3.284270577674,56.0561712026434],[-3.28391952389067,56.0531135191892],[-3.28753849333923,56.0512504262305],[-3.294961881755,56.0529577477693],[-3.32225678690424,56.0335779475254],[-3.33450180543121,56.0395707638641],[-3.35013213584451,56.030236605013],[-3.37414033575874,56.0274486789747],[-3.39541942611881,56.0291560017979],[-3.40277323586458,56.0241439587227],[-3.38805717933461,56.0225015162605],[-3.39141567344756,56.0061069402164],[-3.41282840952653,56.0165881487486],[-3.41837021371467,56.0161086736574],[-3.43845990869735,56.0237807416936],[-3.44886403144157,56.0216084779564],[-3.44280260966647,56.0179090747536],[-3.45593939152971,56.0203704592069],[-3.463299192044,56.0302342215474],[-3.52168198036313,56.041732601341],[-3.54068343657368,56.0402402359461],[-3.54991460607654,56.0417912730563],[-3.57552389259851,56.058864702276],[-3.59043279222137,56.0594615198101],[-3.59384834128251,56.0458246201786],[-3.60691106536819,56.0461417862582],[-3.60808057807905,56.0461701137213],[-3.61751014284134,56.0559627028775],[-3.68634544326421,56.0480517426645],[-3.73929054864587,56.0770611836941],[-3.73941399135654,56.077113232196]]]},"properties":{"CTYUA23CD":"S12000047","CTYUA23NM":"Fife"}},{"type":"Feature","geometry":{"type":"Polygon","coordinates":[[[-3.80164622664352,56.9358802598125],[-3.78349791389758,56.92308074098],[-3.74068646685942,56.9336083647196],[-3.71026911398447,56.913578644446],[-3.68355195228788,56.9161158337327],[-3.6754708111476,56.9324420468323],[-3.65473490310035,56.9328980264369],[-3.64582075829889,56.9230425821477],[-3.58321718251843,56.931034652326],[-3.55871738835406,56.9003455045016],[-3.56846046688664,56.894621585681],[-3.56078193422629,56.8841033190201],[-3.53765531521213,56.8922553465931],[-3.5292499645614,56.8836074869057],[-3.50254053823598,56.8871122127373],[-3.46570678242214,56.8728107375311],[-3.42983213847641,56.8865461334643],[-3.42128684956236,56.8795729385975],[-3.40496178415876,56.8840208190284],[-3.37213805072716,56.8746151169209],[-3.40702154650928,56.8434056663563],[-3.35163683070877,56.8202762296306],[-3.36673117429661,56.8134362721716],[-3.35764189546051,56.8044341954884],[-3.3897975536888,56.7692336004186],[-3.37783982132174,56.7532300803743],[-3.35784136195044,56.7476544217693],[-3.36394652227166,56.7381180236695],[-3.35278405310857,56.7261509273227],[-3.30680790004911,56.7027111432375],[-3.30852884424047,56.6899484742067],[-3.28380123049601,56.6777963142407],[-3.28447713324628,56.6657230618684],[-3.26410961996089,56.6705963699962],[-3.21274326499995,56.6553790782034],[-3.1513209750839,56.653167305997],[-3.1536734182912,56.6379079893765],[-3.17813746347746,56.6355979540675],[-3.17135178141702,56.6261196148887],[-3.19128436636814,56.6219492603291],[-3.15306378492664,56.613875898089],[-3.16586684978213,56.5988997463307],[-3.14404021517907,56.5955600027083],[-3.11018904641004,56.6139561832077],[-3.08814412602564,56.6131861755042],[-3.13266004907213,56.5790906113572],[-3.19020461981773,56.561295326584],[-3.1640452529424,56.5381402803217],[-3.17302426772307,56.5261916661457],[-3.21206580442064,56.5242850240641],[-3.18464818388328,56.5077861000032],[-3.19156684733616,56.5032868574112],[-3.14204289880451,56.4875512262872],[-3.14362845672945,56.4797442792175],[-3.11874349801991,56.4768265527879],[-3.11961194393324,56.4676688349298],[-3.08942726849724,56.4669367306542],[-3.08747582946747,56.4619216080496],[-3.05785284836515,56.4630419927238],[-3.05206882699704,56.458331160325],[-3.12656289913971,56.4310869438561],[-3.22881764118763,56.3682375917958],[-3.22919418142185,56.3681782784779],[-3.26047882030891,56.3661340135129],[-3.26381583630176,56.3627190412993],[-3.2942047362781,56.3579179750732],[-3.29626044604423,56.3566366406342],[-3.30122387215314,56.3535424211422],[-3.29613281257662,56.3528817893032],[-3.27711033313142,56.3504112918212],[-3.27460083472969,56.3506419641746],[-3.2556421370754,56.3462684322679],[-3.25602980067044,56.3400973065805],[-3.30062149295491,56.3139795857553],[-3.29369796428892,56.2887043934106],[-3.32482904338007,56.2828008023229],[-3.33553297353597,56.2894498202318],[-3.38366441153242,56.2687809564133],[-3.35330522130486,56.2552722841708],[-3.36749092780538,56.2397605624286],[-3.27998415000159,56.2338457309621],[-3.29023342713277,56.2249814705157],[-3.26486857224533,56.2200545053055],[-3.27492778782864,56.2141639638077],[-3.26094659590594,56.1961376063366],[-3.30912518067074,56.1853048088936],[-3.2965348995139,56.1705760179084],[-3.31641759835385,56.1664850767314],[-3.3454474717232,56.1729410581937],[-3.37171791528222,56.1644001888388],[-3.36991205386951,56.1458403932157],[-3.41663544793015,56.1384210602957],[-3.45370272308239,56.1503778099503],[-3.54000652668364,56.1464619842161],[-3.5461024044313,56.1585235852151],[-3.56396296758149,56.1598110066466],[-3.58288692727163,56.1508719970483],[-3.58095167344724,56.139309784067],[-3.62834742152508,56.1327697684165],[-3.64478552674772,56.137619013344],[-3.63666050691181,56.15128909189],[-3.6478574228865,56.1596766840976],[-3.59313220754753,56.1730758955201],[-3.59797716219343,56.1810905459104],[-3.58234004547615,56.1844223097262],[-3.5751504561141,56.1960874731783],[-3.61815129626608,56.205610362774],[-3.63806335555564,56.1968540156043],[-3.65106753571946,56.2029709813173],[-3.66693603476877,56.1886280136618],[-3.6864536797219,56.1958528732246],[-3.73681977817375,56.189049631189],[-3.75218826480092,56.2119084546665],[-3.78087859892774,56.2172271306542],[-3.82944976111,56.1965493080032],[-3.84388822750657,56.2018135434838],[-3.8472022237699,56.2259724730131],[-3.87313525952471,56.2144621355859],[-3.90070443755226,56.2341029304683],[-3.91629499616873,56.2249266244928],[-3.94036183127197,56.2280191388285],[-4.00528055555888,56.274934264915],[-4.03756231781145,56.269111402624],[-4.03854655635157,56.2802633465442],[-4.05220554815724,56.2734910340008],[-4.07850332155818,56.2899152460206],[-4.08407928739331,56.2808888466365],[-4.11569395387976,56.2810309584647],[-4.13987116299417,56.2978200031441],[-4.18820624977883,56.3042182880666],[-4.2372637867614,56.3290344917989],[-4.22262829196114,56.3423018949075],[-4.24202969084296,56.3527811574005],[-4.24062331049666,56.3843905032785],[-4.19645186079138,56.3866955685597],[-4.2020505284865,56.4578192730994],[-4.16189150984196,56.4447268673499],[-4.13443504003803,56.4640242078683],[-4.09861767533533,56.4653450054271],[-4.10822935364374,56.4883576223478],[-4.12755103318398,56.5012781951865],[-4.15448217573762,56.51028533114],[-4.19444360813268,56.4953196653131],[-4.29688622472732,56.4750435701857],[-4.33122510384161,56.5390178596227],[-4.36503260854044,56.5470912768095],[-4.37849428093856,56.533592248908],[-4.44197766063991,56.5257366279822],[-4.47739103664123,56.5130102751135],[-4.49435454339587,56.5126570297755],[-4.50741589552538,56.5233626094509],[-4.5287948327107,56.5185656216296],[-4.52850167812034,56.5048975565936],[-4.57726337954804,56.5052200855234],[-4.62514747036466,56.4864839939299],[-4.62847160792473,56.4743074948942],[-4.63906605487862,56.4760372951701],[-4.67083330604354,56.4797522960918],[-4.68620617484934,56.4905470946016],[-4.6582991938605,56.5106825153778],[-4.65372269356021,56.5260098584399],[-4.65945333704326,56.5344522929559],[-4.6976254473554,56.5410436797987],[-4.69758473525094,56.5499557485533],[-4.59952426153017,56.5766589670782],[-4.55983966622687,56.5730028942742],[-4.60981674673025,56.614809951155],[-4.62642362625922,56.6155969800891],[-4.63679633826411,56.6250253142601],[-4.6183259089393,56.6377813871268],[-4.62981108716155,56.6550156261762],[-4.66413678044439,56.6397974019448],[-4.71542038933688,56.6423282562788],[-4.71753628104795,56.6765875166999],[-4.65756889912309,56.6747415429039],[-4.59201593937216,56.6931823981347],[-4.59120763020784,56.7044692733312],[-4.60591668794602,56.7079593370345],[-4.57599538060952,56.7347889896742],[-4.5898717604623,56.7598813106697],[-4.54679323820306,56.7723671430973],[-4.54965288924394,56.7819473986229],[-4.52051234814598,56.805259394842],[-4.46909806078705,56.7778580580935],[-4.44184375013708,56.7738431500649],[-4.37426367295415,56.8322589710099],[-4.34332511336732,56.8212874139457],[-4.33051011477634,56.8239313638053],[-4.32972199984963,56.8369675112438],[-4.30395924738413,56.8513971964657],[-4.22769599533226,56.8576029462463],[-4.21695375726813,56.8689999297415],[-4.19939982348554,56.8704427330694],[-4.19191833386751,56.8774666162954],[-4.20554093606273,56.8844469919769],[-4.17449214092942,56.911706839392],[-4.16827071050032,56.9046981024153],[-4.11145791542723,56.8947312200097],[-4.04088661736653,56.8961740488658],[-4.03475557090682,56.9014875967774],[-4.02289219043133,56.8887527229996],[-4.01154956626932,56.8980213089486],[-3.99938480578103,56.8902904160243],[-3.96776329672966,56.8992795403935],[-3.9694055635043,56.9293774758284],[-3.95068540864679,56.9471163495649],[-3.9386134371216,56.9486205187259],[-3.93636721185216,56.9354289056431],[-3.90028806225047,56.9318405514687],[-3.89472438948335,56.9227555743018],[-3.85483264657554,56.9227880380215],[-3.82427789001186,56.9383867616471],[-3.80164622664352,56.9358802598125]]]},"properties":{"CTYUA23CD":"S12000048","CTYUA23NM":"Perth and Kinross"}},{"type":"Feature","geometry":{"type":"Polygon","coordinates":[[[-4.18041608141808,55.9049086734739],[-4.16151341110107,55.8979679892882],[-4.16438121987479,55.883579446485],[-4.10729200037111,55.8874498900766],[-4.07880684005356,55.8815995047518],[-4.07170515706163,55.8612659111128],[-4.08839224548178,55.8538416336565],[-4.07470410776474,55.8441199867433],[-4.10216874241019,55.8425096374482],[-4.10703179947398,55.8346525858565],[-4.11115145611575,55.8258681356592],[-4.13059743269203,55.8332796064804],[-4.17250722682429,55.8229668447697],[-4.18048989904814,55.8356089970719],[-4.19882925542899,55.8336475191387],[-4.20300722154916,55.8441300511836],[-4.22043318536489,55.8331037896678],[-4.22757639017162,55.8408150710323],[-4.23375158301954,55.8186562935519],[-4.22548763203423,55.8121725765322],[-4.21452959187931,55.8150721321777],[-4.20428501783306,55.8004460511424],[-4.2239299554509,55.7919439439279],[-4.22669811523354,55.7812748892724],[-4.25074130479644,55.784885703015],[-4.26824688088937,55.7916303389689],[-4.26068309535512,55.8110142502076],[-4.29262476699183,55.813935584676],[-4.32623786588897,55.8084452734066],[-4.33344842083939,55.7928741328116],[-4.37205926650633,55.7947648913798],[-4.36745274696619,55.8177003182713],[-4.38141361086496,55.8231478436573],[-4.3680292909692,55.8454395568914],[-4.38087255317914,55.8563416388129],[-4.36467145228092,55.8553240203869],[-4.35343350772049,55.8737384532507],[-4.39318534807638,55.8891456242368],[-4.37547456512933,55.9000243103137],[-4.38995268453848,55.9105112170701],[-4.37961707028159,55.9209800357418],[-4.34621513962973,55.9164917415471],[-4.34848541735667,55.9052346962534],[-4.32784041292707,55.8996895811415],[-4.29042103950574,55.9117923382444],[-4.30126404651811,55.9163631609388],[-4.29804968016659,55.9291671862103],[-4.26838329116343,55.9284934924348],[-4.23635858978936,55.8968371244351],[-4.18041608141808,55.9049086734739]]]},"properties":{"CTYUA23CD":"S12000049","CTYUA23NM":"Glasgow City"}},{"type":"Feature","geometry":{"type":"Polygon","coordinates":[[[-4.02012108223316,56.0280371736362],[-4.0303411431556,56.0097331345595],[-3.98841780995969,56.0077887954583],[-3.974634866654,55.9908772515936],[-3.98932400946125,55.9872844414287],[-3.98523129377921,55.9827816516817],[-3.96481079318839,55.9871016664351],[-3.94551467539882,55.9824391877568],[-3.9497216921315,55.9714432508668],[-3.93587016106184,55.9622833979305],[-3.86035788531716,55.9592420356142],[-3.90381227500457,55.9379419551279],[-3.83302894503416,55.907799753458],[-3.80916941084104,55.9048575780778],[-3.8225529291009,55.8964780929073],[-3.83124850637463,55.8935899506263],[-3.82285698531723,55.8838690617849],[-3.79550685898769,55.8735153580851],[-3.77341745044911,55.8809924467915],[-3.76222934982858,55.8726933956004],[-3.7251468831047,55.8848541412125],[-3.71192206684752,55.882070721499],[-3.71112703754746,55.8737993551988],[-3.75024767818035,55.8589994479485],[-3.73664516414531,55.8263881664283],[-3.71505074315368,55.814002916324],[-3.74163295743224,55.7994057900571],[-3.73346879030675,55.7930330081231],[-3.74401226312913,55.7820086250888],[-3.76641151060024,55.7700531283616],[-3.88822467047029,55.7591220548479],[-3.9185966598867,55.7347581464075],[-3.93012274515851,55.7485089415455],[-3.97371866073658,55.7670955396879],[-4.00166509957626,55.7704303964835],[-3.99914552949985,55.7789083638466],[-4.04841612199337,55.7972608823541],[-4.0458257037881,55.8117172474881],[-4.10703179947398,55.8346525858565],[-4.10216874241019,55.8425096374482],[-4.07470410776474,55.8441199867433],[-4.08839224548178,55.8538416336565],[-4.07170515706163,55.8612659111128],[-4.07880684005356,55.8815995047518],[-4.10729200037111,55.8874498900766],[-4.16438121987479,55.883579446485],[-4.16151341110107,55.8979679892882],[-4.18041608141808,55.9049086734739],[-4.19448955472014,55.9131145513934],[-4.1246827412535,55.9115641262995],[-4.11136527731992,55.9232696919815],[-4.05793009085733,55.9235095601159],[-4.07143969760526,55.9439160352008],[-4.04686210998606,55.9522623491823],[-4.0627776323468,55.9682036035634],[-4.12299872929733,55.9530889979227],[-4.11284247452523,55.9769874633525],[-4.15237580016566,56.008036242355],[-4.12350433292422,56.0099614281458],[-4.09610173660084,56.0275005356811],[-4.02012108223316,56.0280371736362]]]},"properties":{"CTYUA23CD":"S12000050","CTYUA23NM":"North Lanarkshire"}},{"type":"Feature","geometry":{"type":"MultiPolygon","coordinates":[[[[-4.15865899430647,53.2243075037332],[-4.16347677146898,53.2205812551391],[-4.16700385979071,53.2213686018233],[-4.1649625625112,53.2220875967276],[-4.1629275124758,53.2228043339173],[-4.15865899430647,53.2243075037332]]],[[[-4.64397948955018,53.3204298947483],[-4.64819999538441,53.318666856491],[-4.62770814396475,53.314464458851],[-4.62530247032069,53.3181404253818],[-4.62523353193946,53.3181319687587],[-4.6313565731011,53.3078258441229],[-4.62089477807011,53.3126566718006],[-4.620447926765,53.3123357593673],[-4.61119092238863,53.3027801229235],[-4.58498258486146,53.3011791841749],[-4.5837858420145,53.290192660248],[-4.58693701779217,53.288883417449],[-4.6098974936199,53.2793389839425],[-4.5980156759158,53.2827318865593],[-4.59735937615227,53.2743744216574],[-4.57641605289011,53.2724277060393],[-4.58451052099212,53.2632495275056],[-4.56183417667213,53.263998115973],[-4.5726860353926,53.2616153035097],[-4.55671662813769,53.2456679187111],[-4.56739661217294,53.2438822330776],[-4.59703205336954,53.2404078166194],[-4.60074738353717,53.2416003781979],[-4.61051068524746,53.2454440533374],[-4.61234943458299,53.2482845052113],[-4.60851715939334,53.2559126148837],[-4.62557436990558,53.2692821833415],[-4.61728470219488,53.2791465451888],[-4.64999550559928,53.2874975405503],[-4.65159815465714,53.2879063763647],[-4.65270462494502,53.2874372587291],[-4.65575720207143,53.2861429310557],[-4.67771065031052,53.2827705143431],[-4.68276276484632,53.2835109487753],[-4.68018033275192,53.2943398805985],[-4.67773000188356,53.2982932470706],[-4.6966989969827,53.3073768700224],[-4.69584332454484,53.3082924259689],[-4.68329111355513,53.3132244395112],[-4.68146013291077,53.3225177849079],[-4.66192878336279,53.3188825479423],[-4.6236097931692,53.3295723669369],[-4.64725905764447,53.3208315826553],[-4.64397948955018,53.3204298947483]]],[[[-4.40937359636262,53.4236588204527],[-4.4025750612337,53.4209221163541],[-4.3681996976341,53.4240588891562],[-4.35636323002126,53.4142145573335],[-4.33879549441199,53.4196055300352],[-4.33438844617996,53.4132839740271],[-4.32656318612156,53.4176462770544],[-4.30521445231686,53.4138301816956],[-4.29301437648181,53.4110715426786],[-4.29002251123889,53.4142089228256],[-4.28723050291998,53.4169174031444],[-4.26937922524536,53.390547370585],[-4.29569189379049,53.3646231798283],[-4.27635636951154,53.3710619977183],[-4.27999109008737,53.376092132897],[-4.26477654172063,53.3608117971828],[-4.2300625133839,53.3577499340064],[-4.23385199039209,53.3406224637533],[-4.21910175263699,53.3190214081694],[-4.2042588270957,53.3138097022603],[-4.21451102527413,53.2987983294988],[-4.21077772742051,53.2964535880473],[-4.20407902799883,53.2922454398838],[-4.18209419335486,53.2969820994378],[-4.14334821556696,53.3053176143339],[-4.11970084941247,53.3191859852002],[-4.10309831503076,53.3173994280812],[-4.04016170236539,53.3106045397888],[-4.05244131146822,53.299284438854],[-4.10005137207778,53.2553267756473],[-4.10068994360711,53.2547364656611],[-4.15923594144875,53.2338931110378],[-4.16263394841393,53.223686491721],[-4.17083721305443,53.225155392227],[-4.20277287216358,53.2157502799604],[-4.20398836214157,53.2134271444756],[-4.20500230025892,53.213069194876],[-4.21270448513948,53.19676070737],[-4.21852631055385,53.1856212050112],[-4.31767506197948,53.1441502976284],[-4.31860889781139,53.1499810502722],[-4.33440985699004,53.1489582840333],[-4.33092674977735,53.16561779556],[-4.34011783753518,53.148588291293],[-4.33618840465102,53.1475375637954],[-4.33757090384343,53.1427845267231],[-4.35502706763014,53.1344158432071],[-4.32894352515046,53.1266589712669],[-4.32894450413841,53.1266522258772],[-4.39366465256456,53.143658573897],[-4.3949529107356,53.1439965956857],[-4.39575232404859,53.1443033981247],[-4.39587028355769,53.1442372902594],[-4.39868773470703,53.1449764545561],[-4.41353218913219,53.1363139117559],[-4.41005376445978,53.1415516580166],[-4.40757990270329,53.1443429418326],[-4.41979357294508,53.1638173737751],[-4.39505554381888,53.1686457716551],[-4.38959191018866,53.1697113621963],[-4.38506008478926,53.1913579738284],[-4.385014989386,53.1915732681373],[-4.39614050481844,53.1881062105345],[-4.39686254123672,53.1878811470099],[-4.44350334722294,53.1550502771925],[-4.44357893410041,53.155035204554],[-4.46613725091121,53.1833696378336],[-4.46009411437475,53.1946245402035],[-4.46678762584371,53.1841859194017],[-4.46673518221453,53.1822556855192],[-4.48644970464768,53.1772086581428],[-4.48778103514093,53.1838989833166],[-4.48750669018254,53.1851267825155],[-4.48803785230121,53.1851893012002],[-4.48831982913959,53.1866059334044],[-4.50422361916118,53.1871067332014],[-4.4973422225285,53.2072259874023],[-4.52388591679666,53.2265007029967],[-4.52352675496886,53.2319574460263],[-4.52181807610554,53.2319922506279],[-4.51273672634413,53.2386180641372],[-4.5231567110982,53.2375784303321],[-4.52348558120647,53.2325829406366],[-4.5358960281715,53.2369779141111],[-4.55547661809846,53.2496758068775],[-4.5542325086675,53.2676333689542],[-4.56033749088394,53.2645490810853],[-4.58861512905795,53.2812828045941],[-4.57618280474778,53.2860143768542],[-4.58119317058762,53.2890078451641],[-4.58350990970228,53.290391776747],[-4.57883793604728,53.2890589101257],[-4.57479038568222,53.2879039681942],[-4.57207866182269,53.2892052042989],[-4.52972453483732,53.3095108054793],[-4.56314239450579,53.2994435578182],[-4.56236334079995,53.3167515847847],[-4.57923086898589,53.3240756159919],[-4.58216388882128,53.3269776998558],[-4.57782561577635,53.3344866312672],[-4.57116152833278,53.3375200188443],[-4.56124105389815,53.363167064204],[-4.55512443300095,53.3737347935444],[-4.57411230186822,53.4034692810192],[-4.56465314719755,53.4042120746124],[-4.52979751506779,53.4060600214852],[-4.51081362185891,53.4165233723956],[-4.51008154707418,53.4155655147445],[-4.50947538116602,53.4094130837428],[-4.50567359671426,53.4097970492634],[-4.50526444068174,53.409261517182],[-4.50380629883351,53.409985593046],[-4.49192089383266,53.4111849536822],[-4.47812046571868,53.422232848846],[-4.45020811717076,53.4128938823213],[-4.4504406522965,53.4159766667913],[-4.45030065131839,53.4230522736646],[-4.43146609627112,53.4282841565048],[-4.42504542331853,53.4299645522618],[-4.40937359636262,53.4236588204527]]]]},"properties":{"CTYUA23CD":"W06000001","CTYUA23NM":"Isle of Anglesey"}},{"type":"Feature","geometry":{"type":"MultiPolygon","coordinates":[[[[-4.78022323009811,52.7589901385242],[-4.80165211671975,52.7450814691094],[-4.79342815805209,52.7684957867675],[-4.77989765918083,52.7660945875673],[-4.78022323009811,52.7589901385242]]],[[[-3.99820068532517,53.2483872912317],[-3.97935469349149,53.2318907668265],[-3.93529264322312,53.2148748409012],[-3.93904721799849,53.2001110615094],[-3.9649747786347,53.1833901342582],[-3.970328734249,53.1601863043496],[-4.00785596984136,53.1437684128678],[-4.02011915203951,53.1248219077021],[-3.9954901925886,53.1250341974018],[-4.02101386393113,53.1245865145616],[-4.03133767240668,53.1056473679436],[-4.01410270677426,53.1035559442672],[-4.01359753460594,53.0897054860023],[-3.98667489448416,53.0842017523628],[-3.99132280341945,53.0764937732282],[-3.97706207506254,53.0689331244606],[-3.99721360551865,53.0376514274022],[-3.98542343964355,53.0106531778955],[-3.89893618859919,53.0205669330327],[-3.88781065236373,53.0115882268505],[-3.8965596302856,52.9948983243284],[-3.84937454503058,52.9773246142602],[-3.84103349558743,52.9622970232938],[-3.81322379852604,52.9493718381519],[-3.769722571078,52.9593040301682],[-3.73534180790698,52.9798505357295],[-3.68302562316268,52.9868439181992],[-3.67294998337037,52.9970516437383],[-3.61532137496385,53.011350095922],[-3.59962152587494,53.0116900676305],[-3.61078834343209,52.9960141493989],[-3.58298969485227,52.9675372305811],[-3.53380848856708,52.973685988191],[-3.50454184375406,52.9653504473085],[-3.45798182754802,52.9848882846588],[-3.43678549411509,52.9808482837496],[-3.44874525979931,52.9738274478861],[-3.44671330417645,52.9632375861876],[-3.49142843895324,52.9336862503245],[-3.46511544179629,52.9202695414783],[-3.48996769941813,52.8957894260039],[-3.47356216422379,52.871267476996],[-3.48301242437159,52.8654536364648],[-3.50528547718477,52.8419567259868],[-3.56667290042623,52.8300796739762],[-3.56817022436498,52.8228955110629],[-3.58647616495156,52.8277173302616],[-3.59705828680558,52.8140539845299],[-3.60871307821455,52.794021641833],[-3.58351412881328,52.7386228977655],[-3.59929431340588,52.7258819393427],[-3.60201715672644,52.704986181419],[-3.65637501558936,52.6913726326702],[-3.68392766699035,52.6938578571025],[-3.70936761188281,52.6710824613206],[-3.71675970977808,52.6787786920271],[-3.74390740995229,52.681308768003],[-3.75935156167215,52.6694463668296],[-3.80809559100283,52.6779453573063],[-3.8407140579194,52.6509028650313],[-3.83461399752491,52.6330587261234],[-3.85044991341621,52.6206358724075],[-3.84188361405782,52.5998554541223],[-3.8749556281153,52.5932077499126],[-3.88377986801944,52.5771350028961],[-3.91535464798611,52.5785894775276],[-3.92885334573839,52.5714606516918],[-3.92645021911398,52.5607698955179],[-3.93293144753597,52.5529783107675],[-3.94179663525015,52.5578189424197],[-3.94163233156495,52.5579546870527],[-3.9398208869616,52.5606997203337],[-3.96048674266349,52.5606664566528],[-4.06438869477808,52.5414033644743],[-4.06587871434715,52.5429891380637],[-4.09992259297751,52.5791837147835],[-4.12651737640199,52.607409214633],[-4.12860214238446,52.6117346586319],[-4.09500865882187,52.668384289547],[-4.07232900804677,52.6797748934238],[-4.05730542248179,52.6873147031285],[-4.04983891065446,52.7153951470557],[-4.05144024600058,52.70376616163],[-4.01623533830726,52.7206157028016],[-4.01150020369195,52.7131364143595],[-3.98916682999697,52.7360765054345],[-4.0232041339142,52.736101583823],[-4.03624547901744,52.7210687167095],[-4.05892981518208,52.7178192596933],[-4.07488112240971,52.7335927725162],[-4.10060152742767,52.7589973571981],[-4.15060088938363,52.8082799019045],[-4.13504137380168,52.8236859772065],[-4.13385870261327,52.8242275830959],[-4.13961191137329,52.8154637344761],[-4.11868203834479,52.8302895262186],[-4.10792522359484,52.8266453691142],[-4.11489416641653,52.8320945163638],[-4.12902301321294,52.8270831411254],[-4.12848558129405,52.8287136903312],[-4.11896791684863,52.8479589162568],[-4.14524738111786,52.8937463863975],[-4.08648000179468,52.9019614197957],[-4.08295758869145,52.9002486928848],[-4.08284002988256,52.9003249797552],[-4.06863254802678,52.9095418028493],[-4.08302337236495,52.9041431215665],[-4.08556352106682,52.9031898814004],[-4.08309853208421,52.9057090780326],[-4.07378516603876,52.915224268018],[-4.07184965733934,52.9170374516474],[-4.05906974605186,52.9160089748199],[-4.04765837914837,52.9268793441861],[-4.07677143448961,52.922741331108],[-4.08374365346717,52.9191458109981],[-4.10353523847427,52.9089340802103],[-4.11918681756591,52.9189770344864],[-4.11039748452136,52.9199794311331],[-4.12863269136349,52.9219025734784],[-4.12663300104772,52.9291180172401],[-4.15205922611698,52.9063619898781],[-4.21909926746586,52.9191079467841],[-4.22498276688812,52.917963126148],[-4.22756931954611,52.9184552732904],[-4.23691507921806,52.9156402526413],[-4.26127592388737,52.9108934236976],[-4.28472265220783,52.917152233807],[-4.26383500213094,52.9105974192798],[-4.3163139593581,52.9086918856638],[-4.32665396483342,52.8919512151416],[-4.37995609734482,52.8953916177719],[-4.38720268209537,52.8958574642334],[-4.38909050173114,52.8944875573575],[-4.39767782428275,52.8916928876014],[-4.39764258809313,52.8882802345456],[-4.40329532508598,52.8841760124265],[-4.40738230380212,52.8917358859141],[-4.41512587253587,52.8852305213962],[-4.39758166808081,52.88237763782],[-4.39758003178353,52.8822190344577],[-4.44252372537054,52.8756568101187],[-4.45040514460666,52.8714886056974],[-4.45994959104131,52.8696301846323],[-4.46715842590835,52.8626240317901],[-4.47651241010548,52.8576720313865],[-4.4703288721445,52.8478291206772],[-4.47093697211137,52.8474414726127],[-4.49638063014529,52.8326086670979],[-4.49606461162207,52.8314146517638],[-4.50615420670839,52.8249745996593],[-4.49737594720339,52.825658679277],[-4.49985815580878,52.8122716796075],[-4.48987351540781,52.8080088601492],[-4.48644421288983,52.7950325528448],[-4.48651476663043,52.7948159919645],[-4.51485084616124,52.7929668900088],[-4.52802770593702,52.7777027442658],[-4.5425734678438,52.7864888626555],[-4.5361827629522,52.8002808089899],[-4.60147291175004,52.8249470471039],[-4.60476965592673,52.823002318799],[-4.61254634549082,52.8226121392431],[-4.64261740569717,52.8006576570004],[-4.64401089594967,52.7998343018462],[-4.66130462746961,52.8061567981333],[-4.66436528160817,52.8047700901449],[-4.66561022086888,52.8050869043684],[-4.67733243452881,52.7988931516822],[-4.68844172796523,52.7938558484286],[-4.72090319040869,52.8028198565579],[-4.73232221860448,52.7818543985101],[-4.7336271244022,52.7823744282294],[-4.7669362409289,52.7967093460601],[-4.72253738733195,52.836268973762],[-4.72616451399432,52.8535117354458],[-4.6960648665922,52.8594587745818],[-4.67801701164023,52.8776867702335],[-4.66882690662417,52.8800761669062],[-4.65093961877825,52.9050012332343],[-4.6497639206497,52.906186328138],[-4.64969894157135,52.9061869652954],[-4.63215656363575,52.9059678890578],[-4.61514902664791,52.9237680367103],[-4.59991064816708,52.9289377373011],[-4.57057087171215,52.938882547997],[-4.56744774731379,52.9485469399164],[-4.56008161790656,52.9377276339451],[-4.51959864304468,52.9403193219218],[-4.47158991787261,52.9667390537537],[-4.43748674913912,52.9983355056796],[-4.43196595345791,52.9985736240455],[-4.41015829458257,52.9980222771885],[-4.38641694980088,53.0128632983914],[-4.35385509049415,53.0331941545623],[-4.35204847552089,53.0379536110801],[-4.34066197844176,53.0519999254503],[-4.33832786347721,53.0740663112449],[-4.33640214563113,53.0791300394836],[-4.34652734937431,53.114039165597],[-4.3465961291956,53.1142760890049],[-4.33890998418869,53.1213704754425],[-4.32440464366949,53.121633855099],[-4.32411235327796,53.1217620917513],[-4.31961557196091,53.1214854072962],[-4.33324544424643,53.114299858368],[-4.33383148069077,53.1139908188122],[-4.31932695394759,53.0927960473309],[-4.30583541989826,53.1078674913303],[-4.31377717396464,53.1066310290894],[-4.31303289372379,53.1146950468067],[-4.31188517251547,53.1271252251397],[-4.30569141999909,53.1298409753116],[-4.28314551864377,53.1394891902689],[-4.27362236297725,53.1328099598874],[-4.27742719942208,53.1426903404372],[-4.26384218238295,53.154401834032],[-4.24363187550543,53.1704580321454],[-4.21210729523864,53.183187199165],[-4.21137100279368,53.1847306492947],[-4.21033775149812,53.1851657351812],[-4.21024471228733,53.1870914158275],[-4.19931851986734,53.209979734784],[-4.18556401043163,53.2148289689261],[-4.1609112002308,53.219906318533],[-4.14287087719645,53.2298647446899],[-4.12237188637414,53.2370746653924],[-4.11447156312936,53.231407212242],[-4.11324436922087,53.2368826685142],[-4.10626377500896,53.232329375299],[-4.0990277519286,53.2344118222803],[-4.09108354142769,53.2366973415721],[-4.0855743297236,53.2256474279533],[-4.00739102671084,53.2469222442966],[-4.00738674333443,53.2469244939213],[-4.0073007830046,53.2468220146922],[-3.99820068532517,53.2483872912317]]]]},"properties":{"CTYUA23CD":"W06000002","CTYUA23NM":"Gwynedd"}},{"type":"Feature","geometry":{"type":"Polygon","coordinates":[[[-3.50518453009116,53.313540083182],[-3.49648162229537,53.3022731890372],[-3.52191935866836,53.2833927156805],[-3.51833804393229,53.2563737493555],[-3.53307853932662,53.2488691018008],[-3.52599437788076,53.2402787855633],[-3.50967595337248,53.241841629076],[-3.46602452042478,53.2207811609882],[-3.47445863906158,53.1763723987611],[-3.46101388345238,53.1649940581729],[-3.53407185466858,53.1399477855647],[-3.56334304525562,53.1194844965602],[-3.55595403241121,53.1066697925282],[-3.60161792678133,53.0852101264982],[-3.59290416655851,53.078559366883],[-3.5649307000254,53.0946556933714],[-3.51571023292841,53.089799034957],[-3.50986657643489,53.0763534640071],[-3.48692900123402,53.0840498957378],[-3.48688796779066,53.0659233558527],[-3.46260915895504,53.0462112451652],[-3.48965815705353,53.0378591002406],[-3.47627476639923,53.0264201005417],[-3.48118431558185,53.0185226096514],[-3.45459142321376,52.9979258397312],[-3.45798182754802,52.9848882846588],[-3.50454184375406,52.9653504473085],[-3.53380848856708,52.973685988191],[-3.58298969485227,52.9675372305811],[-3.61078834343209,52.9960141493989],[-3.59962152587494,53.0116900676305],[-3.61532137496385,53.011350095922],[-3.67294998337037,52.9970516437383],[-3.68302562316268,52.9868439181992],[-3.73534180790698,52.9798505357295],[-3.769722571078,52.9593040301682],[-3.81322379852604,52.9493718381519],[-3.84103349558743,52.9622970232938],[-3.84937454503058,52.9773246142602],[-3.8965596302856,52.9948983243284],[-3.88781065236373,53.0115882268505],[-3.89893618859919,53.0205669330327],[-3.98542343964355,53.0106531778955],[-3.99721360551865,53.0376514274022],[-3.97706207506254,53.0689331244606],[-3.99132280341945,53.0764937732282],[-3.98667489448416,53.0842017523628],[-4.01359753460594,53.0897054860023],[-4.01410270677426,53.1035559442672],[-4.03133767240668,53.1056473679436],[-4.02101386393113,53.1245865145616],[-3.9954901925886,53.1250341974018],[-4.02011915203951,53.1248219077021],[-4.00785596984136,53.1437684128678],[-3.970328734249,53.1601863043496],[-3.9649747786347,53.1833901342582],[-3.93904721799849,53.2001110615094],[-3.93529264322312,53.2148748409012],[-3.97935469349149,53.2318907668265],[-3.99820068532517,53.2483872912317],[-4.0073007830046,53.2468220146922],[-4.00738674333443,53.2469244939213],[-3.98348578668795,53.2594714579316],[-3.84595029719028,53.2943860298874],[-3.82626933679108,53.2814413897641],[-3.82619300730105,53.2830589990926],[-3.82295135753566,53.2804382216632],[-3.82605475605486,53.2859893710453],[-3.82582660687693,53.2908247855028],[-3.83039672046568,53.2937533173461],[-3.83547028997426,53.3028215015544],[-3.8445095017504,53.3189673181604],[-3.87530345019747,53.3372799018871],[-3.87294651617882,53.3392723881684],[-3.8330070420935,53.3380273111488],[-3.81880497869118,53.3227914005098],[-3.80314371325252,53.3247699005231],[-3.77522231468904,53.3282916402215],[-3.77504943384274,53.3282367833887],[-3.76487174365069,53.3188421370383],[-3.73910972268719,53.3141355041199],[-3.73413567153039,53.3043385072292],[-3.73211765770968,53.3003624091478],[-3.70690147633212,53.2937383725042],[-3.60580882896845,53.2908372637861],[-3.54750255180843,53.3069070051997],[-3.51144974319058,53.3168232244505],[-3.50864095296322,53.313555630746],[-3.50617510107692,53.3106865116948],[-3.50518453009116,53.313540083182]]]},"properties":{"CTYUA23CD":"W06000003","CTYUA23NM":"Conwy"}},{"type":"Feature","geometry":{"type":"Polygon","coordinates":[[[-3.12961644150367,53.0723681207681],[-3.14779038696129,53.0438073024845],[-3.13089037480663,53.0238764408288],[-3.14876541013181,52.9985771173678],[-3.12055148199791,52.9855451559644],[-3.12228842153758,52.9767601830528],[-3.10517911985718,52.9733723329184],[-3.11128082664197,52.9693886422327],[-3.09029519615975,52.9716193772087],[-3.09214857001195,52.9642756280601],[-3.11070013484344,52.9617249672849],[-3.09672610468331,52.9592477863151],[-3.1979748510662,52.9442062854628],[-3.2374404584035,52.9510126643188],[-3.29740172336207,52.942966989247],[-3.31430774450655,52.9468014757617],[-3.32434037553279,52.9318439980394],[-3.35331539181239,52.9219717219403],[-3.34887538777017,52.916332442123],[-3.37501483546352,52.8924534540503],[-3.38882355067375,52.8760701218619],[-3.46724662656058,52.8620777831459],[-3.48301242437159,52.8654536364648],[-3.47356216422379,52.871267476996],[-3.48996769941813,52.8957894260039],[-3.46511544179629,52.9202695414783],[-3.49142843895324,52.9336862503245],[-3.44671330417645,52.9632375861876],[-3.44874525979931,52.9738274478861],[-3.43678549411509,52.9808482837496],[-3.45798182754802,52.9848882846588],[-3.45459142321376,52.9979258397312],[-3.48118431558185,53.0185226096514],[-3.47627476639923,53.0264201005417],[-3.48965815705353,53.0378591002406],[-3.46260915895504,53.0462112451652],[-3.48688796779066,53.0659233558527],[-3.48692900123402,53.0840498957378],[-3.50986657643489,53.0763534640071],[-3.51571023292841,53.089799034957],[-3.5649307000254,53.0946556933714],[-3.59290416655851,53.078559366883],[-3.60161792678133,53.0852101264982],[-3.55595403241121,53.1066697925282],[-3.56334304525562,53.1194844965602],[-3.53407185466858,53.1399477855647],[-3.46101388345238,53.1649940581729],[-3.47445863906158,53.1763723987611],[-3.46602452042478,53.2207811609882],[-3.50967595337248,53.241841629076],[-3.52599437788076,53.2402787855633],[-3.53307853932662,53.2488691018008],[-3.51833804393229,53.2563737493555],[-3.52191935866836,53.2833927156805],[-3.49648162229537,53.3022731890372],[-3.50518453009116,53.313540083182],[-3.5039193154805,53.3171842940375],[-3.50374224132659,53.3174689561395],[-3.50260343719226,53.3180052638704],[-3.48056301595311,53.3283800604075],[-3.36669451767912,53.3514003529292],[-3.36817996700774,53.3352376826874],[-3.38834707176079,53.3232328658588],[-3.3934630398597,53.3269829663461],[-3.4005980136671,53.3138268796679],[-3.38130770092936,53.31582717077],[-3.39434119528737,53.3017076150695],[-3.37513083863763,53.2916537188115],[-3.35603721978439,53.2972696312846],[-3.35703378877838,53.2839276981021],[-3.3296245938485,53.2733672849901],[-3.36175470576406,53.2530826857267],[-3.33380727395636,53.2366628182212],[-3.30444008992093,53.232923933595],[-3.32237891408009,53.2204093090193],[-3.31708523704491,53.2099950882601],[-3.30421537259416,53.2080313841709],[-3.30769843558939,53.1977144763217],[-3.27517164229129,53.1794212116458],[-3.28097774118084,53.1685901811294],[-3.27120583745626,53.1574660715962],[-3.24415197558098,53.1522981098161],[-3.20822603952642,53.1598435204434],[-3.18234577676363,53.1540371533852],[-3.17676206718147,53.1160865326485],[-3.14590821538291,53.1039497515294],[-3.15176428216857,53.0929628159574],[-3.12961644150367,53.0723681207681]]]},"properties":{"CTYUA23CD":"W06000004","CTYUA23NM":"Denbighshire"}},{"type":"Feature","geometry":{"type":"MultiPolygon","coordinates":[[[[-3.10739770594214,53.2717650996898],[-3.08607619005066,53.2568297615746],[-3.09141897280218,53.259510075425],[-3.09161844173346,53.2596295706902],[-3.09258402395897,53.2601870666976],[-3.09446152714667,53.2613906199274],[-3.09548596851066,53.2621274115323],[-3.1122631489779,53.2626653337293],[-3.1017227354591,53.2672209058122],[-3.11134435132853,53.2663625176345],[-3.10739770594214,53.2717650996898]]],[[[-3.29832632604469,53.3320802607998],[-3.27321758743207,53.3206629201721],[-3.26463764372247,53.3246721873123],[-3.25967136355312,53.3184910194855],[-3.2595462322648,53.3191515125431],[-3.25827356158214,53.3145522369044],[-3.24702236579498,53.3104270885673],[-3.20168016537473,53.2937834446249],[-3.20121913552108,53.2936140626051],[-3.1089519807517,53.2409157128466],[-3.06614612013454,53.2271336963162],[-3.09465173008679,53.2448240476809],[-3.08493462462197,53.2402344771424],[-3.08932057235027,53.2447383657893],[-3.0810377085939,53.244704355365],[-3.0770072750934,53.2427389746521],[-3.07218577774635,53.2353732767235],[-3.07516624216219,53.2410837576163],[-3.05927262074136,53.2457483695507],[-3.07382516777714,53.2420028067893],[-3.10935720675223,53.2576075794659],[-3.08560042475301,53.2566383428041],[-3.08596333488254,53.2567731397389],[-3.08601484756326,53.2567989847436],[-3.0360241317657,53.2518049835481],[-2.9983782407184,53.2358586442706],[-2.92229929317117,53.1892926717249],[-2.92783850918185,53.1714114107239],[-2.9950883100933,53.1541959619647],[-2.97949802680966,53.1506216460487],[-2.96381312518341,53.1327575250671],[-2.99685175246349,53.1299353837166],[-3.02914759967575,53.1035153043123],[-3.02755947431444,53.0929727744412],[-3.03500265054413,53.096804634338],[-3.05885084937636,53.0853323549238],[-3.07134039527475,53.0896109213081],[-3.12961644150367,53.0723681207681],[-3.15176428216857,53.0929628159574],[-3.14590821538291,53.1039497515294],[-3.17676206718147,53.1160865326485],[-3.18234577676363,53.1540371533852],[-3.20822603952642,53.1598435204434],[-3.24415197558098,53.1522981098161],[-3.27120583745626,53.1574660715962],[-3.28097774118084,53.1685901811294],[-3.27517164229129,53.1794212116458],[-3.30769843558939,53.1977144763217],[-3.30421537259416,53.2080313841709],[-3.31708523704491,53.2099950882601],[-3.32237891408009,53.2204093090193],[-3.30444008992093,53.232923933595],[-3.33380727395636,53.2366628182212],[-3.36175470576406,53.2530826857267],[-3.3296245938485,53.2733672849901],[-3.35703378877838,53.2839276981021],[-3.35603721978439,53.2972696312846],[-3.37513083863763,53.2916537188115],[-3.39434119528737,53.3017076150695],[-3.38130770092936,53.31582717077],[-3.4005980136671,53.3138268796679],[-3.3934630398597,53.3269829663461],[-3.38834707176079,53.3232328658588],[-3.36817996700774,53.3352376826874],[-3.36669451767912,53.3514003529292],[-3.36342966855741,53.3520584503524],[-3.31084327502326,53.3555717625994],[-3.31244594769246,53.3423184086688],[-3.29832632604469,53.3320802607998]]]]},"properties":{"CTYUA23CD":"W06000005","CTYUA23NM":"Flintshire"}},{"type":"Feature","geometry":{"type":"Polygon","coordinates":[[[-2.7268406065337,52.9832729462979],[-2.73529356518204,52.9699461900541],[-2.72417751071701,52.9571216556058],[-2.72843937384749,52.9253018633927],[-2.75532645758129,52.9246280372655],[-2.79884789455756,52.8957587642381],[-2.84101496067848,52.9426237150063],[-2.88353939739913,52.9466392170532],[-2.88743132915924,52.9525298908831],[-2.9288886576968,52.9386788302752],[-2.9598133204483,52.9511695556905],[-2.97502999812956,52.9689845241295],[-2.98202234589558,52.9591982546682],[-3.00964949707879,52.9561994732342],[-3.03512347363092,52.9294624894448],[-3.07651316772971,52.9254793440269],[-3.09595322236249,52.9302818603715],[-3.11416217688046,52.8939782165098],[-3.14750393983102,52.8901693458012],[-3.17438182854302,52.9015755450781],[-3.20536495070437,52.8931292669303],[-3.23300312723679,52.8670110258461],[-3.26180306073989,52.8666086181746],[-3.34565100557456,52.892540858691],[-3.37501483546352,52.8924534540503],[-3.34887538777017,52.916332442123],[-3.35331539181239,52.9219717219403],[-3.32434037553279,52.9318439980394],[-3.31430774450655,52.9468014757617],[-3.29740172336207,52.942966989247],[-3.2374404584035,52.9510126643188],[-3.1979748510662,52.9442062854628],[-3.09672610468331,52.9592477863151],[-3.11070013484344,52.9617249672849],[-3.09214857001195,52.9642756280601],[-3.09029519615975,52.9716193772087],[-3.11128082664197,52.9693886422327],[-3.10517911985718,52.9733723329184],[-3.12228842153758,52.9767601830528],[-3.12055148199791,52.9855451559644],[-3.14876541013181,52.9985771173678],[-3.13089037480663,53.0238764408288],[-3.14779038696129,53.0438073024845],[-3.12961644150367,53.0723681207681],[-3.07134039527475,53.0896109213081],[-3.05885084937636,53.0853323549238],[-3.03500265054413,53.096804634338],[-3.02755947431444,53.0929727744412],[-3.02914759967575,53.1035153043123],[-2.99685175246349,53.1299353837166],[-2.96381312518341,53.1327575250671],[-2.91023233565262,53.1126389642335],[-2.88109940909981,53.1216037184015],[-2.90207396485117,53.0920394250028],[-2.87572225442175,53.0815220285336],[-2.88164358493242,53.0743920840043],[-2.86147506310468,53.0606604001837],[-2.87255483685911,53.0586155397174],[-2.85924038438122,53.0542555278963],[-2.87011791101549,53.0453605932239],[-2.85571506741516,53.0372559042528],[-2.86104429459502,53.0228486549975],[-2.84406201373811,53.0176683670735],[-2.83599558996295,52.997150146825],[-2.80331096693005,52.9895941844813],[-2.76827535224616,52.9948605041922],[-2.7599401790776,52.9864196664707],[-2.7268406065337,52.9832729462979]]]},"properties":{"CTYUA23CD":"W06000006","CTYUA23NM":"Wrexham"}},{"type":"Feature","geometry":{"type":"Polygon","coordinates":[[[-3.75776898889901,52.128225792334],[-3.78609987963238,52.1045574649774],[-3.79441843538763,52.117138332823],[-3.86010447696003,52.1421963135889],[-3.90672239184834,52.1197876378604],[-3.94048881317808,52.1384478782163],[-4.01812297928029,52.0971443165928],[-4.05809915780287,52.113878940691],[-4.10005505472362,52.0960610861116],[-4.14400402616874,52.0942707978965],[-4.15876105010449,52.0868930308125],[-4.14727405858525,52.0807967386722],[-4.15856416517479,52.0812099612344],[-4.1641557993554,52.0681530696939],[-4.19145641793384,52.0593259651347],[-4.2058442020402,52.0625734201006],[-4.23447649493128,52.038214704481],[-4.2824977105904,52.0398103359062],[-4.28896729775378,52.0527852114049],[-4.30107218717429,52.051642985291],[-4.30578800300691,52.0386131659951],[-4.33474329662028,52.0413296028349],[-4.35061460033492,52.0267561327686],[-4.38489658578998,52.0400217458302],[-4.39884206980144,52.0346352060346],[-4.41110120363156,52.0418371907795],[-4.44873212810416,52.044145428098],[-4.46365449203762,52.0365374730205],[-4.48745036971288,52.0490697439894],[-4.50187522948956,52.0425759621634],[-4.53562239883079,52.0443608645442],[-4.54107697138143,52.0521265018024],[-4.54492769770434,52.044243796248],[-4.55975485087236,52.0437265246291],[-4.5702592995448,52.0588694426762],[-4.6077759211639,52.0621528664426],[-4.6311865734688,52.0559612996875],[-4.64703965722067,52.0783414371747],[-4.66491968254301,52.057808314475],[-4.68033816157951,52.0637195418519],[-4.66969110665357,52.0803396664111],[-4.68170736062837,52.0851253659805],[-4.68863087190637,52.1042201004159],[-4.68837412255409,52.1041383666794],[-4.68800055188475,52.1085782528502],[-4.68622093017045,52.129711590842],[-4.64184481249734,52.1382764881796],[-4.58370346822952,52.1379809055357],[-4.58279850192803,52.137972709132],[-4.56761615707726,52.1443786435858],[-4.56345216753063,52.1425784680245],[-4.54558438207058,52.1332943540383],[-4.51860473943483,52.1349873206495],[-4.50960559647569,52.1397707142917],[-4.50617970862291,52.1401867031137],[-4.50167467569485,52.1439849023979],[-4.47098762408705,52.160278431163],[-4.46691482620976,52.1712681271442],[-4.46213494545452,52.1698517496479],[-4.46004771025588,52.1676546841186],[-4.45662816537784,52.1682196212176],[-4.45450953455681,52.1675915891752],[-4.45058368959045,52.1692179441292],[-4.44508136932174,52.1701264150318],[-4.43987170130313,52.1736543445701],[-4.42892777386793,52.178184904215],[-4.3797518149443,52.2142041463269],[-4.37786338458186,52.2155857894324],[-4.37762088910416,52.2157495546741],[-4.37744241978258,52.2157851738242],[-4.35735301962878,52.215255716155],[-4.35659283409508,52.2146689615153],[-4.35053435586122,52.2099919265307],[-4.3432007147474,52.2110313577881],[-4.32496691485593,52.2136135460275],[-4.32083600019689,52.2153775328114],[-4.20751390152546,52.263658548412],[-4.14038141184307,52.3225022806537],[-4.13574155411238,52.3306158719894],[-4.09018158028684,52.3984020940455],[-4.08627640447418,52.4270091121961],[-4.07054244511248,52.4641505489525],[-4.05794920637292,52.4769182750079],[-4.05174024958489,52.4815542296734],[-4.05626840538117,52.5323348482175],[-4.04152123188497,52.526506147164],[-4.03918723620352,52.5267852880564],[-4.00146867033532,52.5327734294741],[-3.9856591584084,52.5176044376307],[-3.99703890765372,52.5348389297477],[-3.96667993346183,52.5307332120703],[-3.98447254965618,52.5362596142499],[-3.955964344879,52.5554008346862],[-3.94923029919798,52.5516762499624],[-3.94179663525015,52.5578189424197],[-3.93293144753597,52.5529783107675],[-3.92645021911398,52.5607698955179],[-3.85946623224588,52.5608436038058],[-3.84086195671383,52.5513547904987],[-3.84399589219058,52.5120392613232],[-3.82675577732801,52.4847940059548],[-3.81246679120455,52.4789114887471],[-3.73326052207006,52.5065895598512],[-3.74479814311403,52.4746332741412],[-3.76640744059756,52.4693036156607],[-3.77161679254761,52.4421524411761],[-3.7120501053968,52.4133564156984],[-3.69720067008912,52.366929541888],[-3.68547877660111,52.368221265805],[-3.65816741122617,52.3476491325963],[-3.70512953361775,52.3414545950062],[-3.74501071096046,52.3175657625746],[-3.72773649744209,52.3058261682545],[-3.73308978363023,52.2903041449172],[-3.70717016810407,52.2740575691965],[-3.73163759374057,52.2714507110042],[-3.75343342312644,52.2517605869787],[-3.74420801811538,52.2463045519098],[-3.75227178227964,52.1976140277987],[-3.74199032919723,52.1394603216676],[-3.75776898889901,52.128225792334]]]},"properties":{"CTYUA23CD":"W06000008","CTYUA23NM":"Ceredigion"}},{"type":"Feature","geometry":{"type":"MultiPolygon","coordinates":[[[[-4.67477281105102,51.6376417581545],[-4.68405664537645,51.6299154486687],[-4.70347152846698,51.6320249170162],[-4.70951487183564,51.6421769310084],[-4.70313472371861,51.6422643836322],[-4.67477281105102,51.6376417581545]]],[[[-5.27198335430583,51.6956910622496],[-5.28794561804564,51.6935267858737],[-5.27885928546285,51.7000199403538],[-5.27361736311167,51.7034311670013],[-5.26465013536465,51.7018356737815],[-5.27009338600403,51.6959608519613],[-5.27198335430583,51.6956910622496]]],[[[-5.66812342812174,51.7206665750889],[-5.66817181664226,51.7197456184911],[-5.66932862445889,51.7204534279142],[-5.66812342812174,51.7206665750889]]],[[[-5.47735739361143,51.732485713973],[-5.48006712483309,51.7283661847335],[-5.48154134578904,51.7305067056112],[-5.47735739361143,51.732485713973]]],[[[-5.29971100527445,51.7449620029543],[-5.27445953581,51.736434700444],[-5.26948475551567,51.7346183469554],[-5.26962337859241,51.7345816560249],[-5.2812584379796,51.7360447201703],[-5.28141919757556,51.7367464086999],[-5.29303622474801,51.7283188699319],[-5.30810805219115,51.7320523236807],[-5.31144337882392,51.7346255666816],[-5.31287377642364,51.7388365136362],[-5.30970599897113,51.741133532807],[-5.29971100527445,51.7449620029543]]],[[[-5.32981058097771,51.8777030903775],[-5.33335987107999,51.8537515150643],[-5.3533708341561,51.8637670175541],[-5.3381146543371,51.879064495098],[-5.32981058097771,51.8777030903775]]],[[[-4.68033816157951,52.0637195418519],[-4.66491968254301,52.057808314475],[-4.64703965722067,52.0783414371747],[-4.6311865734688,52.0559612996875],[-4.6077759211639,52.0621528664426],[-4.5702592995448,52.0588694426762],[-4.55975485087236,52.0437265246291],[-4.54639822107041,52.0190578509435],[-4.52301227333206,52.0112517157976],[-4.51227455004136,51.9949135276231],[-4.48711128676196,51.9886833199662],[-4.49331053972026,51.9613097897684],[-4.54154953150956,51.9565506539822],[-4.57768532937283,51.9319144717724],[-4.59995396450654,51.9409302582996],[-4.63561082838126,51.9185956942218],[-4.66788945755038,51.9340784087531],[-4.71342790172044,51.9157855569523],[-4.71353811924994,51.899237948461],[-4.7231034056339,51.895698309574],[-4.70671350526003,51.8888782816729],[-4.69410200751906,51.8596201050625],[-4.70861811449431,51.8472678753363],[-4.70426280780244,51.839120294013],[-4.64579247973085,51.8313394819767],[-4.6169404718901,51.8116146541133],[-4.64459385885353,51.7972745315508],[-4.63411909904058,51.7850135958264],[-4.64397020296571,51.7765210019707],[-4.62258210919168,51.7681255009508],[-4.63217453451122,51.7351869654966],[-4.63285204516072,51.7351983750296],[-4.6762727366059,51.7271560660847],[-4.69656985679293,51.7127226829032],[-4.69209795439065,51.7084943204069],[-4.69269854651747,51.7054017785194],[-4.68403257889146,51.7008657038942],[-4.68024419410902,51.6972813630681],[-4.69720164080801,51.6862905413756],[-4.70187311462552,51.6745432765062],[-4.69335391216671,51.6719595446907],[-4.70010964671505,51.6677077439912],[-4.71428078813131,51.6587850364726],[-4.71114070135419,51.65175278935],[-4.75685108614284,51.653683706483],[-4.75593967204922,51.6440063602449],[-4.77711713447788,51.6424299222102],[-4.78116541911273,51.6349536105151],[-4.78151697502664,51.6350380748402],[-4.81287938528187,51.6451307818149],[-4.82579726124251,51.6456658454207],[-4.830780352444,51.646860477484],[-4.84535762468246,51.646473330513],[-4.86078918464782,51.6471080770684],[-4.86171780533506,51.6391889582274],[-4.86199211727588,51.6386556524909],[-4.89114032199357,51.6295097055289],[-4.89865021345605,51.6271515577007],[-4.89643383478663,51.61012546437],[-4.92299794541608,51.6114311068553],[-4.92337602653335,51.599171121572],[-4.92505926262024,51.5971893739989],[-4.94834794118444,51.5970111894459],[-4.97544795259385,51.610339056585],[-5.00758978012201,51.608569433994],[-5.05941041264515,51.6206026262164],[-5.05006957208738,51.639943748545],[-5.06214781736519,51.6588230509806],[-5.06507134377004,51.6633901230533],[-5.1233745182764,51.6711966137627],[-5.12567208741828,51.6816213209589],[-5.10509824009494,51.6920586895091],[-5.10396575048324,51.6919610199591],[-5.07631357108735,51.6881055034864],[-5.07590971923513,51.6879105068376],[-5.08813616368731,51.684696495134],[-5.0738947451691,51.6778539866982],[-5.04655270360189,51.6762468471711],[-5.051184569659,51.6938724092456],[-5.02756115623282,51.6950325456074],[-5.00748894055015,51.6873205122936],[-4.98145061788668,51.6891210636661],[-4.98630035739701,51.6840046812001],[-4.97535155594327,51.6808748927113],[-4.9754641718466,51.6814971228088],[-4.9734950664472,51.678901460885],[-4.9765656625949,51.6875818022299],[-4.97667300038299,51.6881746251646],[-4.94922960015099,51.7021789288526],[-4.89118274212594,51.7060358843045],[-4.88682019787213,51.7167550022128],[-4.87207361126382,51.7176629489688],[-4.88482460693761,51.7190197616164],[-4.88294226065844,51.7339172303198],[-4.89801745337196,51.739567298377],[-4.88609578210335,51.7710227709763],[-4.91286380765917,51.7715273293615],[-4.89509626289,51.7612852015658],[-4.90249800130614,51.7415571003685],[-4.88687359644194,51.7302864680209],[-4.89556250818229,51.7099352352175],[-4.94631819919215,51.7036636862193],[-4.94323158126776,51.7052376168227],[-4.9849218828108,51.6993786502966],[-5.01920546074073,51.7072304708261],[-5.01388719735359,51.7171755275973],[-5.02260115652383,51.7080076066251],[-5.0345704214278,51.7107458769842],[-5.06092145356722,51.7081955262994],[-5.05963187958347,51.7069621867643],[-5.06323953983915,51.7068671083146],[-5.06321562261335,51.7072283991843],[-5.08511900545463,51.7064153105223],[-5.09028527864609,51.7108496249924],[-5.09781723437172,51.720013752532],[-5.09974607604881,51.7189669824472],[-5.10513418704872,51.7235882448692],[-5.09302426481602,51.7404673810953],[-5.10525712952611,51.7360764414043],[-5.11590830743018,51.7103761452173],[-5.12458441096024,51.7174356041871],[-5.13473061732783,51.7159735201569],[-5.15820596946838,51.7150680949928],[-5.16999933451193,51.7309667129815],[-5.16851875245671,51.7067773392235],[-5.14961759660099,51.7023664143082],[-5.15812521227946,51.7017211827591],[-5.15731799068385,51.6879746454642],[-5.17560262873158,51.6803083995952],[-5.18419647499418,51.6868211692567],[-5.18827940717255,51.6899144866467],[-5.18718627205001,51.7088624553833],[-5.19096170362763,51.7095246689533],[-5.20937619072511,51.7192488495955],[-5.21220974362268,51.7229673904111],[-5.23257371657933,51.7249174058467],[-5.25354514298608,51.7377743488523],[-5.25402372597685,51.7381856450962],[-5.21086579767254,51.733915183272],[-5.20318517311118,51.7555724811471],[-5.18891897159828,51.7539479475632],[-5.18610968636539,51.7536278267284],[-5.16029876777647,51.7721276839418],[-5.11858163790798,51.7682558753741],[-5.10764727538255,51.7741761401549],[-5.10288649901088,51.8100530399714],[-5.11604714807349,51.8372903051019],[-5.12312106196955,51.851915610624],[-5.13778013234857,51.8639142220842],[-5.13982652555268,51.863780757377],[-5.1398546406805,51.8638076589825],[-5.14520752667831,51.8634296367166],[-5.18159306796127,51.8610487856042],[-5.17950312337631,51.8672465160229],[-5.18228388984975,51.8672357776496],[-5.1822973110833,51.8674362423711],[-5.19462081189631,51.8671929664484],[-5.18931837711816,51.8738904160388],[-5.19700138987976,51.8682349886783],[-5.1982894650814,51.8672866573627],[-5.21592629787364,51.8695998317149],[-5.22100775309496,51.8731782761944],[-5.22973080820354,51.8714082636314],[-5.24579515797209,51.8735104571737],[-5.28255540441583,51.8702318243074],[-5.29628015371766,51.8607455665417],[-5.29755992995837,51.8661030384512],[-5.31830684385194,51.8619290220339],[-5.31974986703245,51.8616973606697],[-5.30733267051488,51.8747802842006],[-5.3074619706397,51.8749260029496],[-5.30737070203545,51.8750211665368],[-5.31597432357275,51.8847491858208],[-5.29585181380809,51.8933208029825],[-5.30377631500544,51.903665058153],[-5.31458980197623,51.9020138036185],[-5.30553879542507,51.9083023563351],[-5.25916131254312,51.914844408707],[-5.23624886514884,51.9295065810489],[-5.2101362778329,51.9322335373461],[-5.2022986677298,51.9427347054949],[-5.19641779264829,51.9506106766623],[-5.18583031043825,51.9500338019376],[-5.1577157180877,51.9482224011366],[-5.15743643549793,51.9484817456483],[-5.15406481797116,51.9482969647581],[-5.15032529357343,51.9550840110954],[-5.14344506365913,51.9614696860924],[-5.12459808028183,51.9613215075636],[-5.12186130968024,51.960647738563],[-5.12047455929147,51.9612886728244],[-5.10711353374625,51.9611812772631],[-5.10455906279337,51.968642102954],[-5.10322346425937,51.9692589835584],[-5.08579691104557,51.9682348870733],[-5.0799118378718,51.9853545576334],[-5.09491787874672,51.9932391911588],[-5.09563848481962,51.9936361629395],[-5.07258140524272,52.0039627098814],[-5.07333884797263,52.0044674497739],[-5.07301462461824,52.004623782863],[-5.08705273396645,52.0136029311799],[-5.08962356217814,52.0153148510806],[-5.08952835729616,52.0154144465578],[-5.08637135371135,52.0179538894182],[-5.07127221066807,52.030094330894],[-5.04709472822784,52.025575612692],[-5.02073365446916,52.0203532200986],[-4.99180444923071,52.0260338207365],[-4.98952129572732,52.0214737163708],[-4.98710512586475,52.0164267877068],[-4.98698175360247,52.0164002580562],[-4.98680929150048,52.0160556559614],[-4.97040652070432,52.0127945388254],[-4.98260769893236,52.0146985237111],[-4.98262464304524,52.014681491135],[-4.98269739820205,52.0146928338035],[-4.98866615679785,52.0086074479246],[-4.99249110626647,52.004760914879],[-4.9924527073242,52.0047459188749],[-4.99311671917663,52.0040686792869],[-4.99116465628409,52.0042428811434],[-4.98641236607481,52.0023866924509],[-4.9897349435476,52.0007007320357],[-4.96923530673654,51.9949311288771],[-4.96993681348527,51.9972848014823],[-4.92673058782827,52.0089306036986],[-4.91970936778452,52.0100985621203],[-4.91620187478002,52.0190806754146],[-4.91493533305496,52.0223231727193],[-4.91014548182417,52.0345818720102],[-4.8855938981418,52.0207938226053],[-4.88257406352698,52.0209075294057],[-4.878887124684,52.0190279594616],[-4.81434509399363,52.0185266025253],[-4.83883639183193,52.0241822015746],[-4.84132647504617,52.0247568511512],[-4.83796714230033,52.0334197015044],[-4.84420108209486,52.0361497289775],[-4.83829472959575,52.0498739364428],[-4.83796035512418,52.0503024094735],[-4.83508721817077,52.0508332080837],[-4.7914305217548,52.0584568442462],[-4.75905210022317,52.0767707800745],[-4.74144022574785,52.0986332421456],[-4.74701485583932,52.102336194669],[-4.74920425121687,52.1042068639507],[-4.73154141433033,52.117868195625],[-4.68863087190637,52.1042201004159],[-4.68170736062837,52.0851253659805],[-4.66969110665357,52.0803396664111],[-4.68033816157951,52.0637195418519]]]]},"properties":{"CTYUA23CD":"W06000009","CTYUA23NM":"Pembrokeshire"}},{"type":"Feature","geometry":{"type":"Polygon","coordinates":[[[-3.86010447696003,52.1421963135889],[-3.79441843538763,52.117138332823],[-3.78609987963238,52.1045574649774],[-3.75776898889901,52.128225792334],[-3.72031901826934,52.1175015898815],[-3.7140763938064,52.1049709284244],[-3.72879836684997,52.0939774146696],[-3.72309534087783,52.085214265505],[-3.66713104531823,52.0742992700812],[-3.67904983034794,52.060612019164],[-3.64713650260716,52.0387891957572],[-3.66827222447723,52.0254323355184],[-3.67001662688168,52.0042131974009],[-3.71118216727451,51.961852721789],[-3.69985446611416,51.9459843523093],[-3.72033971567699,51.9417618368593],[-3.72751468496771,51.9106333070257],[-3.71356857982899,51.9059068085892],[-3.71383514681224,51.8871409704067],[-3.77264550334437,51.8460223181034],[-3.80669047538918,51.7879522861539],[-3.81857806880622,51.8023479671683],[-3.8654561412009,51.8103465381253],[-3.89988199897599,51.8036311355105],[-3.8820962986127,51.787904837922],[-3.88720583055589,51.7687979320185],[-3.91842457565384,51.7753011229821],[-3.93650461617364,51.771355411971],[-3.96519017577005,51.7637050932045],[-3.99980417233353,51.7741514727146],[-4.00168319784235,51.7625693653633],[-4.04930254396701,51.7295940237515],[-4.04345305487469,51.706628845966],[-4.04965738712283,51.7120459892476],[-4.04400067967167,51.7066810301717],[-4.05632354244201,51.7131965406427],[-4.05489688620038,51.7075233733621],[-4.05917898669976,51.7003123504766],[-4.07177826527185,51.6990564315957],[-4.06732706188907,51.690657432988],[-4.08164288113595,51.6888038682871],[-4.08136019407258,51.6841216927101],[-4.08140630008571,51.6841122389902],[-4.0813489121668,51.6839348161548],[-4.08113022523621,51.6803103375296],[-4.08048973638657,51.6696887995384],[-4.08134550437243,51.6749043841059],[-4.08965891087294,51.6716995380692],[-4.08168324585071,51.6638951847457],[-4.12942508834228,51.6579422535917],[-4.13321271552629,51.6653797227815],[-4.14616234279879,51.6546820323898],[-4.16760876044495,51.6640674099564],[-4.16846667937388,51.6787302400798],[-4.16858856866292,51.6808126728794],[-4.168789631471,51.6787242619704],[-4.17006916480414,51.6654293620045],[-4.18055813168361,51.6785062920387],[-4.18233864795419,51.6807252608761],[-4.21544124543316,51.6853142732652],[-4.28908687377915,51.676950301202],[-4.28602161107528,51.6765013211824],[-4.26420434022536,51.6733030991663],[-4.29123562909102,51.6676518623665],[-4.30869896501857,51.6760568502187],[-4.31564976719279,51.6794006178778],[-4.34832381261797,51.695106587342],[-4.37992586041014,51.7321378665547],[-4.36054566826539,51.7302905326792],[-4.36298516032877,51.7246685104622],[-4.35751548837509,51.7296966990392],[-4.3565948757039,51.7241475575695],[-4.35620953364968,51.7218243709696],[-4.33544342825179,51.7230969257841],[-4.3364643602493,51.7175109437583],[-4.32384556126803,51.7240967661824],[-4.32249048939067,51.7165874887405],[-4.32178037975887,51.7246565225906],[-4.31780216286736,51.7215329337132],[-4.31484710065416,51.7192123232846],[-4.3150117596388,51.7262603633541],[-4.30979088137137,51.7214512679596],[-4.30194921603015,51.7261321312679],[-4.31824542020984,51.7302043948139],[-4.32502347905204,51.7318972729995],[-4.31844594886182,51.7341199854519],[-4.29545634398676,51.7418840525306],[-4.3185112735659,51.7353953716638],[-4.32171124213161,51.7344942463865],[-4.36555467753542,51.7379200309281],[-4.37604524605263,51.753876472256],[-4.36612994080781,51.787185041443],[-4.32401598095458,51.8015208650244],[-4.32646427533597,51.8013514798045],[-4.36346340016537,51.7965014720254],[-4.40383169458145,51.7572757229045],[-4.44887995810673,51.7701136255787],[-4.46275225384406,51.769121201698],[-4.45898769121104,51.7604588646788],[-4.41778231759532,51.7452915959593],[-4.42365994686299,51.7407345745872],[-4.46321924240552,51.7316834790108],[-4.55902369144595,51.7419825884822],[-4.57180187678758,51.7369771138908],[-4.60647301989928,51.7347512651944],[-4.60816040813201,51.7347800423203],[-4.63217453451122,51.7351869654966],[-4.62258210919168,51.7681255009508],[-4.64397020296571,51.7765210019707],[-4.63411909904058,51.7850135958264],[-4.64459385885353,51.7972745315508],[-4.6169404718901,51.8116146541133],[-4.64579247973085,51.8313394819767],[-4.70426280780244,51.839120294013],[-4.70861811449431,51.8472678753363],[-4.69410200751906,51.8596201050625],[-4.70671350526003,51.8888782816729],[-4.7231034056339,51.895698309574],[-4.71353811924994,51.899237948461],[-4.71342790172044,51.9157855569523],[-4.66788945755038,51.9340784087531],[-4.63561082838126,51.9185956942218],[-4.59995396450654,51.9409302582996],[-4.57768532937283,51.9319144717724],[-4.54154953150956,51.9565506539822],[-4.49331053972026,51.9613097897684],[-4.48711128676196,51.9886833199662],[-4.51227455004136,51.9949135276231],[-4.52301227333206,52.0112517157976],[-4.54639822107041,52.0190578509435],[-4.55975485087236,52.0437265246291],[-4.54492769770434,52.044243796248],[-4.54107697138143,52.0521265018024],[-4.53562239883079,52.0443608645442],[-4.50187522948956,52.0425759621634],[-4.48745036971288,52.0490697439894],[-4.46365449203762,52.0365374730205],[-4.44873212810416,52.044145428098],[-4.41110120363156,52.0418371907795],[-4.39884206980144,52.0346352060346],[-4.38489658578998,52.0400217458302],[-4.35061460033492,52.0267561327686],[-4.33474329662028,52.0413296028349],[-4.30578800300691,52.0386131659951],[-4.30107218717429,52.051642985291],[-4.28896729775378,52.0527852114049],[-4.2824977105904,52.0398103359062],[-4.23447649493128,52.038214704481],[-4.2058442020402,52.0625734201006],[-4.19145641793384,52.0593259651347],[-4.1641557993554,52.0681530696939],[-4.15856416517479,52.0812099612344],[-4.14727405858525,52.0807967386722],[-4.15876105010449,52.0868930308125],[-4.14400402616874,52.0942707978965],[-4.10005505472362,52.0960610861116],[-4.05809915780287,52.113878940691],[-4.01812297928029,52.0971443165928],[-3.94048881317808,52.1384478782163],[-3.90672239184834,52.1197876378604],[-3.86010447696003,52.1421963135889]]]},"properties":{"CTYUA23CD":"W06000010","CTYUA23NM":"Carmarthenshire"}},{"type":"Feature","geometry":{"type":"MultiPolygon","coordinates":[[[[-4.33394354706844,51.5650292953522],[-4.31131858076517,51.5618277153666],[-4.30972632301847,51.5629196763132],[-4.30953396528629,51.5591303880456],[-4.30949614712748,51.5583841458122],[-4.33394354706844,51.5650292953522]]],[[[-4.31181369685419,51.6040518063467],[-4.31180361752102,51.6038533364599],[-4.31643293000671,51.6091755505162],[-4.31216146657171,51.6109033969908],[-4.31181369685419,51.6040518063467]]],[[[-4.08136019407258,51.6841216927101],[-4.0813489121668,51.6839348161548],[-4.08140630008571,51.6841122389902],[-4.08136019407258,51.6841216927101]]],[[[-4.05323283704745,51.7009045838446],[-4.05917898669976,51.7003123504766],[-4.05489688620038,51.7075233733621],[-4.05323283704745,51.7009045838446]]],[[[-3.99980417233353,51.7741514727146],[-3.96519017577005,51.7637050932045],[-3.93650461617364,51.771355411971],[-3.88850610202894,51.7390861973303],[-3.87602271282126,51.7039605081268],[-3.84274318431454,51.6973693332949],[-3.8870194190256,51.6340550378592],[-3.88636008740697,51.6175023737092],[-3.92261139576578,51.6075552397436],[-3.92713504519316,51.607262818619],[-3.92930271233206,51.616713027661],[-3.92873273257803,51.6134615705613],[-3.92876287836853,51.6081955656937],[-3.92909561331935,51.6134459767894],[-3.9583431461475,51.6121853026461],[-3.99390019657479,51.5986973327371],[-4.00058271122287,51.5800340825078],[-3.98630030152251,51.5733376563125],[-3.98638738160113,51.5732190669981],[-3.97660025131814,51.5686800568815],[-3.98064977242717,51.5649452324651],[-3.98214713416517,51.5648662857094],[-4.01055299357602,51.5681566298365],[-4.02121347135582,51.5642819239792],[-4.02432868027121,51.5631493516201],[-4.03499393856182,51.5701067326983],[-4.06435163751016,51.5572549382465],[-4.11132497634675,51.5699495531919],[-4.10371388043533,51.5777740869026],[-4.15643950995501,51.5619499828729],[-4.15287513533263,51.5425008642304],[-4.17512188056955,51.5448656004179],[-4.19480580503846,51.5482643390597],[-4.21078403582841,51.5371486639114],[-4.27881803373776,51.561503089758],[-4.30816062119017,51.5630215925329],[-4.28900610839056,51.5763509662493],[-4.30920622894354,51.6096183824107],[-4.27965056655498,51.6159112813751],[-4.24550350778722,51.647589048102],[-4.23059954796192,51.6477365682794],[-4.24246596267727,51.6463521451126],[-4.23252998262843,51.6422456865941],[-4.24556018524486,51.6179894205847],[-4.23226397089495,51.6315041061675],[-4.2338881313531,51.6228561853748],[-4.22871227024847,51.6303603331298],[-4.22372285433251,51.6209682415323],[-4.22537446022407,51.6262293010859],[-4.22229249709654,51.62571765566],[-4.20553721618095,51.6164220270213],[-4.21296220062639,51.6241681400146],[-4.22090690725781,51.6254875995908],[-4.2246499863714,51.6276945326533],[-4.2195497149679,51.6315492538971],[-4.20889593683695,51.6249308889527],[-4.21768366542568,51.6355556213751],[-4.18636258176437,51.6267125437359],[-4.19778465779034,51.6223220168926],[-4.18779486077331,51.6169601145043],[-4.19204682644764,51.6241362385786],[-4.16589158925756,51.6281739129454],[-4.17320083618366,51.6161260118755],[-4.15887583516342,51.6242347824543],[-4.16414762813243,51.6279623459968],[-4.15570034012701,51.6265538948804],[-4.16432709804661,51.6281811856524],[-4.15472618259134,51.6277974993491],[-4.1584731796005,51.6343158813057],[-4.13297540578407,51.6324940998183],[-4.13744681444567,51.6421213477441],[-4.08717888951722,51.6479823039434],[-4.11633257657684,51.644719576617],[-4.10539689088778,51.6526543170528],[-4.04856764417897,51.6556981184121],[-4.08132773490499,51.662099445412],[-4.06243230133848,51.6726565561868],[-4.07461437468197,51.6804253739869],[-4.07716210673677,51.6820496228737],[-4.07153783470015,51.6804795637124],[-4.0692276533117,51.6798345481328],[-4.06860710517107,51.6805311757481],[-4.0513946417325,51.6998450348331],[-4.05368968212731,51.7089027486057],[-4.0436501141592,51.7062336999458],[-4.04327856979508,51.70647647643],[-4.04345305487469,51.706628845966],[-4.04930254396701,51.7295940237515],[-4.00168319784235,51.7625693653633],[-3.99980417233353,51.7741514727146]]]]},"properties":{"CTYUA23CD":"W06000011","CTYUA23NM":"Swansea"}},{"type":"Feature","geometry":{"type":"Polygon","coordinates":[[[-3.80669047538918,51.7879522861539],[-3.77032044220936,51.7545216252098],[-3.74609070527297,51.7533922257388],[-3.72791050775453,51.7762066260514],[-3.67036593629973,51.7871982152031],[-3.60343089033746,51.7738464434743],[-3.59129302676969,51.7546119616157],[-3.57864581676569,51.7178807732971],[-3.58958497701697,51.6792724318013],[-3.56331023234254,51.6454847534439],[-3.59571966592766,51.6377287721602],[-3.66570118567218,51.6411527719437],[-3.68071022656698,51.6219121163934],[-3.67673865238845,51.6013243375491],[-3.69112130973368,51.6035190028337],[-3.69442004466421,51.5942668566575],[-3.65528753275708,51.5648338266415],[-3.6566131360753,51.5391714577582],[-3.68780313022907,51.5374346680064],[-3.70312742752493,51.5271657980179],[-3.76227085707083,51.5347575545824],[-3.76300511881063,51.5365112738801],[-3.76391445975819,51.5376619564227],[-3.76279899182597,51.5380175306731],[-3.7641593940401,51.5379718858353],[-3.77852594438456,51.5561421730399],[-3.77998104804541,51.5597125716841],[-3.7819486041434,51.5604686105579],[-3.78926583624116,51.5697147959324],[-3.79719557411654,51.5692795453335],[-3.81728110029525,51.574292299703],[-3.81727191453648,51.5743010559809],[-3.79793703840584,51.5711356356591],[-3.80223234955444,51.5818848731848],[-3.81066622885694,51.580596769078],[-3.80964687569676,51.5815680974858],[-3.81091490175106,51.5827316916547],[-3.79070972963899,51.5929828148199],[-3.81179511914527,51.5835393725557],[-3.81934209531572,51.5904623741089],[-3.82273481888283,51.5921408677118],[-3.85082601988119,51.6144661550351],[-3.83694031954908,51.6236581007181],[-3.88623327835871,51.6175371432933],[-3.88636008740697,51.6175023737092],[-3.8870194190256,51.6340550378592],[-3.84274318431454,51.6973693332949],[-3.87602271282126,51.7039605081268],[-3.88850610202894,51.7390861973303],[-3.93650461617364,51.771355411971],[-3.91842457565384,51.7753011229821],[-3.88720583055589,51.7687979320185],[-3.8820962986127,51.787904837922],[-3.89988199897599,51.8036311355105],[-3.8654561412009,51.8103465381253],[-3.81857806880622,51.8023479671683],[-3.80669047538918,51.7879522861539]]]},"properties":{"CTYUA23CD":"W06000012","CTYUA23NM":"Neath Port Talbot"}},{"type":"Feature","geometry":{"type":"Polygon","coordinates":[[[-3.49751220567078,51.5126420277271],[-3.52960964127188,51.5013636470575],[-3.52761109537081,51.4936842062966],[-3.53944974689279,51.4910312916675],[-3.53285023908749,51.4816056606903],[-3.55476092182447,51.4927734068836],[-3.62123213014466,51.4755433084095],[-3.61963032579258,51.4766196247824],[-3.62635978228912,51.4742120672442],[-3.63988663218639,51.4706987808362],[-3.65891866475533,51.480045951872],[-3.67983679825256,51.4731795167483],[-3.69881529465771,51.4780156369573],[-3.69945901152331,51.4744651384959],[-3.70832911926941,51.4757287954833],[-3.72082860172148,51.4796817274349],[-3.72972534648936,51.4872662858113],[-3.74942257899617,51.5040472079944],[-3.75018071916771,51.5058605375222],[-3.76227085707083,51.5347575545824],[-3.70312742752493,51.5271657980179],[-3.68780313022907,51.5374346680064],[-3.6566131360753,51.5391714577582],[-3.65528753275708,51.5648338266415],[-3.69442004466421,51.5942668566575],[-3.69112130973368,51.6035190028337],[-3.67673865238845,51.6013243375491],[-3.68071022656698,51.6219121163934],[-3.66570118567218,51.6411527719437],[-3.59571966592766,51.6377287721602],[-3.56331023234254,51.6454847534439],[-3.5376382782254,51.644133217573],[-3.510021383099,51.6181407421207],[-3.47252606809024,51.6012698742775],[-3.47646718426235,51.5816362649663],[-3.48873208047808,51.5742428228004],[-3.46302487947318,51.5434120024325],[-3.49751220567078,51.5126420277271]]]},"properties":{"CTYUA23CD":"W06000013","CTYUA23NM":"Bridgend"}},{"type":"Feature","geometry":{"type":"MultiPolygon","coordinates":[[[[-3.62635978228912,51.4742120672442],[-3.6383229570123,51.4699305045605],[-3.63988663218639,51.4706987808362],[-3.62635978228912,51.4742120672442]]],[[[-3.41105789652737,51.5067665485347],[-3.40191328314089,51.4989630794801],[-3.37864068603151,51.5127130498163],[-3.33573834667109,51.50842734656],[-3.29838483897548,51.4999147039046],[-3.27105893924266,51.4650533951932],[-3.24805311333364,51.4645552659641],[-3.21891214711872,51.4748584920798],[-3.18666461665162,51.4479002153229],[-3.16594900413308,51.4440020884209],[-3.16969675510739,51.4062959900463],[-3.18764295437649,51.4000886007698],[-3.22415392403049,51.4034199810775],[-3.26090409106591,51.3947725800536],[-3.26464710268531,51.3892331255453],[-3.26898878673571,51.3878982004904],[-3.31033300963496,51.3927577942196],[-3.34236446327156,51.3810629594677],[-3.39578966687884,51.3827312453287],[-3.39518989439021,51.3978622491143],[-3.39658662293993,51.3823624085007],[-3.40559318361234,51.3810001279381],[-3.41525709676574,51.3877754417425],[-3.43859207743513,51.3899883767639],[-3.5589612520361,51.4013263058974],[-3.59679039626332,51.4410242941944],[-3.62681520551185,51.455465590672],[-3.63932116677576,51.4633836610584],[-3.62123213014466,51.4755433084095],[-3.55476092182447,51.4927734068836],[-3.53285023908749,51.4816056606903],[-3.53944974689279,51.4910312916675],[-3.52761109537081,51.4936842062966],[-3.52960964127188,51.5013636470575],[-3.49751220567078,51.5126420277271],[-3.46536073216511,51.5148087605348],[-3.41105789652737,51.5067665485347]]]]},"properties":{"CTYUA23CD":"W06000014","CTYUA23NM":"Vale of Glamorgan"}},{"type":"Feature","geometry":{"type":"Polygon","coordinates":[[[-3.1188911554542,51.5456379840242],[-3.06891000794599,51.5202663731953],[-3.09039120430917,51.5098746238916],[-3.0834997417565,51.5016804214417],[-3.1254539704397,51.4895055851785],[-3.14175703412085,51.5122733058969],[-3.12358056397598,51.4860458419913],[-3.15282585093002,51.4570074323681],[-3.16414123884824,51.4457602191135],[-3.16438874993459,51.4458147978641],[-3.16573293768705,51.4461744135243],[-3.16594900413308,51.4440020884209],[-3.18666461665162,51.4479002153229],[-3.21891214711872,51.4748584920798],[-3.24805311333364,51.4645552659641],[-3.27105893924266,51.4650533951932],[-3.29838483897548,51.4999147039046],[-3.33573834667109,51.50842734656],[-3.34118112641233,51.5353043965647],[-3.32435912927702,51.5357753318911],[-3.31036333925924,51.5489322683217],[-3.27766706057663,51.5518581528911],[-3.26157198600536,51.5377865753987],[-3.23769569140824,51.5526026858123],[-3.16373462517749,51.5605050149904],[-3.15257557541337,51.5516412043869],[-3.14448296450805,51.5553377817196],[-3.1188911554542,51.5456379840242]]]},"properties":{"CTYUA23CD":"W06000015","CTYUA23NM":"Cardiff"}},{"type":"Feature","geometry":{"type":"Polygon","coordinates":[[[-3.44419021691169,51.8164831125638],[-3.44068818498247,51.7958038694052],[-3.41663421160154,51.7671778801634],[-3.42747151565767,51.7584982966468],[-3.4531499878985,51.7616616068523],[-3.39991496470078,51.717883731991],[-3.38003997952384,51.7110118404117],[-3.33140896742721,51.6567022912735],[-3.31386814952502,51.655705098049],[-3.31389674357014,51.6446826458831],[-3.29138189699849,51.592106752411],[-3.26984751893858,51.5838310141459],[-3.26285680369796,51.5662367469291],[-3.24245391455566,51.5654882021899],[-3.23769569140824,51.5526026858123],[-3.26157198600536,51.5377865753987],[-3.27766706057663,51.5518581528911],[-3.31036333925924,51.5489322683217],[-3.32435912927702,51.5357753318911],[-3.34118112641233,51.5353043965647],[-3.33573834667109,51.50842734656],[-3.37864068603151,51.5127130498163],[-3.40191328314089,51.4989630794801],[-3.41105789652737,51.5067665485347],[-3.46536073216511,51.5148087605348],[-3.49751220567078,51.5126420277271],[-3.46302487947318,51.5434120024325],[-3.48873208047808,51.5742428228004],[-3.47646718426235,51.5816362649663],[-3.47252606809024,51.6012698742775],[-3.510021383099,51.6181407421207],[-3.5376382782254,51.644133217573],[-3.56331023234254,51.6454847534439],[-3.58958497701697,51.6792724318013],[-3.57864581676569,51.7178807732971],[-3.59129302676969,51.7546119616157],[-3.56564346678195,51.7648845417574],[-3.55986799668613,51.7775158828859],[-3.53706351746384,51.7761977190073],[-3.54121292551029,51.7845633312201],[-3.47632991677645,51.8094707308926],[-3.47007348567582,51.8285046282533],[-3.46013155656307,51.8301292509159],[-3.44419021691169,51.8164831125638]]]},"properties":{"CTYUA23CD":"W06000016","CTYUA23NM":"Rhondda Cynon Taf"}},{"type":"Feature","geometry":{"type":"Polygon","coordinates":[[[-3.11611499460293,51.6908024361356],[-3.10197372830353,51.6820916949013],[-3.08442297733053,51.688358694751],[-3.07166242000881,51.6741872658433],[-3.07483893099296,51.6522398894611],[-3.10265451559855,51.6339511938389],[-3.08182858214858,51.6194328417984],[-3.06457279337954,51.6039326296092],[-3.09373796745917,51.5913980078401],[-3.10515778716035,51.5972146938021],[-3.1241920442001,51.5885514227997],[-3.12175398071899,51.5796926039379],[-3.09020472933484,51.5692660987794],[-3.1188911554542,51.5456379840242],[-3.14448296450805,51.5553377817196],[-3.15257557541337,51.5516412043869],[-3.16373462517749,51.5605050149904],[-3.23769569140824,51.5526026858123],[-3.24245391455566,51.5654882021899],[-3.26285680369796,51.5662367469291],[-3.26984751893858,51.5838310141459],[-3.29138189699849,51.592106752411],[-3.31389674357014,51.6446826458831],[-3.29610987069155,51.6640939496636],[-3.28521657721722,51.6582384190299],[-3.2846798334777,51.6771298238643],[-3.27393042083335,51.6823368570676],[-3.30063731998051,51.7363143911557],[-3.31551152629488,51.731808630623],[-3.30995029322805,51.7390496306],[-3.32904601048213,51.7586528073205],[-3.33447027982823,51.7904023136093],[-3.31009508585099,51.794302087834],[-3.30131746123945,51.7989762887923],[-3.27248258388128,51.7774829628625],[-3.26697286975641,51.7592926082826],[-3.2228917474242,51.723100689801],[-3.22404844459663,51.7291499614717],[-3.21088287487137,51.7307033852787],[-3.21963695315342,51.7450807569619],[-3.21013111842713,51.7500948011976],[-3.16724876175334,51.7099015706114],[-3.15636281162751,51.7139701539611],[-3.12907178015667,51.6957812804563],[-3.13766752346356,51.6819256914391],[-3.11611499460293,51.6908024361356]]]},"properties":{"CTYUA23CD":"W06000018","CTYUA23NM":"Caerphilly"}},{"type":"Feature","geometry":{"type":"Polygon","coordinates":[[[-3.15735167770916,51.8160510798251],[-3.14582760500366,51.804696806552],[-3.15686059964412,51.7960888744105],[-3.13418867270015,51.7928103417939],[-3.14392394952362,51.7861007856237],[-3.1061136893966,51.761252195553],[-3.11518930705384,51.7573961351012],[-3.10601554595748,51.7205153970994],[-3.11611499460293,51.6908024361356],[-3.13766752346356,51.6819256914391],[-3.12907178015667,51.6957812804563],[-3.15636281162751,51.7139701539611],[-3.16724876175334,51.7099015706114],[-3.21013111842713,51.7500948011976],[-3.21963695315342,51.7450807569619],[-3.21088287487137,51.7307033852787],[-3.22404844459663,51.7291499614717],[-3.2228917474242,51.723100689801],[-3.26697286975641,51.7592926082826],[-3.27248258388128,51.7774829628625],[-3.30131746123945,51.7989762887923],[-3.31009508585099,51.794302087834],[-3.30858543846897,51.8061329614635],[-3.28343451733682,51.825488658471],[-3.23877871810066,51.812355285936],[-3.15735167770916,51.8160510798251]]]},"properties":{"CTYUA23CD":"W06000019","CTYUA23NM":"Blaenau Gwent"}},{"type":"Feature","geometry":{"type":"Polygon","coordinates":[[[-2.95891050451244,51.6287803266513],[-2.9893253479761,51.6287629246409],[-3.01961084741525,51.6165260379931],[-3.04717226881848,51.6225074479586],[-3.04504302497987,51.6066749442671],[-3.08182858214858,51.6194328417984],[-3.10265451559855,51.6339511938389],[-3.07483893099296,51.6522398894611],[-3.07166242000881,51.6741872658433],[-3.08442297733053,51.688358694751],[-3.10197372830353,51.6820916949013],[-3.11611499460293,51.6908024361356],[-3.10601554595748,51.7205153970994],[-3.11518930705384,51.7573961351012],[-3.1061136893966,51.761252195553],[-3.14392394952362,51.7861007856237],[-3.13418867270015,51.7928103417939],[-3.1082390595213,51.7962213485513],[-3.058877262772,51.7836397869117],[-3.0434484634958,51.7704028725955],[-3.04933649949667,51.7604479932305],[-3.02777985214112,51.745372567608],[-3.03128679829136,51.7226794232155],[-2.98354684727702,51.7153711620032],[-3.00200489280865,51.6908292478469],[-2.96859889495424,51.691439472605],[-2.97945508163387,51.6736854729371],[-2.99490248695935,51.6792590515226],[-3.00346940696528,51.669057337312],[-2.95891050451244,51.6287803266513]]]},"properties":{"CTYUA23CD":"W06000020","CTYUA23NM":"Torfaen"}},{"type":"Feature","geometry":{"type":"MultiPolygon","coordinates":[[[[-2.65664127759941,51.6227996018387],[-2.65690762279837,51.6219971701423],[-2.66017627868065,51.6295999429665],[-2.65664127759941,51.6227996018387]]],[[[-3.02592825998755,51.9572707700542],[-3.00812331564277,51.9271305466736],[-2.97666533447377,51.9274901991849],[-2.97184633087118,51.9049816267882],[-2.87783522764085,51.9338143761337],[-2.84499642015606,51.922087190666],[-2.86187161480982,51.9139790713439],[-2.84194532227904,51.9177278136695],[-2.83610650626024,51.9060535390347],[-2.76830730538435,51.880444841636],[-2.77879887552431,51.8658590666979],[-2.73884858634764,51.8366165103794],[-2.71966531119947,51.8488696900263],[-2.71512837058452,51.840243927709],[-2.69730211579747,51.844809127665],[-2.69329553822647,51.8338410121663],[-2.66619753963782,51.8356235570426],[-2.65040070567432,51.8261246889383],[-2.66087144177876,51.822753864529],[-2.65953874455198,51.8106823741613],[-2.67853782959666,51.8028451993877],[-2.66981057919979,51.7942734507367],[-2.68045213470349,51.7689294147768],[-2.66269206735517,51.7538947436597],[-2.67222511999267,51.7363629501989],[-2.68754079653479,51.730426259148],[-2.66844054916154,51.7057888652485],[-2.68379147622247,51.7006275155784],[-2.66916891575376,51.6931500116545],[-2.67225329931617,51.6810001361918],[-2.65686372173786,51.6745037133579],[-2.6863760655126,51.6632012916766],[-2.66592276270364,51.66432354295],[-2.68033178982132,51.6475470396017],[-2.66851392778044,51.645630593601],[-2.66330246199113,51.6356120054725],[-2.65819446777054,51.6216293551044],[-2.66969343652585,51.6087847687387],[-2.69558143306712,51.6034052151749],[-2.71261056120873,51.5823539599204],[-2.75753539707036,51.5784098480163],[-2.82163512673604,51.5540689437853],[-2.82221054616915,51.5539194180918],[-2.83425278922036,51.5703927461992],[-2.85263850199979,51.5712619874655],[-2.85921673724206,51.579420992848],[-2.83028965437961,51.6149481557693],[-2.80319729719593,51.6158645790276],[-2.83450434402021,51.6483640844225],[-2.88360286048244,51.6415371930626],[-2.90852474789641,51.6236327316039],[-2.92079541056213,51.6268968496788],[-2.94137127891559,51.6171030372067],[-2.9476962087977,51.6286374548388],[-2.95891050451244,51.6287803266513],[-3.00346940696528,51.669057337312],[-2.99490248695935,51.6792590515226],[-2.97945508163387,51.6736854729371],[-2.96859889495424,51.691439472605],[-3.00200489280865,51.6908292478469],[-2.98354684727702,51.7153711620032],[-3.03128679829136,51.7226794232155],[-3.02777985214112,51.745372567608],[-3.04933649949667,51.7604479932305],[-3.0434484634958,51.7704028725955],[-3.058877262772,51.7836397869117],[-3.1082390595213,51.7962213485513],[-3.13418867270015,51.7928103417939],[-3.15686059964412,51.7960888744105],[-3.14582760500366,51.804696806552],[-3.15735167770916,51.8160510798251],[-3.12052038324219,51.8389207754017],[-3.10100161433293,51.8320487372478],[-3.09717296498312,51.8464275695256],[-3.0634021876905,51.8633233176147],[-3.07224579086096,51.8751961715495],[-3.04005396457711,51.8845898465474],[-3.04950657913779,51.9114457909592],[-3.07865087218254,51.9245307888259],[-3.09005398204765,51.9503546197387],[-3.08159314872394,51.9553940169853],[-3.09308619989053,51.9651906249024],[-3.06737674091607,51.9831362974613],[-3.02592825998755,51.9572707700542]]]]},"properties":{"CTYUA23CD":"W06000021","CTYUA23NM":"Monmouthshire"}},{"type":"Feature","geometry":{"type":"Polygon","coordinates":[[[-2.82221054616915,51.5539194180918],[-2.86657843346613,51.5423787178254],[-2.90488226643788,51.532397183894],[-2.92252256767124,51.535784989703],[-2.91401684865905,51.5425759580168],[-2.95123519676215,51.5350920711266],[-2.98165691825103,51.5451318919279],[-2.97023127093506,51.5555882610268],[-2.98871326988364,51.5495272320511],[-3.00491814445661,51.5657707544864],[-2.98931100387115,51.5475138722184],[-2.99530910349432,51.5364703489823],[-3.05165243100682,51.514204390742],[-3.08272010278254,51.50190646227],[-3.0834997417565,51.5016804214417],[-3.09039120430917,51.5098746238916],[-3.06891000794599,51.5202663731953],[-3.1188911554542,51.5456379840242],[-3.09020472933484,51.5692660987794],[-3.12175398071899,51.5796926039379],[-3.1241920442001,51.5885514227997],[-3.10515778716035,51.5972146938021],[-3.09373796745917,51.5913980078401],[-3.06457279337954,51.6039326296092],[-3.08182858214858,51.6194328417984],[-3.04504302497987,51.6066749442671],[-3.04717226881848,51.6225074479586],[-3.01961084741525,51.6165260379931],[-2.9893253479761,51.6287629246409],[-2.95891050451244,51.6287803266513],[-2.9476962087977,51.6286374548388],[-2.94137127891559,51.6171030372067],[-2.92079541056213,51.6268968496788],[-2.90852474789641,51.6236327316039],[-2.88360286048244,51.6415371930626],[-2.83450434402021,51.6483640844225],[-2.80319729719593,51.6158645790276],[-2.83028965437961,51.6149481557693],[-2.85921673724206,51.579420992848],[-2.85263850199979,51.5712619874655],[-2.83425278922036,51.5703927461992],[-2.82221054616915,51.5539194180918]]]},"properties":{"CTYUA23CD":"W06000022","CTYUA23NM":"Newport"}},{"type":"Feature","geometry":{"type":"Polygon","coordinates":[[[-3.14750393983102,52.8901693458012],[-3.13552413220342,52.8850136669707],[-3.15241672487316,52.8787478871554],[-3.12771287514737,52.8671030328106],[-3.16301475130881,52.8474909452542],[-3.15126038171278,52.8425648882919],[-3.16788753046969,52.8192666796899],[-3.16820515656899,52.807328443007],[-3.15319003437988,52.8063686258345],[-3.16085535746191,52.795745086062],[-3.11828683786622,52.7835824209746],[-3.08663218442715,52.795593156752],[-3.09168246698264,52.7866629795941],[-3.07951607132088,52.7715139126723],[-3.04779141568697,52.7726355742841],[-3.05254038732917,52.7685883487679],[-3.03898477959301,52.7703945083183],[-3.03536166527588,52.7640327168387],[-3.01714764503031,52.7676217642356],[-3.01081496516033,52.758474134926],[-3.02180979863464,52.7519407818244],[-2.99199278312435,52.7437560385489],[-2.99131975668694,52.7338180016925],[-2.96506569361931,52.7322680648372],[-2.96107942399414,52.7164656946471],[-2.97810302517224,52.7153573258909],[-2.97759195389928,52.7265916760122],[-3.00055465557069,52.720275310728],[-3.02035717507642,52.7251022420807],[-3.0224859512498,52.7066679421564],[-3.04704782420661,52.6912658409262],[-3.03858027691564,52.675373166834],[-3.05112433418108,52.6473703199561],[-3.08356627752097,52.6412925202018],[-3.05981991551762,52.6307103332527],[-3.07318689672821,52.6289626623494],[-3.09362257365342,52.6093390876565],[-3.08955816271373,52.5995062980213],[-3.11741414899447,52.5857631475343],[-3.13950076571608,52.5857198080728],[-3.11149542440582,52.5413637648399],[-3.1370447146752,52.5340448107619],[-3.13307842958419,52.527472074805],[-3.08541228712571,52.5345027028164],[-3.08727582526502,52.5513315082532],[-3.014230447679,52.5754965437771],[-2.99416397610144,52.5529108742502],[-3.00387364775971,52.5198330371476],[-3.03237893922629,52.5237313433299],[-3.02920219998827,52.501268025898],[-3.11101713479608,52.498934828381],[-3.18021448078352,52.4739344858705],[-3.19724017301225,52.4759894045068],[-3.23555343310675,52.4425111841],[-3.21954231380943,52.4212465662123],[-3.17885189317182,52.4094453019878],[-3.15444662965246,52.3877151721652],[-3.11060650812059,52.3771928586202],[-3.06066441920979,52.3482395297035],[-3.04017440612675,52.344326449559],[-2.97450325778266,52.3547007719923],[-2.95465135625057,52.3491547628498],[-2.96680116367831,52.3294490746378],[-3.0008661068012,52.3217658048495],[-3.01262166661965,52.2792068059116],[-2.94963475580722,52.2694682342234],[-2.97718162692593,52.2596861472059],[-3.00577598466957,52.2642595027327],[-3.03586088954314,52.2567570188263],[-3.04831809735968,52.2502329092591],[-3.04421511696905,52.2379274562501],[-3.07303671037743,52.2358769206364],[-3.07209180392951,52.213087287645],[-3.10208187078616,52.2027204256414],[-3.09465104889233,52.1837422730342],[-3.12243047087079,52.1634196055799],[-3.09889603996449,52.1547338860874],[-3.08254318096633,52.1630471608847],[-3.0725382658941,52.1557732347873],[-3.09369007605061,52.144305996423],[-3.13587330508285,52.1379083922528],[-3.14192072484887,52.1278671854243],[-3.10492212967307,52.1167418938091],[-3.10534931223889,52.10541782273],[-3.12267991084996,52.103148786506],[-3.1258949917356,52.0783106756457],[-3.09058811273154,52.0505132879254],[-3.08628664345927,52.0401943744894],[-3.09919890693024,52.0226858085701],[-3.06737674091607,51.9831362974613],[-3.09308619989053,51.9651906249024],[-3.08159314872394,51.9553940169853],[-3.09005398204765,51.9503546197387],[-3.07865087218254,51.9245307888259],[-3.04950657913779,51.9114457909592],[-3.04005396457711,51.8845898465474],[-3.07224579086096,51.8751961715495],[-3.0634021876905,51.8633233176147],[-3.09717296498312,51.8464275695256],[-3.10100161433293,51.8320487372478],[-3.12052038324219,51.8389207754017],[-3.15735167770916,51.8160510798251],[-3.23877871810066,51.812355285936],[-3.28343451733682,51.825488658471],[-3.30858543846897,51.8061329614635],[-3.31009508585099,51.794302087834],[-3.33447027982823,51.7904023136093],[-3.36005377637026,51.7910881788125],[-3.35753935294715,51.8069768398701],[-3.40230936533691,51.8141984170039],[-3.40237448114706,51.8263409637376],[-3.41715948163403,51.8350609919734],[-3.44419021691169,51.8164831125638],[-3.46013155656307,51.8301292509159],[-3.47007348567582,51.8285046282533],[-3.47632991677645,51.8094707308926],[-3.54121292551029,51.7845633312201],[-3.53706351746384,51.7761977190073],[-3.55986799668613,51.7775158828859],[-3.56564346678195,51.7648845417574],[-3.59129302676969,51.7546119616157],[-3.60343089033746,51.7738464434743],[-3.67036593629973,51.7871982152031],[-3.72791050775453,51.7762066260514],[-3.74609070527297,51.7533922257388],[-3.77032044220936,51.7545216252098],[-3.80669047538918,51.7879522861539],[-3.77264550334437,51.8460223181034],[-3.71383514681224,51.8871409704067],[-3.71356857982899,51.9059068085892],[-3.72751468496771,51.9106333070257],[-3.72033971567699,51.9417618368593],[-3.69985446611416,51.9459843523093],[-3.71118216727451,51.961852721789],[-3.67001662688168,52.0042131974009],[-3.66827222447723,52.0254323355184],[-3.64713650260716,52.0387891957572],[-3.67904983034794,52.060612019164],[-3.66713104531823,52.0742992700812],[-3.72309534087783,52.085214265505],[-3.72879836684997,52.0939774146696],[-3.7140763938064,52.1049709284244],[-3.72031901826934,52.1175015898815],[-3.75776898889901,52.128225792334],[-3.74199032919723,52.1394603216676],[-3.75227178227964,52.1976140277987],[-3.74420801811538,52.2463045519098],[-3.75343342312644,52.2517605869787],[-3.73163759374057,52.2714507110042],[-3.70717016810407,52.2740575691965],[-3.73308978363023,52.2903041449172],[-3.72773649744209,52.3058261682545],[-3.74501071096046,52.3175657625746],[-3.70512953361775,52.3414545950062],[-3.65816741122617,52.3476491325963],[-3.68547877660111,52.368221265805],[-3.69720067008912,52.366929541888],[-3.7120501053968,52.4133564156984],[-3.77161679254761,52.4421524411761],[-3.76640744059756,52.4693036156607],[-3.74479814311403,52.4746332741412],[-3.73326052207006,52.5065895598512],[-3.81246679120455,52.4789114887471],[-3.82675577732801,52.4847940059548],[-3.84399589219058,52.5120392613232],[-3.84086195671383,52.5513547904987],[-3.85946623224588,52.5608436038058],[-3.92645021911398,52.5607698955179],[-3.92885334573839,52.5714606516918],[-3.91535464798611,52.5785894775276],[-3.88377986801944,52.5771350028961],[-3.8749556281153,52.5932077499126],[-3.84188361405782,52.5998554541223],[-3.85044991341621,52.6206358724075],[-3.83461399752491,52.6330587261234],[-3.8407140579194,52.6509028650313],[-3.80809559100283,52.6779453573063],[-3.75935156167215,52.6694463668296],[-3.74390740995229,52.681308768003],[-3.71675970977808,52.6787786920271],[-3.70936761188281,52.6710824613206],[-3.68392766699035,52.6938578571025],[-3.65637501558936,52.6913726326702],[-3.60201715672644,52.704986181419],[-3.59929431340588,52.7258819393427],[-3.58351412881328,52.7386228977655],[-3.60871307821455,52.794021641833],[-3.59705828680558,52.8140539845299],[-3.58647616495156,52.8277173302616],[-3.56817022436498,52.8228955110629],[-3.56667290042623,52.8300796739762],[-3.50528547718477,52.8419567259868],[-3.48301242437159,52.8654536364648],[-3.46724662656058,52.8620777831459],[-3.38882355067375,52.8760701218619],[-3.37501483546352,52.8924534540503],[-3.34565100557456,52.892540858691],[-3.26180306073989,52.8666086181746],[-3.23300312723679,52.8670110258461],[-3.20536495070437,52.8931292669303],[-3.17438182854302,52.9015755450781],[-3.14750393983102,52.8901693458012]]]},"properties":{"CTYUA23CD":"W06000023","CTYUA23NM":"Powys"}},{"type":"Feature","geometry":{"type":"Polygon","coordinates":[[[-3.33447027982823,51.7904023136093],[-3.32904601048213,51.7586528073205],[-3.30995029322805,51.7390496306],[-3.31551152629488,51.731808630623],[-3.30063731998051,51.7363143911557],[-3.27393042083335,51.6823368570676],[-3.2846798334777,51.6771298238643],[-3.28521657721722,51.6582384190299],[-3.29610987069155,51.6640939496636],[-3.31389674357014,51.6446826458831],[-3.31386814952502,51.655705098049],[-3.33140896742721,51.6567022912735],[-3.38003997952384,51.7110118404117],[-3.39991496470078,51.717883731991],[-3.4531499878985,51.7616616068523],[-3.42747151565767,51.7584982966468],[-3.41663421160154,51.7671778801634],[-3.44068818498247,51.7958038694052],[-3.44419021691169,51.8164831125638],[-3.41715948163403,51.8350609919734],[-3.40237448114706,51.8263409637376],[-3.40230936533691,51.8141984170039],[-3.35753935294715,51.8069768398701],[-3.36005377637026,51.7910881788125],[-3.33447027982823,51.7904023136093]]]},"properties":{"CTYUA23CD":"W06000024","CTYUA23NM":"Merthyr Tydfil"}}]}