{"type":"FeatureCollection","features":[{"type":"Feature","properties":{"name":"Hartlepool","slug":"hartlepool","code":"E06000001"},"geometry":{"type":"Polygon","coordinates":[[[-1.2412,54.7233],[-1.241,54.7232],[-1.1762,54.6977],[-1.174,54.6919],[-1.1742,54.6919],[-1.1963,54.6986],[-1.188,54.6934],[-1.1889,54.6924],[-1.1921,54.6925],[-1.1944,54.6861],[-1.1991,54.6806],[-1.1759,54.6534],[-1.1576,54.6482],[-1.1732,54.6337],[-1.1882,54.6326],[-1.1923,54.6295],[-1.2094,54.6217],[-1.2342,54.6289],[-1.2567,54.6234],[-1.299,54.628],[-1.3164,54.6452],[-1.3289,54.644],[-1.3351,54.6313],[-1.3808,54.6438],[-1.3413,54.6502],[-1.3479,54.6624],[-1.3309,54.6822],[-1.3445,54.6911],[-1.3194,54.6913],[-1.3013,54.7081],[-1.3054,54.7176],[-1.2703,54.7272],[-1.2519,54.7196],[-1.2412,54.7233]]]}},{"type":"Feature","properties":{"name":"Middlesbrough","slug":"middlesbrough","code":"E06000002"},"geometry":{"type":"Polygon","coordinates":[[[-1.1986,54.5829],[-1.1666,54.5542],[-1.1991,54.5445],[-1.1613,54.525],[-1.1597,54.5158],[-1.1374,54.515],[-1.1462,54.5028],[-1.2349,54.5103],[-1.2822,54.5184],[-1.2854,54.5362],[-1.2706,54.556],[-1.2826,54.5653],[-1.2626,54.5703],[-1.2524,54.5913],[-1.1986,54.5829]]]}},{"type":"Feature","properties":{"name":"Redcar and Cleveland","slug":"redcar-and-cleveland","code":"E06000003"},"geometry":{"type":"Polygon","coordinates":[[[-0.7918,54.5583],[-0.8004,54.551],[-0.8271,54.5485],[-0.8486,54.53],[-0.8485,54.488],[-0.8808,54.497],[-0.9526,54.488],[-1.0034,54.503],[-1.0369,54.494],[-1.0947,54.5067],[-1.1184,54.4982],[-1.1462,54.5028],[-1.1374,54.515],[-1.1597,54.5158],[-1.1613,54.525],[-1.1991,54.5445],[-1.1666,54.5542],[-1.1986,54.5829],[-1.1877,54.5897],[-1.1975,54.5821],[-1.1602,54.6045],[-1.1467,54.5991],[-1.1575,54.6054],[-1.1518,54.6145],[-1.1323,54.6086],[-1.1508,54.6151],[-1.1543,54.6277],[-1.1354,54.6297],[-1.1369,54.6432],[-1.1256,54.6381],[-1.1128,54.6277],[-1.0723,54.6202],[-1.0526,54.6165],[-1.0404,54.611],[-1.0366,54.6085],[-1.027,54.6051],[-1.0005,54.5932],[-0.9615,54.5849],[-0.9471,54.5874],[-0.9363,54.5881],[-0.8983,54.5713],[-0.8534,54.5718],[-0.8442,54.5697],[-0.7943,54.5584],[-0.7918,54.5583]]]}},{"type":"Feature","properties":{"name":"Stockton-on-Tees","slug":"stockton-on-tees","code":"E06000004"},"geometry":{"type":"Polygon","coordinates":[[[-1.1923,54.6295],[-1.2007,54.6229],[-1.173,54.6215],[-1.168,54.6293],[-1.16,54.6113],[-1.1856,54.5914],[-1.1877,54.5897],[-1.1986,54.5829],[-1.2524,54.5913],[-1.2626,54.5703],[-1.2826,54.5653],[-1.2706,54.556],[-1.2854,54.5362],[-1.2822,54.5184],[-1.2349,54.5103],[-1.2567,54.5011],[-1.2574,54.4873],[-1.2811,54.4906],[-1.3004,54.4758],[-1.3436,54.4642],[-1.3449,54.4724],[-1.3644,54.466],[-1.3726,54.4723],[-1.381,54.494],[-1.3951,54.4857],[-1.4071,54.4935],[-1.4128,54.4772],[-1.4321,54.4795],[-1.4349,54.4875],[-1.4215,54.5196],[-1.4496,54.533],[-1.4468,54.5557],[-1.4113,54.5648],[-1.4073,54.5937],[-1.4233,54.6031],[-1.4384,54.5951],[-1.4509,54.6105],[-1.4125,54.6168],[-1.3808,54.6438],[-1.3351,54.6313],[-1.3289,54.644],[-1.3164,54.6452],[-1.299,54.628],[-1.2567,54.6234],[-1.2342,54.6289],[-1.2094,54.6217],[-1.1923,54.6295]]]}},{"type":"Feature","properties":{"name":"Darlington","slug":"darlington","code":"E06000005"},"geometry":{"type":"Polygon","coordinates":[[[-1.4384,54.5951],[-1.4233,54.6031],[-1.4073,54.5937],[-1.4113,54.5648],[-1.4468,54.5557],[-1.4496,54.533],[-1.4215,54.5196],[-1.4349,54.4875],[-1.4585,54.5039],[-1.4748,54.5004],[-1.4584,54.4925],[-1.4623,54.4512],[-1.4755,54.4739],[-1.4988,54.4753],[-1.4918,54.4862],[-1.5113,54.475],[-1.5141,54.4838],[-1.5288,54.4848],[-1.5197,54.4711],[-1.5457,54.4712],[-1.5552,54.485],[-1.583,54.4971],[-1.5792,54.5052],[-1.5919,54.5043],[-1.5811,54.5128],[-1.6025,54.5105],[-1.6115,54.52],[-1.6334,54.5141],[-1.6338,54.5254],[-1.6547,54.5247],[-1.6579,54.5346],[-1.6969,54.536],[-1.7053,54.5492],[-1.6912,54.5562],[-1.7093,54.5632],[-1.709,54.5741],[-1.694,54.5869],[-1.6793,54.586],[-1.6824,54.6178],[-1.6068,54.6175],[-1.6062,54.6034],[-1.5842,54.6105],[-1.5934,54.5951],[-1.5763,54.5802],[-1.5528,54.5823],[-1.5586,54.5921],[-1.5268,54.5965],[-1.4689,54.6005],[-1.4517,54.5908],[-1.4384,54.5951]]]}},{"type":"Feature","properties":{"name":"Halton","slug":"halton","code":"E06000006"},"geometry":{"type":"MultiPolygon","coordinates":[[[[-2.6306,53.364],[-2.6315,53.346],[-2.6066,53.343],[-2.6191,53.3311],[-2.5952,53.3225],[-2.6091,53.3121],[-2.62,53.3203],[-2.6241,53.3094],[-2.6451,53.3101],[-2.6416,53.305],[-2.6852,53.3155],[-2.7008,53.3058],[-2.7236,53.3131],[-2.7389,53.3068],[-2.7525,53.3148],[-2.7634,53.3277],[-2.7543,53.3432],[-2.719,53.3448],[-2.6994,53.3567],[-2.6787,53.3548],[-2.6746,53.3537],[-2.6306,53.364]]],[[[-2.6906,53.3854],[-2.6909,53.3608],[-2.6934,53.3618],[-2.7343,53.3478],[-2.7645,53.3553],[-2.7591,53.3496],[-2.7782,53.3326],[-2.7843,53.3364],[-2.7777,53.3293],[-2.7886,53.3225],[-2.8267,53.3317],[-2.8279,53.3315],[-2.8323,53.3373],[-2.8187,53.3398],[-2.8188,53.348],[-2.7873,53.3563],[-2.7767,53.3811],[-2.7577,53.3807],[-2.7452,53.4021],[-2.7152,53.399],[-2.7128,53.3906],[-2.6906,53.3854]]]]}},{"type":"Feature","properties":{"name":"Warrington","slug":"warrington","code":"E06000007"},"geometry":{"type":"Polygon","coordinates":[[[-2.4897,53.4603],[-2.4494,53.4159],[-2.478,53.3957],[-2.4266,53.3875],[-2.4399,53.3667],[-2.4869,53.3679],[-2.521,53.3479],[-2.5184,53.3424],[-2.5619,53.3233],[-2.5863,53.3294],[-2.5952,53.3225],[-2.6191,53.3311],[-2.6066,53.343],[-2.6315,53.346],[-2.6306,53.364],[-2.6746,53.3537],[-2.6787,53.3548],[-2.6752,53.3545],[-2.6909,53.3608],[-2.6906,53.3854],[-2.6763,53.3876],[-2.6636,53.4287],[-2.6753,53.433],[-2.6685,53.4409],[-2.6821,53.4389],[-2.6772,53.4528],[-2.6391,53.4444],[-2.6275,53.4344],[-2.5962,53.4427],[-2.5987,53.4504],[-2.5853,53.4398],[-2.5767,53.4461],[-2.5703,53.4585],[-2.5491,53.4615],[-2.5526,53.4678],[-2.4963,53.4809],[-2.4897,53.4603]]]}},{"type":"Feature","properties":{"name":"Blackburn with Darwen","slug":"blackburn-with-darwen","code":"E06000008"},"geometry":{"type":"Polygon","coordinates":[[[-2.411,53.7052],[-2.3983,53.6916],[-2.3744,53.6873],[-2.3712,53.6671],[-2.3626,53.6559],[-2.3701,53.6319],[-2.3791,53.6309],[-2.4217,53.6238],[-2.4387,53.6461],[-2.4597,53.62],[-2.4792,53.617],[-2.5113,53.627],[-2.5324,53.6649],[-2.5157,53.6924],[-2.5398,53.7022],[-2.5616,53.7469],[-2.5513,53.7564],[-2.4658,53.7808],[-2.4463,53.7666],[-2.4516,53.7565],[-2.4401,53.7494],[-2.4337,53.7192],[-2.411,53.7052]]]}},{"type":"Feature","properties":{"name":"Blackpool","slug":"blackpool","code":"E06000009"},"geometry":{"type":"Polygon","coordinates":[[[-3.0107,53.8262],[-2.995,53.8185],[-2.9834,53.7938],[-3.0039,53.7913],[-2.9965,53.7745],[-3.0288,53.7731],[-3.0328,53.7809],[-3.0571,53.7765],[-3.05,53.8516],[-3.0479,53.8744],[-3.0197,53.8686],[-3.0107,53.8262]]]}},{"type":"Feature","properties":{"name":"Kingston upon Hull, City of","slug":"kingston-upon-hull-city-of","code":"E06000010"},"geometry":{"type":"Polygon","coordinates":[[[-0.2513,53.7336],[-0.2866,53.7425],[-0.3312,53.7383],[-0.4191,53.7196],[-0.4223,53.7315],[-0.4019,53.75],[-0.4223,53.751],[-0.4182,53.7606],[-0.3881,53.7693],[-0.3922,53.7911],[-0.3594,53.7934],[-0.3623,53.8049],[-0.3161,53.8133],[-0.2783,53.7821],[-0.2523,53.7813],[-0.2543,53.7635],[-0.2415,53.7548],[-0.2513,53.7336]]]}},{"type":"Feature","properties":{"name":"East Riding of Yorkshire","slug":"east-riding-of-yorkshire","code":"E06000011"},"geometry":{"type":"Polygon","coordinates":[[[-0.2127,54.1577],[-0.2125,54.1577],[-0.1644,54.1459],[-0.097,54.1292],[-0.0808,54.1195],[-0.0763,54.1164],[-0.1045,54.1041],[-0.1664,54.0989],[-0.1668,54.0989],[-0.1767,54.0897],[-0.1919,54.08],[-0.2,54.068],[-0.2123,54.0566],[-0.2128,54.0227],[-0.2131,54.0075],[-0.1737,53.9344],[-0.156,53.9016],[-0.1472,53.8932],[-0.147,53.893],[-0.146,53.8921],[-0.0921,53.8411],[-0.0371,53.7889],[0.1165,53.6631],[0.1172,53.6618],[0.1194,53.6577],[0.1456,53.6078],[0.1462,53.6041],[0.145,53.5987],[0.142,53.5957],[0.1129,53.5751],[0.1091,53.5724],[0.1092,53.5725],[0.1129,53.5753],[0.1425,53.5973],[0.1447,53.6046],[0.1424,53.6094],[0.1153,53.6232],[0.0814,53.6404],[0.0325,53.6493],[-0.0534,53.6292],[-0.0558,53.6293],[-0.1034,53.6353],[-0.1437,53.6621],[-0.1843,53.6891],[-0.214,53.7089],[-0.2271,53.7085],[-0.2302,53.7336],[-0.2431,53.7295],[-0.2443,53.7372],[-0.244,53.7375],[-0.2473,53.7412],[-0.2451,53.7366],[-0.2502,53.7333],[-0.2513,53.7336],[-0.2415,53.7548],[-0.2543,53.7635],[-0.2523,53.7813],[-0.2783,53.7821],[-0.3161,53.8133],[-0.3623,53.8049],[-0.3594,53.7934],[-0.3922,53.7911],[-0.3881,53.7693],[-0.4182,53.7606],[-0.4223,53.751],[-0.4019,53.75],[-0.4223,53.7315],[-0.4191,53.7196],[-0.4192,53.7196],[-0.4863,53.7135],[-0.5426,53.7084],[-0.5833,53.7266],[-0.6302,53.734],[-0.6372,53.7289],[-0.6185,53.7305],[-0.6716,53.7218],[-0.696,53.7044],[-0.7426,53.707],[-0.7125,53.7023],[-0.6985,53.6977],[-0.71,53.6959],[-0.6997,53.6957],[-0.6991,53.6903],[-0.7024,53.6775],[-0.7218,53.6794],[-0.7745,53.6562],[-0.7721,53.6641],[-0.7887,53.6592],[-0.8483,53.633],[-0.8653,53.6377],[-0.9468,53.6591],[-1.0487,53.6561],[-1.1034,53.6695],[-1.0811,53.6845],[-1.0749,53.7039],[-1.0617,53.7068],[-1.0389,53.6939],[-0.9803,53.6969],[-0.9805,53.705],[-0.9626,53.7008],[-0.9577,53.7148],[-0.9037,53.7184],[-0.911,53.7327],[-0.9608,53.736],[-0.9736,53.7499],[-0.9283,53.7656],[-0.9345,53.8018],[-0.9201,53.8161],[-0.9406,53.8235],[-0.9482,53.8616],[-0.9234,53.8807],[-0.9208,53.8907],[-0.9495,53.8939],[-0.9215,53.9214],[-0.9212,53.9604],[-0.9341,53.9685],[-0.9253,53.9915],[-0.8939,53.9995],[-0.8784,54.0172],[-0.8007,54.0241],[-0.7992,54.0191],[-0.7343,54.0303],[-0.7305,54.0127],[-0.6835,54.0088],[-0.687,54.0308],[-0.6595,54.0372],[-0.6447,54.0551],[-0.6603,54.0631],[-0.6155,54.0705],[-0.5631,54.094],[-0.5246,54.0855],[-0.4659,54.1076],[-0.4544,54.1168],[-0.4585,54.126],[-0.4271,54.1374],[-0.4332,54.1641],[-0.4184,54.174],[-0.3907,54.1765],[-0.3749,54.1541],[-0.3464,54.1469],[-0.3238,54.1503],[-0.3042,54.1363],[-0.2654,54.1406],[-0.2297,54.1324],[-0.2127,54.1577]]]}},{"type":"Feature","properties":{"name":"North East Lincolnshire","slug":"north-east-lincolnshire","code":"E06000012"},"geometry":{"type":"Polygon","coordinates":[[[0.0154,53.5281],[-0.0148,53.5154],[-0.065,53.5187],[-0.0753,53.4893],[-0.0955,53.486],[-0.0898,53.4777],[-0.1078,53.4699],[-0.0822,53.4512],[-0.1203,53.4336],[-0.1318,53.4359],[-0.1492,53.4467],[-0.1537,53.4657],[-0.1818,53.4686],[-0.1886,53.4845],[-0.2106,53.4863],[-0.2041,53.5118],[-0.2106,53.5317],[-0.2199,53.5326],[-0.1893,53.5659],[-0.1952,53.5716],[-0.2226,53.568],[-0.2347,53.5863],[-0.2514,53.5847],[-0.2485,53.5937],[-0.2921,53.6133],[-0.2326,53.624],[-0.2008,53.64],[-0.2007,53.64],[-0.1867,53.6323],[-0.0938,53.5812],[-0.0793,53.577],[-0.065,53.5834],[-0.0624,53.5827],[-0.015,53.5515],[-0.0035,53.5467],[-0.0085,53.5557],[0.0154,53.5281]]]}},{"type":"Feature","properties":{"name":"North Lincolnshire","slug":"north-lincolnshire","code":"E06000013"},"geometry":{"type":"MultiPolygon","coordinates":[[[[-0.5208,53.6852],[-0.5357,53.6813],[-0.5537,53.6903],[-0.5208,53.6852]]],[[[-0.2942,53.7141],[-0.2523,53.681],[-0.2379,53.6636],[-0.2033,53.642],[-0.2008,53.64],[-0.2326,53.624],[-0.2921,53.6133],[-0.3086,53.6143],[-0.3007,53.5953],[-0.3359,53.5586],[-0.417,53.5632],[-0.429,53.5745],[-0.467,53.549],[-0.4909,53.5459],[-0.5013,53.5375],[-0.4307,53.5463],[-0.4081,53.5321],[-0.4051,53.5176],[-0.4884,53.5049],[-0.4866,53.4805],[-0.4717,53.4749],[-0.5518,53.4595],[-0.6298,53.4582],[-0.6245,53.5128],[-0.7396,53.5199],[-0.7521,53.5005],[-0.7681,53.4989],[-0.7716,53.4792],[-0.7844,53.4767],[-0.7844,53.4634],[-0.7975,53.4551],[-0.8719,53.4663],[-0.9162,53.4603],[-0.9202,53.4655],[-0.9005,53.4752],[-0.9356,53.5025],[-0.9321,53.5107],[-0.95,53.5137],[-0.9437,53.5306],[-0.8923,53.5375],[-0.9013,53.5479],[-0.891,53.5666],[-0.9011,53.5687],[-0.8979,53.5833],[-0.8653,53.6377],[-0.8483,53.633],[-0.7887,53.6592],[-0.7721,53.6641],[-0.7745,53.6562],[-0.7218,53.6794],[-0.7024,53.6775],[-0.6991,53.6903],[-0.6985,53.6846],[-0.6917,53.6788],[-0.6849,53.6728],[-0.6949,53.6945],[-0.6395,53.7102],[-0.6107,53.7145],[-0.5863,53.6933],[-0.5235,53.677],[-0.4871,53.6916],[-0.4706,53.6982],[-0.4434,53.6974],[-0.4428,53.6893],[-0.4426,53.6973],[-0.3949,53.7],[-0.3905,53.6892],[-0.3876,53.7022],[-0.2942,53.7141]]]]}},{"type":"Feature","properties":{"name":"York","slug":"york","code":"E06000014"},"geometry":{"type":"Polygon","coordinates":[[[-0.9253,53.9915],[-0.9341,53.9685],[-0.9212,53.9604],[-0.9215,53.9214],[-0.9495,53.8939],[-0.9208,53.8907],[-0.9234,53.8807],[-0.944,53.8881],[-0.9928,53.8752],[-1.0082,53.8899],[-1.065,53.8746],[-1.0912,53.8858],[-1.1053,53.8757],[-1.1995,53.9254],[-1.2237,53.9748],[-1.2166,53.9856],[-1.1821,53.9853],[-1.1888,54.0025],[-1.1517,53.9891],[-1.137,53.9911],[-1.1491,54.0029],[-1.1408,54.0299],[-1.1202,54.029],[-1.0894,54.048],[-1.0587,54.0478],[-1.0597,54.0569],[-1.0144,54.0493],[-1.0021,54.0553],[-0.9669,54.023],[-0.9847,54.0025],[-0.9754,54.0047],[-0.9719,53.9967],[-0.9948,53.9831],[-0.9253,53.9915]]]}},{"type":"Feature","properties":{"name":"Derby","slug":"derby","code":"E06000015"},"geometry":{"type":"Polygon","coordinates":[[[-1.3884,52.9015],[-1.4028,52.9005],[-1.4189,52.8845],[-1.4236,52.8651],[-1.4462,52.8613],[-1.4641,52.8726],[-1.4945,52.8701],[-1.5031,52.8848],[-1.5417,52.8895],[-1.5568,52.9146],[-1.5441,52.9242],[-1.508,52.9375],[-1.4954,52.9659],[-1.4747,52.9659],[-1.4686,52.9507],[-1.4093,52.9503],[-1.424,52.9357],[-1.3831,52.9259],[-1.3884,52.9015]]]}},{"type":"Feature","properties":{"name":"Leicester","slug":"leicester","code":"E06000016"},"geometry":{"type":"Polygon","coordinates":[[[-1.0486,52.655],[-1.047,52.6346],[-1.0705,52.6181],[-1.0966,52.6165],[-1.1037,52.5959],[-1.1202,52.5975],[-1.1436,52.588],[-1.1495,52.581],[-1.1609,52.5825],[-1.1579,52.5908],[-1.1742,52.5929],[-1.1655,52.6131],[-1.216,52.6345],[-1.2073,52.6426],[-1.1907,52.6404],[-1.1853,52.6606],[-1.1781,52.678],[-1.1573,52.6915],[-1.1433,52.6872],[-1.1292,52.6654],[-1.1188,52.6732],[-1.0751,52.6696],[-1.0486,52.655]]]}},{"type":"Feature","properties":{"name":"Rutland","slug":"rutland","code":"E06000017"},"geometry":{"type":"Polygon","coordinates":[[[-0.495,52.6402],[-0.5172,52.6424],[-0.5403,52.626],[-0.5529,52.6014],[-0.5442,52.5929],[-0.5581,52.5945],[-0.5719,52.5858],[-0.5815,52.5959],[-0.5887,52.5868],[-0.603,52.5887],[-0.6609,52.5689],[-0.7137,52.525],[-0.7422,52.5395],[-0.7389,52.5489],[-0.7599,52.5649],[-0.7653,52.5825],[-0.7924,52.5976],[-0.821,52.5965],[-0.8058,52.6207],[-0.8088,52.6461],[-0.782,52.6695],[-0.786,52.6948],[-0.8218,52.7157],[-0.8134,52.7291],[-0.7765,52.7439],[-0.7517,52.7367],[-0.6641,52.7567],[-0.6103,52.7598],[-0.6054,52.7505],[-0.5726,52.7531],[-0.54,52.7384],[-0.5424,52.7233],[-0.4945,52.7097],[-0.4304,52.7054],[-0.4341,52.6837],[-0.4562,52.6704],[-0.5067,52.6595],[-0.5236,52.6652],[-0.495,52.6402]]]}},{"type":"Feature","properties":{"name":"Nottingham","slug":"nottingham","code":"E06000018"},"geometry":{"type":"Polygon","coordinates":[[[-1.0861,52.9486],[-1.0997,52.942],[-1.1318,52.9428],[-1.1419,52.932],[-1.1523,52.937],[-1.1586,52.9],[-1.1765,52.889],[-1.2139,52.9044],[-1.2109,52.9122],[-1.199,52.9095],[-1.1823,52.9173],[-1.2469,52.9532],[-1.232,52.9676],[-1.2468,52.9845],[-1.2262,52.9811],[-1.2034,52.9875],[-1.2191,52.9914],[-1.2252,53.0081],[-1.21,53.0181],[-1.1827,53.0186],[-1.1435,53.0065],[-1.1537,52.9972],[-1.1383,52.9948],[-1.1425,52.9863],[-1.1228,52.9835],[-1.1201,52.9678],[-1.0861,52.9486]]]}},{"type":"Feature","properties":{"name":"Herefordshire, County of","slug":"herefordshire-county-of","code":"E06000019"},"geometry":{"type":"Polygon","coordinates":[[[-2.6181,52.3069],[-2.6632,52.304],[-2.6399,52.2863],[-2.5979,52.2816],[-2.6283,52.2612],[-2.629,52.2404],[-2.5742,52.2527],[-2.5317,52.2533],[-2.5259,52.2482],[-2.4957,52.2569],[-2.5031,52.2774],[-2.4514,52.2851],[-2.428,52.2706],[-2.4681,52.256],[-2.4747,52.2414],[-2.465,52.2344],[-2.4231,52.2372],[-2.3842,52.2252],[-2.4039,52.2215],[-2.3927,52.2086],[-2.4079,52.2027],[-2.4221,52.1723],[-2.4352,52.1682],[-2.415,52.1452],[-2.3794,52.1551],[-2.3514,52.1446],[-2.3521,52.1035],[-2.338,52.0899],[-2.3514,52.0214],[-2.3929,52.013],[-2.399,51.9961],[-2.4132,51.9941],[-2.4373,51.9972],[-2.4366,52.0148],[-2.4634,52.014],[-2.464,52.0232],[-2.4789,52.0225],[-2.492,52.0077],[-2.471,51.9947],[-2.4949,51.9811],[-2.4922,51.9641],[-2.5009,51.9606],[-2.4656,51.9517],[-2.466,51.928],[-2.4482,51.9187],[-2.4393,51.8974],[-2.4878,51.8804],[-2.5086,51.8852],[-2.5316,51.8608],[-2.5808,51.8616],[-2.5828,51.8496],[-2.6012,51.8562],[-2.6255,51.839],[-2.6367,51.8431],[-2.6504,51.8261],[-2.6662,51.8356],[-2.6933,51.8338],[-2.6973,51.8448],[-2.7151,51.8402],[-2.7197,51.8489],[-2.7388,51.8366],[-2.7788,51.8659],[-2.7683,51.8804],[-2.8361,51.9061],[-2.8419,51.9177],[-2.8619,51.914],[-2.845,51.9221],[-2.8778,51.9338],[-2.9718,51.905],[-2.9767,51.9275],[-3.0081,51.9271],[-3.0259,51.9573],[-3.0674,51.9831],[-3.0992,52.0227],[-3.0863,52.0402],[-3.0906,52.0505],[-3.1259,52.0783],[-3.1227,52.1031],[-3.1053,52.1054],[-3.1049,52.1167],[-3.1419,52.1279],[-3.1359,52.1379],[-3.0937,52.1443],[-3.0725,52.1558],[-3.0825,52.163],[-3.0989,52.1547],[-3.1224,52.1634],[-3.0947,52.1837],[-3.1021,52.2027],[-3.0721,52.2131],[-3.073,52.2359],[-3.0442,52.2379],[-3.0483,52.2502],[-3.0359,52.2568],[-3.0058,52.2643],[-2.9772,52.2597],[-2.9496,52.2695],[-3.0126,52.2792],[-3.0009,52.3218],[-2.9668,52.3294],[-2.9547,52.3492],[-2.9331,52.3501],[-2.9389,52.3611],[-2.9261,52.367],[-2.9008,52.3673],[-2.9223,52.3751],[-2.9177,52.3863],[-2.8931,52.3741],[-2.8884,52.3852],[-2.855,52.3955],[-2.8182,52.3912],[-2.8054,52.3883],[-2.8073,52.3759],[-2.7925,52.3753],[-2.7924,52.3569],[-2.7327,52.3555],[-2.7484,52.3349],[-2.767,52.3362],[-2.7142,52.3088],[-2.6798,52.312],[-2.6891,52.3166],[-2.6651,52.3423],[-2.6239,52.3214],[-2.6181,52.3069]]]}},{"type":"Feature","properties":{"name":"Telford and Wrekin","slug":"telford-and-wrekin","code":"E06000020"},"geometry":{"type":"Polygon","coordinates":[[[-2.3122,52.7408],[-2.3156,52.7329],[-2.3578,52.7312],[-2.3765,52.7396],[-2.419,52.6629],[-2.4183,52.6338],[-2.4366,52.6271],[-2.4381,52.6146],[-2.5018,52.629],[-2.5484,52.6546],[-2.5556,52.6711],[-2.6226,52.699],[-2.5974,52.7183],[-2.6602,52.7317],[-2.6635,52.7604],[-2.6431,52.7671],[-2.6323,52.7596],[-2.621,52.7765],[-2.5923,52.7768],[-2.5981,52.798],[-2.5828,52.8056],[-2.5518,52.8025],[-2.5337,52.794],[-2.5375,52.7851],[-2.5219,52.7989],[-2.5029,52.7966],[-2.4865,52.8052],[-2.4771,52.7994],[-2.4897,52.783],[-2.4728,52.7804],[-2.4563,52.7842],[-2.4729,52.8208],[-2.4163,52.827],[-2.3777,52.8116],[-2.3713,52.7953],[-2.385,52.7896],[-2.3122,52.7408]]]}},{"type":"Feature","properties":{"name":"Stoke-on-Trent","slug":"stoke-on-trent","code":"E06000021"},"geometry":{"type":"Polygon","coordinates":[[[-2.1811,53.0898],[-2.1717,53.0894],[-2.1611,53.0701],[-2.1254,53.0646],[-2.1166,53.048],[-2.1318,53.0473],[-2.1238,53.0216],[-2.1035,53.0109],[-2.105,52.9977],[-2.0885,52.9971],[-2.092,52.9856],[-2.0792,52.9745],[-2.0881,52.9738],[-2.0812,52.9669],[-2.1217,52.9561],[-2.1304,52.9712],[-2.1457,52.9761],[-2.1626,52.9534],[-2.1768,52.9537],[-2.1816,52.9462],[-2.2125,52.9806],[-2.2043,52.9814],[-2.2155,53.0153],[-2.2025,53.02],[-2.2388,53.0733],[-2.1986,53.0927],[-2.1811,53.0898]]]}},{"type":"Feature","properties":{"name":"Bath and North East Somerset","slug":"bath-and-north-east-somerset","code":"E06000022"},"geometry":{"type":"Polygon","coordinates":[[[-2.2946,51.4288],[-2.2785,51.4158],[-2.2908,51.4057],[-2.2819,51.3972],[-2.2967,51.3948],[-2.292,51.3696],[-2.3443,51.3456],[-2.2964,51.3427],[-2.3009,51.3332],[-2.2891,51.3253],[-2.3872,51.2946],[-2.4009,51.3048],[-2.4517,51.2743],[-2.4738,51.278],[-2.478,51.2731],[-2.5064,51.279],[-2.4972,51.2908],[-2.5578,51.3027],[-2.6274,51.2828],[-2.6386,51.2948],[-2.6949,51.3181],[-2.6872,51.3304],[-2.7079,51.3378],[-2.6905,51.3495],[-2.6942,51.3798],[-2.6797,51.3601],[-2.6687,51.3606],[-2.6766,51.3419],[-2.659,51.3415],[-2.6444,51.3751],[-2.63,51.3752],[-2.627,51.3871],[-2.6141,51.3809],[-2.6227,51.3894],[-2.6031,51.3888],[-2.5901,51.3975],[-2.5708,51.3994],[-2.5609,51.4117],[-2.536,51.4111],[-2.5263,51.4348],[-2.5105,51.4288],[-2.4917,51.429],[-2.4927,51.4182],[-2.481,51.4216],[-2.4695,51.4159],[-2.3433,51.4395],[-2.325,51.437],[-2.3126,51.4224],[-2.2946,51.4288]]]}},{"type":"Feature","properties":{"name":"Bristol, City of","slug":"bristol-city-of","code":"E06000023"},"geometry":{"type":"MultiPolygon","coordinates":[[[[-2.8305,51.4665],[-2.8577,51.4483],[-2.8528,51.4529],[-2.8305,51.4665]]],[[[-2.6847,51.4805],[-2.6848,51.4805],[-2.7273,51.5019],[-2.7165,51.5006],[-2.6847,51.4805]]],[[[-2.7291,51.5021],[-2.7326,51.4925],[-2.7433,51.4931],[-2.7326,51.4925],[-2.7305,51.5023],[-2.7291,51.5021]]],[[[-2.6738,51.5444],[-2.6525,51.5131],[-2.581,51.5174],[-2.5881,51.5012],[-2.5519,51.4922],[-2.5159,51.4939],[-2.5122,51.4623],[-2.5218,51.4501],[-2.5393,51.4458],[-2.5105,51.4288],[-2.5263,51.4348],[-2.536,51.4111],[-2.5609,51.4117],[-2.5708,51.3994],[-2.5901,51.3975],[-2.6333,51.4035],[-2.6295,51.4374],[-2.6401,51.4405],[-2.6258,51.4488],[-2.6349,51.4672],[-2.6618,51.4866],[-2.6846,51.4805],[-2.7088,51.4978],[-2.7182,51.5082],[-2.7077,51.5168],[-2.6738,51.5444]]]]}},{"type":"Feature","properties":{"name":"North Somerset","slug":"north-somerset","code":"E06000024"},"geometry":{"type":"MultiPolygon","coordinates":[[[[-2.9864,51.3125],[-2.987,51.3115],[-2.9866,51.3128],[-2.9864,51.3125]]],[[[-2.9943,51.3211],[-2.9901,51.3165],[-3.0001,51.3221],[-2.9943,51.3211]]],[[[-2.7273,51.5019],[-2.6848,51.4805],[-2.6847,51.4805],[-2.6846,51.4805],[-2.6846,51.4805],[-2.6618,51.4866],[-2.6349,51.4672],[-2.6258,51.4488],[-2.6401,51.4405],[-2.6295,51.4374],[-2.6333,51.4035],[-2.5901,51.3975],[-2.6031,51.3888],[-2.6227,51.3894],[-2.6141,51.3809],[-2.627,51.3871],[-2.63,51.3752],[-2.6444,51.3751],[-2.659,51.3415],[-2.6766,51.3419],[-2.6687,51.3606],[-2.6797,51.3601],[-2.6942,51.3798],[-2.6905,51.3495],[-2.7079,51.3378],[-2.6872,51.3304],[-2.6949,51.3181],[-2.8147,51.327],[-2.8102,51.3014],[-2.8772,51.3001],[-2.8849,51.3067],[-2.8971,51.2906],[-2.9369,51.3031],[-2.962,51.3048],[-2.9726,51.2957],[-2.9898,51.299],[-2.9881,51.3065],[-2.983,51.312],[-2.9896,51.3175],[-2.9859,51.3349],[-2.9828,51.3491],[-2.9946,51.3565],[-2.9675,51.3637],[-2.9622,51.3748],[-2.9631,51.3829],[-2.9808,51.3884],[-2.971,51.3908],[-2.9396,51.3964],[-2.9393,51.391],[-2.9173,51.3959],[-2.8905,51.3875],[-2.9128,51.3962],[-2.8647,51.4417],[-2.8577,51.4483],[-2.8305,51.4665],[-2.7999,51.4852],[-2.7557,51.4938],[-2.7433,51.4931],[-2.7326,51.4925],[-2.7291,51.5021],[-2.7273,51.5019]]]]}},{"type":"Feature","properties":{"name":"South Gloucestershire","slug":"south-gloucestershire","code":"E06000025"},"geometry":{"type":"Polygon","coordinates":[[[-2.2916,51.5937],[-2.2827,51.5785],[-2.2726,51.5776],[-2.2603,51.5699],[-2.2665,51.5363],[-2.2524,51.5269],[-2.3243,51.4975],[-2.3115,51.4873],[-2.2905,51.4867],[-2.2957,51.4586],[-2.2851,51.4579],[-2.2946,51.4288],[-2.3126,51.4224],[-2.325,51.437],[-2.3433,51.4395],[-2.4695,51.4159],[-2.481,51.4216],[-2.4927,51.4182],[-2.4917,51.429],[-2.5105,51.4288],[-2.5393,51.4458],[-2.5218,51.4501],[-2.5122,51.4623],[-2.5159,51.4939],[-2.5519,51.4922],[-2.5881,51.5012],[-2.581,51.5174],[-2.6525,51.5131],[-2.6738,51.5444],[-2.6634,51.5736],[-2.6278,51.6056],[-2.5793,51.6295],[-2.5755,51.6314],[-2.5691,51.6555],[-2.5348,51.6773],[-2.5424,51.6815],[-2.5408,51.6824],[-2.4896,51.664],[-2.4907,51.6448],[-2.443,51.6525],[-2.386,51.6399],[-2.4005,51.6351],[-2.3889,51.6275],[-2.3947,51.5974],[-2.3704,51.5976],[-2.3656,51.6037],[-2.3311,51.5916],[-2.2916,51.5937]]]}},{"type":"Feature","properties":{"name":"Plymouth","slug":"plymouth","code":"E06000026"},"geometry":{"type":"MultiPolygon","coordinates":[[[[-4.1732,50.4239],[-4.1767,50.4226],[-4.1853,50.4264],[-4.1732,50.4239]]],[[[-4.1135,50.4442],[-4.1095,50.4321],[-4.0827,50.4247],[-4.0715,50.4019],[-4.0396,50.4014],[-4.0212,50.3918],[-4.0271,50.379],[-4.0502,50.3775],[-4.0529,50.3565],[-4.0906,50.3409],[-4.1231,50.3468],[-4.1235,50.3472],[-4.1308,50.359],[-4.1054,50.3565],[-4.1124,50.3594],[-4.0998,50.3793],[-4.1014,50.3827],[-4.1157,50.3618],[-4.1327,50.3621],[-4.1335,50.3633],[-4.1409,50.3622],[-4.1528,50.3624],[-4.1544,50.3675],[-4.1641,50.3589],[-4.1637,50.3694],[-4.1744,50.3668],[-4.1825,50.3671],[-4.1843,50.3711],[-4.1822,50.378],[-4.1906,50.385],[-4.1929,50.3901],[-4.1798,50.3966],[-4.1945,50.3921],[-4.2047,50.3991],[-4.2044,50.4013],[-4.1952,50.4191],[-4.1923,50.4247],[-4.1655,50.4197],[-4.1635,50.4276],[-4.1657,50.4268],[-4.1559,50.4364],[-4.1357,50.4329],[-4.1135,50.4442]]]]}},{"type":"Feature","properties":{"name":"Torbay","slug":"torbay","code":"E06000027"},"geometry":{"type":"Polygon","coordinates":[[[-3.5091,50.5166],[-3.5091,50.5166],[-3.5148,50.4818],[-3.4806,50.4635],[-3.5159,50.4538],[-3.5407,50.4611],[-3.5565,50.4294],[-3.5595,50.4233],[-3.5448,50.4021],[-3.5195,50.4032],[-3.5119,50.3959],[-3.5052,50.4],[-3.513,50.4056],[-3.4824,50.4],[-3.5076,50.3792],[-3.5077,50.3789],[-3.5442,50.3734],[-3.5747,50.3941],[-3.5799,50.4102],[-3.599,50.4093],[-3.628,50.4259],[-3.6251,50.4413],[-3.5869,50.4522],[-3.5842,50.4777],[-3.5698,50.4907],[-3.5648,50.487],[-3.5299,50.5046],[-3.5208,50.5177],[-3.5091,50.5166]]]}},{"type":"Feature","properties":{"name":"Swindon","slug":"swindon","code":"E06000030"},"geometry":{"type":"Polygon","coordinates":[[[-1.6831,51.6901],[-1.7002,51.6709],[-1.6919,51.6522],[-1.6599,51.635],[-1.6737,51.6228],[-1.667,51.6162],[-1.6906,51.6054],[-1.6911,51.5835],[-1.6765,51.5694],[-1.655,51.5765],[-1.6477,51.5719],[-1.6028,51.5183],[-1.7191,51.5007],[-1.7157,51.4884],[-1.7743,51.4825],[-1.7978,51.4844],[-1.8135,51.507],[-1.8376,51.5008],[-1.8467,51.5244],[-1.837,51.5109],[-1.8301,51.5154],[-1.8539,51.5462],[-1.8492,51.5533],[-1.8651,51.5596],[-1.8601,51.5652],[-1.8451,51.5617],[-1.8431,51.5787],[-1.8237,51.5822],[-1.8376,51.5872],[-1.8318,51.5967],[-1.8423,51.6125],[-1.8279,51.6253],[-1.7886,51.6327],[-1.7992,51.6625],[-1.7886,51.667],[-1.7538,51.6622],[-1.7275,51.6672],[-1.711,51.6718],[-1.6966,51.6921],[-1.6831,51.6901]]]}},{"type":"Feature","properties":{"name":"Peterborough","slug":"peterborough","code":"E06000031"},"geometry":{"type":"Polygon","coordinates":[[[-0.0313,52.6615],[-0.0128,52.5942],[-0.187,52.5685],[-0.1979,52.5508],[-0.1878,52.5419],[-0.2004,52.5452],[-0.2177,52.5379],[-0.2348,52.5437],[-0.2448,52.523],[-0.2693,52.5208],[-0.2933,52.5069],[-0.3327,52.5465],[-0.3255,52.5529],[-0.3485,52.5644],[-0.3855,52.5672],[-0.3968,52.583],[-0.4154,52.5787],[-0.4788,52.5736],[-0.4927,52.5819],[-0.4709,52.6236],[-0.4947,52.6403],[-0.4528,52.6543],[-0.4057,52.6481],[-0.3501,52.6617],[-0.335,52.6749],[-0.2892,52.6703],[-0.2608,52.6514],[-0.2125,52.6667],[-0.1929,52.6524],[-0.18,52.6606],[-0.1411,52.6515],[-0.1022,52.6722],[-0.0878,52.6668],[-0.0637,52.6752],[-0.0313,52.6615]]]}},{"type":"Feature","properties":{"name":"Luton","slug":"luton","code":"E06000032"},"geometry":{"type":"Polygon","coordinates":[[[-0.3856,51.9157],[-0.3775,51.8984],[-0.3498,51.8787],[-0.3548,51.874],[-0.3698,51.8681],[-0.3959,51.8706],[-0.4228,51.8546],[-0.4553,51.8823],[-0.5059,51.9006],[-0.4823,51.9078],[-0.4857,51.9227],[-0.4361,51.9277],[-0.4217,51.9257],[-0.4191,51.9123],[-0.3856,51.9157]]]}},{"type":"Feature","properties":{"name":"Southend-on-Sea","slug":"southend-on-sea","code":"E06000033"},"geometry":{"type":"MultiPolygon","coordinates":[[[[0.6271,51.5326],[0.6267,51.5321],[0.6259,51.5322],[0.6266,51.5366],[0.6458,51.5392],[0.6274,51.5331],[0.6271,51.5326]]],[[[0.7867,51.5529],[0.789,51.5424],[0.8192,51.5422],[0.8208,51.5409],[0.7821,51.5213],[0.6695,51.5385],[0.648,51.5384],[0.6464,51.5396],[0.6269,51.5383],[0.6321,51.5705],[0.639,51.5768],[0.6753,51.5729],[0.7867,51.5529]]]]}},{"type":"Feature","properties":{"name":"Thurrock","slug":"thurrock","code":"E06000034"},"geometry":{"type":"MultiPolygon","coordinates":[[[[0.548,51.5157],[0.5486,51.5127],[0.5432,51.5158],[0.548,51.5157]]],[[[0.4186,51.5567],[0.4276,51.5451],[0.4617,51.5537],[0.4667,51.5467],[0.482,51.5486],[0.5091,51.5342],[0.5217,51.5162],[0.5413,51.5126],[0.4418,51.5008],[0.4234,51.5145],[0.4358,51.5001],[0.4456,51.498],[0.4441,51.4935],[0.4339,51.4615],[0.4053,51.454],[0.3409,51.4523],[0.3184,51.4742],[0.3024,51.4726],[0.2978,51.4722],[0.2814,51.4614],[0.2118,51.4898],[0.2142,51.496],[0.23,51.4994],[0.2266,51.5066],[0.2419,51.508],[0.2372,51.5193],[0.249,51.5287],[0.2538,51.5179],[0.2637,51.5179],[0.2653,51.5322],[0.334,51.5405],[0.313,51.5658],[0.3826,51.5658],[0.3918,51.5672],[0.3935,51.5577],[0.4186,51.5567]]]]}},{"type":"Feature","properties":{"name":"Medway","slug":"medway","code":"E06000035"},"geometry":{"type":"MultiPolygon","coordinates":[[[[0.6081,51.4015],[0.6153,51.3954],[0.597,51.3961],[0.6081,51.4015]]],[[[0.5826,51.4031],[0.5615,51.4022],[0.5644,51.408],[0.5826,51.4031]]],[[[0.5908,51.4794],[0.6152,51.4751],[0.66,51.4777],[0.6903,51.4594],[0.6713,51.4723],[0.7003,51.4726],[0.7205,51.4598],[0.7235,51.4445],[0.7103,51.4348],[0.6778,51.4332],[0.672,51.448],[0.6589,51.4474],[0.636,51.4462],[0.619,51.4375],[0.6052,51.4205],[0.6174,51.4284],[0.6238,51.4241],[0.6109,51.4174],[0.587,51.4135],[0.5635,51.4096],[0.5325,51.4127],[0.5157,51.4004],[0.5226,51.3851],[0.5375,51.4103],[0.561,51.3948],[0.5856,51.3887],[0.5945,51.3865],[0.6021,51.3906],[0.5967,51.3868],[0.6121,51.3788],[0.6196,51.3882],[0.6324,51.3889],[0.6261,51.3788],[0.6233,51.3692],[0.6349,51.3664],[0.6014,51.3333],[0.5635,51.3387],[0.544,51.3279],[0.5256,51.3347],[0.5058,51.3429],[0.503,51.3547],[0.4562,51.3688],[0.4535,51.3406],[0.4186,51.3479],[0.3999,51.3445],[0.4013,51.353],[0.4311,51.388],[0.4533,51.3914],[0.4519,51.3983],[0.4677,51.3983],[0.4751,51.4129],[0.4892,51.4153],[0.488,51.4433],[0.4576,51.4583],[0.4543,51.4634],[0.4677,51.4643],[0.4581,51.467],[0.4685,51.4827],[0.5461,51.4871],[0.5908,51.4794]]]]}},{"type":"Feature","properties":{"name":"Bracknell Forest","slug":"bracknell-forest","code":"E06000036"},"geometry":{"type":"Polygon","coordinates":[[[-0.6676,51.3846],[-0.7353,51.365],[-0.7755,51.332],[-0.8374,51.3529],[-0.8136,51.3703],[-0.7888,51.3718],[-0.8015,51.4053],[-0.7925,51.4088],[-0.8,51.4412],[-0.7826,51.4687],[-0.7646,51.4597],[-0.7245,51.4561],[-0.7144,51.4671],[-0.6889,51.467],[-0.6727,51.4578],[-0.6568,51.4615],[-0.662,51.4443],[-0.6306,51.4422],[-0.6313,51.4145],[-0.6763,51.4316],[-0.6965,51.4109],[-0.6676,51.3846]]]}},{"type":"Feature","properties":{"name":"West Berkshire","slug":"west-berkshire","code":"E06000037"},"geometry":{"type":"Polygon","coordinates":[[[-1.2268,51.5352],[-1.2046,51.5376],[-1.2047,51.5284],[-1.1404,51.5429],[-1.1421,51.5162],[-1.113,51.5095],[-1.1022,51.4897],[-1.0879,51.4858],[-1.0513,51.4919],[-1.0366,51.4752],[-1.053,51.4604],[-1.0492,51.4514],[-1.034,51.4527],[-1.0013,51.4263],[-1.0119,51.3929],[-0.9817,51.3757],[-0.9861,51.3628],[-1.0501,51.3581],[-1.0866,51.3839],[-1.1155,51.3742],[-1.1158,51.3605],[-1.1386,51.3572],[-1.1769,51.3573],[-1.2511,51.372],[-1.3498,51.3671],[-1.4111,51.3729],[-1.4285,51.3567],[-1.4441,51.3549],[-1.4297,51.3365],[-1.4983,51.3294],[-1.4856,51.3477],[-1.5006,51.3563],[-1.4954,51.3697],[-1.5556,51.3955],[-1.5529,51.41],[-1.571,51.4153],[-1.5651,51.422],[-1.5265,51.424],[-1.524,51.4475],[-1.5824,51.4943],[-1.5847,51.5249],[-1.5812,51.537],[-1.555,51.5534],[-1.531,51.5461],[-1.5129,51.5508],[-1.4707,51.5286],[-1.4644,51.5385],[-1.4478,51.5364],[-1.4266,51.5456],[-1.4228,51.5358],[-1.4049,51.5472],[-1.3838,51.5404],[-1.3673,51.5525],[-1.3424,51.5437],[-1.3287,51.5637],[-1.2607,51.5378],[-1.2268,51.5352]]]}},{"type":"Feature","properties":{"name":"Reading","slug":"reading","code":"E06000038"},"geometry":{"type":"Polygon","coordinates":[[[-0.9492,51.4595],[-0.9286,51.4451],[-0.9452,51.4462],[-0.9434,51.4293],[-0.9619,51.4123],[-0.9738,51.4098],[-0.9814,51.4206],[-0.9963,51.4196],[-1.0013,51.4263],[-1.034,51.4527],[-1.0492,51.4514],[-1.053,51.4604],[-1.0366,51.4752],[-1.0136,51.4663],[-0.9984,51.4843],[-0.9575,51.4931],[-0.9411,51.475],[-0.9552,51.4653],[-0.9492,51.4595]]]}},{"type":"Feature","properties":{"name":"Slough","slug":"slough","code":"E06000039"},"geometry":{"type":"Polygon","coordinates":[[[-0.49,51.4947],[-0.5098,51.4692],[-0.5244,51.4715],[-0.5344,51.4868],[-0.5606,51.4972],[-0.5656,51.4913],[-0.6006,51.5023],[-0.6077,51.4973],[-0.6265,51.5044],[-0.6422,51.5006],[-0.6593,51.5049],[-0.6599,51.5284],[-0.6305,51.5389],[-0.5899,51.5227],[-0.5673,51.533],[-0.5751,51.5293],[-0.5687,51.5113],[-0.527,51.5095],[-0.5318,51.4934],[-0.49,51.4947]]]}},{"type":"Feature","properties":{"name":"Windsor and Maidenhead","slug":"windsor-and-maidenhead","code":"E06000040"},"geometry":{"type":"Polygon","coordinates":[[[-0.6422,51.5006],[-0.6265,51.5044],[-0.6077,51.4973],[-0.6006,51.5023],[-0.5656,51.4913],[-0.5606,51.4972],[-0.5344,51.4868],[-0.5244,51.4715],[-0.5406,51.4579],[-0.5228,51.4353],[-0.5717,51.451],[-0.594,51.4417],[-0.6185,51.3924],[-0.6163,51.3835],[-0.6676,51.3846],[-0.6965,51.4109],[-0.6763,51.4316],[-0.6313,51.4145],[-0.6306,51.4422],[-0.662,51.4443],[-0.6568,51.4615],[-0.6727,51.4578],[-0.6889,51.467],[-0.7144,51.4671],[-0.7245,51.4561],[-0.7646,51.4597],[-0.7826,51.4687],[-0.8,51.4412],[-0.8181,51.4432],[-0.8338,51.4641],[-0.8218,51.4726],[-0.8294,51.4871],[-0.8174,51.5072],[-0.8539,51.5261],[-0.8427,51.5448],[-0.793,51.5514],[-0.7743,51.5669],[-0.7571,51.5648],[-0.7181,51.5776],[-0.7118,51.5648],[-0.6965,51.5652],[-0.6912,51.5568],[-0.7032,51.5111],[-0.6521,51.4855],[-0.6339,51.4924],[-0.6422,51.5006]]]}},{"type":"Feature","properties":{"name":"Wokingham","slug":"wokingham","code":"E06000041"},"geometry":{"type":"Polygon","coordinates":[[[-0.8427,51.5448],[-0.8539,51.5261],[-0.8174,51.5072],[-0.8294,51.4871],[-0.8218,51.4726],[-0.8338,51.4641],[-0.8181,51.4432],[-0.8,51.4412],[-0.7925,51.4088],[-0.8015,51.4053],[-0.7888,51.3718],[-0.8136,51.3703],[-0.8374,51.3529],[-0.8781,51.3526],[-0.9237,51.366],[-0.9867,51.3599],[-0.9861,51.3628],[-0.9817,51.3757],[-1.0119,51.3929],[-1.0013,51.4263],[-0.9963,51.4196],[-0.9814,51.4206],[-0.9738,51.4098],[-0.9619,51.4123],[-0.9434,51.4293],[-0.9452,51.4462],[-0.9286,51.4451],[-0.9492,51.4595],[-0.9217,51.4679],[-0.8939,51.4966],[-0.8703,51.5036],[-0.8785,51.5235],[-0.9001,51.5367],[-0.8969,51.5449],[-0.8797,51.5621],[-0.8427,51.5448]]]}},{"type":"Feature","properties":{"name":"Milton Keynes","slug":"milton-keynes","code":"E06000042"},"geometry":{"type":"Polygon","coordinates":[[[-0.5918,52.1107],[-0.669,52.0487],[-0.643,52.0372],[-0.6402,52.0241],[-0.651,52.0185],[-0.6435,52.0109],[-0.6617,51.9997],[-0.6457,51.9722],[-0.653,51.9692],[-0.7131,51.9898],[-0.7139,51.9779],[-0.7404,51.9699],[-0.762,51.9856],[-0.8037,51.9855],[-0.8198,52.0123],[-0.8713,52.0402],[-0.8524,52.0507],[-0.8627,52.0609],[-0.8396,52.0638],[-0.8313,52.072],[-0.8467,52.0915],[-0.8695,52.1],[-0.8715,52.1118],[-0.887,52.1142],[-0.8808,52.1263],[-0.8282,52.1326],[-0.832,52.1437],[-0.814,52.1425],[-0.8076,52.157],[-0.7921,52.1513],[-0.778,52.1687],[-0.7497,52.1669],[-0.7055,52.1916],[-0.6681,52.195],[-0.6274,52.1815],[-0.6307,52.155],[-0.6408,52.1528],[-0.6355,52.1393],[-0.6072,52.1339],[-0.5918,52.1107]]]}},{"type":"Feature","properties":{"name":"Brighton and Hove","slug":"brighton-and-hove","code":"E06000043"},"geometry":{"type":"Polygon","coordinates":[[[-0.135,50.8867],[-0.1353,50.8781],[-0.1218,50.8734],[-0.0975,50.8779],[-0.0849,50.8731],[-0.0735,50.8412],[-0.0369,50.8412],[-0.046,50.8218],[-0.0204,50.8218],[-0.016,50.8149],[-0.0385,50.7991],[-0.0386,50.7991],[-0.0428,50.7998],[-0.0924,50.8108],[-0.0919,50.8077],[-0.1104,50.8107],[-0.1102,50.8132],[-0.1928,50.8239],[-0.216,50.8276],[-0.2168,50.8276],[-0.245,50.8638],[-0.2392,50.8679],[-0.2267,50.8782],[-0.1877,50.8686],[-0.1824,50.8883],[-0.1686,50.8924],[-0.1681,50.8808],[-0.135,50.8867]]]}},{"type":"Feature","properties":{"name":"Portsmouth","slug":"portsmouth","code":"E06000044"},"geometry":{"type":"MultiPolygon","coordinates":[[[[-1.0926,50.8151],[-1.1015,50.8136],[-1.0965,50.8206],[-1.0926,50.8151]]],[[[-1.0442,50.8317],[-1.0442,50.7956],[-1.0442,50.7905],[-1.0338,50.7956],[-1.0314,50.7967],[-1.031,50.7955],[-1.0289,50.7894],[-1.0886,50.7777],[-1.0953,50.7817],[-1.1089,50.7904],[-1.1098,50.7962],[-1.1115,50.8069],[-1.0912,50.8091],[-1.0947,50.8118],[-1.0906,50.8165],[-1.094,50.823],[-1.1002,50.8267],[-1.0845,50.8248],[-1.0758,50.837],[-1.0442,50.8317]]],[[[-1.1569,50.8383],[-1.1569,50.8375],[-1.1613,50.8381],[-1.1569,50.8383]]],[[[-1.1545,50.8451],[-1.1184,50.8373],[-1.1189,50.8355],[-1.1492,50.8435],[-1.1543,50.8449],[-1.1712,50.84],[-1.1712,50.8409],[-1.1545,50.8451]]],[[[-1.0226,50.8521],[-1.024,50.8316],[-1.025,50.8264],[-1.0363,50.8354],[-1.078,50.8373],[-1.0887,50.8285],[-1.1063,50.8379],[-1.1027,50.8461],[-1.1139,50.8435],[-1.1158,50.8583],[-1.0541,50.8565],[-1.0226,50.8521]]]]}},{"type":"Feature","properties":{"name":"Southampton","slug":"southampton","code":"E06000045"},"geometry":{"type":"Polygon","coordinates":[[[-1.3799,50.9475],[-1.3547,50.941],[-1.3579,50.9307],[-1.3334,50.9199],[-1.322,50.901],[-1.3629,50.8787],[-1.3651,50.88],[-1.3843,50.8916],[-1.3849,50.904],[-1.3717,50.9121],[-1.3763,50.9107],[-1.388,50.9069],[-1.3933,50.883],[-1.399,50.8946],[-1.4325,50.9073],[-1.4426,50.9112],[-1.4471,50.9038],[-1.4651,50.9103],[-1.4745,50.9243],[-1.4771,50.9287],[-1.4495,50.9499],[-1.4237,50.9472],[-1.4061,50.9561],[-1.3799,50.9475]]]}},{"type":"Feature","properties":{"name":"Isle of Wight","slug":"isle-of-wight","code":"E06000046"},"geometry":{"type":"Polygon","coordinates":[[[-1.3038,50.7648],[-1.2961,50.7618],[-1.2949,50.762],[-1.283,50.73],[-1.2914,50.7626],[-1.2746,50.7654],[-1.2478,50.7519],[-1.2425,50.7385],[-1.2349,50.7433],[-1.2279,50.7415],[-1.2164,50.7352],[-1.2167,50.7349],[-1.2159,50.7349],[-1.2145,50.7342],[-1.2087,50.7347],[-1.1546,50.7333],[-1.1512,50.7324],[-1.1087,50.7207],[-1.0961,50.6944],[-1.1029,50.6999],[-1.1083,50.6935],[-1.086,50.6943],[-1.0704,50.6876],[-1.0702,50.6875],[-1.0985,50.665],[-1.1317,50.6623],[-1.1526,50.6529],[-1.1604,50.6494],[-1.176,50.6168],[-1.1854,50.5972],[-1.3013,50.5756],[-1.3451,50.601],[-1.3739,50.618],[-1.389,50.6269],[-1.4357,50.6403],[-1.4481,50.6438],[-1.4844,50.6668],[-1.5865,50.6631],[-1.5482,50.6783],[-1.5221,50.707],[-1.5204,50.7071],[-1.5016,50.7068],[-1.5097,50.7058],[-1.4998,50.698],[-1.4966,50.7009],[-1.5039,50.7057],[-1.4695,50.7096],[-1.4347,50.7233],[-1.4281,50.7259],[-1.417,50.7252],[-1.4118,50.7244],[-1.422,50.7246],[-1.413,50.7186],[-1.4142,50.7153],[-1.4131,50.7035],[-1.4119,50.7145],[-1.3977,50.7104],[-1.4081,50.7191],[-1.3848,50.7225],[-1.4036,50.7266],[-1.3953,50.7288],[-1.3533,50.7391],[-1.3147,50.7655],[-1.3111,50.767],[-1.3038,50.7648]]]}},{"type":"Feature","properties":{"name":"County Durham","slug":"county-durham","code":"E06000047"},"geometry":{"type":"Polygon","coordinates":[[[-1.5594,54.882],[-1.5618,54.8757],[-1.5318,54.8782],[-1.5065,54.8711],[-1.5043,54.8312],[-1.4819,54.8097],[-1.4907,54.7993],[-1.4226,54.8032],[-1.413,54.8237],[-1.4216,54.8395],[-1.3473,54.8604],[-1.3209,54.8376],[-1.3294,54.8381],[-1.302,54.7685],[-1.2809,54.7528],[-1.2412,54.7233],[-1.2519,54.7196],[-1.2703,54.7272],[-1.3054,54.7176],[-1.3013,54.7081],[-1.3194,54.6913],[-1.3445,54.6911],[-1.3309,54.6822],[-1.3479,54.6624],[-1.3413,54.6502],[-1.3808,54.6438],[-1.4125,54.6168],[-1.4509,54.6105],[-1.4384,54.5951],[-1.4517,54.5908],[-1.4689,54.6005],[-1.5268,54.5965],[-1.5586,54.5921],[-1.5528,54.5823],[-1.5763,54.5802],[-1.5934,54.5951],[-1.5842,54.6105],[-1.6062,54.6034],[-1.6068,54.6175],[-1.6824,54.6178],[-1.6793,54.586],[-1.694,54.5869],[-1.709,54.5741],[-1.7093,54.5632],[-1.6912,54.5562],[-1.7053,54.5492],[-1.6969,54.536],[-1.7213,54.5423],[-1.7331,54.5277],[-1.7797,54.5319],[-1.7761,54.5067],[-1.793,54.4845],[-1.8394,54.5084],[-1.8578,54.5035],[-1.8591,54.4819],[-1.9425,54.4534],[-1.9701,54.4515],[-1.9968,54.4669],[-2.0447,54.4752],[-2.0432,54.4836],[-2.1166,54.4623],[-2.1702,54.4582],[-2.159,54.472],[-2.1724,54.5324],[-2.1975,54.5327],[-2.2095,54.5517],[-2.3045,54.5962],[-2.3249,54.6317],[-2.288,54.6505],[-2.2929,54.6639],[-2.3273,54.6707],[-2.3518,54.6859],[-2.3557,54.6977],[-2.3257,54.7266],[-2.3121,54.791],[-2.2827,54.7983],[-2.2189,54.7824],[-2.1986,54.8067],[-2.1695,54.8036],[-2.1398,54.8419],[-2.0826,54.8382],[-2.0397,54.8482],[-2.001,54.8697],[-1.9802,54.8682],[-1.9493,54.853],[-1.9326,54.8542],[-1.9136,54.834],[-1.9137,54.8397],[-1.8701,54.8509],[-1.8544,54.8912],[-1.8206,54.9058],[-1.7945,54.9036],[-1.7816,54.9116],[-1.7687,54.9067],[-1.7361,54.9186],[-1.7249,54.9088],[-1.6985,54.909],[-1.6917,54.9026],[-1.6748,54.9096],[-1.6756,54.8981],[-1.6493,54.893],[-1.6506,54.8793],[-1.5942,54.902],[-1.5799,54.8778],[-1.5594,54.882]]]}},{"type":"Feature","properties":{"name":"Cheshire East","slug":"cheshire-east","code":"E06000049"},"geometry":{"type":"Polygon","coordinates":[[[-2.314,53.3574],[-2.297,53.3486],[-2.3014,53.3401],[-2.2564,53.3607],[-2.2408,53.3596],[-2.1854,53.3527],[-2.181,53.344],[-2.1942,53.3387],[-2.1607,53.3272],[-2.1441,53.3429],[-2.1512,53.3481],[-2.139,53.3673],[-2.1233,53.3619],[-2.0951,53.3661],[-2.0682,53.3574],[-2.0406,53.3741],[-2.0311,53.3703],[-2.0068,53.3546],[-2.0094,53.2606],[-1.9749,53.231],[-1.9902,53.223],[-1.9874,53.2136],[-2.0017,53.193],[-2.0461,53.1928],[-2.0702,53.1717],[-2.1119,53.1686],[-2.1404,53.1838],[-2.1414,53.1566],[-2.1555,53.1597],[-2.2113,53.1158],[-2.2474,53.0899],[-2.2532,53.094],[-2.2934,53.0783],[-2.3181,53.0814],[-2.3476,53.0562],[-2.3815,53.0525],[-2.3842,53.0262],[-2.3704,53.0145],[-2.383,53.0078],[-2.3808,52.9984],[-2.4368,52.9863],[-2.4347,52.9696],[-2.4811,52.9588],[-2.5214,52.9743],[-2.5295,52.9472],[-2.5613,52.965],[-2.5864,52.9554],[-2.5977,52.963],[-2.5949,52.9796],[-2.6327,52.9967],[-2.6747,52.9857],[-2.6993,52.9954],[-2.6688,53.0387],[-2.7024,53.0543],[-2.7183,53.0442],[-2.7529,53.0692],[-2.7317,53.0918],[-2.7114,53.0936],[-2.7061,53.1185],[-2.6711,53.1159],[-2.6597,53.1307],[-2.6413,53.1284],[-2.6252,53.1508],[-2.592,53.1445],[-2.5965,53.1589],[-2.5836,53.1555],[-2.5724,53.1635],[-2.5429,53.1498],[-2.4997,53.1642],[-2.4689,53.1527],[-2.4438,53.1599],[-2.4435,53.1708],[-2.4574,53.1767],[-2.4566,53.2026],[-2.4307,53.198],[-2.4064,53.1741],[-2.3921,53.1799],[-2.3783,53.172],[-2.3687,53.1829],[-2.3726,53.1956],[-2.4102,53.2057],[-2.4142,53.2193],[-2.4012,53.2218],[-2.3963,53.2344],[-2.3638,53.2236],[-2.3491,53.249],[-2.3647,53.2487],[-2.3941,53.2668],[-2.4145,53.2683],[-2.4275,53.2612],[-2.4532,53.2846],[-2.498,53.2899],[-2.5123,53.3213],[-2.494,53.3433],[-2.5184,53.3424],[-2.521,53.3479],[-2.4869,53.3679],[-2.4399,53.3667],[-2.4266,53.3875],[-2.3696,53.3636],[-2.34,53.3674],[-2.314,53.3574]]]}},{"type":"Feature","properties":{"name":"Cheshire West and Chester","slug":"cheshire-west-and-chester","code":"E06000050"},"geometry":{"type":"Polygon","coordinates":[[[-2.6993,52.9954],[-2.7268,52.9833],[-2.7599,52.9864],[-2.7683,52.9949],[-2.8033,52.9896],[-2.836,52.9972],[-2.8441,53.0177],[-2.861,53.0228],[-2.8557,53.0373],[-2.8701,53.0454],[-2.8592,53.0543],[-2.8726,53.0586],[-2.8615,53.0607],[-2.8816,53.0744],[-2.8757,53.0815],[-2.9021,53.092],[-2.8811,53.1216],[-2.9102,53.1126],[-2.9638,53.1328],[-2.9795,53.1506],[-2.9951,53.1542],[-2.9278,53.1714],[-2.9223,53.1893],[-2.9984,53.2359],[-3.036,53.2518],[-3.086,53.2568],[-3.0861,53.2568],[-3.1074,53.2718],[-3.1072,53.272],[-3.0888,53.268],[-3.0855,53.2723],[-3.1101,53.2768],[-3.0775,53.2796],[-3.1081,53.2783],[-3.1029,53.2805],[-3.0986,53.2799],[-3.0892,53.2861],[-3.1023,53.2807],[-3.1074,53.2819],[-3.097,53.2893],[-3.1096,53.2826],[-3.1203,53.2886],[-3.1052,53.2916],[-3.123,53.2893],[-3.1139,53.2944],[-3.0963,53.294],[-3.109,53.297],[-3.0742,53.3164],[-3.0261,53.2977],[-2.9927,53.3071],[-2.968,53.3013],[-2.9396,53.3104],[-2.9317,53.306],[-2.9288,53.3084],[-2.9286,53.3082],[-2.9017,53.2954],[-2.8895,53.2896],[-2.9005,53.297],[-2.8556,53.292],[-2.8573,53.2869],[-2.8396,53.2987],[-2.8464,53.3069],[-2.816,53.3062],[-2.7888,53.2954],[-2.7528,53.3146],[-2.7524,53.3148],[-2.7525,53.3148],[-2.7389,53.3068],[-2.7236,53.3131],[-2.7008,53.3058],[-2.6852,53.3155],[-2.6416,53.305],[-2.6451,53.3101],[-2.6241,53.3094],[-2.62,53.3203],[-2.6091,53.3121],[-2.5952,53.3225],[-2.5863,53.3294],[-2.5619,53.3233],[-2.5184,53.3424],[-2.494,53.3433],[-2.5123,53.3213],[-2.498,53.2899],[-2.4532,53.2846],[-2.4275,53.2612],[-2.4145,53.2683],[-2.3941,53.2668],[-2.3647,53.2487],[-2.3491,53.249],[-2.3638,53.2236],[-2.3963,53.2344],[-2.4012,53.2218],[-2.4142,53.2193],[-2.4102,53.2057],[-2.3726,53.1956],[-2.3687,53.1829],[-2.3783,53.172],[-2.3921,53.1799],[-2.4064,53.1741],[-2.4307,53.198],[-2.4566,53.2026],[-2.4574,53.1767],[-2.4435,53.1708],[-2.4438,53.1599],[-2.4689,53.1527],[-2.4997,53.1642],[-2.5429,53.1498],[-2.5724,53.1635],[-2.5836,53.1555],[-2.5965,53.1589],[-2.592,53.1445],[-2.6252,53.1508],[-2.6413,53.1284],[-2.6597,53.1307],[-2.6711,53.1159],[-2.7061,53.1185],[-2.7114,53.0936],[-2.7317,53.0918],[-2.7529,53.0692],[-2.7183,53.0442],[-2.7024,53.0543],[-2.6688,53.0387],[-2.6993,52.9954]]]}},{"type":"Feature","properties":{"name":"Shropshire","slug":"shropshire","code":"E06000051"},"geometry":{"type":"Polygon","coordinates":[[[-2.3789,52.8917],[-2.3938,52.8366],[-2.4163,52.827],[-2.4729,52.8208],[-2.4563,52.7842],[-2.4728,52.7804],[-2.4897,52.783],[-2.4771,52.7994],[-2.4865,52.8052],[-2.5029,52.7966],[-2.5219,52.7989],[-2.5375,52.7851],[-2.5337,52.794],[-2.5518,52.8025],[-2.5828,52.8056],[-2.5981,52.798],[-2.5923,52.7768],[-2.621,52.7765],[-2.6323,52.7596],[-2.6431,52.7671],[-2.6635,52.7604],[-2.6602,52.7317],[-2.5974,52.7183],[-2.6226,52.699],[-2.5556,52.6711],[-2.5484,52.6546],[-2.5018,52.629],[-2.4381,52.6146],[-2.4366,52.6271],[-2.4183,52.6338],[-2.419,52.6629],[-2.3765,52.7396],[-2.3578,52.7312],[-2.3156,52.7329],[-2.3086,52.7207],[-2.3248,52.7053],[-2.3199,52.6954],[-2.303,52.683],[-2.2477,52.683],[-2.2387,52.6637],[-2.2477,52.6567],[-2.2347,52.6559],[-2.2329,52.6477],[-2.2562,52.6098],[-2.2816,52.6059],[-2.3238,52.613],[-2.322,52.5936],[-2.3003,52.593],[-2.2619,52.5691],[-2.2825,52.5534],[-2.2564,52.5417],[-2.2692,52.5307],[-2.2609,52.5241],[-2.2914,52.5117],[-2.3127,52.4892],[-2.2874,52.4553],[-2.3118,52.4375],[-2.3635,52.4394],[-2.373,52.4019],[-2.3356,52.3853],[-2.3674,52.3881],[-2.3907,52.3815],[-2.4105,52.3872],[-2.4147,52.3682],[-2.4747,52.3672],[-2.4884,52.3554],[-2.4818,52.3311],[-2.5132,52.3292],[-2.5121,52.3371],[-2.5391,52.3441],[-2.5622,52.3331],[-2.5626,52.3111],[-2.5747,52.3176],[-2.6181,52.3069],[-2.6239,52.3214],[-2.6651,52.3423],[-2.6891,52.3166],[-2.6798,52.312],[-2.7142,52.3088],[-2.767,52.3362],[-2.7484,52.3349],[-2.7327,52.3555],[-2.7924,52.3569],[-2.7925,52.3753],[-2.8073,52.3759],[-2.8054,52.3883],[-2.8182,52.3912],[-2.855,52.3955],[-2.8884,52.3852],[-2.8931,52.3741],[-2.9177,52.3863],[-2.9223,52.3751],[-2.9008,52.3673],[-2.9261,52.367],[-2.9389,52.3611],[-2.9331,52.3501],[-2.9547,52.3492],[-2.9745,52.3547],[-3.0402,52.3443],[-3.0607,52.3482],[-3.1106,52.3772],[-3.1544,52.3877],[-3.1789,52.4094],[-3.2195,52.4212],[-3.2356,52.4425],[-3.1972,52.476],[-3.1802,52.4739],[-3.111,52.4989],[-3.0292,52.5013],[-3.0324,52.5237],[-3.0039,52.5198],[-2.9942,52.5529],[-3.0142,52.5755],[-3.0873,52.5513],[-3.0854,52.5345],[-3.1331,52.5275],[-3.137,52.534],[-3.1115,52.5414],[-3.1395,52.5857],[-3.1174,52.5858],[-3.0896,52.5995],[-3.0936,52.6093],[-3.0732,52.629],[-3.0598,52.6307],[-3.0836,52.6413],[-3.0511,52.6474],[-3.0386,52.6754],[-3.047,52.6913],[-3.0225,52.7067],[-3.0204,52.7251],[-3.0006,52.7203],[-2.9776,52.7266],[-2.9781,52.7154],[-2.9611,52.7165],[-2.9651,52.7323],[-2.9913,52.7338],[-2.992,52.7438],[-3.0218,52.7519],[-3.0108,52.7585],[-3.0171,52.7676],[-3.0354,52.764],[-3.039,52.7704],[-3.0525,52.7686],[-3.0478,52.7726],[-3.0795,52.7715],[-3.0917,52.7867],[-3.0866,52.7956],[-3.1183,52.7836],[-3.1609,52.7957],[-3.1532,52.8064],[-3.1682,52.8073],[-3.1679,52.8193],[-3.1513,52.8426],[-3.163,52.8475],[-3.1277,52.8671],[-3.1524,52.8787],[-3.1355,52.885],[-3.1475,52.8902],[-3.1142,52.894],[-3.096,52.9303],[-3.0765,52.9255],[-3.0351,52.9295],[-3.0096,52.9562],[-2.982,52.9592],[-2.975,52.969],[-2.9598,52.9512],[-2.9289,52.9387],[-2.8874,52.9525],[-2.8835,52.9466],[-2.841,52.9426],[-2.7988,52.8958],[-2.7553,52.9246],[-2.7284,52.9253],[-2.7242,52.9571],[-2.7353,52.9699],[-2.7268,52.9833],[-2.6993,52.9954],[-2.6747,52.9857],[-2.6327,52.9967],[-2.5949,52.9796],[-2.5977,52.963],[-2.5864,52.9554],[-2.5613,52.965],[-2.5295,52.9472],[-2.5214,52.9743],[-2.4811,52.9588],[-2.4347,52.9696],[-2.4368,52.9863],[-2.3808,52.9984],[-2.3687,52.9794],[-2.3797,52.9761],[-2.3862,52.9532],[-2.4129,52.9618],[-2.4055,52.9473],[-2.4252,52.95],[-2.4367,52.9439],[-2.4708,52.9059],[-2.4461,52.874],[-2.4404,52.8812],[-2.3789,52.8917]]]}},{"type":"Feature","properties":{"name":"Cornwall","slug":"cornwall","code":"E06000052"},"geometry":{"type":"MultiPolygon","coordinates":[[[[-4.7269,50.6829],[-4.7266,50.6826],[-4.7271,50.6826],[-4.7269,50.6829]]],[[[-5.0252,50.2152],[-5.0241,50.2225],[-5.006,50.2276],[-5.0144,50.2271],[-5.0216,50.2447],[-5.0168,50.2263],[-5.0292,50.2228],[-5.0282,50.2157],[-5.0313,50.2107],[-5.039,50.2127],[-5.0431,50.2043],[-5.0481,50.209],[-5.0439,50.2033],[-5.059,50.1932],[-5.0634,50.1962],[-5.0544,50.1803],[-5.0773,50.1842],[-5.0512,50.1771],[-5.0477,50.1716],[-5.0529,50.1635],[-5.0545,50.1624],[-5.0716,50.165],[-5.0775,50.1668],[-5.0766,50.1658],[-5.082,50.1666],[-5.1023,50.1697],[-5.0816,50.1601],[-5.0635,50.1516],[-5.0506,50.1554],[-5.0492,50.1557],[-5.042,50.144],[-5.0445,50.1447],[-5.0551,50.1483],[-5.0765,50.1405],[-5.0731,50.1342],[-5.0797,50.1316],[-5.0937,50.1261],[-5.0818,50.1094],[-5.0948,50.1023],[-5.1219,50.1],[-5.1347,50.1001],[-5.1375,50.103],[-5.1303,50.1102],[-5.1379,50.1117],[-5.1405,50.106],[-5.1406,50.1062],[-5.1453,50.0987],[-5.1605,50.097],[-5.1636,50.1004],[-5.1649,50.1126],[-5.1691,50.0998],[-5.1636,50.0964],[-5.1635,50.0959],[-5.1628,50.0959],[-5.1595,50.094],[-5.1723,50.091],[-5.1544,50.0927],[-5.1476,50.0853],[-5.1506,50.0931],[-5.1389,50.0942],[-5.1357,50.0914],[-5.1066,50.0942],[-5.1017,50.0929],[-5.0948,50.0891],[-5.0969,50.0872],[-5.1179,50.0823],[-5.0768,50.0855],[-5.076,50.0856],[-5.0766,50.0828],[-5.0796,50.0688],[-5.0757,50.0684],[-5.0677,50.0676],[-5.0578,50.0528],[-5.0661,50.0396],[-5.0688,50.0351],[-5.0735,50.0337],[-5.0968,50.0264],[-5.0912,50.0157],[-5.1013,50.0042],[-5.1226,50.0092],[-5.1666,50.0038],[-5.1888,49.9739],[-5.1859,49.963],[-5.2102,49.9602],[-5.2191,49.97],[-5.2195,49.9714],[-5.2328,49.9736],[-5.2457,49.9762],[-5.244,49.9841],[-5.2452,49.9851],[-5.2451,49.9854],[-5.2577,49.9956],[-5.2684,50.0046],[-5.267,50.0067],[-5.2559,50.0216],[-5.2566,50.023],[-5.2565,50.0232],[-5.2568,50.0234],[-5.2618,50.0342],[-5.2618,50.0343],[-5.28,50.0419],[-5.2794,50.0564],[-5.3163,50.0852],[-5.3391,50.092],[-5.3436,50.0914],[-5.3463,50.0922],[-5.3625,50.0891],[-5.3632,50.089],[-5.3918,50.1035],[-5.4294,50.0969],[-5.4292,50.1055],[-5.4348,50.1077],[-5.4635,50.1227],[-5.4671,50.1208],[-5.4839,50.1276],[-5.5301,50.1237],[-5.531,50.1143],[-5.5494,50.1065],[-5.5484,50.1054],[-5.5488,50.1053],[-5.5396,50.0955],[-5.5333,50.0885],[-5.5422,50.0706],[-5.5772,50.0518],[-5.5854,50.0516],[-5.6191,50.0512],[-5.6328,50.0423],[-5.6363,50.04],[-5.6484,50.0438],[-5.6536,50.0419],[-5.6767,50.0357],[-5.6809,50.0368],[-5.6904,50.0495],[-5.6926,50.054],[-5.6946,50.0545],[-5.7131,50.0623],[-5.7141,50.0639],[-5.6917,50.088],[-5.6886,50.0903],[-5.7096,50.1263],[-5.7101,50.1274],[-5.6731,50.1662],[-5.6423,50.1673],[-5.6291,50.1677],[-5.6283,50.1684],[-5.628,50.1684],[-5.6066,50.188],[-5.6007,50.1933],[-5.6001,50.193],[-5.5909,50.1887],[-5.5592,50.2054],[-5.5388,50.2162],[-5.5365,50.2164],[-5.4816,50.2192],[-5.4773,50.219],[-5.4724,50.2092],[-5.472,50.2081],[-5.4692,50.1999],[-5.4368,50.1935],[-5.4337,50.1937],[-5.4135,50.2098],[-5.3936,50.2256],[-5.3953,50.2405],[-5.3781,50.2441],[-5.3684,50.2362],[-5.367,50.2364],[-5.3248,50.2443],[-5.3038,50.2617],[-5.2892,50.261],[-5.2814,50.2707],[-5.2513,50.2826],[-5.2495,50.2846],[-5.2437,50.2869],[-5.2421,50.2931],[-5.2355,50.3007],[-5.2341,50.3184],[-5.2006,50.3201],[-5.1815,50.3403],[-5.1538,50.3461],[-5.1465,50.3753],[-5.1531,50.3838],[-5.1518,50.3893],[-5.1436,50.3889],[-5.1454,50.3973],[-5.1472,50.4053],[-5.1464,50.4056],[-5.1088,50.4129],[-5.1024,50.4131],[-5.0998,50.4256],[-5.0955,50.424],[-5.0775,50.4158],[-5.0548,50.4257],[-5.0438,50.4422],[-5.0426,50.4621],[-5.0421,50.4643],[-5.0319,50.4676],[-5.0397,50.474],[-5.036,50.4888],[-5.036,50.4888],[-5.0348,50.4937],[-5.0468,50.4978],[-5.024,50.5087],[-5.0284,50.5177],[-5.0269,50.524],[-5.0226,50.5265],[-5.0365,50.5496],[-5.0359,50.5495],[-4.9839,50.5422],[-4.9721,50.5578],[-4.9451,50.5691],[-4.9496,50.5566],[-4.9351,50.549],[-4.9309,50.53],[-4.9247,50.5312],[-4.9264,50.5453],[-4.9314,50.5648],[-4.9158,50.5759],[-4.9282,50.5829],[-4.9354,50.5869],[-4.9214,50.5932],[-4.9155,50.5915],[-4.9083,50.5845],[-4.8989,50.5836],[-4.8852,50.5823],[-4.8806,50.5841],[-4.8675,50.589],[-4.87,50.5954],[-4.8699,50.5954],[-4.8382,50.5944],[-4.8324,50.5921],[-4.8271,50.593],[-4.7962,50.5981],[-4.7917,50.6024],[-4.7906,50.6026],[-4.7895,50.6044],[-4.7704,50.6224],[-4.7587,50.6528],[-4.7606,50.6533],[-4.7645,50.6696],[-4.7645,50.6698],[-4.7433,50.6764],[-4.7411,50.6759],[-4.7351,50.6715],[-4.7331,50.6743],[-4.7298,50.6736],[-4.7261,50.6841],[-4.6802,50.696],[-4.6811,50.7036],[-4.681,50.7045],[-4.6546,50.7163],[-4.6539,50.7398],[-4.6487,50.7401],[-4.6403,50.7401],[-4.6397,50.7407],[-4.6345,50.741],[-4.6346,50.7451],[-4.6253,50.7532],[-4.5855,50.7709],[-4.5619,50.7813],[-4.5587,50.8288],[-4.5573,50.8289],[-4.5467,50.83],[-4.5561,50.8369],[-4.5584,50.8477],[-4.5599,50.8551],[-4.5593,50.8657],[-4.5668,50.8887],[-4.5699,50.9037],[-4.5619,50.912],[-4.5461,50.9284],[-4.546,50.9288],[-4.4561,50.9289],[-4.4627,50.9135],[-4.421,50.8661],[-4.4337,50.8655],[-4.4422,50.8469],[-4.4468,50.8082],[-4.4935,50.7929],[-4.4513,50.7857],[-4.4239,50.7645],[-4.4087,50.7624],[-4.4144,50.7744],[-4.3936,50.7782],[-4.381,50.7706],[-4.385,50.7478],[-4.3616,50.7188],[-4.3693,50.7023],[-4.3489,50.6895],[-4.3352,50.6465],[-4.3256,50.6377],[-4.3003,50.6339],[-4.3116,50.5861],[-4.3069,50.5786],[-4.2913,50.5839],[-4.2861,50.5749],[-4.286,50.5847],[-4.2711,50.5822],[-4.2795,50.5692],[-4.2593,50.5458],[-4.2715,50.5366],[-4.2479,50.5439],[-4.2323,50.531],[-4.2073,50.5336],[-4.2028,50.5032],[-4.1858,50.5084],[-4.1807,50.5037],[-4.1994,50.4924],[-4.2209,50.4981],[-4.2181,50.4759],[-4.2386,50.464],[-4.2296,50.4558],[-4.2151,50.4666],[-4.2007,50.4364],[-4.2223,50.4262],[-4.2383,50.439],[-4.2239,50.422],[-4.2099,50.4254],[-4.2104,50.4188],[-4.2115,50.4047],[-4.2268,50.3935],[-4.2273,50.3933],[-4.233,50.3936],[-4.2308,50.3905],[-4.2309,50.3905],[-4.2308,50.3905],[-4.2308,50.3904],[-4.2022,50.3884],[-4.2095,50.3857],[-4.1948,50.3719],[-4.2092,50.3689],[-4.2089,50.3687],[-4.2092,50.3687],[-4.2083,50.3682],[-4.1971,50.3596],[-4.2076,50.3469],[-4.1727,50.3586],[-4.1716,50.3572],[-4.1706,50.3468],[-4.1996,50.3334],[-4.2013,50.3329],[-4.1884,50.3177],[-4.1895,50.3175],[-4.2102,50.3183],[-4.2215,50.312],[-4.2232,50.3117],[-4.2236,50.3128],[-4.2195,50.3246],[-4.2292,50.3335],[-4.2499,50.3408],[-4.3082,50.3614],[-4.4102,50.3641],[-4.4366,50.361],[-4.4511,50.3509],[-4.4506,50.3482],[-4.4727,50.3332],[-4.4975,50.3374],[-4.498,50.3366],[-4.5383,50.3238],[-4.539,50.3237],[-4.5785,50.3326],[-4.5984,50.3239],[-4.6067,50.329],[-4.633,50.3244],[-4.6385,50.3299],[-4.6374,50.3302],[-4.6181,50.3349],[-4.619,50.3352],[-4.6088,50.3379],[-4.6214,50.3359],[-4.6311,50.339],[-4.6421,50.3321],[-4.6676,50.3231],[-4.6725,50.3139],[-4.6848,50.3201],[-4.6849,50.3207],[-4.6824,50.338],[-4.6881,50.3397],[-4.6895,50.348],[-4.7556,50.3314],[-4.7565,50.3312],[-4.7565,50.3312],[-4.7568,50.3311],[-4.7669,50.3208],[-4.766,50.3195],[-4.7661,50.3194],[-4.7526,50.2985],[-4.7641,50.3004],[-4.7812,50.2901],[-4.787,50.2695],[-4.7857,50.2618],[-4.767,50.2566],[-4.7855,50.2456],[-4.781,50.2375],[-4.784,50.2361],[-4.7983,50.2302],[-4.7984,50.2263],[-4.7985,50.2195],[-4.8052,50.2235],[-4.8095,50.226],[-4.8189,50.2316],[-4.8625,50.236],[-4.8787,50.2243],[-4.9032,50.2066],[-4.917,50.1972],[-4.9337,50.2071],[-4.9559,50.2029],[-4.9736,50.1856],[-4.982,50.1518],[-5.0096,50.1393],[-5.0097,50.1394],[-5.0177,50.149],[-5.0094,50.15],[-5.0041,50.1506],[-5.004,50.1507],[-5.004,50.1507],[-4.9957,50.1622],[-5.0237,50.1573],[-5.0144,50.1905],[-5.0256,50.1822],[-5.0348,50.2039],[-5.0268,50.204],[-5.0284,50.2099],[-5.0285,50.2099],[-5.0275,50.2105],[-5.0252,50.2152]]]]}},{"type":"Feature","properties":{"name":"Isles of Scilly","slug":"isles-of-scilly","code":"E06000053"},"geometry":{"type":"MultiPolygon","coordinates":[[[[-6.3491,49.8982],[-6.3284,49.8925],[-6.3285,49.8921],[-6.3378,49.8931],[-6.3383,49.8934],[-6.3413,49.8823],[-6.3423,49.8829],[-6.3528,49.8892],[-6.3491,49.8982]]],[[[-6.2758,49.9212],[-6.2878,49.91],[-6.303,49.9115],[-6.3039,49.9032],[-6.3061,49.9054],[-6.3129,49.9132],[-6.3134,49.913],[-6.3135,49.9131],[-6.3136,49.9128],[-6.3205,49.9089],[-6.3266,49.9116],[-6.3276,49.9126],[-6.3091,49.9166],[-6.3104,49.9195],[-6.3121,49.9285],[-6.2978,49.9368],[-6.2766,49.9288],[-6.2758,49.9212]]],[[[-6.3319,49.9396],[-6.3325,49.9395],[-6.3443,49.9606],[-6.3465,49.9669],[-6.3207,49.9541],[-6.32,49.9525],[-6.3319,49.9396]]],[[[-6.3495,49.9519],[-6.3557,49.9465],[-6.3603,49.949],[-6.3587,49.967],[-6.3481,49.9557],[-6.3495,49.9519]]],[[[-6.2936,49.9783],[-6.2897,49.9699],[-6.2887,49.9662],[-6.2617,49.9629],[-6.2632,49.9624],[-6.2839,49.9563],[-6.2861,49.9569],[-6.2942,49.96],[-6.2942,49.9604],[-6.2944,49.9601],[-6.3023,49.9632],[-6.3037,49.9647],[-6.2954,49.9758],[-6.2922,49.9744],[-6.2937,49.9782],[-6.2936,49.9783]]]]}},{"type":"Feature","properties":{"name":"Wiltshire","slug":"wiltshire","code":"E06000054"},"geometry":{"type":"Polygon","coordinates":[[[-1.7886,51.667],[-1.7992,51.6625],[-1.7886,51.6327],[-1.8279,51.6253],[-1.8423,51.6125],[-1.8318,51.5967],[-1.8376,51.5872],[-1.8237,51.5822],[-1.8431,51.5787],[-1.8451,51.5617],[-1.8601,51.5652],[-1.8651,51.5596],[-1.8492,51.5533],[-1.8539,51.5462],[-1.8301,51.5154],[-1.837,51.5109],[-1.8467,51.5244],[-1.8376,51.5008],[-1.8135,51.507],[-1.7978,51.4844],[-1.7743,51.4825],[-1.7157,51.4884],[-1.7191,51.5007],[-1.6028,51.5183],[-1.5847,51.5249],[-1.5824,51.4943],[-1.524,51.4475],[-1.5265,51.424],[-1.5651,51.422],[-1.571,51.4153],[-1.5529,51.41],[-1.5556,51.3955],[-1.4954,51.3697],[-1.5006,51.3563],[-1.4856,51.3477],[-1.4983,51.3294],[-1.5275,51.3384],[-1.5336,51.3162],[-1.5194,51.296],[-1.5228,51.2871],[-1.5426,51.2812],[-1.5406,51.2608],[-1.5298,51.2608],[-1.536,51.2485],[-1.5458,51.2453],[-1.5776,51.2556],[-1.6076,51.2528],[-1.6336,51.2176],[-1.6897,51.2148],[-1.6941,51.204],[-1.6688,51.1908],[-1.6723,51.1785],[-1.654,51.1563],[-1.663,51.1272],[-1.6263,51.1173],[-1.6373,51.0922],[-1.6278,51.0782],[-1.6349,51.0404],[-1.6324,51.0328],[-1.5994,51.0237],[-1.5974,51.0097],[-1.6289,50.999],[-1.6197,50.983],[-1.6029,50.9785],[-1.6198,50.9586],[-1.635,50.9592],[-1.6617,50.9453],[-1.7196,50.9768],[-1.7544,50.9779],[-1.8003,50.9914],[-1.8154,50.9859],[-1.8358,51.0095],[-1.8534,51.0047],[-1.8739,50.9845],[-1.8745,51.0063],[-1.8867,50.9995],[-1.9279,50.9977],[-1.9499,50.9823],[-1.9568,50.9898],[-1.9853,50.9847],[-1.9938,50.9758],[-2.0366,50.9722],[-2.0683,50.9512],[-2.1018,50.945],[-2.1207,50.9615],[-2.1198,50.9782],[-2.1726,51.0011],[-2.1933,51.0378],[-2.242,51.071],[-2.2686,51.0687],[-2.3259,51.0797],[-2.3609,51.099],[-2.3645,51.1189],[-2.3445,51.1247],[-2.3459,51.1334],[-2.2985,51.1753],[-2.2453,51.2539],[-2.2535,51.2898],[-2.2653,51.2962],[-2.2807,51.2935],[-2.2851,51.3095],[-2.272,51.3143],[-2.2731,51.3229],[-2.2891,51.3253],[-2.3009,51.3332],[-2.2964,51.3427],[-2.3443,51.3456],[-2.292,51.3696],[-2.2967,51.3948],[-2.2819,51.3972],[-2.2908,51.4057],[-2.2785,51.4158],[-2.2946,51.4288],[-2.2851,51.4579],[-2.2957,51.4586],[-2.2905,51.4867],[-2.3115,51.4873],[-2.3243,51.4975],[-2.2524,51.5269],[-2.2665,51.5363],[-2.2603,51.5699],[-2.2726,51.5776],[-2.2451,51.5814],[-2.2419,51.5921],[-2.2077,51.6034],[-2.2067,51.5959],[-2.19,51.5925],[-2.1795,51.6],[-2.1526,51.5903],[-2.0735,51.6595],[-2.0788,51.6653],[-2.0734,51.6595],[-2.0572,51.6724],[-2.0151,51.6504],[-1.9953,51.6514],[-1.9772,51.6379],[-1.9507,51.637],[-1.963,51.6587],[-1.9421,51.6704],[-1.9209,51.6572],[-1.8766,51.6515],[-1.899,51.6797],[-1.8739,51.6826],[-1.8506,51.6563],[-1.8159,51.663],[-1.8233,51.6735],[-1.8119,51.7031],[-1.7886,51.667]]]}},{"type":"Feature","properties":{"name":"Bedford","slug":"bedford","code":"E06000055"},"geometry":{"type":"Polygon","coordinates":[[[-0.2498,52.1844],[-0.2891,52.1909],[-0.306,52.1656],[-0.3216,52.1688],[-0.3462,52.146],[-0.3611,52.1442],[-0.3448,52.116],[-0.3813,52.0935],[-0.3849,52.0755],[-0.4031,52.0692],[-0.4404,52.0634],[-0.4715,52.088],[-0.4997,52.0756],[-0.5085,52.0545],[-0.541,52.0816],[-0.5892,52.0975],[-0.5832,52.1046],[-0.5918,52.1107],[-0.6072,52.1339],[-0.6355,52.1393],[-0.6408,52.1528],[-0.6307,52.155],[-0.6274,52.1815],[-0.6681,52.195],[-0.6373,52.2273],[-0.6537,52.2683],[-0.6033,52.2788],[-0.5657,52.2535],[-0.542,52.2561],[-0.5312,52.2704],[-0.542,52.2899],[-0.5141,52.3147],[-0.5198,52.3177],[-0.4654,52.323],[-0.4361,52.3145],[-0.4358,52.2967],[-0.4218,52.2849],[-0.375,52.2805],[-0.3722,52.2735],[-0.3823,52.2711],[-0.3744,52.233],[-0.341,52.2306],[-0.3435,52.2419],[-0.3352,52.2429],[-0.2932,52.2405],[-0.2856,52.2373],[-0.2963,52.2105],[-0.2618,52.2099],[-0.2407,52.1902],[-0.2498,52.1844]]]}},{"type":"Feature","properties":{"name":"Central Bedfordshire","slug":"central-bedfordshire","code":"E06000056"},"geometry":{"type":"Polygon","coordinates":[[[-0.2498,52.1844],[-0.2607,52.1764],[-0.2167,52.1588],[-0.2348,52.1447],[-0.1715,52.1395],[-0.1544,52.1444],[-0.1445,52.1382],[-0.1576,52.0804],[-0.1725,52.0602],[-0.195,52.0624],[-0.2195,52.0367],[-0.2013,52.0098],[-0.2441,51.999],[-0.248,51.9851],[-0.2707,51.9796],[-0.2824,52.0016],[-0.2961,52.0022],[-0.3122,51.9819],[-0.3673,51.9837],[-0.3493,51.9712],[-0.3502,51.9576],[-0.3741,51.9478],[-0.383,51.9518],[-0.3796,51.978],[-0.3914,51.977],[-0.4056,51.9325],[-0.3856,51.9157],[-0.4191,51.9123],[-0.4217,51.9257],[-0.4361,51.9277],[-0.4857,51.9227],[-0.4823,51.9078],[-0.5059,51.9006],[-0.4553,51.8823],[-0.4228,51.8546],[-0.3959,51.8706],[-0.3698,51.8681],[-0.3548,51.874],[-0.3395,51.8496],[-0.3633,51.8421],[-0.3734,51.8292],[-0.4049,51.8406],[-0.4215,51.8502],[-0.4475,51.8476],[-0.4704,51.8557],[-0.4783,51.8531],[-0.4712,51.8455],[-0.5018,51.8368],[-0.5112,51.8259],[-0.5023,51.8155],[-0.5197,51.8051],[-0.5536,51.8268],[-0.5437,51.8246],[-0.5376,51.8315],[-0.5836,51.8703],[-0.6201,51.8855],[-0.652,51.8869],[-0.673,51.9018],[-0.6933,51.9003],[-0.7022,51.9091],[-0.653,51.9692],[-0.6457,51.9722],[-0.6617,51.9997],[-0.6435,52.0109],[-0.651,52.0185],[-0.6402,52.0241],[-0.643,52.0372],[-0.669,52.0487],[-0.5918,52.1107],[-0.5832,52.1046],[-0.5892,52.0975],[-0.541,52.0816],[-0.5085,52.0545],[-0.4997,52.0756],[-0.4715,52.088],[-0.4404,52.0634],[-0.4031,52.0692],[-0.3849,52.0755],[-0.3813,52.0935],[-0.3448,52.116],[-0.3611,52.1442],[-0.3462,52.146],[-0.3216,52.1688],[-0.306,52.1656],[-0.2891,52.1909],[-0.2498,52.1844]]]}},{"type":"Feature","properties":{"name":"Northumberland","slug":"northumberland","code":"E06000057"},"geometry":{"type":"MultiPolygon","coordinates":[[[[-1.7791,55.6857],[-1.7787,55.6676],[-1.8029,55.6683],[-1.8155,55.6822],[-1.8548,55.6804],[-1.8511,55.6885],[-1.8149,55.6892],[-1.7898,55.6876],[-1.7791,55.6857]]],[[[-1.9886,55.7689],[-1.988,55.7649],[-2.0016,55.7654],[-2.0042,55.7655],[-2.0016,55.7636],[-1.9587,55.7341],[-1.9578,55.7334],[-1.9574,55.7332],[-1.9381,55.7199],[-1.9101,55.7111],[-1.9075,55.7099],[-1.9027,55.7087],[-1.8706,55.6986],[-1.8742,55.6839],[-1.8856,55.6848],[-1.8732,55.6828],[-1.8716,55.6661],[-1.8551,55.6534],[-1.8415,55.643],[-1.8084,55.6344],[-1.7902,55.6505],[-1.7918,55.6534],[-1.795,55.6592],[-1.7882,55.6567],[-1.7891,55.6533],[-1.7908,55.6473],[-1.7545,55.6234],[-1.7558,55.6183],[-1.7858,55.6171],[-1.7704,55.6034],[-1.7454,55.619],[-1.7226,55.6168],[-1.6842,55.599],[-1.6671,55.5911],[-1.662,55.5869],[-1.6504,55.5834],[-1.6396,55.5784],[-1.6522,55.5714],[-1.6456,55.5741],[-1.642,55.5713],[-1.6421,55.5711],[-1.6393,55.569],[-1.6188,55.5522],[-1.6189,55.5521],[-1.6315,55.5483],[-1.6315,55.5442],[-1.642,55.5376],[-1.6107,55.5218],[-1.611,55.5177],[-1.6162,55.5129],[-1.6114,55.5128],[-1.6125,55.5015],[-1.6135,55.5003],[-1.6126,55.4999],[-1.6129,55.4968],[-1.5912,55.4924],[-1.592,55.4731],[-1.5934,55.4403],[-1.5905,55.4389],[-1.5905,55.4377],[-1.5756,55.4305],[-1.5783,55.4169],[-1.5783,55.4168],[-1.5783,55.4168],[-1.5803,55.4068],[-1.6117,55.385],[-1.6089,55.384],[-1.6022,55.3703],[-1.6022,55.3697],[-1.6014,55.3686],[-1.5917,55.3486],[-1.5866,55.336],[-1.5729,55.3386],[-1.5644,55.3338],[-1.5493,55.322],[-1.5685,55.2934],[-1.5704,55.2905],[-1.569,55.2717],[-1.5642,55.2657],[-1.5641,55.2655],[-1.5636,55.265],[-1.5223,55.2142],[-1.5222,55.2098],[-1.5148,55.2049],[-1.4991,55.1856],[-1.5058,55.1844],[-1.5118,55.1836],[-1.5252,55.1626],[-1.5403,55.1616],[-1.5261,55.16],[-1.4867,55.1165],[-1.4867,55.1165],[-1.5004,55.1279],[-1.5219,55.1436],[-1.52,55.1388],[-1.5333,55.1391],[-1.559,55.1467],[-1.5339,55.1376],[-1.5688,55.1309],[-1.5277,55.1372],[-1.5059,55.1298],[-1.4988,55.1245],[-1.4942,55.1141],[-1.4962,55.1134],[-1.4915,55.1001],[-1.4859,55.0954],[-1.4784,55.0787],[-1.4725,55.0842],[-1.4646,55.0776],[-1.4618,55.0744],[-1.4923,55.0661],[-1.4878,55.0536],[-1.5087,55.048],[-1.5103,55.0551],[-1.5324,55.0541],[-1.5399,55.0616],[-1.5571,55.0541],[-1.5751,55.0556],[-1.5785,55.0631],[-1.6379,55.0648],[-1.6477,55.0794],[-1.7138,55.0655],[-1.695,55.043],[-1.7502,55.024],[-1.7566,55.0033],[-1.7738,55.0041],[-1.7695,54.9809],[-1.7885,54.9843],[-1.8128,54.9763],[-1.8336,54.9533],[-1.8269,54.9303],[-1.8411,54.9297],[-1.8527,54.9174],[-1.8206,54.9058],[-1.8544,54.8912],[-1.8701,54.8509],[-1.9137,54.8397],[-1.9136,54.834],[-1.9326,54.8542],[-1.9493,54.853],[-1.9802,54.8682],[-2.001,54.8697],[-2.0397,54.8482],[-2.0826,54.8382],[-2.1398,54.8419],[-2.1695,54.8036],[-2.1986,54.8067],[-2.2189,54.7824],[-2.2827,54.7983],[-2.3121,54.791],[-2.3274,54.8053],[-2.3484,54.8071],[-2.39,54.8322],[-2.4117,54.8565],[-2.4228,54.8428],[-2.4606,54.8342],[-2.4954,54.8103],[-2.5235,54.806],[-2.5583,54.8167],[-2.5827,54.8459],[-2.5734,54.8535],[-2.6054,54.8844],[-2.5764,54.8967],[-2.5662,54.9192],[-2.5453,54.9292],[-2.5676,54.9409],[-2.5685,54.9584],[-2.5956,54.9635],[-2.6014,54.9713],[-2.5733,54.9876],[-2.5729,55.0164],[-2.483,55.04],[-2.504,55.0624],[-2.4861,55.0824],[-2.5026,55.0908],[-2.5621,55.0835],[-2.5684,55.0963],[-2.5935,55.1051],[-2.5989,55.1246],[-2.6569,55.1361],[-2.6773,55.1555],[-2.6746,55.1759],[-2.6898,55.189],[-2.6668,55.2216],[-2.6314,55.2237],[-2.6302,55.2448],[-2.6115,55.2471],[-2.6468,55.26],[-2.6267,55.2622],[-2.6092,55.2832],[-2.5734,55.2969],[-2.559,55.3179],[-2.5203,55.323],[-2.4754,55.3547],[-2.415,55.3589],[-2.3992,55.3482],[-2.3789,55.3492],[-2.3375,55.3672],[-2.3462,55.3731],[-2.33,55.3812],[-2.3449,55.3993],[-2.3356,55.4082],[-2.3133,55.4068],[-2.2606,55.4329],[-2.2313,55.4284],[-2.1949,55.4446],[-2.1881,55.4621],[-2.1655,55.4684],[-2.2013,55.4753],[-2.2026,55.4895],[-2.2288,55.5095],[-2.2403,55.5556],[-2.2888,55.5803],[-2.2892,55.6038],[-2.3161,55.6205],[-2.3086,55.6289],[-2.3243,55.6262],[-2.336,55.6325],[-2.3058,55.647],[-2.2344,55.641],[-2.2483,55.6521],[-2.2185,55.6643],[-2.2187,55.6759],[-2.1672,55.706],[-2.1767,55.7187],[-2.1506,55.7232],[-2.1443,55.7393],[-2.1176,55.7388],[-2.1076,55.7599],[-2.0856,55.762],[-2.0861,55.793],[-2.0345,55.8112],[-2.0344,55.8111],[-2.0016,55.7809],[-1.9886,55.7689]]]]}},{"type":"Feature","properties":{"name":"Bournemouth, Christchurch and Poole","slug":"bournemouth-christchurch-and-poole","code":"E06000058"},"geometry":{"type":"MultiPolygon","coordinates":[[[[-2.0425,50.7175],[-2.0425,50.7175],[-2.0425,50.7175],[-2.0425,50.7175]]],[[[-1.8039,50.796],[-1.7855,50.7648],[-1.7488,50.7795],[-1.739,50.7633],[-1.7442,50.7475],[-1.6818,50.7519],[-1.6919,50.7373],[-1.6925,50.7374],[-1.718,50.7347],[-1.7245,50.734],[-1.7271,50.7324],[-1.729,50.7322],[-1.7308,50.7303],[-1.7423,50.7235],[-1.7573,50.7311],[-1.7618,50.7231],[-1.7613,50.718],[-1.7461,50.7155],[-1.7395,50.7244],[-1.7485,50.7114],[-1.7488,50.7111],[-1.8042,50.7201],[-1.8119,50.7197],[-1.8182,50.7206],[-1.8375,50.7185],[-1.8669,50.7171],[-1.8771,50.7143],[-1.8853,50.7134],[-1.8913,50.7104],[-1.9128,50.7044],[-1.9469,50.6826],[-1.934,50.6991],[-1.9523,50.7041],[-1.9582,50.7156],[-1.9921,50.7127],[-1.9843,50.7193],[-1.995,50.7299],[-1.9898,50.7372],[-2.0014,50.7341],[-2.0115,50.7313],[-2.0014,50.7208],[-1.9885,50.7075],[-2.0014,50.7103],[-2.0404,50.719],[-2.0135,50.7371],[-2.0093,50.7826],[-1.9991,50.7881],[-2.0059,50.7909],[-1.9579,50.7893],[-1.9392,50.7987],[-1.9328,50.78],[-1.9195,50.784],[-1.9147,50.7734],[-1.8938,50.7801],[-1.8734,50.7634],[-1.8646,50.8066],[-1.8452,50.8096],[-1.8337,50.8],[-1.8039,50.796]]]]}},{"type":"Feature","properties":{"name":"Dorset","slug":"dorset","code":"E06000059"},"geometry":{"type":"MultiPolygon","coordinates":[[[[-1.9562,50.692],[-1.9616,50.6863],[-1.988,50.6925],[-1.9653,50.6948],[-1.9562,50.692]]],[[[-2.3259,51.0797],[-2.2686,51.0687],[-2.242,51.071],[-2.1933,51.0378],[-2.1726,51.0011],[-2.1198,50.9782],[-2.1207,50.9615],[-2.1018,50.945],[-2.0683,50.9512],[-2.0366,50.9722],[-1.9938,50.9758],[-1.9853,50.9847],[-1.9568,50.9898],[-1.9555,50.9783],[-1.9208,50.9614],[-1.8736,50.9172],[-1.8418,50.9317],[-1.8107,50.9272],[-1.8165,50.9039],[-1.8486,50.8899],[-1.8535,50.8635],[-1.83,50.8553],[-1.8071,50.8633],[-1.8025,50.843],[-1.7906,50.8363],[-1.8034,50.8303],[-1.8119,50.8086],[-1.8039,50.796],[-1.8337,50.8],[-1.8452,50.8096],[-1.8646,50.8066],[-1.8734,50.7634],[-1.8938,50.7801],[-1.9147,50.7734],[-1.9195,50.784],[-1.9328,50.78],[-1.9392,50.7987],[-1.9579,50.7893],[-2.0059,50.7909],[-1.9991,50.7881],[-2.0093,50.7826],[-2.0135,50.7371],[-2.0404,50.719],[-2.0407,50.719],[-2.0275,50.7292],[-2.0538,50.729],[-2.0418,50.7259],[-2.0425,50.7175],[-2.0425,50.7175],[-2.0425,50.7175],[-2.0427,50.7145],[-2.0675,50.7151],[-2.0719,50.7079],[-2.0577,50.7056],[-2.0737,50.706],[-2.0711,50.6981],[-2.0795,50.6947],[-2.0793,50.6943],[-2.079,50.6902],[-2.0789,50.6895],[-2.0658,50.687],[-2.0545,50.6999],[-2.0261,50.7074],[-2.0185,50.7007],[-2.0348,50.7021],[-2.0247,50.6876],[-2.053,50.6779],[-2.0252,50.6845],[-2.0266,50.6781],[-2.0471,50.6704],[-2.029,50.6744],[-2.0271,50.6681],[-2.0216,50.6821],[-2.0114,50.6827],[-2.0105,50.6709],[-2.0014,50.675],[-1.9998,50.6757],[-1.9933,50.6673],[-1.9783,50.6769],[-1.9835,50.667],[-1.9681,50.6604],[-1.971,50.6693],[-1.9498,50.6802],[-1.9411,50.6721],[-1.9432,50.666],[-1.9518,50.6501],[-1.9492,50.6479],[-1.9498,50.6461],[-1.9464,50.6456],[-1.9406,50.6409],[-1.9264,50.6425],[-1.9238,50.6421],[-1.9535,50.6197],[-1.9566,50.6173],[-1.9566,50.6171],[-1.9567,50.617],[-1.9564,50.6147],[-1.956,50.6086],[-1.9556,50.6085],[-1.9556,50.6083],[-1.9477,50.6078],[-1.9439,50.6075],[-1.9512,50.5946],[-2.0263,50.589],[-2.0549,50.5765],[-2.057,50.5804],[-2.064,50.5935],[-2.0643,50.5936],[-2.0644,50.5936],[-2.0659,50.5937],[-2.1107,50.5986],[-2.1335,50.6123],[-2.1338,50.6122],[-2.1345,50.6126],[-2.146,50.6085],[-2.158,50.6155],[-2.1726,50.6152],[-2.1975,50.6227],[-2.198,50.6226],[-2.1985,50.623],[-2.2229,50.6195],[-2.2439,50.6165],[-2.2503,50.6171],[-2.267,50.6194],[-2.2841,50.6217],[-2.3307,50.628],[-2.3389,50.6319],[-2.3673,50.633],[-2.3949,50.6367],[-2.4228,50.636],[-2.4246,50.6351],[-2.4256,50.6351],[-2.4273,50.6337],[-2.4394,50.6275],[-2.4479,50.6188],[-2.4525,50.6141],[-2.4449,50.6094],[-2.4597,50.6078],[-2.4447,50.6093],[-2.4414,50.6097],[-2.4414,50.6097],[-2.451,50.6038],[-2.448,50.6026],[-2.449,50.6015],[-2.4324,50.5962],[-2.4503,50.6011],[-2.4702,50.584],[-2.4699,50.5836],[-2.4704,50.5831],[-2.4971,50.5973],[-2.4957,50.6029],[-2.5175,50.6179],[-2.5339,50.6185],[-2.5351,50.6185],[-2.5604,50.6391],[-2.567,50.6411],[-2.6115,50.6541],[-2.5669,50.6316],[-2.5408,50.6184],[-2.4973,50.5964],[-2.4695,50.5824],[-2.4614,50.5721],[-2.4606,50.5711],[-2.4605,50.5711],[-2.4605,50.571],[-2.4377,50.57],[-2.4222,50.5693],[-2.4284,50.5661],[-2.42,50.5551],[-2.4186,50.5463],[-2.4556,50.514],[-2.4567,50.5131],[-2.4503,50.5612],[-2.5311,50.6121],[-2.5441,50.6184],[-2.5669,50.6296],[-2.6374,50.664],[-2.7934,50.7181],[-2.8514,50.7258],[-2.9055,50.733],[-2.9085,50.7334],[-2.9085,50.7334],[-2.9118,50.7338],[-2.9474,50.7184],[-2.9531,50.7285],[-2.9351,50.7543],[-2.9543,50.7677],[-2.8866,50.7948],[-2.8928,50.8048],[-2.9613,50.8156],[-2.9543,50.8212],[-2.9417,50.8359],[-2.8891,50.85],[-2.8288,50.8487],[-2.8114,50.8634],[-2.7923,50.8528],[-2.7575,50.8669],[-2.7145,50.8639],[-2.7144,50.8712],[-2.6607,50.8871],[-2.6155,50.8819],[-2.6095,50.8915],[-2.6241,50.9077],[-2.604,50.9267],[-2.6161,50.9406],[-2.5982,50.9486],[-2.6034,50.9763],[-2.5958,50.9813],[-2.586,50.9769],[-2.5746,50.9867],[-2.5562,50.9795],[-2.5454,50.9851],[-2.5474,50.9995],[-2.5264,50.9919],[-2.5023,50.9938],[-2.4903,50.9728],[-2.4562,50.9493],[-2.4429,50.9597],[-2.4472,50.9679],[-2.428,50.9714],[-2.4149,50.9606],[-2.3446,50.9788],[-2.3549,50.9909],[-2.3769,50.9908],[-2.3813,51.0049],[-2.33,51.0413],[-2.35,51.0689],[-2.3259,51.0797]]]]}},{"type":"Feature","properties":{"name":"Buckinghamshire","slug":"buckinghamshire","code":"E06000060"},"geometry":{"type":"Polygon","coordinates":[[[-0.8713,52.0402],[-0.8198,52.0123],[-0.8037,51.9855],[-0.762,51.9856],[-0.7404,51.9699],[-0.7139,51.9779],[-0.7131,51.9898],[-0.653,51.9692],[-0.7022,51.9091],[-0.6933,51.9003],[-0.673,51.9018],[-0.652,51.8869],[-0.6201,51.8855],[-0.5836,51.8703],[-0.5376,51.8315],[-0.5437,51.8246],[-0.5536,51.8268],[-0.5607,51.8301],[-0.5818,51.8069],[-0.6329,51.8199],[-0.6672,51.8158],[-0.6954,51.8411],[-0.6868,51.8492],[-0.6964,51.8582],[-0.7174,51.8572],[-0.7458,51.8418],[-0.7242,51.8181],[-0.7093,51.8205],[-0.6854,51.8002],[-0.6902,51.7923],[-0.6701,51.7665],[-0.6129,51.7474],[-0.5864,51.7521],[-0.5749,51.737],[-0.5536,51.734],[-0.5504,51.723],[-0.5632,51.7119],[-0.544,51.6968],[-0.5487,51.6827],[-0.5243,51.6821],[-0.5051,51.6731],[-0.521,51.668],[-0.5228,51.6584],[-0.5369,51.6606],[-0.5393,51.638],[-0.5205,51.6019],[-0.5006,51.5997],[-0.4766,51.5592],[-0.4955,51.5385],[-0.4832,51.5071],[-0.49,51.4947],[-0.5318,51.4934],[-0.527,51.5095],[-0.5687,51.5113],[-0.5751,51.5293],[-0.5673,51.533],[-0.5899,51.5227],[-0.6305,51.5389],[-0.6599,51.5284],[-0.6593,51.5049],[-0.6422,51.5006],[-0.6339,51.4924],[-0.6521,51.4855],[-0.7032,51.5111],[-0.6912,51.5568],[-0.6965,51.5652],[-0.7118,51.5648],[-0.7181,51.5776],[-0.7571,51.5648],[-0.7743,51.5669],[-0.793,51.5514],[-0.8427,51.5448],[-0.8797,51.5621],[-0.8969,51.5449],[-0.9017,51.5562],[-0.9384,51.5712],[-0.9415,51.5855],[-0.9169,51.5996],[-0.9431,51.6049],[-0.9386,51.6178],[-0.95,51.6289],[-0.9346,51.6367],[-0.9507,51.6507],[-0.9273,51.6514],[-0.9322,51.6649],[-0.9177,51.6724],[-0.8777,51.6684],[-0.8979,51.6764],[-0.8799,51.6809],[-0.8948,51.6925],[-0.8884,51.7192],[-0.9241,51.7477],[-0.9542,51.7579],[-0.9798,51.7607],[-0.9863,51.7521],[-1.0298,51.7579],[-1.0304,51.7449],[-1.0455,51.7446],[-1.0809,51.7566],[-1.0832,51.7805],[-1.1064,51.7816],[-1.1235,51.7942],[-1.1249,51.8075],[-1.1101,51.8173],[-1.1408,51.8347],[-1.1216,51.8453],[-1.0784,51.8293],[-1.0471,51.8398],[-1.062,51.8441],[-1.0646,51.8687],[-1.0776,51.8767],[-1.069,51.8873],[-1.0935,51.8939],[-1.0794,51.9172],[-1.0867,51.9226],[-1.0546,51.948],[-1.079,51.9434],[-1.0952,51.9574],[-1.0531,52.0024],[-1.1181,52.0154],[-1.1367,52.0222],[-1.122,52.0451],[-1.0621,52.0627],[-1.0277,52.0637],[-1.0422,52.0737],[-1.0263,52.0757],[-0.9678,52.0709],[-0.9519,52.0815],[-0.906,52.0212],[-0.8901,52.0315],[-0.8776,52.0299],[-0.8713,52.0402]]]}},{"type":"Feature","properties":{"name":"North Northamptonshire","slug":"north-northamptonshire","code":"E06000061"},"geometry":{"type":"Polygon","coordinates":[[[-0.495,52.6402],[-0.4947,52.6403],[-0.4709,52.6236],[-0.4927,52.5819],[-0.4788,52.5736],[-0.4154,52.5787],[-0.4073,52.5641],[-0.4196,52.559],[-0.4013,52.5387],[-0.4136,52.5257],[-0.3543,52.5065],[-0.3594,52.4898],[-0.3416,52.4669],[-0.3702,52.4399],[-0.3624,52.4335],[-0.4171,52.4116],[-0.4415,52.385],[-0.4959,52.3795],[-0.4885,52.374],[-0.4987,52.3601],[-0.4777,52.3489],[-0.4833,52.3409],[-0.4667,52.3389],[-0.4654,52.323],[-0.5198,52.3177],[-0.5141,52.3147],[-0.542,52.2899],[-0.5312,52.2704],[-0.542,52.2561],[-0.5657,52.2535],[-0.6033,52.2788],[-0.6537,52.2683],[-0.6373,52.2273],[-0.6681,52.195],[-0.7055,52.1916],[-0.7276,52.2382],[-0.7624,52.2488],[-0.7914,52.2422],[-0.8014,52.2527],[-0.818,52.3096],[-0.7858,52.3306],[-0.7912,52.356],[-0.8309,52.376],[-0.8406,52.3929],[-0.8737,52.4027],[-0.8905,52.3986],[-0.8869,52.4234],[-0.8644,52.4342],[-0.9044,52.4422],[-0.9013,52.4598],[-0.8824,52.4713],[-0.898,52.4869],[-0.8821,52.4932],[-0.8834,52.514],[-0.8687,52.527],[-0.8201,52.5155],[-0.7749,52.5183],[-0.7572,52.5109],[-0.7137,52.525],[-0.6609,52.5689],[-0.603,52.5887],[-0.5887,52.5868],[-0.5815,52.5959],[-0.5719,52.5858],[-0.5581,52.5945],[-0.5442,52.5929],[-0.5529,52.6014],[-0.5403,52.626],[-0.5172,52.6424],[-0.495,52.6402]]]}},{"type":"Feature","properties":{"name":"West Northamptonshire","slug":"west-northamptonshire","code":"E06000062"},"geometry":{"type":"Polygon","coordinates":[[[-0.9013,52.4598],[-0.9044,52.4422],[-0.8644,52.4342],[-0.8869,52.4234],[-0.8905,52.3986],[-0.8737,52.4027],[-0.8406,52.3929],[-0.8309,52.376],[-0.7912,52.356],[-0.7858,52.3306],[-0.818,52.3096],[-0.8014,52.2527],[-0.7914,52.2422],[-0.7624,52.2488],[-0.7276,52.2382],[-0.7055,52.1916],[-0.7497,52.1669],[-0.778,52.1687],[-0.7921,52.1513],[-0.8076,52.157],[-0.814,52.1425],[-0.832,52.1437],[-0.8282,52.1326],[-0.8808,52.1263],[-0.887,52.1142],[-0.8715,52.1118],[-0.8695,52.1],[-0.8467,52.0915],[-0.8313,52.072],[-0.8396,52.0638],[-0.8627,52.0609],[-0.8524,52.0507],[-0.8713,52.0402],[-0.8776,52.0299],[-0.8901,52.0315],[-0.906,52.0212],[-0.9519,52.0815],[-0.9678,52.0709],[-1.0263,52.0757],[-1.0422,52.0737],[-1.0277,52.0637],[-1.0621,52.0627],[-1.122,52.0451],[-1.1367,52.0222],[-1.1181,52.0154],[-1.1343,51.9973],[-1.1638,51.9934],[-1.1963,51.9774],[-1.2416,51.9863],[-1.2835,51.9796],[-1.2782,52.0143],[-1.3129,52.0515],[-1.2975,52.0781],[-1.3182,52.0799],[-1.3212,52.087],[-1.2481,52.0972],[-1.3319,52.1685],[-1.3131,52.1905],[-1.255,52.1978],[-1.2847,52.2384],[-1.2669,52.2352],[-1.233,52.2533],[-1.2156,52.2664],[-1.2338,52.2903],[-1.2092,52.3152],[-1.2654,52.3284],[-1.2338,52.3464],[-1.175,52.3563],[-1.2016,52.3967],[-1.184,52.3922],[-1.1494,52.397],[-1.1293,52.4161],[-1.0844,52.4363],[-1.05,52.4222],[-1.0343,52.4363],[-1.0445,52.4458],[-1.0007,52.4709],[-0.9519,52.4774],[-0.9422,52.4678],[-0.9013,52.4598]]]}},{"type":"Feature","properties":{"name":"Cumberland","slug":"cumberland","code":"E06000063"},"geometry":{"type":"Polygon","coordinates":[[[-2.5827,54.8459],[-2.6037,54.8533],[-2.6553,54.8547],[-2.6801,54.8353],[-2.7012,54.8336],[-2.6897,54.8194],[-2.7057,54.8164],[-2.7496,54.8291],[-2.7564,54.8229],[-2.7994,54.8187],[-2.8631,54.8372],[-2.8815,54.8234],[-2.9074,54.8219],[-2.9044,54.813],[-2.9211,54.8092],[-2.9312,54.7922],[-2.9844,54.7762],[-2.9938,54.7596],[-3.0261,54.7481],[-2.9836,54.7209],[-2.9923,54.6962],[-3.0638,54.7001],[-3.0819,54.6953],[-3.0872,54.6861],[-3.0546,54.6798],[-3.0867,54.6636],[-3.0943,54.6439],[-3.087,54.6127],[-3.0444,54.6142],[-3.0343,54.6028],[-3.0074,54.5953],[-3.0371,54.5809],[-3.0183,54.575],[-3.0288,54.5669],[-3.0167,54.5616],[-3.0258,54.53],[-3.0153,54.5255],[-3.0135,54.5011],[-3.0762,54.4894],[-3.0978,54.4719],[-3.1095,54.474],[-3.1126,54.4615],[-3.1364,54.4707],[-3.1669,54.4544],[-3.157,54.4303],[-3.136,54.4219],[-3.124,54.4275],[-3.1141,54.4183],[-3.1708,54.3997],[-3.1946,54.3544],[-3.2071,54.353],[-3.2419,54.3235],[-3.2309,54.3147],[-3.2305,54.2698],[-3.2337,54.2602],[-3.2295,54.2569],[-3.2229,54.2515],[-3.2293,54.25],[-3.2437,54.2464],[-3.2293,54.2492],[-3.2282,54.2494],[-3.2257,54.2398],[-3.2289,54.2376],[-3.2659,54.2134],[-3.2541,54.2103],[-3.2515,54.2158],[-3.2452,54.2093],[-3.2393,54.2033],[-3.2542,54.1915],[-3.2877,54.1971],[-3.298,54.1887],[-3.3217,54.1903],[-3.342,54.2083],[-3.3937,54.254],[-3.4212,54.2847],[-3.4236,54.3384],[-3.4101,54.3504],[-3.4173,54.349],[-3.4353,54.3434],[-3.4784,54.3864],[-3.503,54.4109],[-3.5434,54.441],[-3.6178,54.4963],[-3.6378,54.5126],[-3.6133,54.5253],[-3.6093,54.5301],[-3.608,54.5307],[-3.605,54.5353],[-3.5911,54.5522],[-3.5872,54.5624],[-3.5853,54.5654],[-3.5823,54.5753],[-3.5725,54.6007],[-3.5659,54.6123],[-3.5799,54.6523],[-3.5717,54.6509],[-3.5513,54.6481],[-3.5443,54.6472],[-3.5513,54.6482],[-3.5715,54.6511],[-3.552,54.6666],[-3.5192,54.6927],[-3.5145,54.7067],[-3.5077,54.7168],[-3.4939,54.7125],[-3.5073,54.7174],[-3.5069,54.718],[-3.4582,54.7462],[-3.4369,54.7585],[-3.4378,54.8019],[-3.3999,54.8674],[-3.3675,54.8911],[-3.338,54.9003],[-3.2856,54.8783],[-3.2873,54.8915],[-3.275,54.8878],[-3.2625,54.8951],[-3.2638,54.8891],[-3.2495,54.9007],[-3.2524,54.9112],[-3.2717,54.8995],[-3.3085,54.9116],[-3.3143,54.9203],[-3.3042,54.9277],[-3.2851,54.9416],[-3.2653,54.943],[-3.2688,54.9371],[-3.2504,54.9451],[-3.2321,54.9531],[-3.2044,54.9537],[-3.1534,54.9319],[-3.1381,54.9294],[-3.1188,54.9262],[-3.1187,54.9258],[-3.1189,54.9255],[-3.1189,54.9254],[-3.0841,54.9298],[-3.0841,54.9298],[-3.1189,54.9346],[-3.1252,54.944],[-3.1139,54.9407],[-3.1219,54.9445],[-3.1142,54.9472],[-3.1271,54.9509],[-3.0957,54.9462],[-3.1038,54.9486],[-3.1173,54.9559],[-3.1056,54.9507],[-3.1116,54.9576],[-3.0854,54.9652],[-3.0634,54.9835],[-3.0603,54.9845],[-3.0497,54.9835],[-3.0483,54.9834],[-3.0522,54.9905],[-3.0441,54.9986],[-3.0495,55.0094],[-3.0259,55.0365],[-3.0534,55.0473],[-3.0509,55.0528],[-2.9586,55.0493],[-2.9364,55.0596],[-2.9404,55.0691],[-2.8969,55.0779],[-2.8863,55.0948],[-2.8585,55.1083],[-2.8276,55.1248],[-2.8255,55.1383],[-2.7848,55.1418],[-2.7035,55.1732],[-2.6898,55.189],[-2.6746,55.1759],[-2.6773,55.1555],[-2.6569,55.1361],[-2.5989,55.1246],[-2.5935,55.1051],[-2.5684,55.0963],[-2.5621,55.0835],[-2.5026,55.0908],[-2.4861,55.0824],[-2.504,55.0624],[-2.483,55.04],[-2.5729,55.0164],[-2.5733,54.9876],[-2.6014,54.9713],[-2.5956,54.9635],[-2.5685,54.9584],[-2.5676,54.9409],[-2.5453,54.9292],[-2.5662,54.9192],[-2.5764,54.8967],[-2.6054,54.8844],[-2.5734,54.8535],[-2.5827,54.8459]]]}},{"type":"Feature","properties":{"name":"Westmorland and Furness","slug":"westmorland-and-furness","code":"E06000064"},"geometry":{"type":"MultiPolygon","coordinates":[[[[-3.2429,54.0989],[-3.2525,54.0958],[-3.2432,54.0975],[-3.2472,54.0922],[-3.2243,54.082],[-3.221,54.0805],[-3.2241,54.0756],[-3.2268,54.0716],[-3.224,54.0705],[-3.2103,54.0652],[-3.2049,54.0516],[-3.1786,54.0553],[-3.1741,54.0483],[-3.173,54.0553],[-3.1732,54.0471],[-3.2099,54.0477],[-3.2237,54.0618],[-3.2686,54.1074],[-3.2764,54.1429],[-3.2523,54.1504],[-3.2669,54.1419],[-3.2456,54.1099],[-3.2429,54.0989]]],[[[-2.3484,54.8071],[-2.3274,54.8053],[-2.3121,54.791],[-2.3257,54.7266],[-2.3557,54.6977],[-2.3518,54.6859],[-2.3273,54.6707],[-2.2929,54.6639],[-2.288,54.6505],[-2.3249,54.6317],[-2.3045,54.5962],[-2.2095,54.5517],[-2.1975,54.5327],[-2.1724,54.5324],[-2.159,54.472],[-2.1702,54.4582],[-2.1775,54.4616],[-2.1893,54.449],[-2.2495,54.4519],[-2.2929,54.4393],[-2.3081,54.4198],[-2.3054,54.3971],[-2.2917,54.3906],[-2.2974,54.3769],[-2.317,54.3763],[-2.3446,54.3596],[-2.3677,54.3561],[-2.3098,54.3243],[-2.323,54.3111],[-2.3172,54.2872],[-2.3259,54.2797],[-2.3155,54.2701],[-2.3256,54.2414],[-2.3481,54.2378],[-2.3623,54.2498],[-2.373,54.2401],[-2.3968,54.2394],[-2.4056,54.2249],[-2.4609,54.2267],[-2.4596,54.2396],[-2.5761,54.1956],[-2.625,54.1956],[-2.6399,54.202],[-2.6798,54.1612],[-2.7365,54.169],[-2.7344,54.1841],[-2.7682,54.186],[-2.799,54.1977],[-2.8372,54.1742],[-2.8379,54.1742],[-2.8635,54.1825],[-2.8641,54.192],[-2.8425,54.2056],[-2.8872,54.1991],[-2.902,54.1894],[-2.8961,54.1812],[-2.9107,54.1795],[-2.8994,54.1761],[-2.9205,54.1659],[-2.9223,54.165],[-2.9205,54.165],[-2.9083,54.1648],[-2.9202,54.1547],[-2.9254,54.1503],[-2.9999,54.1548],[-2.9894,54.1795],[-3.0065,54.1722],[-3.005,54.1803],[-3.0103,54.1769],[-3.0387,54.1973],[-3.023,54.1916],[-3.0347,54.1963],[-3.0329,54.2113],[-3.0328,54.2127],[-3.0344,54.2113],[-3.0635,54.1862],[-3.0609,54.162],[-3.1057,54.119],[-3.1491,54.0936],[-3.1725,54.0818],[-3.1507,54.0648],[-3.1714,54.0796],[-3.178,54.0749],[-3.1737,54.0833],[-3.1917,54.1031],[-3.2148,54.0981],[-3.2202,54.0897],[-3.2247,54.0938],[-3.2421,54.1093],[-3.237,54.1547],[-3.2494,54.1547],[-3.2576,54.1665],[-3.2271,54.1748],[-3.2172,54.1775],[-3.2231,54.1878],[-3.2148,54.1856],[-3.2131,54.2072],[-3.2059,54.2097],[-3.202,54.2111],[-3.2024,54.2114],[-3.2024,54.2115],[-3.2027,54.2117],[-3.2032,54.2122],[-3.2033,54.2123],[-3.1797,54.2388],[-3.1977,54.2289],[-3.2103,54.254],[-3.2291,54.26],[-3.2278,54.2777],[-3.23,54.2714],[-3.2305,54.2698],[-3.2309,54.3147],[-3.2419,54.3235],[-3.2071,54.353],[-3.1946,54.3544],[-3.1708,54.3997],[-3.1141,54.4183],[-3.124,54.4275],[-3.136,54.4219],[-3.157,54.4303],[-3.1669,54.4544],[-3.1364,54.4707],[-3.1126,54.4615],[-3.1095,54.474],[-3.0978,54.4719],[-3.0762,54.4894],[-3.0135,54.5011],[-3.0153,54.5255],[-3.0258,54.53],[-3.0167,54.5616],[-3.0288,54.5669],[-3.0183,54.575],[-3.0371,54.5809],[-3.0074,54.5953],[-3.0343,54.6028],[-3.0444,54.6142],[-3.087,54.6127],[-3.0943,54.6439],[-3.0867,54.6636],[-3.0546,54.6798],[-3.0872,54.6861],[-3.0819,54.6953],[-3.0638,54.7001],[-2.9923,54.6962],[-2.9836,54.7209],[-3.0261,54.7481],[-2.9938,54.7596],[-2.9844,54.7762],[-2.9312,54.7922],[-2.9211,54.8092],[-2.9044,54.813],[-2.9074,54.8219],[-2.8815,54.8234],[-2.8631,54.8372],[-2.7994,54.8187],[-2.7564,54.8229],[-2.7496,54.8291],[-2.7057,54.8164],[-2.6897,54.8194],[-2.7012,54.8336],[-2.6801,54.8353],[-2.6553,54.8547],[-2.6037,54.8533],[-2.5827,54.8459],[-2.5583,54.8167],[-2.5235,54.806],[-2.4954,54.8103],[-2.4606,54.8342],[-2.4228,54.8428],[-2.4117,54.8565],[-2.39,54.8322],[-2.3484,54.8071]]]]}},{"type":"Feature","properties":{"name":"North Yorkshire","slug":"north-yorkshire","code":"E06000065"},"geometry":{"type":"Polygon","coordinates":[[[-0.2127,54.1577],[-0.2297,54.1324],[-0.2654,54.1406],[-0.3042,54.1363],[-0.3238,54.1503],[-0.3464,54.1469],[-0.3749,54.1541],[-0.3907,54.1765],[-0.4184,54.174],[-0.4332,54.1641],[-0.4271,54.1374],[-0.4585,54.126],[-0.4544,54.1168],[-0.4659,54.1076],[-0.5246,54.0855],[-0.5631,54.094],[-0.6155,54.0705],[-0.6603,54.0631],[-0.6447,54.0551],[-0.6595,54.0372],[-0.687,54.0308],[-0.6835,54.0088],[-0.7305,54.0127],[-0.7343,54.0303],[-0.7992,54.0191],[-0.8007,54.0241],[-0.8784,54.0172],[-0.8939,53.9995],[-0.9253,53.9915],[-0.9948,53.9831],[-0.9719,53.9967],[-0.9754,54.0047],[-0.9847,54.0025],[-0.9669,54.023],[-1.0021,54.0553],[-1.0144,54.0493],[-1.0597,54.0569],[-1.0587,54.0478],[-1.0894,54.048],[-1.1202,54.029],[-1.1408,54.0299],[-1.1491,54.0029],[-1.137,53.9911],[-1.1517,53.9891],[-1.1888,54.0025],[-1.1821,53.9853],[-1.2166,53.9856],[-1.2237,53.9748],[-1.1995,53.9254],[-1.1053,53.8757],[-1.0912,53.8858],[-1.065,53.8746],[-1.0082,53.8899],[-0.9928,53.8752],[-0.944,53.8881],[-0.9234,53.8807],[-0.9482,53.8616],[-0.9406,53.8235],[-0.9201,53.8161],[-0.9345,53.8018],[-0.9283,53.7656],[-0.9736,53.7499],[-0.9608,53.736],[-0.911,53.7327],[-0.9037,53.7184],[-0.9577,53.7148],[-0.9626,53.7008],[-0.9805,53.705],[-0.9803,53.6969],[-1.0389,53.6939],[-1.0617,53.7068],[-1.0749,53.7039],[-1.0811,53.6845],[-1.1034,53.6695],[-1.0487,53.6561],[-1.0661,53.6489],[-1.1216,53.6467],[-1.1349,53.6327],[-1.1551,53.6432],[-1.1892,53.6359],[-1.2098,53.6432],[-1.2175,53.6242],[-1.2328,53.6211],[-1.2555,53.6454],[-1.2444,53.6925],[-1.1991,53.6949],[-1.1988,53.7007],[-1.2198,53.7144],[-1.2263,53.7099],[-1.2294,53.7149],[-1.2687,53.715],[-1.302,53.7417],[-1.3154,53.7437],[-1.3122,53.7559],[-1.2949,53.7555],[-1.2904,53.7632],[-1.3138,53.7816],[-1.3149,53.8096],[-1.3036,53.8165],[-1.3361,53.8336],[-1.3266,53.8404],[-1.353,53.8568],[-1.3124,53.8657],[-1.3218,53.9029],[-1.3005,53.9075],[-1.2972,53.9216],[-1.3074,53.9212],[-1.2941,53.9269],[-1.3089,53.924],[-1.3071,53.9345],[-1.3447,53.9395],[-1.3404,53.9459],[-1.3972,53.9425],[-1.4067,53.9278],[-1.4326,53.9272],[-1.433,53.9108],[-1.4629,53.9059],[-1.4988,53.9153],[-1.5488,53.9109],[-1.5519,53.903],[-1.5836,53.9093],[-1.5879,53.9013],[-1.5994,53.9097],[-1.6207,53.9034],[-1.6517,53.9056],[-1.6551,53.9125],[-1.6846,53.9106],[-1.7071,53.9191],[-1.718,53.9085],[-1.7272,53.9102],[-1.7456,53.923],[-1.776,53.9215],[-1.8051,53.939],[-1.8477,53.9408],[-1.8362,53.9314],[-1.8606,53.9328],[-1.8795,53.9628],[-1.928,53.9505],[-1.9507,53.9567],[-1.9662,53.9516],[-1.9631,53.9334],[-1.9769,53.9264],[-1.9524,53.9035],[-1.9794,53.9011],[-1.9802,53.8711],[-2.0218,53.8715],[-2.0461,53.8501],[-2.0899,53.8682],[-2.0814,53.8757],[-2.103,53.8909],[-2.1133,53.9156],[-2.1322,53.9265],[-2.1823,53.9354],[-2.1845,53.9522],[-2.196,53.9696],[-2.2257,53.9611],[-2.2321,53.9712],[-2.2211,53.9779],[-2.2304,53.9816],[-2.2945,53.9745],[-2.3192,53.9938],[-2.34,53.9895],[-2.3522,53.9946],[-2.3523,54.0106],[-2.3396,54.0093],[-2.3573,54.0191],[-2.3741,54.0491],[-2.4258,54.0381],[-2.4695,54.0462],[-2.4643,54.0753],[-2.5095,54.0954],[-2.524,54.0946],[-2.5647,54.1269],[-2.5605,54.1531],[-2.534,54.1577],[-2.4609,54.2267],[-2.4056,54.2249],[-2.3968,54.2394],[-2.373,54.2401],[-2.3623,54.2498],[-2.3481,54.2378],[-2.3256,54.2414],[-2.3155,54.2701],[-2.3259,54.2797],[-2.3172,54.2872],[-2.323,54.3111],[-2.3098,54.3243],[-2.3677,54.3561],[-2.3446,54.3596],[-2.317,54.3763],[-2.2974,54.3769],[-2.2917,54.3906],[-2.3054,54.3971],[-2.3081,54.4198],[-2.2929,54.4393],[-2.2495,54.4519],[-2.1893,54.449],[-2.1775,54.4616],[-2.1702,54.4582],[-2.1166,54.4623],[-2.0432,54.4836],[-2.0447,54.4752],[-1.9968,54.4669],[-1.9701,54.4515],[-1.9425,54.4534],[-1.8591,54.4819],[-1.8578,54.5035],[-1.8394,54.5084],[-1.793,54.4845],[-1.7761,54.5067],[-1.7797,54.5319],[-1.7331,54.5277],[-1.7213,54.5423],[-1.6969,54.536],[-1.6579,54.5346],[-1.6547,54.5247],[-1.6338,54.5254],[-1.6334,54.5141],[-1.6115,54.52],[-1.6025,54.5105],[-1.5811,54.5128],[-1.5919,54.5043],[-1.5792,54.5052],[-1.583,54.4971],[-1.5552,54.485],[-1.5457,54.4712],[-1.5197,54.4711],[-1.5288,54.4848],[-1.5141,54.4838],[-1.5113,54.475],[-1.4918,54.4862],[-1.4988,54.4753],[-1.4755,54.4739],[-1.4623,54.4512],[-1.4584,54.4925],[-1.4748,54.5004],[-1.4585,54.5039],[-1.4349,54.4875],[-1.4321,54.4795],[-1.4128,54.4772],[-1.4071,54.4935],[-1.3951,54.4857],[-1.381,54.494],[-1.3726,54.4723],[-1.3644,54.466],[-1.3449,54.4724],[-1.3436,54.4642],[-1.3004,54.4758],[-1.2811,54.4906],[-1.2574,54.4873],[-1.2567,54.5011],[-1.2349,54.5103],[-1.1462,54.5028],[-1.1184,54.4982],[-1.0947,54.5067],[-1.0369,54.494],[-1.0034,54.503],[-0.9526,54.488],[-0.8808,54.497],[-0.8485,54.488],[-0.8486,54.53],[-0.8271,54.5485],[-0.8004,54.551],[-0.7918,54.5583],[-0.7846,54.5579],[-0.7668,54.5502],[-0.7648,54.5482],[-0.7435,54.5282],[-0.7345,54.5302],[-0.7128,54.533],[-0.6991,54.5271],[-0.6928,54.5207],[-0.6835,54.5202],[-0.6821,54.5196],[-0.6704,54.5008],[-0.6239,54.4955],[-0.6104,54.4935],[-0.5736,54.4813],[-0.5544,54.4697],[-0.5208,54.4463],[-0.5327,54.4334],[-0.5285,54.4254],[-0.5287,54.4249],[-0.5279,54.4243],[-0.5242,54.4173],[-0.5118,54.4137],[-0.5037,54.4084],[-0.4977,54.4096],[-0.491,54.4077],[-0.4636,54.389],[-0.4617,54.386],[-0.4615,54.3857],[-0.4327,54.3402],[-0.4171,54.3314],[-0.4074,54.2935],[-0.3848,54.2882],[-0.3849,54.2881],[-0.3967,54.2745],[-0.3687,54.2485],[-0.3661,54.2477],[-0.3658,54.2474],[-0.3552,54.2443],[-0.2655,54.2165],[-0.2774,54.2121],[-0.2807,54.2116],[-0.2805,54.211],[-0.2838,54.2097],[-0.282,54.2035],[-0.2769,54.1861],[-0.2452,54.1665],[-0.2127,54.1577]]]}},{"type":"Feature","properties":{"name":"Somerset","slug":"somerset","code":"E06000066"},"geometry":{"type":"Polygon","coordinates":[[[-3.0001,51.3221],[-2.9901,51.3165],[-2.9899,51.3163],[-2.9866,51.3128],[-2.987,51.3115],[-2.9932,51.301],[-2.9881,51.3065],[-2.9898,51.299],[-2.9726,51.2957],[-2.962,51.3048],[-2.9369,51.3031],[-2.8971,51.2906],[-2.8849,51.3067],[-2.8772,51.3001],[-2.8102,51.3014],[-2.8147,51.327],[-2.6949,51.3181],[-2.6386,51.2948],[-2.6274,51.2828],[-2.5578,51.3027],[-2.4972,51.2908],[-2.5064,51.279],[-2.478,51.2731],[-2.4738,51.278],[-2.4517,51.2743],[-2.4009,51.3048],[-2.3872,51.2946],[-2.2891,51.3253],[-2.2731,51.3229],[-2.272,51.3143],[-2.2851,51.3095],[-2.2807,51.2935],[-2.2653,51.2962],[-2.2535,51.2898],[-2.2453,51.2539],[-2.2985,51.1753],[-2.3459,51.1334],[-2.3445,51.1247],[-2.3645,51.1189],[-2.3609,51.099],[-2.3259,51.0797],[-2.35,51.0689],[-2.33,51.0413],[-2.3813,51.0049],[-2.3769,50.9908],[-2.3549,50.9909],[-2.3446,50.9788],[-2.4149,50.9606],[-2.428,50.9714],[-2.4472,50.9679],[-2.4429,50.9597],[-2.4562,50.9493],[-2.4903,50.9728],[-2.5023,50.9938],[-2.5264,50.9919],[-2.5474,50.9995],[-2.5454,50.9851],[-2.5562,50.9795],[-2.5746,50.9867],[-2.586,50.9769],[-2.5958,50.9813],[-2.6034,50.9763],[-2.5982,50.9486],[-2.6161,50.9406],[-2.604,50.9267],[-2.6241,50.9077],[-2.6095,50.8915],[-2.6155,50.8819],[-2.6607,50.8871],[-2.7144,50.8712],[-2.7145,50.8639],[-2.7575,50.8669],[-2.7923,50.8528],[-2.8114,50.8634],[-2.8288,50.8487],[-2.8891,50.85],[-2.9417,50.8359],[-2.9543,50.8212],[-2.9698,50.8342],[-2.9736,50.8558],[-3.0368,50.8511],[-3.0326,50.8616],[-3.055,50.8745],[-3.0526,50.9086],[-3.1263,50.9017],[-3.1442,50.8914],[-3.188,50.9103],[-3.1665,50.9477],[-3.2548,50.9418],[-3.2938,50.9551],[-3.3337,50.9828],[-3.3787,50.9775],[-3.3805,51.0185],[-3.4142,51.0197],[-3.4213,51.0308],[-3.4602,51.0252],[-3.4834,51.0338],[-3.5043,51.0302],[-3.5205,51.0259],[-3.5189,51.0148],[-3.535,51.0033],[-3.6032,51.0072],[-3.6147,51.0155],[-3.5945,51.0552],[-3.6467,51.0581],[-3.6925,51.0806],[-3.7199,51.0808],[-3.8043,51.1157],[-3.8345,51.1384],[-3.8392,51.1769],[-3.7863,51.1719],[-3.725,51.1796],[-3.7332,51.2227],[-3.7206,51.2331],[-3.7202,51.233],[-3.633,51.2237],[-3.6225,51.2174],[-3.6212,51.2166],[-3.5787,51.2321],[-3.5422,51.2323],[-3.4957,51.2236],[-3.4704,51.2082],[-3.4476,51.2089],[-3.4327,51.2005],[-3.4008,51.1824],[-3.2774,51.1796],[-3.1539,51.2088],[-3.1466,51.2094],[-3.1255,51.2114],[-3.0763,51.2013],[-3.0548,51.2059],[-3.0193,51.2185],[-3.0325,51.1946],[-3.0227,51.1963],[-3.0023,51.226],[-2.9989,51.2232],[-2.9843,51.2204],[-2.9991,51.225],[-3.0005,51.2416],[-3.0215,51.2655],[-3.0121,51.321],[-3.0355,51.3285],[-3.0001,51.3221]]]}},{"type":"Feature","properties":{"name":"Bolton","slug":"bolton","code":"E08000001"},"geometry":{"type":"Polygon","coordinates":[[[-2.3791,53.6309],[-2.3794,53.6203],[-2.363,53.6103],[-2.3771,53.5929],[-2.374,53.5708],[-2.356,53.5607],[-2.359,53.5529],[-2.3736,53.5539],[-2.3415,53.5459],[-2.3382,53.5336],[-2.3537,53.5351],[-2.3544,53.5262],[-2.4371,53.5423],[-2.4511,53.5286],[-2.5058,53.539],[-2.5337,53.523],[-2.5696,53.5479],[-2.5596,53.5612],[-2.5777,53.5811],[-2.6259,53.5937],[-2.5959,53.6108],[-2.5692,53.5956],[-2.5113,53.627],[-2.4792,53.617],[-2.4597,53.62],[-2.4387,53.6461],[-2.4217,53.6238],[-2.3791,53.6309]]]}},{"type":"Feature","properties":{"name":"Bury","slug":"bury","code":"E08000002"},"geometry":{"type":"Polygon","coordinates":[[[-2.2718,53.6145],[-2.2451,53.6001],[-2.2824,53.5839],[-2.2733,53.5793],[-2.2592,53.5853],[-2.2433,53.5717],[-2.2372,53.5389],[-2.2517,53.5446],[-2.2683,53.5374],[-2.2641,53.5247],[-2.2466,53.5292],[-2.257,53.5179],[-2.2908,53.512],[-2.3105,53.5272],[-2.3382,53.5336],[-2.3415,53.5459],[-2.3736,53.5539],[-2.359,53.5529],[-2.356,53.5607],[-2.374,53.5708],[-2.3771,53.5929],[-2.363,53.6103],[-2.3794,53.6203],[-2.3791,53.6309],[-2.3701,53.6319],[-2.3626,53.6559],[-2.3712,53.6671],[-2.3167,53.6549],[-2.299,53.6667],[-2.2952,53.6402],[-2.2718,53.6145]]]}},{"type":"Feature","properties":{"name":"Manchester","slug":"manchester","code":"E08000003"},"geometry":{"type":"Polygon","coordinates":[[[-2.2372,53.5389],[-2.2187,53.5439],[-2.186,53.5291],[-2.1548,53.518],[-2.1787,53.5058],[-2.163,53.4928],[-2.1681,53.4801],[-2.1468,53.4677],[-2.1585,53.4549],[-2.1729,53.448],[-2.1765,53.4331],[-2.1885,53.4367],[-2.2134,53.4189],[-2.2126,53.407],[-2.2468,53.3961],[-2.2408,53.3596],[-2.2564,53.3607],[-2.3014,53.3401],[-2.297,53.3486],[-2.314,53.3574],[-2.2986,53.3608],[-2.2857,53.3762],[-2.3199,53.4116],[-2.2977,53.4084],[-2.2778,53.4155],[-2.2736,53.4225],[-2.3002,53.4364],[-2.2537,53.4599],[-2.2653,53.4727],[-2.2451,53.4861],[-2.2554,53.4991],[-2.2452,53.5122],[-2.257,53.5179],[-2.2466,53.5292],[-2.2641,53.5247],[-2.2683,53.5374],[-2.2517,53.5446],[-2.2372,53.5389]]]}},{"type":"Feature","properties":{"name":"Oldham","slug":"oldham","code":"E08000004"},"geometry":{"type":"Polygon","coordinates":[[[-2.0095,53.6168],[-1.9427,53.5616],[-1.9129,53.5516],[-1.9096,53.5384],[-1.9268,53.5209],[-1.922,53.51],[-1.9513,53.5042],[-1.9634,53.5098],[-2.0549,53.5314],[-2.0541,53.5223],[-2.0933,53.5206],[-2.1361,53.4919],[-2.163,53.4928],[-2.1787,53.5058],[-2.1548,53.518],[-2.186,53.5291],[-2.1694,53.5462],[-2.172,53.5582],[-2.1509,53.5671],[-2.1566,53.5823],[-2.1258,53.5865],[-2.1106,53.5997],[-2.0599,53.5925],[-2.0358,53.6029],[-2.0268,53.6242],[-2.023,53.6158],[-2.0095,53.6168]]]}},{"type":"Feature","properties":{"name":"Rochdale","slug":"rochdale","code":"E08000005"},"geometry":{"type":"Polygon","coordinates":[[[-2.0268,53.6242],[-2.0358,53.6029],[-2.0599,53.5925],[-2.1106,53.5997],[-2.1258,53.5865],[-2.1566,53.5823],[-2.1509,53.5671],[-2.172,53.5582],[-2.1694,53.5462],[-2.186,53.5291],[-2.2187,53.5439],[-2.2372,53.5389],[-2.2433,53.5717],[-2.2592,53.5853],[-2.2733,53.5793],[-2.2824,53.5839],[-2.2451,53.6001],[-2.2718,53.6145],[-2.2568,53.6204],[-2.2699,53.6461],[-2.2459,53.6634],[-2.2177,53.669],[-2.2052,53.6544],[-2.1824,53.6483],[-2.1854,53.6382],[-2.1614,53.6414],[-2.1463,53.6822],[-2.1423,53.678],[-2.1341,53.6857],[-2.1181,53.6712],[-2.0929,53.6702],[-2.0512,53.6837],[-2.0268,53.6242]]]}},{"type":"Feature","properties":{"name":"Salford","slug":"salford","code":"E08000006"},"geometry":{"type":"Polygon","coordinates":[[[-2.3382,53.5336],[-2.3105,53.5272],[-2.2908,53.512],[-2.257,53.5179],[-2.2452,53.5122],[-2.2554,53.4991],[-2.2451,53.4861],[-2.2653,53.4727],[-2.2816,53.4649],[-2.3221,53.4802],[-2.355,53.474],[-2.3963,53.4584],[-2.4196,53.4293],[-2.4494,53.4159],[-2.4897,53.4603],[-2.4345,53.465],[-2.4385,53.4924],[-2.4145,53.5149],[-2.4511,53.5286],[-2.4371,53.5423],[-2.3544,53.5262],[-2.3537,53.5351],[-2.3382,53.5336]]]}},{"type":"Feature","properties":{"name":"Stockport","slug":"stockport","code":"E08000007"},"geometry":{"type":"Polygon","coordinates":[[[-2.0263,53.4299],[-2.0137,53.4159],[-1.9923,53.4152],[-2.0046,53.3863],[-2.0338,53.3755],[-2.0311,53.3703],[-2.0406,53.3741],[-2.0682,53.3574],[-2.0951,53.3661],[-2.1233,53.3619],[-2.139,53.3673],[-2.1512,53.3481],[-2.1441,53.3429],[-2.1607,53.3272],[-2.1942,53.3387],[-2.181,53.344],[-2.1854,53.3527],[-2.2408,53.3596],[-2.2468,53.3961],[-2.2126,53.407],[-2.2134,53.4189],[-2.1885,53.4367],[-2.1765,53.4331],[-2.1729,53.448],[-2.1585,53.4549],[-2.1417,53.4383],[-2.1161,53.4407],[-2.1023,53.4326],[-2.089,53.4373],[-2.0798,53.4262],[-2.0263,53.4299]]]}},{"type":"Feature","properties":{"name":"Tameside","slug":"tameside","code":"E08000008"},"geometry":{"type":"Polygon","coordinates":[[[-1.9634,53.5098],[-1.9878,53.4811],[-1.9858,53.4552],[-2.0082,53.4415],[-2.0042,53.4359],[-2.0142,53.4398],[-2.0263,53.4299],[-2.0798,53.4262],[-2.089,53.4373],[-2.1023,53.4326],[-2.1161,53.4407],[-2.1417,53.4383],[-2.1585,53.4549],[-2.1468,53.4677],[-2.1681,53.4801],[-2.163,53.4928],[-2.1361,53.4919],[-2.0933,53.5206],[-2.0541,53.5223],[-2.0549,53.5314],[-1.9634,53.5098]]]}},{"type":"Feature","properties":{"name":"Trafford","slug":"trafford","code":"E08000009"},"geometry":{"type":"Polygon","coordinates":[[[-2.2653,53.4727],[-2.2537,53.4599],[-2.3002,53.4364],[-2.2736,53.4225],[-2.2778,53.4155],[-2.2977,53.4084],[-2.3199,53.4116],[-2.2857,53.3762],[-2.2986,53.3608],[-2.314,53.3574],[-2.34,53.3674],[-2.3696,53.3636],[-2.4266,53.3875],[-2.478,53.3957],[-2.4494,53.4159],[-2.4196,53.4293],[-2.3963,53.4584],[-2.355,53.474],[-2.3221,53.4802],[-2.2816,53.4649],[-2.2653,53.4727]]]}},{"type":"Feature","properties":{"name":"Wigan","slug":"wigan","code":"E08000010"},"geometry":{"type":"Polygon","coordinates":[[[-2.6259,53.5937],[-2.5777,53.5811],[-2.5596,53.5612],[-2.5696,53.5479],[-2.5337,53.523],[-2.5058,53.539],[-2.4511,53.5286],[-2.4145,53.5149],[-2.4385,53.4924],[-2.4345,53.465],[-2.4897,53.4603],[-2.4963,53.4809],[-2.5526,53.4678],[-2.5491,53.4615],[-2.5703,53.4585],[-2.5767,53.4461],[-2.6154,53.4636],[-2.6122,53.4812],[-2.6455,53.4803],[-2.6663,53.4997],[-2.699,53.502],[-2.7304,53.5206],[-2.7178,53.5273],[-2.7048,53.5592],[-2.7192,53.5761],[-2.6934,53.5894],[-2.6895,53.6043],[-2.6346,53.6083],[-2.6259,53.5937]]]}},{"type":"Feature","properties":{"name":"Knowsley","slug":"knowsley","code":"E08000011"},"geometry":{"type":"Polygon","coordinates":[[[-2.825,53.4852],[-2.8187,53.4669],[-2.8044,53.4672],[-2.7951,53.4432],[-2.805,53.4387],[-2.7762,53.4267],[-2.7868,53.4012],[-2.7452,53.4021],[-2.7577,53.3807],[-2.7767,53.3811],[-2.7873,53.3563],[-2.8188,53.348],[-2.8404,53.3473],[-2.8535,53.3635],[-2.8562,53.3788],[-2.822,53.3807],[-2.8372,53.3997],[-2.8562,53.395],[-2.8924,53.4108],[-2.8659,53.4183],[-2.8679,53.4493],[-2.9003,53.4692],[-2.9144,53.465],[-2.9226,53.475],[-2.888,53.5038],[-2.8652,53.4921],[-2.8498,53.4931],[-2.8444,53.4841],[-2.825,53.4852]]]}},{"type":"Feature","properties":{"name":"Liverpool","slug":"liverpool","code":"E08000012"},"geometry":{"type":"Polygon","coordinates":[[[-2.8188,53.348],[-2.8187,53.3398],[-2.8323,53.3373],[-2.8279,53.3315],[-2.8544,53.3274],[-2.8782,53.3342],[-2.9027,53.3456],[-2.9747,53.3788],[-3.0018,53.4103],[-3.0086,53.4379],[-2.9749,53.4433],[-2.9738,53.4628],[-2.9563,53.473],[-2.9226,53.475],[-2.9144,53.465],[-2.9003,53.4692],[-2.8679,53.4493],[-2.8659,53.4183],[-2.8924,53.4108],[-2.8562,53.395],[-2.8372,53.3997],[-2.822,53.3807],[-2.8562,53.3788],[-2.8535,53.3635],[-2.8404,53.3473],[-2.8188,53.348]]]}},{"type":"Feature","properties":{"name":"St. Helens","slug":"st-helens","code":"E08000013"},"geometry":{"type":"Polygon","coordinates":[[[-2.7304,53.5206],[-2.699,53.502],[-2.6663,53.4997],[-2.6455,53.4803],[-2.6122,53.4812],[-2.6154,53.4636],[-2.5767,53.4461],[-2.5853,53.4398],[-2.5987,53.4504],[-2.5962,53.4427],[-2.6275,53.4344],[-2.6391,53.4444],[-2.6772,53.4528],[-2.6821,53.4389],[-2.6685,53.4409],[-2.6753,53.433],[-2.6636,53.4287],[-2.6763,53.3876],[-2.6906,53.3854],[-2.7128,53.3906],[-2.7152,53.399],[-2.7452,53.4021],[-2.7868,53.4012],[-2.7762,53.4267],[-2.805,53.4387],[-2.7951,53.4432],[-2.8044,53.4672],[-2.8187,53.4669],[-2.825,53.4852],[-2.8166,53.5123],[-2.7825,53.5314],[-2.7689,53.5136],[-2.7304,53.5206]]]}},{"type":"Feature","properties":{"name":"Sefton","slug":"sefton","code":"E08000014"},"geometry":{"type":"MultiPolygon","coordinates":[[[[-2.9542,53.6954],[-2.9505,53.6917],[-2.9623,53.6938],[-2.9542,53.6954]]],[[[-2.96,53.6918],[-2.9607,53.6858],[-2.9537,53.6916],[-2.9575,53.6833],[-2.9463,53.6792],[-2.9498,53.691],[-2.9503,53.6915],[-2.9505,53.6917],[-2.9468,53.688],[-2.9401,53.6586],[-2.9673,53.6313],[-2.9818,53.6222],[-2.9979,53.6267],[-3.0288,53.6023],[-3.036,53.5872],[-3.0207,53.5837],[-3.0226,53.5696],[-3.0404,53.5653],[-3.0467,53.543],[-2.9758,53.5153],[-2.963,53.5238],[-2.9773,53.5462],[-2.9479,53.5443],[-2.923,53.5252],[-2.8817,53.5205],[-2.888,53.5038],[-2.9226,53.475],[-2.9563,53.473],[-2.9738,53.4628],[-2.9749,53.4433],[-3.0086,53.4379],[-3.0088,53.4384],[-3.0265,53.4531],[-3.0263,53.4541],[-3.0386,53.4632],[-3.0414,53.4654],[-3.0562,53.492],[-3.0637,53.5055],[-3.0628,53.53],[-3.0683,53.5199],[-3.0857,53.5254],[-3.1019,53.5371],[-3.1042,53.5545],[-3.0587,53.6212],[-3.0057,53.6647],[-3.01,53.6722],[-3.0141,53.6791],[-2.9829,53.6826],[-2.9872,53.6893],[-2.9776,53.6857],[-2.9673,53.6984],[-2.9716,53.6923],[-2.96,53.6918]]]]}},{"type":"Feature","properties":{"name":"Wirral","slug":"wirral","code":"E08000015"},"geometry":{"type":"MultiPolygon","coordinates":[[[[-3.1139,53.2944],[-3.123,53.2893],[-3.1184,53.292],[-3.1171,53.2927],[-3.1166,53.293],[-3.1163,53.2931],[-3.1141,53.2944],[-3.1139,53.2944]]],[[[-3.0025,53.3747],[-2.9343,53.3133],[-2.9288,53.3084],[-2.9317,53.306],[-2.9396,53.3104],[-2.968,53.3013],[-2.9927,53.3071],[-3.0261,53.2977],[-3.0742,53.3164],[-3.109,53.297],[-3.1093,53.2971],[-3.1126,53.2952],[-3.1239,53.2961],[-3.1162,53.3008],[-3.1274,53.2944],[-3.138,53.2976],[-3.1344,53.308],[-3.133,53.2997],[-3.1239,53.3002],[-3.1267,53.3007],[-3.1307,53.3073],[-3.1281,53.3046],[-3.1287,53.3062],[-3.1071,53.3017],[-3.1268,53.3063],[-3.1126,53.3091],[-3.1206,53.3117],[-3.1265,53.3136],[-3.1191,53.3162],[-3.1293,53.3144],[-3.1227,53.3174],[-3.1356,53.3158],[-3.1364,53.3284],[-3.106,53.3136],[-3.2041,53.3832],[-3.1776,53.3997],[-3.0412,53.4429],[-3.0025,53.3747]]]]}},{"type":"Feature","properties":{"name":"Barnsley","slug":"barnsley","code":"E08000016"},"geometry":{"type":"Polygon","coordinates":[[[-1.3487,53.5833],[-1.3268,53.5582],[-1.2977,53.5515],[-1.2938,53.5358],[-1.2757,53.5298],[-1.2862,53.5268],[-1.2813,53.5165],[-1.3124,53.5138],[-1.3801,53.5142],[-1.428,53.4859],[-1.4411,53.4911],[-1.4522,53.4849],[-1.4552,53.4718],[-1.4947,53.4863],[-1.5148,53.4637],[-1.5132,53.4514],[-1.5329,53.4383],[-1.5513,53.4462],[-1.539,53.4617],[-1.5497,53.4785],[-1.6066,53.4929],[-1.7011,53.5031],[-1.732,53.4909],[-1.7385,53.4771],[-1.7836,53.4848],[-1.8014,53.481],[-1.8015,53.481],[-1.8015,53.481],[-1.7963,53.5032],[-1.8222,53.5211],[-1.8043,53.537],[-1.7719,53.5339],[-1.7416,53.5411],[-1.7232,53.5599],[-1.6695,53.5532],[-1.6482,53.5622],[-1.6156,53.563],[-1.5962,53.577],[-1.6018,53.5878],[-1.588,53.5935],[-1.5865,53.6072],[-1.5605,53.6076],[-1.5308,53.5931],[-1.5187,53.5997],[-1.4966,53.5974],[-1.4951,53.6032],[-1.4837,53.5949],[-1.4476,53.6127],[-1.4004,53.5987],[-1.3767,53.6065],[-1.3487,53.5833]]]}},{"type":"Feature","properties":{"name":"Doncaster","slug":"doncaster","code":"E08000017"},"geometry":{"type":"Polygon","coordinates":[[[-0.8653,53.6377],[-0.8979,53.5833],[-0.9011,53.5687],[-0.891,53.5666],[-0.9013,53.5479],[-0.8923,53.5375],[-0.9437,53.5306],[-0.95,53.5137],[-0.9321,53.5107],[-0.9356,53.5025],[-0.9533,53.4844],[-0.986,53.4717],[-0.9957,53.4369],[-1.0143,53.4263],[-1.0305,53.4252],[-1.0309,53.431],[-1.0804,53.4269],[-1.116,53.4073],[-1.1459,53.4123],[-1.136,53.4245],[-1.1605,53.4244],[-1.1703,53.4353],[-1.2381,53.4328],[-1.2582,53.455],[-1.2499,53.4768],[-1.2698,53.4858],[-1.2985,53.4756],[-1.2891,53.491],[-1.3101,53.4979],[-1.3124,53.5138],[-1.2813,53.5165],[-1.2862,53.5268],[-1.2757,53.5298],[-1.2938,53.5358],[-1.2977,53.5515],[-1.3268,53.5582],[-1.3487,53.5833],[-1.3078,53.5754],[-1.2882,53.5807],[-1.258,53.592],[-1.2482,53.6164],[-1.2279,53.6173],[-1.2328,53.6211],[-1.2175,53.6242],[-1.2098,53.6432],[-1.1892,53.6359],[-1.1551,53.6432],[-1.1349,53.6327],[-1.1216,53.6467],[-1.0661,53.6489],[-1.0487,53.6561],[-0.9468,53.6591],[-0.8653,53.6377]]]}},{"type":"Feature","properties":{"name":"Rotherham","slug":"rotherham","code":"E08000018"},"geometry":{"type":"Polygon","coordinates":[[[-1.3124,53.5138],[-1.3101,53.4979],[-1.2891,53.491],[-1.2985,53.4756],[-1.2698,53.4858],[-1.2499,53.4768],[-1.2582,53.455],[-1.2381,53.4328],[-1.1703,53.4353],[-1.1605,53.4244],[-1.136,53.4245],[-1.1459,53.4123],[-1.116,53.4073],[-1.1156,53.3972],[-1.1346,53.39],[-1.1305,53.3756],[-1.146,53.369],[-1.1385,53.3559],[-1.1626,53.3568],[-1.1568,53.345],[-1.141,53.3467],[-1.1387,53.3414],[-1.1997,53.3114],[-1.2032,53.3042],[-1.2307,53.3086],[-1.2439,53.3016],[-1.282,53.3095],[-1.2957,53.315],[-1.2886,53.3262],[-1.299,53.3325],[-1.3247,53.3288],[-1.332,53.3524],[-1.3914,53.3833],[-1.3758,53.3937],[-1.3935,53.42],[-1.3804,53.4242],[-1.4085,53.4203],[-1.4415,53.4454],[-1.4552,53.4718],[-1.4522,53.4849],[-1.4411,53.4911],[-1.428,53.4859],[-1.3801,53.5142],[-1.3124,53.5138]]]}},{"type":"Feature","properties":{"name":"Sheffield","slug":"sheffield","code":"E08000019"},"geometry":{"type":"Polygon","coordinates":[[[-1.4552,53.4718],[-1.4415,53.4454],[-1.4085,53.4203],[-1.3804,53.4242],[-1.3935,53.42],[-1.3758,53.3937],[-1.3914,53.3833],[-1.332,53.3524],[-1.3247,53.3288],[-1.3378,53.3158],[-1.3867,53.3176],[-1.3866,53.3349],[-1.411,53.342],[-1.4209,53.3346],[-1.442,53.3375],[-1.4599,53.3307],[-1.4552,53.3219],[-1.4679,53.3171],[-1.5021,53.3176],[-1.5368,53.3047],[-1.5617,53.3064],[-1.5617,53.316],[-1.5805,53.3117],[-1.5849,53.3216],[-1.5991,53.3113],[-1.6092,53.3227],[-1.6276,53.3162],[-1.6327,53.3208],[-1.6123,53.3432],[-1.5905,53.3459],[-1.6635,53.3666],[-1.6538,53.3919],[-1.705,53.4051],[-1.7085,53.4173],[-1.7398,53.421],[-1.7453,53.4622],[-1.8014,53.481],[-1.7836,53.4848],[-1.7385,53.4771],[-1.732,53.4909],[-1.7011,53.5031],[-1.6066,53.4929],[-1.5497,53.4785],[-1.539,53.4617],[-1.5513,53.4462],[-1.5329,53.4383],[-1.5132,53.4514],[-1.5148,53.4637],[-1.4947,53.4863],[-1.4552,53.4718]]]}},{"type":"Feature","properties":{"name":"Newcastle upon Tyne","slug":"newcastle-upon-tyne","code":"E08000021"},"geometry":{"type":"Polygon","coordinates":[[[-1.6379,55.0648],[-1.6385,55.0416],[-1.5926,55.0389],[-1.5874,55.0258],[-1.6003,55.0098],[-1.5585,55.0055],[-1.563,54.9923],[-1.5292,54.9833],[-1.5355,54.9652],[-1.5539,54.9591],[-1.5943,54.9706],[-1.6401,54.9593],[-1.7016,54.9708],[-1.7196,54.9675],[-1.7463,54.9816],[-1.7695,54.9809],[-1.7738,55.0041],[-1.7566,55.0033],[-1.7502,55.024],[-1.695,55.043],[-1.7138,55.0655],[-1.6477,55.0794],[-1.6379,55.0648]]]}},{"type":"Feature","properties":{"name":"North Tyneside","slug":"north-tyneside","code":"E08000022"},"geometry":{"type":"Polygon","coordinates":[[[-1.4745,54.9864],[-1.5292,54.9833],[-1.563,54.9923],[-1.5585,55.0055],[-1.6003,55.0098],[-1.5874,55.0258],[-1.5926,55.0389],[-1.6385,55.0416],[-1.6379,55.0648],[-1.5785,55.0631],[-1.5751,55.0556],[-1.5571,55.0541],[-1.5399,55.0616],[-1.5324,55.0541],[-1.5103,55.0551],[-1.5087,55.048],[-1.4878,55.0536],[-1.4923,55.0661],[-1.4618,55.0744],[-1.4618,55.0743],[-1.4499,55.0585],[-1.4505,55.0552],[-1.4443,55.051],[-1.4207,55.0196],[-1.4029,55.0146],[-1.4168,55.0165],[-1.4218,55.0137],[-1.4299,55.0133],[-1.456,54.9887],[-1.5018,54.9885],[-1.5178,54.9964],[-1.5025,54.9885],[-1.5308,54.984],[-1.4745,54.9865],[-1.4745,54.9864]]]}},{"type":"Feature","properties":{"name":"South Tyneside","slug":"south-tyneside","code":"E08000023"},"geometry":{"type":"MultiPolygon","coordinates":[[[[-1.42,55.0045],[-1.4186,55.0032],[-1.4122,55.0062],[-1.4092,55.0011],[-1.4109,54.9989],[-1.3766,54.9777],[-1.3566,54.9653],[-1.364,54.9441],[-1.364,54.9439],[-1.4194,54.9299],[-1.5112,54.9317],[-1.5153,54.9573],[-1.5355,54.9652],[-1.5292,54.9833],[-1.4745,54.9864],[-1.4805,54.9749],[-1.4566,54.9774],[-1.4719,54.9861],[-1.4494,54.9844],[-1.4256,55.0064],[-1.42,55.0045]]],[[[-1.4011,55.0112],[-1.4049,55.0095],[-1.4048,55.0096],[-1.4011,55.0112]]]]}},{"type":"Feature","properties":{"name":"Sunderland","slug":"sunderland","code":"E08000024"},"geometry":{"type":"Polygon","coordinates":[[[-1.3473,54.8604],[-1.4216,54.8395],[-1.413,54.8237],[-1.4226,54.8032],[-1.4907,54.7993],[-1.4819,54.8097],[-1.5043,54.8312],[-1.5065,54.8711],[-1.5318,54.8782],[-1.5618,54.8757],[-1.5594,54.882],[-1.5571,54.9092],[-1.5689,54.9246],[-1.5112,54.9317],[-1.4194,54.9299],[-1.364,54.9439],[-1.3653,54.933],[-1.3661,54.9261],[-1.3589,54.9236],[-1.3586,54.9221],[-1.3635,54.9228],[-1.371,54.9117],[-1.3576,54.9172],[-1.3564,54.9108],[-1.3616,54.8982],[-1.3476,54.8606],[-1.3473,54.8604]]]}},{"type":"Feature","properties":{"name":"Birmingham","slug":"birmingham","code":"E08000025"},"geometry":{"type":"Polygon","coordinates":[[[-1.788,52.5879],[-1.7636,52.5709],[-1.7742,52.5646],[-1.756,52.5554],[-1.7491,52.5314],[-1.7289,52.5246],[-1.7538,52.5212],[-1.7535,52.513],[-1.7994,52.5043],[-1.7558,52.4995],[-1.7596,52.4519],[-1.7791,52.4502],[-1.8003,52.4583],[-1.8346,52.4174],[-1.8445,52.4103],[-1.8666,52.411],[-1.8687,52.4047],[-1.8827,52.3998],[-1.9137,52.4075],[-1.9343,52.3872],[-1.9536,52.3934],[-1.9985,52.3811],[-2.0336,52.4023],[-1.986,52.4167],[-2.017,52.4327],[-2.0132,52.4622],[-1.9779,52.4672],[-1.964,52.482],[-1.9508,52.4832],[-1.9381,52.4984],[-1.963,52.5049],[-1.962,52.5284],[-1.9294,52.5313],[-1.9331,52.5458],[-1.9182,52.5473],[-1.8787,52.5694],[-1.8726,52.5849],[-1.8536,52.6021],[-1.8281,52.6087],[-1.7965,52.5991],[-1.788,52.5879]]]}},{"type":"Feature","properties":{"name":"Coventry","slug":"coventry","code":"E08000026"},"geometry":{"type":"Polygon","coordinates":[[[-1.4591,52.4552],[-1.4239,52.433],[-1.4379,52.4104],[-1.4314,52.3968],[-1.464,52.3733],[-1.5045,52.3778],[-1.5139,52.369],[-1.5247,52.3794],[-1.5524,52.3639],[-1.5676,52.3847],[-1.6011,52.3893],[-1.6022,52.4161],[-1.6145,52.428],[-1.6083,52.4388],[-1.5952,52.4399],[-1.5955,52.4559],[-1.5899,52.4619],[-1.5612,52.4552],[-1.5398,52.4648],[-1.505,52.4501],[-1.492,52.4586],[-1.4591,52.4552]]]}},{"type":"Feature","properties":{"name":"Dudley","slug":"dudley","code":"E08000027"},"geometry":{"type":"Polygon","coordinates":[[[-2.0739,52.5499],[-2.0796,52.5241],[-2.0573,52.5123],[-2.0643,52.4872],[-2.0971,52.4684],[-2.059,52.462],[-2.0227,52.4806],[-2.0132,52.4622],[-2.017,52.4327],[-2.037,52.4275],[-2.0379,52.4416],[-2.0558,52.4413],[-2.0625,52.4274],[-2.0681,52.4352],[-2.0848,52.4322],[-2.0986,52.4453],[-2.136,52.4263],[-2.1649,52.4302],[-2.1765,52.4548],[-2.1674,52.4715],[-2.1919,52.5035],[-2.1442,52.5171],[-2.1522,52.5257],[-2.1356,52.5345],[-2.1335,52.5541],[-2.1215,52.5569],[-2.1082,52.5439],[-2.0799,52.5571],[-2.0739,52.5499]]]}},{"type":"Feature","properties":{"name":"Sandwell","slug":"sandwell","code":"E08000028"},"geometry":{"type":"Polygon","coordinates":[[[-1.9182,52.5473],[-1.9331,52.5458],[-1.9294,52.5313],[-1.962,52.5284],[-1.963,52.5049],[-1.9381,52.4984],[-1.9508,52.4832],[-1.964,52.482],[-1.9779,52.4672],[-2.0132,52.4622],[-2.0227,52.4806],[-2.059,52.462],[-2.0971,52.4684],[-2.0643,52.4872],[-2.0573,52.5123],[-2.0796,52.5241],[-2.0739,52.5499],[-2.051,52.5527],[-2.011,52.5691],[-1.9755,52.5556],[-1.9641,52.5632],[-1.9511,52.5568],[-1.9339,52.56],[-1.9182,52.5473]]]}},{"type":"Feature","properties":{"name":"Solihull","slug":"solihull","code":"E08000029"},"geometry":{"type":"Polygon","coordinates":[[[-1.5955,52.4559],[-1.5952,52.4399],[-1.6083,52.4388],[-1.6145,52.428],[-1.6022,52.4161],[-1.6011,52.3893],[-1.6225,52.3662],[-1.6484,52.3567],[-1.6609,52.3657],[-1.6843,52.3631],[-1.6939,52.351],[-1.7185,52.3558],[-1.7205,52.3726],[-1.7352,52.3701],[-1.7459,52.3549],[-1.7796,52.3643],[-1.7758,52.348],[-1.8078,52.3666],[-1.872,52.3676],[-1.8455,52.3998],[-1.8687,52.4047],[-1.8666,52.411],[-1.8445,52.4103],[-1.8346,52.4174],[-1.8003,52.4583],[-1.7791,52.4502],[-1.7596,52.4519],[-1.7558,52.4995],[-1.7994,52.5043],[-1.7535,52.513],[-1.6772,52.4364],[-1.6666,52.4355],[-1.6623,52.4443],[-1.6416,52.4433],[-1.6245,52.4635],[-1.5955,52.4559]]]}},{"type":"Feature","properties":{"name":"Walsall","slug":"walsall","code":"E08000030"},"geometry":{"type":"Polygon","coordinates":[[[-1.8726,52.5849],[-1.8787,52.5694],[-1.9182,52.5473],[-1.9339,52.56],[-1.9511,52.5568],[-1.9641,52.5632],[-1.9755,52.5556],[-2.011,52.5691],[-2.051,52.5527],[-2.062,52.5582],[-2.05,52.5721],[-2.0778,52.5861],[-2.0546,52.6008],[-2.0507,52.6205],[-2.0302,52.617],[-2.0295,52.6256],[-1.9866,52.6404],[-1.961,52.6428],[-1.9546,52.6627],[-1.9454,52.6563],[-1.9337,52.6616],[-1.9109,52.6565],[-1.9181,52.65],[-1.9051,52.6432],[-1.916,52.6353],[-1.886,52.6154],[-1.8923,52.5992],[-1.8726,52.5849]]]}},{"type":"Feature","properties":{"name":"Wolverhampton","slug":"wolverhampton","code":"E08000031"},"geometry":{"type":"Polygon","coordinates":[[[-2.0507,52.6205],[-2.0546,52.6008],[-2.0778,52.5861],[-2.05,52.5721],[-2.062,52.5582],[-2.051,52.5527],[-2.0739,52.5499],[-2.0799,52.5571],[-2.1082,52.5439],[-2.1215,52.5569],[-2.1335,52.5541],[-2.1755,52.5544],[-2.1803,52.5745],[-2.2067,52.5852],[-2.1892,52.5888],[-2.1964,52.6066],[-2.1692,52.6093],[-2.1684,52.62],[-2.1316,52.6376],[-2.1012,52.6351],[-2.081,52.6119],[-2.0507,52.6205]]]}},{"type":"Feature","properties":{"name":"Bradford","slug":"bradford","code":"E08000032"},"geometry":{"type":"Polygon","coordinates":[[[-1.7272,53.9102],[-1.7321,53.896],[-1.7171,53.8923],[-1.7254,53.8857],[-1.7563,53.8847],[-1.7875,53.8969],[-1.8004,53.886],[-1.7605,53.8636],[-1.7153,53.8662],[-1.6951,53.8575],[-1.712,53.7831],[-1.6823,53.7864],[-1.6742,53.78],[-1.6404,53.7797],[-1.6496,53.7682],[-1.6816,53.7565],[-1.7144,53.7625],[-1.7338,53.7469],[-1.7472,53.7468],[-1.7459,53.7345],[-1.7609,53.7346],[-1.7701,53.7263],[-1.8094,53.7644],[-1.8278,53.7637],[-1.8555,53.7483],[-1.8727,53.7549],[-1.8734,53.7787],[-1.9282,53.7876],[-1.9808,53.7864],[-1.9868,53.7962],[-2.0612,53.8256],[-2.0469,53.8295],[-2.0461,53.8501],[-2.0218,53.8715],[-1.9802,53.8711],[-1.9794,53.9011],[-1.9524,53.9035],[-1.9769,53.9264],[-1.9631,53.9334],[-1.9662,53.9516],[-1.9507,53.9567],[-1.928,53.9505],[-1.8795,53.9628],[-1.8606,53.9328],[-1.8362,53.9314],[-1.8477,53.9408],[-1.8051,53.939],[-1.776,53.9215],[-1.7456,53.923],[-1.7272,53.9102]]]}},{"type":"Feature","properties":{"name":"Calderdale","slug":"calderdale","code":"E08000033"},"geometry":{"type":"Polygon","coordinates":[[[-1.7701,53.7263],[-1.7536,53.7259],[-1.7359,53.7132],[-1.7313,53.6804],[-1.7473,53.6946],[-1.8257,53.6703],[-1.8537,53.6725],[-1.8436,53.6661],[-1.8946,53.6454],[-1.9342,53.6483],[-1.9727,53.6258],[-2.0095,53.6168],[-2.023,53.6158],[-2.0268,53.6242],[-2.0512,53.6837],[-2.0929,53.6702],[-2.1181,53.6712],[-2.1341,53.6857],[-2.1423,53.678],[-2.1463,53.6822],[-2.1733,53.723],[-2.1312,53.7515],[-2.1364,53.7801],[-2.1248,53.7881],[-2.1284,53.799],[-2.1123,53.8057],[-2.0612,53.8256],[-1.9868,53.7962],[-1.9808,53.7864],[-1.9282,53.7876],[-1.8734,53.7787],[-1.8727,53.7549],[-1.8555,53.7483],[-1.8278,53.7637],[-1.8094,53.7644],[-1.7701,53.7263]]]}},{"type":"Feature","properties":{"name":"Kirklees","slug":"kirklees","code":"E08000034"},"geometry":{"type":"Polygon","coordinates":[[[-1.6816,53.7565],[-1.6584,53.7455],[-1.6379,53.7477],[-1.6234,53.7185],[-1.5922,53.7185],[-1.5711,53.7064],[-1.5984,53.6998],[-1.6025,53.6922],[-1.5919,53.6893],[-1.6152,53.6776],[-1.5906,53.6607],[-1.6249,53.6536],[-1.6137,53.6246],[-1.5865,53.6072],[-1.588,53.5935],[-1.6018,53.5878],[-1.5962,53.577],[-1.6156,53.563],[-1.6482,53.5622],[-1.6695,53.5532],[-1.7232,53.5599],[-1.7416,53.5411],[-1.7719,53.5339],[-1.8043,53.537],[-1.8222,53.5211],[-1.8418,53.5199],[-1.8735,53.5404],[-1.8941,53.5336],[-1.9096,53.5384],[-1.9129,53.5516],[-1.9427,53.5616],[-2.0095,53.6168],[-1.9727,53.6258],[-1.9342,53.6483],[-1.8946,53.6454],[-1.8436,53.6661],[-1.8537,53.6725],[-1.8257,53.6703],[-1.7473,53.6946],[-1.7313,53.6804],[-1.7359,53.7132],[-1.7536,53.7259],[-1.7701,53.7263],[-1.7609,53.7346],[-1.7459,53.7345],[-1.7472,53.7468],[-1.7338,53.7469],[-1.7144,53.7625],[-1.6816,53.7565]]]}},{"type":"Feature","properties":{"name":"Leeds","slug":"leeds","code":"E08000035"},"geometry":{"type":"Polygon","coordinates":[[[-1.302,53.7417],[-1.3997,53.7193],[-1.4431,53.7282],[-1.4883,53.7278],[-1.4957,53.7223],[-1.5104,53.7297],[-1.5593,53.699],[-1.5711,53.7064],[-1.5922,53.7185],[-1.6234,53.7185],[-1.6379,53.7477],[-1.6584,53.7455],[-1.6816,53.7565],[-1.6496,53.7682],[-1.6404,53.7797],[-1.6742,53.78],[-1.6823,53.7864],[-1.712,53.7831],[-1.6951,53.8575],[-1.7153,53.8662],[-1.7605,53.8636],[-1.8004,53.886],[-1.7875,53.8969],[-1.7563,53.8847],[-1.7254,53.8857],[-1.7171,53.8923],[-1.7321,53.896],[-1.7272,53.9102],[-1.718,53.9085],[-1.7071,53.9191],[-1.6846,53.9106],[-1.6551,53.9125],[-1.6517,53.9056],[-1.6207,53.9034],[-1.5994,53.9097],[-1.5879,53.9013],[-1.5836,53.9093],[-1.5519,53.903],[-1.5488,53.9109],[-1.4988,53.9153],[-1.4629,53.9059],[-1.433,53.9108],[-1.4326,53.9272],[-1.4067,53.9278],[-1.3972,53.9425],[-1.3404,53.9459],[-1.3447,53.9395],[-1.3071,53.9345],[-1.3089,53.924],[-1.2941,53.9269],[-1.3074,53.9212],[-1.2972,53.9216],[-1.3005,53.9075],[-1.3218,53.9029],[-1.3124,53.8657],[-1.353,53.8568],[-1.3266,53.8404],[-1.3361,53.8336],[-1.3036,53.8165],[-1.3149,53.8096],[-1.3138,53.7816],[-1.2904,53.7632],[-1.2949,53.7555],[-1.3122,53.7559],[-1.3154,53.7437],[-1.302,53.7417]]]}},{"type":"Feature","properties":{"name":"Wakefield","slug":"wakefield","code":"E08000036"},"geometry":{"type":"Polygon","coordinates":[[[-1.2328,53.6211],[-1.2279,53.6173],[-1.2482,53.6164],[-1.258,53.592],[-1.2882,53.5807],[-1.3078,53.5754],[-1.3487,53.5833],[-1.3767,53.6065],[-1.4004,53.5987],[-1.4476,53.6127],[-1.4837,53.5949],[-1.4951,53.6032],[-1.4966,53.5974],[-1.5187,53.5997],[-1.5308,53.5931],[-1.5605,53.6076],[-1.5865,53.6072],[-1.6137,53.6246],[-1.6249,53.6536],[-1.5906,53.6607],[-1.6152,53.6776],[-1.5919,53.6893],[-1.6025,53.6922],[-1.5984,53.6998],[-1.5711,53.7064],[-1.5593,53.699],[-1.5104,53.7297],[-1.4957,53.7223],[-1.4883,53.7278],[-1.4431,53.7282],[-1.3997,53.7193],[-1.302,53.7417],[-1.2687,53.715],[-1.2294,53.7149],[-1.2263,53.7099],[-1.2198,53.7144],[-1.1988,53.7007],[-1.1991,53.6949],[-1.2444,53.6925],[-1.2555,53.6454],[-1.2328,53.6211]]]}},{"type":"Feature","properties":{"name":"Gateshead","slug":"gateshead","code":"E08000037"},"geometry":{"type":"Polygon","coordinates":[[[-1.7695,54.9809],[-1.7463,54.9816],[-1.7196,54.9675],[-1.7016,54.9708],[-1.6401,54.9593],[-1.5943,54.9706],[-1.5539,54.9591],[-1.5355,54.9652],[-1.5153,54.9573],[-1.5112,54.9317],[-1.5689,54.9246],[-1.5571,54.9092],[-1.5594,54.882],[-1.5799,54.8778],[-1.5942,54.902],[-1.6506,54.8793],[-1.6493,54.893],[-1.6756,54.8981],[-1.6748,54.9096],[-1.6917,54.9026],[-1.6985,54.909],[-1.7249,54.9088],[-1.7361,54.9186],[-1.7687,54.9067],[-1.7816,54.9116],[-1.7945,54.9036],[-1.8206,54.9058],[-1.8527,54.9174],[-1.8411,54.9297],[-1.8269,54.9303],[-1.8336,54.9533],[-1.8128,54.9763],[-1.7885,54.9843],[-1.7695,54.9809]]]}},{"type":"Feature","properties":{"name":"City of London","slug":"city-of-london","code":"E09000001"},"geometry":{"type":"Polygon","coordinates":[[[-0.0802,51.5069],[-0.1092,51.5099],[-0.1114,51.5098],[-0.1116,51.5153],[-0.1053,51.5186],[-0.0852,51.5203],[-0.0785,51.5215],[-0.0802,51.5069]]]}},{"type":"Feature","properties":{"name":"Barking and Dagenham","slug":"barking-and-dagenham","code":"E09000002"},"geometry":{"type":"Polygon","coordinates":[[[0.1601,51.5118],[0.1587,51.5123],[0.1269,51.5196],[0.0981,51.515],[0.0981,51.5149],[0.0926,51.5257],[0.0727,51.5293],[0.0684,51.5444],[0.0935,51.5459],[0.1189,51.5574],[0.1316,51.5718],[0.1264,51.5867],[0.1482,51.599],[0.1467,51.5688],[0.1619,51.5616],[0.1852,51.5655],[0.1902,51.5527],[0.1601,51.5118]]]}},{"type":"Feature","properties":{"name":"Barnet","slug":"barnet","code":"E09000003"},"geometry":{"type":"Polygon","coordinates":[[[-0.182,51.6687],[-0.1859,51.6628],[-0.1547,51.6555],[-0.1291,51.6323],[-0.1445,51.6155],[-0.1387,51.6102],[-0.1513,51.5975],[-0.1565,51.6053],[-0.1571,51.5862],[-0.1712,51.5724],[-0.2135,51.5552],[-0.2334,51.572],[-0.2511,51.5703],[-0.2482,51.5843],[-0.2671,51.6004],[-0.3044,51.6363],[-0.2573,51.6418],[-0.2506,51.6561],[-0.2121,51.6614],[-0.2034,51.6701],[-0.1911,51.6639],[-0.182,51.6687]]]}},{"type":"Feature","properties":{"name":"Bexley","slug":"bexley","code":"E09000004"},"geometry":{"type":"Polygon","coordinates":[[[0.1625,51.5048],[0.1688,51.4994],[0.1692,51.4989],[0.1836,51.4811],[0.2176,51.4805],[0.2212,51.4788],[0.2034,51.4543],[0.1728,51.4433],[0.1643,51.4286],[0.1559,51.4309],[0.1529,51.4087],[0.1489,51.4084],[0.107,51.4143],[0.0754,51.432],[0.0874,51.4433],[0.0823,51.4666],[0.0982,51.4755],[0.1242,51.4768],[0.1187,51.5113],[0.1202,51.5115],[0.1625,51.5048]]]}},{"type":"Feature","properties":{"name":"Brent","slug":"brent","code":"E09000005"},"geometry":{"type":"Polygon","coordinates":[[[-0.2135,51.5552],[-0.1915,51.5363],[-0.1965,51.5276],[-0.2051,51.533],[-0.216,51.5279],[-0.2284,51.5303],[-0.2463,51.5327],[-0.2842,51.5289],[-0.2825,51.5386],[-0.3075,51.5331],[-0.3077,51.5459],[-0.3356,51.5566],[-0.3221,51.5697],[-0.3266,51.5788],[-0.3047,51.5871],[-0.2825,51.585],[-0.2904,51.5935],[-0.2671,51.6004],[-0.2482,51.5843],[-0.2511,51.5703],[-0.2334,51.572],[-0.2135,51.5552]]]}},{"type":"Feature","properties":{"name":"Bromley","slug":"bromley","code":"E09000006"},"geometry":{"type":"Polygon","coordinates":[[[0.0754,51.432],[0.107,51.4143],[0.1489,51.4084],[0.1624,51.3925],[0.1477,51.3928],[0.1521,51.3697],[0.137,51.3442],[0.1185,51.3441],[0.1179,51.3296],[0.085,51.316],[0.0857,51.2931],[0.0424,51.2927],[0.0329,51.3075],[0.015,51.2918],[0.0023,51.3291],[-0.0268,51.3794],[-0.0369,51.377],[-0.0365,51.3884],[-0.0682,51.4035],[-0.0786,51.4199],[-0.0783,51.4206],[-0.0739,51.4262],[-0.0302,51.4257],[-0.0103,51.4136],[0.0255,51.429],[0.0363,51.4224],[0.0294,51.4417],[0.0617,51.4237],[0.0754,51.432]]]}},{"type":"Feature","properties":{"name":"Camden","slug":"camden","code":"E09000007"},"geometry":{"type":"Polygon","coordinates":[[[-0.1424,51.5691],[-0.1226,51.5308],[-0.1053,51.5186],[-0.1116,51.5153],[-0.1293,51.5135],[-0.1527,51.5375],[-0.1915,51.5363],[-0.2135,51.5552],[-0.1712,51.5724],[-0.1424,51.5691]]]}},{"type":"Feature","properties":{"name":"Croydon","slug":"croydon","code":"E09000008"},"geometry":{"type":"Polygon","coordinates":[[[-0.0786,51.4199],[-0.0682,51.4035],[-0.0365,51.3884],[-0.0369,51.377],[-0.0268,51.3794],[0.0023,51.3291],[-0.0379,51.3387],[-0.0513,51.3225],[-0.0789,51.3198],[-0.0912,51.3015],[-0.1243,51.2868],[-0.1372,51.3008],[-0.1553,51.3013],[-0.1565,51.3215],[-0.1456,51.3235],[-0.1446,51.3421],[-0.1168,51.3458],[-0.1343,51.3908],[-0.1241,51.3976],[-0.1277,51.4123],[-0.1126,51.4232],[-0.0786,51.4199]]]}},{"type":"Feature","properties":{"name":"Ealing","slug":"ealing","code":"E09000009"},"geometry":{"type":"Polygon","coordinates":[[[-0.2463,51.5327],[-0.253,51.5014],[-0.2677,51.4939],[-0.2808,51.5028],[-0.294,51.5016],[-0.3119,51.492],[-0.3506,51.4991],[-0.3719,51.4905],[-0.4069,51.4997],[-0.3762,51.5288],[-0.4195,51.5403],[-0.3953,51.5426],[-0.3987,51.5479],[-0.3778,51.555],[-0.3356,51.5566],[-0.3077,51.5459],[-0.3075,51.5331],[-0.2825,51.5386],[-0.2842,51.5289],[-0.2463,51.5327]]]}},{"type":"Feature","properties":{"name":"Enfield","slug":"enfield","code":"E09000010"},"geometry":{"type":"Polygon","coordinates":[[[-0.0119,51.6809],[-0.0123,51.6462],[-0.0414,51.6056],[-0.1387,51.6102],[-0.1445,51.6155],[-0.1291,51.6323],[-0.1547,51.6555],[-0.1859,51.6628],[-0.182,51.6687],[-0.1635,51.6881],[-0.1058,51.6919],[-0.0119,51.6809]]]}},{"type":"Feature","properties":{"name":"Greenwich","slug":"greenwich","code":"E09000011"},"geometry":{"type":"MultiPolygon","coordinates":[[[[-0.0171,51.4804],[-0.0196,51.4782],[-0.022,51.4837],[-0.0171,51.4804]]],[[[-0.0085,51.4871],[-0.0086,51.4866],[-0.0107,51.487],[-0.0085,51.4871]]],[[[0.1187,51.5113],[0.1242,51.4768],[0.0982,51.4755],[0.0823,51.4666],[0.0874,51.4433],[0.0754,51.432],[0.0617,51.4237],[0.0294,51.4417],[0.01,51.4594],[0.018,51.4738],[-0.0151,51.468],[-0.0192,51.4772],[0.002,51.4885],[0.0015,51.5018],[0.0014,51.5042],[0.002,51.5044],[0.0069,51.5018],[0.0155,51.4972],[0.0216,51.494],[0.058,51.494],[0.0767,51.4959],[0.082,51.5004],[0.0908,51.5079],[0.0936,51.5091],[0.1187,51.5113]]]]}},{"type":"Feature","properties":{"name":"Hackney","slug":"hackney","code":"E09000012"},"geometry":{"type":"Polygon","coordinates":[[[-0.0172,51.5516],[-0.0165,51.5433],[-0.0624,51.5355],[-0.0785,51.5215],[-0.0852,51.5203],[-0.097,51.533],[-0.0766,51.5478],[-0.1044,51.5648],[-0.0977,51.5736],[-0.0612,51.5778],[-0.0471,51.5626],[-0.0284,51.561],[-0.0172,51.5516]]]}},{"type":"Feature","properties":{"name":"Hammersmith and Fulham","slug":"hammersmith-and-fulham","code":"E09000013"},"geometry":{"type":"Polygon","coordinates":[[[-0.2284,51.5303],[-0.2142,51.5008],[-0.1777,51.4775],[-0.1905,51.4643],[-0.2217,51.4723],[-0.23,51.4879],[-0.2434,51.4879],[-0.253,51.5014],[-0.2463,51.5327],[-0.2284,51.5303]]]}},{"type":"Feature","properties":{"name":"Haringey","slug":"haringey","code":"E09000014"},"geometry":{"type":"Polygon","coordinates":[[[-0.0414,51.6056],[-0.0612,51.5778],[-0.0977,51.5736],[-0.1044,51.5648],[-0.1195,51.5755],[-0.1424,51.5691],[-0.1712,51.5724],[-0.1571,51.5862],[-0.1565,51.6053],[-0.1513,51.5975],[-0.1387,51.6102],[-0.0414,51.6056]]]}},{"type":"Feature","properties":{"name":"Harrow","slug":"harrow","code":"E09000015"},"geometry":{"type":"Polygon","coordinates":[[[-0.3044,51.6363],[-0.2671,51.6004],[-0.2904,51.5935],[-0.2825,51.585],[-0.3047,51.5871],[-0.3266,51.5788],[-0.3221,51.5697],[-0.3356,51.5566],[-0.3778,51.555],[-0.404,51.6132],[-0.3626,51.6235],[-0.3167,51.6405],[-0.3044,51.6363]]]}},{"type":"Feature","properties":{"name":"Havering","slug":"havering","code":"E09000016"},"geometry":{"type":"MultiPolygon","coordinates":[[[[0.1647,51.5045],[0.1688,51.4994],[0.1625,51.5048],[0.1647,51.5045]]],[[[0.2699,51.5996],[0.2903,51.5643],[0.313,51.5658],[0.334,51.5405],[0.2653,51.5322],[0.2637,51.5179],[0.2538,51.5179],[0.249,51.5287],[0.2372,51.5193],[0.2419,51.508],[0.2266,51.5066],[0.23,51.4994],[0.2142,51.496],[0.2118,51.4898],[0.2106,51.4902],[0.1877,51.4879],[0.182,51.4986],[0.1785,51.5053],[0.1601,51.5118],[0.1902,51.5527],[0.1852,51.5655],[0.1619,51.5616],[0.1467,51.5688],[0.1482,51.599],[0.1382,51.6235],[0.2003,51.6249],[0.2241,51.6317],[0.2522,51.6178],[0.2646,51.6083],[0.254,51.6016],[0.2699,51.5996]]]]}},{"type":"Feature","properties":{"name":"Hillingdon","slug":"hillingdon","code":"E09000017"},"geometry":{"type":"Polygon","coordinates":[[[-0.404,51.6132],[-0.3778,51.555],[-0.3987,51.5479],[-0.3953,51.5426],[-0.4195,51.5403],[-0.3762,51.5288],[-0.4069,51.4997],[-0.4169,51.4825],[-0.4111,51.4699],[-0.4439,51.4533],[-0.4587,51.4563],[-0.5098,51.4692],[-0.49,51.4947],[-0.4832,51.5071],[-0.4955,51.5385],[-0.4766,51.5592],[-0.5006,51.5997],[-0.4968,51.6317],[-0.4571,51.6123],[-0.4406,51.6201],[-0.404,51.6132]]]}},{"type":"Feature","properties":{"name":"Hounslow","slug":"hounslow","code":"E09000018"},"geometry":{"type":"Polygon","coordinates":[[[-0.253,51.5014],[-0.2434,51.4879],[-0.2575,51.4712],[-0.2921,51.4873],[-0.3269,51.457],[-0.373,51.4575],[-0.3878,51.4494],[-0.3668,51.4416],[-0.3913,51.4223],[-0.4565,51.4381],[-0.4587,51.4563],[-0.4439,51.4533],[-0.4111,51.4699],[-0.4169,51.4825],[-0.4069,51.4997],[-0.3719,51.4905],[-0.3506,51.4991],[-0.3119,51.492],[-0.294,51.5016],[-0.2808,51.5028],[-0.2677,51.4939],[-0.253,51.5014]]]}},{"type":"Feature","properties":{"name":"Islington","slug":"islington","code":"E09000019"},"geometry":{"type":"Polygon","coordinates":[[[-0.1044,51.5648],[-0.0766,51.5478],[-0.097,51.533],[-0.0852,51.5203],[-0.1053,51.5186],[-0.1226,51.5308],[-0.1424,51.5691],[-0.1195,51.5755],[-0.1044,51.5648]]]}},{"type":"Feature","properties":{"name":"Kensington and Chelsea","slug":"kensington-and-chelsea","code":"E09000020"},"geometry":{"type":"Polygon","coordinates":[[[-0.216,51.5279],[-0.1795,51.4978],[-0.1585,51.5022],[-0.1498,51.4845],[-0.1777,51.4775],[-0.2142,51.5008],[-0.2284,51.5303],[-0.216,51.5279]]]}},{"type":"Feature","properties":{"name":"Kingston upon Thames","slug":"kingston-upon-thames","code":"E09000021"},"geometry":{"type":"Polygon","coordinates":[[[-0.2511,51.4326],[-0.2397,51.3893],[-0.245,51.3801],[-0.261,51.3796],[-0.2885,51.3621],[-0.3062,51.3351],[-0.3307,51.329],[-0.3305,51.3484],[-0.3074,51.3784],[-0.3177,51.3937],[-0.3088,51.4019],[-0.3107,51.4322],[-0.2906,51.429],[-0.2866,51.4202],[-0.2541,51.4373],[-0.2511,51.4326]]]}},{"type":"Feature","properties":{"name":"Lambeth","slug":"lambeth","code":"E09000022"},"geometry":{"type":"Polygon","coordinates":[[[-0.0783,51.4206],[-0.0786,51.4199],[-0.1126,51.4232],[-0.1277,51.4123],[-0.1481,51.4129],[-0.1404,51.4193],[-0.1359,51.442],[-0.1436,51.4418],[-0.1512,51.4659],[-0.1295,51.4859],[-0.1114,51.5098],[-0.1092,51.5099],[-0.1082,51.4803],[-0.09,51.4661],[-0.1014,51.4519],[-0.0783,51.4206]]]}},{"type":"Feature","properties":{"name":"Lewisham","slug":"lewisham","code":"E09000023"},"geometry":{"type":"Polygon","coordinates":[[[-0.022,51.4837],[-0.0196,51.4782],[-0.0227,51.4754],[-0.0192,51.4772],[-0.0151,51.468],[0.018,51.4738],[0.01,51.4594],[0.0294,51.4417],[0.0363,51.4224],[0.0255,51.429],[-0.0103,51.4136],[-0.0302,51.4257],[-0.0739,51.4262],[-0.0618,51.4478],[-0.0416,51.455],[-0.054,51.4879],[-0.0323,51.493],[-0.0248,51.4855],[-0.022,51.4837]]]}},{"type":"Feature","properties":{"name":"Merton","slug":"merton","code":"E09000024"},"geometry":{"type":"Polygon","coordinates":[[[-0.1404,51.4193],[-0.1481,51.4129],[-0.1277,51.4123],[-0.1241,51.3976],[-0.1343,51.3908],[-0.1652,51.388],[-0.1748,51.3934],[-0.1884,51.3854],[-0.2098,51.3883],[-0.2181,51.3802],[-0.2397,51.3893],[-0.2511,51.4326],[-0.19,51.4415],[-0.1819,51.4247],[-0.1404,51.4193]]]}},{"type":"Feature","properties":{"name":"Newham","slug":"newham","code":"E09000025"},"geometry":{"type":"MultiPolygon","coordinates":[[[[0.0936,51.5091],[0.0908,51.5079],[0.0921,51.509],[0.0936,51.5091]]],[[[0.0503,51.564],[0.0684,51.5444],[0.0727,51.5293],[0.0926,51.5257],[0.0981,51.5149],[0.0658,51.5007],[0.0604,51.4984],[0.0202,51.4994],[0.0176,51.5016],[0.0157,51.5031],[0.0092,51.5083],[0.0081,51.5081],[0.0057,51.5076],[-0.0211,51.5365],[-0.0165,51.5433],[-0.0172,51.5516],[0.0205,51.5561],[0.0463,51.5548],[0.0503,51.564]]]]}},{"type":"Feature","properties":{"name":"Redbridge","slug":"redbridge","code":"E09000026"},"geometry":{"type":"Polygon","coordinates":[[[0.1382,51.6235],[0.1482,51.599],[0.1264,51.5867],[0.1316,51.5718],[0.1189,51.5574],[0.0935,51.5459],[0.0684,51.5444],[0.0503,51.564],[0.0463,51.5548],[0.0205,51.5561],[0.0121,51.5927],[0.0214,51.6118],[0.0087,51.6191],[0.0218,51.6288],[0.0729,51.6047],[0.1382,51.6235]]]}},{"type":"Feature","properties":{"name":"Richmond upon Thames","slug":"richmond-upon-thames","code":"E09000027"},"geometry":{"type":"Polygon","coordinates":[[[-0.2217,51.4723],[-0.2327,51.4725],[-0.2333,51.464],[-0.2562,51.4628],[-0.2591,51.455],[-0.2416,51.4431],[-0.2541,51.4373],[-0.2866,51.4202],[-0.2906,51.429],[-0.3107,51.4322],[-0.3088,51.4019],[-0.3177,51.3937],[-0.3278,51.3918],[-0.3591,51.4119],[-0.3834,51.4085],[-0.3913,51.4223],[-0.3668,51.4416],[-0.3878,51.4494],[-0.373,51.4575],[-0.3269,51.457],[-0.2921,51.4873],[-0.2575,51.4712],[-0.2434,51.4879],[-0.23,51.4879],[-0.2217,51.4723]]]}},{"type":"Feature","properties":{"name":"Southwark","slug":"southwark","code":"E09000028"},"geometry":{"type":"Polygon","coordinates":[[[-0.0802,51.5069],[-0.073,51.505],[-0.0684,51.503],[-0.063,51.5007],[-0.0539,51.5028],[-0.0359,51.507],[-0.0348,51.5025],[-0.0324,51.4931],[-0.0323,51.493],[-0.054,51.4879],[-0.0416,51.455],[-0.0618,51.4478],[-0.0739,51.4262],[-0.0783,51.4206],[-0.1014,51.4519],[-0.09,51.4661],[-0.1082,51.4803],[-0.1092,51.5099],[-0.0802,51.5069]]]}},{"type":"Feature","properties":{"name":"Sutton","slug":"sutton","code":"E09000029"},"geometry":{"type":"Polygon","coordinates":[[[-0.1343,51.3908],[-0.1168,51.3458],[-0.1446,51.3421],[-0.1456,51.3235],[-0.1565,51.3215],[-0.1973,51.3436],[-0.2208,51.3298],[-0.2298,51.3365],[-0.2173,51.3434],[-0.2227,51.3571],[-0.2454,51.3668],[-0.245,51.3801],[-0.2397,51.3893],[-0.2181,51.3802],[-0.2098,51.3883],[-0.1884,51.3854],[-0.1748,51.3934],[-0.1652,51.388],[-0.1343,51.3908]]]}},{"type":"Feature","properties":{"name":"Tower Hamlets","slug":"tower-hamlets","code":"E09000030"},"geometry":{"type":"MultiPolygon","coordinates":[[[[0.002,51.5044],[0.0014,51.5042],[0.0014,51.5047],[0.002,51.5044]]],[[[-0.0211,51.5365],[0.0057,51.5076],[-0.0058,51.5051],[-0.0062,51.502],[-0.0085,51.4871],[-0.0107,51.487],[-0.0254,51.4903],[-0.0283,51.5024],[-0.0299,51.5089],[-0.0455,51.5094],[-0.0596,51.5029],[-0.0597,51.5028],[-0.0598,51.5029],[-0.0794,51.5078],[-0.073,51.505],[-0.0802,51.5069],[-0.0785,51.5215],[-0.0624,51.5355],[-0.0165,51.5433],[-0.0211,51.5365]]]]}},{"type":"Feature","properties":{"name":"Waltham Forest","slug":"waltham-forest","code":"E09000031"},"geometry":{"type":"Polygon","coordinates":[[[0.0218,51.6288],[0.0087,51.6191],[0.0214,51.6118],[0.0121,51.5927],[0.0205,51.5561],[-0.0172,51.5516],[-0.0284,51.561],[-0.0471,51.5626],[-0.0612,51.5778],[-0.0414,51.6056],[-0.0123,51.6462],[0.0227,51.6411],[0.0218,51.6288]]]}},{"type":"Feature","properties":{"name":"Wandsworth","slug":"wandsworth","code":"E09000032"},"geometry":{"type":"Polygon","coordinates":[[[-0.1404,51.4193],[-0.1819,51.4247],[-0.19,51.4415],[-0.2511,51.4326],[-0.2541,51.4373],[-0.2416,51.4431],[-0.2591,51.455],[-0.2562,51.4628],[-0.2333,51.464],[-0.2327,51.4725],[-0.2217,51.4723],[-0.1905,51.4643],[-0.1777,51.4775],[-0.1498,51.4845],[-0.1295,51.4859],[-0.1512,51.4659],[-0.1436,51.4418],[-0.1359,51.442],[-0.1404,51.4193]]]}},{"type":"Feature","properties":{"name":"Westminster","slug":"westminster","code":"E09000033"},"geometry":{"type":"Polygon","coordinates":[[[-0.1116,51.5153],[-0.1114,51.5098],[-0.1295,51.4859],[-0.1498,51.4845],[-0.1585,51.5022],[-0.1795,51.4978],[-0.216,51.5279],[-0.2051,51.533],[-0.1965,51.5276],[-0.1915,51.5363],[-0.1527,51.5375],[-0.1293,51.5135],[-0.1116,51.5153]]]}},{"type":"Feature","properties":{"name":"Cambridgeshire","slug":"cambridgeshire","code":"E10000003"},"geometry":{"type":"Polygon","coordinates":[[[0.1716,52.738],[0.1536,52.6822],[0.1847,52.6779],[0.1838,52.6557],[0.1699,52.6504],[0.2191,52.622],[0.1916,52.599],[0.2184,52.5726],[0.2056,52.5654],[0.2172,52.5606],[0.2047,52.5547],[0.2052,52.5478],[0.2146,52.5491],[0.2038,52.5454],[0.2079,52.5301],[0.2306,52.5279],[0.2061,52.5196],[0.2363,52.5073],[0.246,52.4999],[0.2564,52.5077],[0.3094,52.5136],[0.3671,52.5012],[0.3807,52.4795],[0.4285,52.4547],[0.4293,52.4365],[0.3748,52.4097],[0.4076,52.3616],[0.4426,52.3488],[0.4242,52.3292],[0.4314,52.3158],[0.4576,52.3163],[0.5047,52.2847],[0.4989,52.273],[0.4242,52.2559],[0.3827,52.2933],[0.3589,52.2975],[0.3552,52.2793],[0.3399,52.2677],[0.361,52.2493],[0.3427,52.2423],[0.3712,52.2266],[0.4213,52.2397],[0.4145,52.2479],[0.427,52.2536],[0.4818,52.2324],[0.4949,52.2393],[0.5145,52.2268],[0.4913,52.1651],[0.4707,52.1633],[0.4522,52.1732],[0.4359,52.1595],[0.4173,52.1593],[0.4175,52.1332],[0.3896,52.1175],[0.3818,52.1027],[0.395,52.096],[0.4046,52.0655],[0.3796,52.0496],[0.3897,52.0365],[0.3459,52.0497],[0.3247,52.0728],[0.2864,52.0902],[0.2762,52.0927],[0.2516,52.0768],[0.2352,52.089],[0.2035,52.0927],[0.1832,52.0732],[0.1899,52.0602],[0.1676,52.055],[0.1664,52.0482],[0.1511,52.0529],[0.1281,52.0473],[0.1191,52.06],[0.1057,52.0603],[0.0923,52.0217],[0.0682,52.0058],[0.0403,52.0533],[0.0035,52.0499],[-0.0196,52.0636],[-0.1266,52.0209],[-0.1337,52.0462],[-0.1551,52.0531],[-0.1475,52.0695],[-0.1576,52.0804],[-0.1445,52.1382],[-0.1544,52.1444],[-0.1715,52.1395],[-0.2348,52.1447],[-0.2167,52.1588],[-0.2607,52.1764],[-0.2498,52.1844],[-0.2407,52.1902],[-0.2618,52.2099],[-0.2963,52.2105],[-0.2856,52.2373],[-0.2932,52.2405],[-0.3352,52.2429],[-0.3435,52.2419],[-0.341,52.2306],[-0.3744,52.233],[-0.3823,52.2711],[-0.3722,52.2735],[-0.375,52.2805],[-0.4218,52.2849],[-0.4358,52.2967],[-0.4361,52.3145],[-0.4654,52.323],[-0.4667,52.3389],[-0.4833,52.3409],[-0.4777,52.3489],[-0.4987,52.3601],[-0.4885,52.374],[-0.4959,52.3795],[-0.4415,52.385],[-0.4171,52.4116],[-0.3624,52.4335],[-0.3702,52.4399],[-0.3416,52.4669],[-0.3594,52.4898],[-0.3543,52.5065],[-0.4136,52.5257],[-0.4013,52.5387],[-0.4196,52.559],[-0.4073,52.5641],[-0.4154,52.5787],[-0.3968,52.583],[-0.3855,52.5672],[-0.3485,52.5644],[-0.3255,52.5529],[-0.3327,52.5465],[-0.2933,52.5069],[-0.2693,52.5208],[-0.2448,52.523],[-0.2348,52.5437],[-0.2177,52.5379],[-0.2004,52.5452],[-0.1878,52.5419],[-0.1979,52.5508],[-0.187,52.5685],[-0.0128,52.5942],[-0.0313,52.6615],[0.0215,52.6649],[0.0486,52.6814],[0.0441,52.7144],[0.0636,52.7274],[0.089,52.7236],[0.133,52.7393],[0.1716,52.738]]]}},{"type":"Feature","properties":{"name":"Derbyshire","slug":"derbyshire","code":"E10000007"},"geometry":{"type":"Polygon","coordinates":[[[-1.8735,53.5404],[-1.8418,53.5199],[-1.8222,53.5211],[-1.7963,53.5032],[-1.8015,53.481],[-1.8015,53.481],[-1.8014,53.481],[-1.7453,53.4622],[-1.7398,53.421],[-1.7085,53.4173],[-1.705,53.4051],[-1.6538,53.3919],[-1.6635,53.3666],[-1.5905,53.3459],[-1.6123,53.3432],[-1.6327,53.3208],[-1.6276,53.3162],[-1.6092,53.3227],[-1.5991,53.3113],[-1.5849,53.3216],[-1.5805,53.3117],[-1.5617,53.316],[-1.5617,53.3064],[-1.5368,53.3047],[-1.5021,53.3176],[-1.4679,53.3171],[-1.4552,53.3219],[-1.4599,53.3307],[-1.442,53.3375],[-1.4209,53.3346],[-1.411,53.342],[-1.3866,53.3349],[-1.3867,53.3176],[-1.3378,53.3158],[-1.3247,53.3288],[-1.299,53.3325],[-1.2886,53.3262],[-1.2957,53.315],[-1.282,53.3095],[-1.2439,53.3016],[-1.2307,53.3086],[-1.2032,53.3042],[-1.1997,53.3114],[-1.1766,53.3051],[-1.1801,53.2871],[-1.1665,53.2777],[-1.1815,53.27],[-1.1747,53.2652],[-1.2025,53.2612],[-1.213,53.2477],[-1.202,53.2355],[-1.2094,53.2177],[-1.197,53.1848],[-1.2404,53.1787],[-1.2599,53.1645],[-1.2907,53.1714],[-1.3235,53.1623],[-1.3218,53.1307],[-1.3006,53.102],[-1.3093,53.0968],[-1.3029,53.0882],[-1.3316,53.081],[-1.3444,53.0655],[-1.3359,53.053],[-1.3319,53.0311],[-1.3074,53.0036],[-1.2877,52.9697],[-1.2925,52.9556],[-1.281,52.9492],[-1.2818,52.9103],[-1.2461,52.9029],[-1.2397,52.8923],[-1.2401,52.8801],[-1.2679,52.8734],[-1.3193,52.8729],[-1.3257,52.8659],[-1.3455,52.8673],[-1.3511,52.8533],[-1.3606,52.8554],[-1.3944,52.8368],[-1.3879,52.833],[-1.4177,52.8016],[-1.4437,52.8026],[-1.4425,52.7929],[-1.4628,52.7869],[-1.4559,52.7771],[-1.4685,52.7669],[-1.494,52.759],[-1.5039,52.7675],[-1.5528,52.7633],[-1.5625,52.7506],[-1.5446,52.7317],[-1.5501,52.7204],[-1.5975,52.7004],[-1.6551,52.6988],[-1.6566,52.7217],[-1.7042,52.7321],[-1.6665,52.7847],[-1.6111,52.7814],[-1.6143,52.7883],[-1.5889,52.7999],[-1.5917,52.8093],[-1.6105,52.8164],[-1.5854,52.8316],[-1.6268,52.8545],[-1.6895,52.8645],[-1.7006,52.8606],[-1.7045,52.8667],[-1.7253,52.8597],[-1.746,52.8687],[-1.7772,52.8838],[-1.8282,52.8844],[-1.8566,52.9233],[-1.8286,52.9479],[-1.8268,52.9771],[-1.7624,52.9999],[-1.7589,53.0373],[-1.779,53.0449],[-1.7757,53.0594],[-1.7942,53.0884],[-1.7837,53.103],[-1.8219,53.1367],[-1.8126,53.1544],[-1.8608,53.1885],[-1.8987,53.2],[-1.9567,53.2137],[-1.9624,53.2262],[-1.9874,53.2136],[-1.9902,53.223],[-1.9749,53.231],[-2.0094,53.2606],[-2.0068,53.3546],[-2.0311,53.3703],[-2.0338,53.3755],[-2.0046,53.3863],[-1.9923,53.4152],[-2.0137,53.4159],[-2.0263,53.4299],[-2.0142,53.4398],[-2.0042,53.4359],[-2.0082,53.4415],[-1.9858,53.4552],[-1.9878,53.4811],[-1.9634,53.5098],[-1.9513,53.5042],[-1.922,53.51],[-1.9268,53.5209],[-1.9096,53.5384],[-1.8941,53.5336],[-1.8735,53.5404]],[[-1.5031,52.8848],[-1.4945,52.8701],[-1.4641,52.8726],[-1.4462,52.8613],[-1.4236,52.8651],[-1.4189,52.8845],[-1.4028,52.9005],[-1.3884,52.9015],[-1.3831,52.9259],[-1.424,52.9357],[-1.4093,52.9503],[-1.4686,52.9507],[-1.4747,52.9659],[-1.4954,52.9659],[-1.508,52.9375],[-1.5441,52.9242],[-1.5568,52.9146],[-1.5417,52.8895],[-1.5031,52.8848]]]}},{"type":"Feature","properties":{"name":"Devon","slug":"devon","code":"E10000008"},"geometry":{"type":"MultiPolygon","coordinates":[[[[-4.6664,51.1594],[-4.6709,51.1585],[-4.6806,51.1724],[-4.6778,51.1985],[-4.6774,51.2024],[-4.6533,51.1624],[-4.6664,51.1594]]],[[[-3.7698,51.2377],[-3.7208,51.2331],[-3.7206,51.2331],[-3.7332,51.2227],[-3.725,51.1796],[-3.7863,51.1719],[-3.8392,51.1769],[-3.8345,51.1384],[-3.8043,51.1157],[-3.7199,51.0808],[-3.6925,51.0806],[-3.6467,51.0581],[-3.5945,51.0552],[-3.6147,51.0155],[-3.6032,51.0072],[-3.535,51.0033],[-3.5189,51.0148],[-3.5205,51.0259],[-3.5043,51.0302],[-3.4834,51.0338],[-3.4602,51.0252],[-3.4213,51.0308],[-3.4142,51.0197],[-3.3805,51.0185],[-3.3787,50.9775],[-3.3337,50.9828],[-3.2938,50.9551],[-3.2548,50.9418],[-3.1665,50.9477],[-3.188,50.9103],[-3.1442,50.8914],[-3.1263,50.9017],[-3.0526,50.9086],[-3.055,50.8745],[-3.0326,50.8616],[-3.0368,50.8511],[-2.9736,50.8558],[-2.9698,50.8342],[-2.9543,50.8212],[-2.9613,50.8156],[-2.8928,50.8048],[-2.8866,50.7948],[-2.9543,50.7677],[-2.9351,50.7543],[-2.9531,50.7285],[-2.9474,50.7184],[-2.9477,50.7182],[-3.0269,50.6989],[-3.0297,50.699],[-3.0534,50.7041],[-3.0549,50.7025],[-3.0824,50.7016],[-3.0953,50.6861],[-3.0961,50.6852],[-3.1338,50.685],[-3.1921,50.6845],[-3.2578,50.6732],[-3.2896,50.6422],[-3.301,50.6321],[-3.3088,50.6476],[-3.3067,50.6296],[-3.3407,50.6219],[-3.348,50.6206],[-3.3485,50.6201],[-3.3524,50.6192],[-3.358,50.6118],[-3.3619,50.6066],[-3.3897,50.6114],[-3.4148,50.6157],[-3.424,50.6173],[-3.4215,50.6229],[-3.4155,50.6293],[-3.4515,50.6819],[-3.4525,50.6834],[-3.4609,50.6956],[-3.4596,50.6892],[-3.4571,50.6766],[-3.4568,50.675],[-3.4579,50.6758],[-3.4683,50.6832],[-3.4698,50.6823],[-3.4697,50.6812],[-3.4695,50.6783],[-3.4682,50.664],[-3.4513,50.6471],[-3.4469,50.6201],[-3.4468,50.6172],[-3.4464,50.617],[-3.4453,50.6107],[-3.4445,50.6058],[-3.4452,50.6056],[-3.4445,50.6058],[-3.4439,50.6016],[-3.4278,50.6109],[-3.4271,50.6114],[-3.425,50.612],[-3.4263,50.611],[-3.467,50.5781],[-3.4684,50.563],[-3.4998,50.5405],[-3.5011,50.5459],[-3.5098,50.5429],[-3.4974,50.5383],[-3.5065,50.5208],[-3.5091,50.5166],[-3.5208,50.5177],[-3.5299,50.5046],[-3.5648,50.487],[-3.5698,50.4907],[-3.5842,50.4777],[-3.5869,50.4522],[-3.6251,50.4413],[-3.628,50.4259],[-3.599,50.4093],[-3.5799,50.4102],[-3.5747,50.3941],[-3.5442,50.3734],[-3.5077,50.3789],[-3.5179,50.3464],[-3.5186,50.3461],[-3.5401,50.337],[-3.5512,50.3383],[-3.5718,50.347],[-3.5735,50.3478],[-3.5682,50.3507],[-3.5643,50.3527],[-3.5763,50.3633],[-3.5756,50.3639],[-3.5686,50.3688],[-3.5947,50.3822],[-3.5947,50.3821],[-3.595,50.3822],[-3.5947,50.382],[-3.5944,50.3807],[-3.5806,50.3722],[-3.5805,50.3721],[-3.5844,50.3603],[-3.5768,50.3511],[-3.5767,50.3462],[-3.571,50.3442],[-3.5636,50.3354],[-3.5724,50.3261],[-3.5924,50.3219],[-3.6112,50.3181],[-3.6114,50.3179],[-3.6131,50.3175],[-3.6427,50.2901],[-3.6565,50.2482],[-3.6596,50.239],[-3.6591,50.2385],[-3.6592,50.2381],[-3.644,50.2247],[-3.6407,50.2218],[-3.681,50.2224],[-3.6835,50.2211],[-3.6981,50.2135],[-3.7209,50.2025],[-3.7375,50.2148],[-3.7735,50.2243],[-3.7613,50.2362],[-3.7263,50.2367],[-3.7391,50.2411],[-3.7227,50.2472],[-3.7203,50.2481],[-3.724,50.2472],[-3.7538,50.2398],[-3.7546,50.2424],[-3.7492,50.256],[-3.7567,50.2548],[-3.7673,50.2631],[-3.7741,50.257],[-3.7649,50.254],[-3.7615,50.2466],[-3.7588,50.2406],[-3.7615,50.2411],[-3.7669,50.2426],[-3.7673,50.2422],[-3.7753,50.2438],[-3.77,50.2394],[-3.7777,50.2314],[-3.7819,50.2296],[-3.7867,50.2108],[-3.8044,50.2133],[-3.8197,50.2164],[-3.8442,50.2277],[-3.868,50.2397],[-3.8673,50.2415],[-3.8591,50.2425],[-3.859,50.2451],[-3.8581,50.2607],[-3.8591,50.2613],[-3.8591,50.2614],[-3.8754,50.2722],[-3.8817,50.2765],[-3.8769,50.2803],[-3.8696,50.2791],[-3.8654,50.2846],[-3.871,50.2813],[-3.8951,50.2818],[-3.8992,50.2844],[-3.8979,50.2864],[-3.9103,50.2941],[-3.9149,50.2943],[-3.9177,50.2961],[-3.9437,50.2959],[-3.9468,50.3068],[-3.9485,50.3098],[-3.9526,50.3082],[-3.9527,50.3084],[-3.9748,50.3052],[-3.9919,50.3075],[-4.0163,50.2992],[-4.0428,50.2954],[-4.0711,50.3049],[-4.062,50.3083],[-4.0333,50.3134],[-4.0532,50.3177],[-4.056,50.3114],[-4.0582,50.3116],[-4.119,50.3194],[-4.1196,50.3358],[-4.1231,50.3364],[-4.1233,50.3464],[-4.1231,50.3467],[-4.1231,50.3468],[-4.0906,50.3409],[-4.0529,50.3565],[-4.0502,50.3775],[-4.0271,50.379],[-4.0212,50.3918],[-4.0396,50.4014],[-4.0715,50.4019],[-4.0827,50.4247],[-4.1095,50.4321],[-4.1135,50.4442],[-4.1357,50.4329],[-4.1559,50.4364],[-4.1657,50.4268],[-4.1732,50.4239],[-4.1853,50.4264],[-4.1898,50.4285],[-4.1812,50.4351],[-4.1691,50.4444],[-4.1627,50.4494],[-4.1565,50.4464],[-4.1519,50.4637],[-4.1518,50.4638],[-4.152,50.4637],[-4.1606,50.456],[-4.1851,50.4342],[-4.1913,50.4354],[-4.1997,50.4369],[-4.2007,50.4364],[-4.2151,50.4666],[-4.2296,50.4558],[-4.2386,50.464],[-4.2181,50.4759],[-4.2209,50.4981],[-4.1994,50.4924],[-4.1807,50.5037],[-4.1858,50.5084],[-4.2028,50.5032],[-4.2073,50.5336],[-4.2323,50.531],[-4.2479,50.5439],[-4.2715,50.5366],[-4.2593,50.5458],[-4.2795,50.5692],[-4.2711,50.5822],[-4.286,50.5847],[-4.2861,50.5749],[-4.2913,50.5839],[-4.3069,50.5786],[-4.3116,50.5861],[-4.3003,50.6339],[-4.3256,50.6377],[-4.3352,50.6465],[-4.3489,50.6895],[-4.3693,50.7023],[-4.3616,50.7188],[-4.385,50.7478],[-4.381,50.7706],[-4.3936,50.7782],[-4.4144,50.7744],[-4.4087,50.7624],[-4.4239,50.7645],[-4.4513,50.7857],[-4.4935,50.7929],[-4.4468,50.8082],[-4.4422,50.8469],[-4.4337,50.8655],[-4.421,50.8661],[-4.4627,50.9135],[-4.4561,50.9289],[-4.546,50.9288],[-4.541,50.9518],[-4.5257,51.0223],[-4.4254,51.0137],[-4.4244,51.0131],[-4.3909,50.9947],[-4.343,50.989],[-4.303,50.9978],[-4.2823,51.014],[-4.2492,51.0399],[-4.2426,51.0414],[-4.241,51.0464],[-4.2179,51.0645],[-4.2165,51.0636],[-4.2102,51.0524],[-4.1908,51.0548],[-4.1907,51.0548],[-4.1907,51.0547],[-4.1979,51.0337],[-4.1888,51.0412],[-4.1797,51.0487],[-4.1798,51.0675],[-4.1516,51.0735],[-4.153,51.0802],[-4.1637,51.0836],[-4.1631,51.1007],[-4.1666,51.0805],[-4.1854,51.0762],[-4.1891,51.0663],[-4.2168,51.0764],[-4.2225,51.1177],[-4.2365,51.12],[-4.2402,51.121],[-4.2359,51.1309],[-4.2504,51.1376],[-4.2584,51.1412],[-4.2613,51.1429],[-4.2238,51.1442],[-4.2162,51.1516],[-4.2115,51.1784],[-4.2293,51.1885],[-4.2106,51.1905],[-4.2016,51.2003],[-4.1857,51.1984],[-4.1776,51.1973],[-4.1136,51.2116],[-4.0981,51.2109],[-4.092,51.2164],[-4.0878,51.2173],[-4.0387,51.2067],[-4.0291,51.2158],[-4.028,51.2164],[-4.006,51.2173],[-3.9583,51.2191],[-3.9546,51.2205],[-3.9543,51.2206],[-3.9513,51.2218],[-3.9257,51.2319],[-3.9235,51.2314],[-3.892,51.2238],[-3.8543,51.2344],[-3.8537,51.2346],[-3.8135,51.2311],[-3.8114,51.2323],[-3.8103,51.2322],[-3.7868,51.2462],[-3.7698,51.2377]]]]}},{"type":"Feature","properties":{"name":"East Sussex","slug":"east-sussex","code":"E10000011"},"geometry":{"type":"Polygon","coordinates":[[[0.1512,51.1238],[0.1715,51.1154],[0.2263,51.1245],[0.2446,51.1148],[0.2756,51.1123],[0.2749,51.1207],[0.3252,51.123],[0.3351,51.1055],[0.359,51.1045],[0.3508,51.0841],[0.3738,51.0885],[0.3965,51.0831],[0.4183,51.0626],[0.4633,51.0548],[0.4723,51.0304],[0.5376,51.0216],[0.5417,51.0111],[0.5708,51.0035],[0.6054,51.0121],[0.6614,51.0178],[0.677,51.0033],[0.7068,50.9936],[0.7406,51.0007],[0.779,50.9895],[0.7771,50.9754],[0.7843,50.9772],[0.8129,50.942],[0.8414,50.9576],[0.856,50.9531],[0.8679,50.9333],[0.855,50.9239],[0.8445,50.9249],[0.772,50.9313],[0.7749,50.9273],[0.7297,50.9134],[0.6586,50.8699],[0.6579,50.8698],[0.6458,50.8667],[0.5248,50.8452],[0.5028,50.8425],[0.5007,50.8423],[0.3783,50.8205],[0.3775,50.8204],[0.3393,50.7991],[0.3392,50.799],[0.31,50.7767],[0.2664,50.7432],[0.2604,50.7386],[0.21,50.7385],[0.2098,50.7385],[0.1555,50.7568],[0.15,50.7587],[0.1489,50.7591],[0.122,50.7583],[0.1069,50.7639],[0.0684,50.7818],[0.0595,50.7817],[0.0583,50.7821],[0.0584,50.7817],[0.0559,50.7816],[0.0578,50.7761],[0.0337,50.7818],[-0.015,50.7935],[-0.0385,50.7991],[-0.016,50.8149],[-0.0204,50.8218],[-0.046,50.8218],[-0.0369,50.8412],[-0.0735,50.8412],[-0.0849,50.8731],[-0.0975,50.8779],[-0.1218,50.8734],[-0.1353,50.8781],[-0.135,50.8867],[-0.1198,50.9423],[-0.1042,50.9465],[-0.1151,50.9761],[-0.0736,50.9917],[-0.0616,50.9784],[-0.0246,50.98],[-0.0164,51.0025],[-0.0219,51.0265],[-0.0016,51.0358],[-0.003,51.0476],[0.0137,51.057],[-0.0085,51.0565],[-0.0133,51.074],[-0.0269,51.0751],[-0.0362,51.0934],[0.0105,51.1022],[0.0095,51.1104],[0.0186,51.1036],[0.0445,51.1106],[0.0281,51.1177],[0.0274,51.1398],[0.05,51.1427],[0.1331,51.1473],[0.1607,51.1373],[0.1512,51.1238]]]}},{"type":"Feature","properties":{"name":"Essex","slug":"essex","code":"E10000012"},"geometry":{"type":"MultiPolygon","coordinates":[[[[0.6266,51.5366],[0.6259,51.5322],[0.609,51.5348],[0.6243,51.5364],[0.6244,51.5363],[0.6266,51.5366]]],[[[0.8375,51.5852],[0.8229,51.5649],[0.8081,51.5856],[0.8301,51.596],[0.8375,51.5852]]],[[[0.8845,51.5685],[0.8664,51.5589],[0.8401,51.5616],[0.8258,51.5645],[0.8386,51.5815],[0.8401,51.582],[0.838,51.5936],[0.8668,51.5952],[0.8744,51.6142],[0.8874,51.6152],[0.9575,51.6205],[0.9299,51.5924],[0.8845,51.5685]]],[[[0.7877,51.7223],[0.7701,51.7191],[0.7546,51.7249],[0.7698,51.7268],[0.7877,51.7223]]],[[[0.7212,51.7306],[0.7262,51.7171],[0.7081,51.7196],[0.7212,51.7306]]],[[[0.838,51.7734],[0.8562,51.7677],[0.8335,51.7693],[0.838,51.7734]]],[[[0.9456,51.7747],[0.9024,51.7737],[0.9018,51.7861],[0.9246,51.7956],[0.9428,51.8067],[0.9658,51.8087],[0.9991,51.8019],[1.0,51.7931],[0.9456,51.7747]]],[[[1.2218,51.872],[1.2067,51.8707],[1.2187,51.8781],[1.2247,51.8803],[1.2218,51.872]]],[[[1.2629,51.8802],[1.2637,51.873],[1.255,51.8745],[1.2629,51.8802]]],[[[1.2575,51.8835],[1.2446,51.8689],[1.2264,51.8753],[1.2297,51.8815],[1.2575,51.8835]]],[[[1.234,51.8937],[1.2427,51.8866],[1.2316,51.8875],[1.234,51.8937]]],[[[0.7032,52.0653],[0.7163,52.0487],[0.6994,52.0484],[0.6965,52.0393],[0.7144,52.0273],[0.7406,52.0312],[0.7385,52.0107],[0.7611,51.9975],[0.7597,51.9854],[0.7746,51.9826],[0.7723,51.9704],[0.7815,51.9665],[0.8109,51.9607],[0.8247,51.9685],[0.8502,51.9608],[0.8897,51.9734],[0.9252,51.9762],[0.9429,51.9707],[0.9626,51.9772],[0.971,51.9624],[0.9987,51.964],[1.0247,51.9549],[1.0477,51.9595],[1.0687,51.9504],[1.0659,51.949],[1.0539,51.953],[1.0619,51.946],[1.1195,51.9401],[1.1701,51.948],[1.1805,51.9418],[1.1993,51.9408],[1.2273,51.9395],[1.2462,51.9485],[1.2771,51.9392],[1.2909,51.9487],[1.2961,51.937],[1.2966,51.9356],[1.2966,51.9356],[1.2851,51.9369],[1.2497,51.9162],[1.2529,51.9146],[1.258,51.912],[1.252,51.9022],[1.2463,51.8957],[1.251,51.9022],[1.2341,51.9033],[1.226,51.9038],[1.212,51.8966],[1.2283,51.8905],[1.2124,51.8904],[1.199,51.8848],[1.2098,51.8785],[1.2091,51.8784],[1.1947,51.8751],[1.1782,51.8714],[1.1942,51.869],[1.2116,51.8664],[1.2264,51.8721],[1.2324,51.8551],[1.2358,51.8614],[1.2492,51.8623],[1.25,51.8561],[1.2526,51.8638],[1.2666,51.8636],[1.2691,51.8518],[1.2699,51.8636],[1.2685,51.8636],[1.2678,51.8771],[1.2861,51.8757],[1.2699,51.8773],[1.2639,51.8862],[1.2902,51.8743],[1.2905,51.8732],[1.2879,51.8624],[1.2661,51.8434],[1.2531,51.8336],[1.2318,51.8176],[1.1289,51.7754],[1.0547,51.7695],[1.0434,51.7697],[1.0178,51.8012],[1.0438,51.8025],[1.0604,51.8117],[1.0642,51.8172],[1.0678,51.8211],[1.0462,51.8229],[1.0632,51.8175],[1.0544,51.8108],[1.0128,51.8049],[0.9841,51.8351],[1.021,51.8348],[0.9852,51.839],[0.9836,51.8407],[0.9801,51.8447],[0.9778,51.8472],[0.9776,51.8475],[0.9776,51.8473],[0.9775,51.8409],[0.9775,51.8356],[0.9664,51.8294],[0.9822,51.8174],[0.9658,51.8226],[0.9619,51.8331],[0.9556,51.8294],[0.9434,51.8222],[0.9912,51.8073],[0.9599,51.8102],[0.9162,51.8114],[0.9207,51.805],[0.937,51.8058],[0.9216,51.8039],[0.9041,51.8042],[0.8988,51.7927],[0.8924,51.7792],[0.8665,51.7928],[0.8723,51.7832],[0.8487,51.7873],[0.8417,51.7823],[0.8299,51.789],[0.8429,51.781],[0.8433,51.7808],[0.8768,51.7794],[0.8773,51.7793],[0.8774,51.7792],[0.8908,51.7673],[0.8545,51.7718],[0.8368,51.7739],[0.8318,51.7695],[0.8531,51.7646],[0.8505,51.757],[0.8616,51.7631],[0.8827,51.7577],[0.8562,51.7438],[0.8475,51.7475],[0.853,51.742],[0.8416,51.7388],[0.7923,51.7452],[0.7886,51.7367],[0.7767,51.744],[0.7359,51.7295],[0.7137,51.7376],[0.7055,51.7238],[0.6992,51.7262],[0.7112,51.7135],[0.747,51.7115],[0.746,51.7049],[0.7692,51.7084],[0.7378,51.6872],[0.7569,51.6907],[0.767,51.7027],[0.7716,51.7041],[0.7976,51.7079],[0.7935,51.7181],[0.8197,51.7211],[0.8522,51.7133],[0.8839,51.7357],[0.8946,51.7432],[0.8956,51.7433],[0.9269,51.7463],[0.931,51.746],[0.949,51.7295],[0.9385,51.6918],[0.9471,51.6872],[0.9381,51.6884],[0.947,51.6855],[0.9321,51.6859],[0.9487,51.6833],[0.9315,51.6792],[0.9465,51.6774],[0.9328,51.6751],[0.9464,51.6756],[0.9339,51.6734],[0.9443,51.6739],[0.9327,51.6666],[0.9422,51.664],[0.9417,51.6619],[0.9345,51.6328],[0.9043,51.6225],[0.8879,51.6221],[0.8595,51.6213],[0.7939,51.6257],[0.7805,51.6306],[0.7637,51.6368],[0.7844,51.6243],[0.8078,51.6224],[0.8654,51.6154],[0.8639,51.6088],[0.8578,51.6076],[0.854,51.5958],[0.8204,51.5989],[0.812,51.6031],[0.8191,51.5976],[0.7964,51.5864],[0.7643,51.5832],[0.8059,51.5861],[0.7934,51.5764],[0.8081,51.5787],[0.8178,51.5619],[0.8507,51.5563],[0.821,51.5409],[0.8208,51.5409],[0.8192,51.5422],[0.789,51.5424],[0.7867,51.5529],[0.6753,51.5729],[0.639,51.5768],[0.6321,51.5705],[0.6269,51.5383],[0.6265,51.5382],[0.6258,51.5381],[0.6083,51.5349],[0.5941,51.5375],[0.5721,51.5414],[0.5939,51.535],[0.6221,51.5269],[0.6184,51.5203],[0.6369,51.5219],[0.5926,51.5121],[0.5734,51.5079],[0.5537,51.5099],[0.5486,51.5127],[0.548,51.5157],[0.5432,51.5158],[0.518,51.53],[0.518,51.53],[0.5062,51.5383],[0.5091,51.5342],[0.482,51.5486],[0.4667,51.5467],[0.4617,51.5537],[0.4276,51.5451],[0.4186,51.5567],[0.3935,51.5577],[0.3918,51.5672],[0.3826,51.5658],[0.313,51.5658],[0.2903,51.5643],[0.2699,51.5996],[0.254,51.6016],[0.2646,51.6083],[0.2522,51.6178],[0.2241,51.6317],[0.2003,51.6249],[0.1382,51.6235],[0.0729,51.6047],[0.0218,51.6288],[0.0227,51.6411],[-0.0123,51.6462],[-0.0119,51.6809],[-0.0197,51.7032],[-0.0135,51.7422],[0.0012,51.7451],[0.014,51.7644],[0.0268,51.7742],[0.0577,51.7797],[0.1461,51.7962],[0.1583,51.8135],[0.1726,51.8163],[0.1663,51.8222],[0.1705,51.8616],[0.1956,51.8681],[0.1749,51.8828],[0.1839,51.8935],[0.1248,51.8846],[0.1248,51.9236],[0.107,51.9718],[0.0965,51.9843],[0.0691,51.984],[0.0682,52.0058],[0.0923,52.0217],[0.1057,52.0603],[0.1191,52.06],[0.1281,52.0473],[0.1511,52.0529],[0.1664,52.0482],[0.1676,52.055],[0.1899,52.0602],[0.1832,52.0732],[0.2035,52.0927],[0.2352,52.089],[0.2516,52.0768],[0.2762,52.0927],[0.2864,52.0902],[0.3247,52.0728],[0.3459,52.0497],[0.3897,52.0365],[0.3796,52.0496],[0.4046,52.0655],[0.4383,52.0723],[0.4536,52.0681],[0.4666,52.0784],[0.5017,52.0539],[0.5111,52.0599],[0.5423,52.0577],[0.5514,52.0688],[0.582,52.0759],[0.6569,52.0854],[0.6842,52.087],[0.7121,52.0722],[0.7032,52.0653]]]]}},{"type":"Feature","properties":{"name":"Gloucestershire","slug":"gloucestershire","code":"E10000013"},"geometry":{"type":"Polygon","coordinates":[[[-1.7677,52.1126],[-1.7459,52.0928],[-1.7286,52.1001],[-1.7307,52.0733],[-1.7131,52.0666],[-1.7017,52.0728],[-1.7051,52.0596],[-1.6886,52.0518],[-1.694,52.0395],[-1.6638,52.0313],[-1.6245,52.039],[-1.6175,52.0334],[-1.6658,51.9974],[-1.6658,51.9875],[-1.6625,51.964],[-1.6325,51.9557],[-1.6152,51.9377],[-1.6455,51.9223],[-1.6331,51.8992],[-1.6587,51.8966],[-1.6671,51.877],[-1.6869,51.8655],[-1.6764,51.8503],[-1.6865,51.8345],[-1.6819,51.804],[-1.7195,51.7832],[-1.7007,51.7706],[-1.687,51.7399],[-1.6959,51.7235],[-1.688,51.712],[-1.6483,51.6841],[-1.6685,51.6804],[-1.6831,51.6901],[-1.6966,51.6921],[-1.711,51.6718],[-1.7275,51.6672],[-1.7538,51.6622],[-1.7886,51.667],[-1.8119,51.7031],[-1.8233,51.6735],[-1.8159,51.663],[-1.8506,51.6563],[-1.8739,51.6826],[-1.899,51.6797],[-1.8766,51.6515],[-1.9209,51.6572],[-1.9421,51.6704],[-1.963,51.6587],[-1.9507,51.637],[-1.9772,51.6379],[-1.9953,51.6514],[-2.0151,51.6504],[-2.0572,51.6724],[-2.0734,51.6595],[-2.0788,51.6653],[-2.0735,51.6595],[-2.1526,51.5903],[-2.1795,51.6],[-2.19,51.5925],[-2.2067,51.5959],[-2.2077,51.6034],[-2.2419,51.5921],[-2.2451,51.5814],[-2.2726,51.5776],[-2.2827,51.5785],[-2.2916,51.5937],[-2.3311,51.5916],[-2.3656,51.6037],[-2.3704,51.5976],[-2.3947,51.5974],[-2.3889,51.6275],[-2.4005,51.6351],[-2.386,51.6399],[-2.443,51.6525],[-2.4907,51.6448],[-2.4896,51.664],[-2.5408,51.6824],[-2.5424,51.6815],[-2.5462,51.6837],[-2.5665,51.6951],[-2.58,51.6882],[-2.61,51.6727],[-2.6489,51.6313],[-2.6516,51.6096],[-2.6569,51.622],[-2.6566,51.6228],[-2.6602,51.6296],[-2.6633,51.6356],[-2.6685,51.6456],[-2.6803,51.6475],[-2.6659,51.6643],[-2.6864,51.6632],[-2.6569,51.6745],[-2.6723,51.681],[-2.6692,51.6932],[-2.6838,51.7006],[-2.6684,51.7058],[-2.6875,51.7304],[-2.6722,51.7364],[-2.6627,51.7539],[-2.6805,51.7689],[-2.6698,51.7943],[-2.6785,51.8028],[-2.6595,51.8107],[-2.6609,51.8228],[-2.6504,51.8261],[-2.6367,51.8431],[-2.6255,51.839],[-2.6012,51.8562],[-2.5828,51.8496],[-2.5808,51.8616],[-2.5316,51.8608],[-2.5086,51.8852],[-2.4878,51.8804],[-2.4393,51.8974],[-2.4482,51.9187],[-2.466,51.928],[-2.4656,51.9517],[-2.5009,51.9606],[-2.4922,51.9641],[-2.4949,51.9811],[-2.471,51.9947],[-2.492,52.0077],[-2.4789,52.0225],[-2.464,52.0232],[-2.4634,52.014],[-2.4366,52.0148],[-2.4373,51.9972],[-2.4132,51.9941],[-2.399,51.9961],[-2.3929,52.013],[-2.3514,52.0214],[-2.3525,52.0135],[-2.3247,52.0036],[-2.3265,51.9758],[-2.3126,51.9765],[-2.3004,51.9668],[-2.2706,51.9689],[-2.2514,51.9666],[-2.2206,51.9955],[-2.1851,51.9906],[-2.1807,51.9996],[-2.1646,51.9961],[-2.1877,52.0191],[-2.1769,52.0226],[-2.1807,52.0417],[-2.1714,52.0476],[-2.1184,52.0421],[-2.1172,52.0336],[-2.1394,52.0279],[-2.1497,52.0113],[-2.1407,51.9995],[-2.1122,52.0153],[-2.0849,52.0105],[-2.0608,52.0147],[-2.0495,52.0038],[-2.0384,52.0046],[-1.9841,52.0359],[-1.9514,52.0377],[-1.9317,52.0299],[-1.9134,52.0445],[-1.8391,52.0068],[-1.825,52.0309],[-1.8346,52.0437],[-1.8634,52.0534],[-1.8744,52.07],[-1.8466,52.0794],[-1.8318,52.0728],[-1.8189,52.0854],[-1.8127,52.0787],[-1.8023,52.0969],[-1.7677,52.1126]]]}},{"type":"Feature","properties":{"name":"Hampshire","slug":"hampshire","code":"E10000014"},"geometry":{"type":"MultiPolygon","coordinates":[[[[-1.5551,50.7143],[-1.5512,50.7061],[-1.5565,50.7077],[-1.5551,50.7143]]],[[[-0.951,50.8238],[-0.9572,50.8076],[-0.9733,50.809],[-0.9527,50.8011],[-0.9593,50.7949],[-0.9674,50.7872],[-0.9512,50.787],[-0.9589,50.7812],[-0.9376,50.7873],[-0.9389,50.7776],[-0.9595,50.7796],[-1.0239,50.7882],[-1.025,50.7955],[-1.0251,50.796],[-0.9945,50.7984],[-0.9833,50.8207],[-0.9901,50.827],[-0.9676,50.8348],[-0.951,50.8238]]],[[[-1.4745,50.9243],[-1.4651,50.9103],[-1.4668,50.9109],[-1.4745,50.9243]]],[[[-1.0866,51.3839],[-1.0501,51.3581],[-0.9861,51.3628],[-0.9867,51.3599],[-0.9237,51.366],[-0.8781,51.3526],[-0.8374,51.3529],[-0.7755,51.332],[-0.7629,51.3187],[-0.7442,51.3093],[-0.7311,51.2803],[-0.7293,51.2561],[-0.7455,51.2305],[-0.776,51.242],[-0.8017,51.239],[-0.8047,51.2451],[-0.8489,51.2107],[-0.8254,51.1814],[-0.8342,51.1476],[-0.8052,51.1554],[-0.7944,51.1498],[-0.7694,51.1173],[-0.7455,51.1122],[-0.7493,51.1032],[-0.7593,51.1033],[-0.7535,51.0865],[-0.7808,51.0794],[-0.7978,51.0635],[-0.8428,51.0669],[-0.8528,51.0448],[-0.897,51.022],[-0.8933,51.0027],[-0.9079,50.9942],[-0.9318,50.9456],[-0.9421,50.9429],[-0.924,50.9242],[-0.9402,50.9181],[-0.9576,50.8906],[-0.9387,50.8737],[-0.9265,50.8641],[-0.9345,50.8459],[-0.9745,50.8422],[-0.9812,50.8349],[-0.9988,50.8416],[-1.0008,50.8514],[-1.0026,50.8431],[-1.0206,50.839],[-1.0221,50.8358],[-1.022,50.8353],[-1.0235,50.8334],[-1.0236,50.8332],[-1.024,50.8316],[-1.0226,50.8521],[-1.0541,50.8565],[-1.1158,50.8583],[-1.1139,50.8435],[-1.1169,50.8429],[-1.1184,50.8373],[-1.1545,50.8451],[-1.1712,50.8409],[-1.1719,50.8566],[-1.1781,50.8381],[-1.1791,50.8377],[-1.1795,50.8373],[-1.1769,50.8374],[-1.1613,50.8381],[-1.1569,50.8375],[-1.1572,50.8234],[-1.1495,50.8251],[-1.1458,50.826],[-1.1238,50.8062],[-1.1371,50.8023],[-1.1237,50.8041],[-1.1198,50.7962],[-1.1178,50.7922],[-1.1407,50.7835],[-1.1119,50.7895],[-1.1372,50.7759],[-1.1421,50.7734],[-1.1504,50.7763],[-1.1899,50.7898],[-1.1986,50.7968],[-1.2138,50.809],[-1.2142,50.8093],[-1.3073,50.8413],[-1.3029,50.877],[-1.3006,50.8796],[-1.3026,50.8792],[-1.304,50.8789],[-1.3169,50.8761],[-1.3108,50.8508],[-1.3104,50.849],[-1.3111,50.8494],[-1.3629,50.8787],[-1.322,50.901],[-1.3334,50.9199],[-1.3579,50.9307],[-1.3547,50.941],[-1.3799,50.9475],[-1.4061,50.9561],[-1.4237,50.9472],[-1.4495,50.9499],[-1.4771,50.9287],[-1.4771,50.9287],[-1.4773,50.9285],[-1.4796,50.9346],[-1.4782,50.9288],[-1.4817,50.9303],[-1.4851,50.9328],[-1.4858,50.9329],[-1.4857,50.9322],[-1.4841,50.9305],[-1.482,50.9283],[-1.4741,50.9117],[-1.479,50.9165],[-1.4888,50.9104],[-1.4908,50.9159],[-1.489,50.9103],[-1.4878,50.9076],[-1.4783,50.9119],[-1.4591,50.9007],[-1.4326,50.8975],[-1.4266,50.8968],[-1.3782,50.8546],[-1.3575,50.8495],[-1.3606,50.8429],[-1.3403,50.8427],[-1.3394,50.8266],[-1.3259,50.8262],[-1.3247,50.8229],[-1.326,50.8165],[-1.3115,50.8134],[-1.3078,50.8203],[-1.3086,50.8148],[-1.317,50.8076],[-1.3266,50.8035],[-1.3425,50.7857],[-1.3737,50.7849],[-1.375,50.785],[-1.3754,50.7848],[-1.3983,50.7842],[-1.4082,50.7857],[-1.413,50.784],[-1.3926,50.7774],[-1.4001,50.7741],[-1.3995,50.7742],[-1.4096,50.7697],[-1.4105,50.7694],[-1.4342,50.7654],[-1.5024,50.754],[-1.5196,50.7541],[-1.5353,50.7639],[-1.5259,50.7446],[-1.5419,50.7398],[-1.531,50.737],[-1.5585,50.7208],[-1.5805,50.7183],[-1.56,50.7087],[-1.6293,50.7288],[-1.6404,50.7321],[-1.6919,50.7373],[-1.6818,50.7519],[-1.7442,50.7475],[-1.739,50.7633],[-1.7488,50.7795],[-1.7855,50.7648],[-1.8039,50.796],[-1.8119,50.8086],[-1.8034,50.8303],[-1.7906,50.8363],[-1.8025,50.843],[-1.8071,50.8633],[-1.83,50.8553],[-1.8535,50.8635],[-1.8486,50.8899],[-1.8165,50.9039],[-1.8107,50.9272],[-1.8418,50.9317],[-1.8736,50.9172],[-1.9208,50.9614],[-1.9555,50.9783],[-1.9568,50.9898],[-1.9499,50.9823],[-1.9279,50.9977],[-1.8867,50.9995],[-1.8745,51.0063],[-1.8739,50.9845],[-1.8534,51.0047],[-1.8358,51.0095],[-1.8154,50.9859],[-1.8003,50.9914],[-1.7544,50.9779],[-1.7196,50.9768],[-1.6617,50.9453],[-1.635,50.9592],[-1.6198,50.9586],[-1.6029,50.9785],[-1.6197,50.983],[-1.6289,50.999],[-1.5974,51.0097],[-1.5994,51.0237],[-1.6324,51.0328],[-1.6349,51.0404],[-1.6278,51.0782],[-1.6373,51.0922],[-1.6263,51.1173],[-1.663,51.1272],[-1.654,51.1563],[-1.6723,51.1785],[-1.6688,51.1908],[-1.6941,51.204],[-1.6897,51.2148],[-1.6336,51.2176],[-1.6076,51.2528],[-1.5776,51.2556],[-1.5458,51.2453],[-1.536,51.2485],[-1.5298,51.2608],[-1.5406,51.2608],[-1.5426,51.2812],[-1.5228,51.2871],[-1.5194,51.296],[-1.5336,51.3162],[-1.5275,51.3384],[-1.4983,51.3294],[-1.4297,51.3365],[-1.4441,51.3549],[-1.4285,51.3567],[-1.4111,51.3729],[-1.3498,51.3671],[-1.2511,51.372],[-1.1769,51.3573],[-1.1386,51.3572],[-1.1158,51.3605],[-1.1155,51.3742],[-1.0866,51.3839]]]]}},{"type":"Feature","properties":{"name":"Hertfordshire","slug":"hertfordshire","code":"E10000015"},"geometry":{"type":"Polygon","coordinates":[[[-0.1475,52.0695],[-0.1551,52.0531],[-0.1337,52.0462],[-0.1266,52.0209],[-0.0196,52.0636],[0.0035,52.0499],[0.0403,52.0533],[0.0682,52.0058],[0.0691,51.984],[0.0965,51.9843],[0.107,51.9718],[0.1248,51.9236],[0.1248,51.8846],[0.1839,51.8935],[0.1749,51.8828],[0.1956,51.8681],[0.1705,51.8616],[0.1663,51.8222],[0.1726,51.8163],[0.1583,51.8135],[0.1461,51.7962],[0.0577,51.7797],[0.0268,51.7742],[0.014,51.7644],[0.0012,51.7451],[-0.0135,51.7422],[-0.0197,51.7032],[-0.0119,51.6809],[-0.1058,51.6919],[-0.1635,51.6881],[-0.182,51.6687],[-0.1911,51.6639],[-0.2034,51.6701],[-0.2121,51.6614],[-0.2506,51.6561],[-0.2573,51.6418],[-0.3044,51.6363],[-0.3167,51.6405],[-0.3626,51.6235],[-0.404,51.6132],[-0.4406,51.6201],[-0.4571,51.6123],[-0.4968,51.6317],[-0.5006,51.5997],[-0.5205,51.6019],[-0.5393,51.638],[-0.5369,51.6606],[-0.5228,51.6584],[-0.521,51.668],[-0.5051,51.6731],[-0.5243,51.6821],[-0.5487,51.6827],[-0.544,51.6968],[-0.5632,51.7119],[-0.5504,51.723],[-0.5536,51.734],[-0.5749,51.737],[-0.5864,51.7521],[-0.6129,51.7474],[-0.6701,51.7665],[-0.6902,51.7923],[-0.6854,51.8002],[-0.7093,51.8205],[-0.7242,51.8181],[-0.7458,51.8418],[-0.7174,51.8572],[-0.6964,51.8582],[-0.6868,51.8492],[-0.6954,51.8411],[-0.6672,51.8158],[-0.6329,51.8199],[-0.5818,51.8069],[-0.5607,51.8301],[-0.5536,51.8268],[-0.5197,51.8051],[-0.5023,51.8155],[-0.5112,51.8259],[-0.5018,51.8368],[-0.4712,51.8455],[-0.4783,51.8531],[-0.4704,51.8557],[-0.4475,51.8476],[-0.4215,51.8502],[-0.4049,51.8406],[-0.3734,51.8292],[-0.3633,51.8421],[-0.3395,51.8496],[-0.3548,51.874],[-0.3498,51.8787],[-0.3775,51.8984],[-0.3856,51.9157],[-0.4056,51.9325],[-0.3914,51.977],[-0.3796,51.978],[-0.383,51.9518],[-0.3741,51.9478],[-0.3502,51.9576],[-0.3493,51.9712],[-0.3673,51.9837],[-0.3122,51.9819],[-0.2961,52.0022],[-0.2824,52.0016],[-0.2707,51.9796],[-0.248,51.9851],[-0.2441,51.999],[-0.2013,52.0098],[-0.2195,52.0367],[-0.195,52.0624],[-0.1725,52.0602],[-0.1576,52.0804],[-0.1475,52.0695]]]}},{"type":"Feature","properties":{"name":"Kent","slug":"kent","code":"E10000016"},"geometry":{"type":"MultiPolygon","coordinates":[[[[0.683,51.4126],[0.6945,51.3968],[0.6726,51.3984],[0.6659,51.4063],[0.683,51.4126]]],[[[0.6788,51.4235],[0.6878,51.4144],[0.6601,51.4176],[0.6788,51.4235]]],[[[0.9014,51.4168],[0.9502,51.3721],[0.8968,51.3545],[0.8716,51.3647],[0.8577,51.3704],[0.8567,51.3649],[0.8405,51.3716],[0.8513,51.3648],[0.8394,51.3636],[0.8063,51.3723],[0.7662,51.37],[0.7643,51.3883],[0.7327,51.4003],[0.7217,51.4144],[0.7325,51.4089],[0.7469,51.4153],[0.7354,51.4244],[0.7494,51.4461],[0.7811,51.4413],[0.7914,51.4393],[0.8239,51.4256],[0.8751,51.4198],[0.9014,51.4168]]],[[[0.2212,51.4788],[0.2745,51.4537],[0.3018,51.4612],[0.3152,51.4649],[0.3154,51.4649],[0.3253,51.4502],[0.382,51.4435],[0.4403,51.4474],[0.4593,51.4555],[0.4576,51.4583],[0.488,51.4433],[0.4892,51.4153],[0.4751,51.4129],[0.4677,51.3983],[0.4519,51.3983],[0.4533,51.3914],[0.4311,51.388],[0.4013,51.353],[0.3999,51.3445],[0.4186,51.3479],[0.4535,51.3406],[0.4562,51.3688],[0.503,51.3547],[0.5058,51.3429],[0.5256,51.3347],[0.544,51.3279],[0.5635,51.3387],[0.6014,51.3333],[0.6349,51.3664],[0.6233,51.3692],[0.6261,51.3788],[0.6324,51.3889],[0.6345,51.3891],[0.6269,51.3747],[0.648,51.3976],[0.6701,51.3733],[0.687,51.3917],[0.7029,51.3924],[0.6952,51.3798],[0.7144,51.3842],[0.6965,51.42],[0.7278,51.4204],[0.7162,51.4131],[0.7263,51.3991],[0.7637,51.382],[0.7644,51.3629],[0.7345,51.3457],[0.7669,51.3623],[0.8136,51.3585],[0.8162,51.3462],[0.8172,51.3564],[0.8662,51.3559],[0.871,51.354],[0.8972,51.3442],[0.8801,51.3287],[0.8946,51.3363],[0.9153,51.3294],[0.8968,51.3414],[0.9504,51.3456],[0.9504,51.3456],[1.0052,51.3492],[1.0332,51.3656],[1.1597,51.3747],[1.2242,51.3793],[1.2248,51.3793],[1.3151,51.3803],[1.3836,51.392],[1.3923,51.3932],[1.425,51.3938],[1.4419,51.3872],[1.4459,51.3584],[1.4459,51.3584],[1.4459,51.3584],[1.4247,51.326],[1.4232,51.3314],[1.4146,51.3275],[1.4236,51.3243],[1.3778,51.3293],[1.3585,51.312],[1.3579,51.3115],[1.3714,51.3139],[1.3808,51.2903],[1.3946,51.2558],[1.4049,51.2238],[1.4054,51.1747],[1.3954,51.1565],[1.3768,51.1408],[1.3429,51.131],[1.3429,51.1303],[1.3427,51.1302],[1.3433,51.1218],[1.3385,51.1274],[1.3165,51.123],[1.3231,51.1141],[1.3101,51.1168],[1.3177,51.1145],[1.3137,51.1148],[1.3279,51.1114],[1.3173,51.1122],[1.3023,51.1134],[1.3002,51.1127],[1.299,51.1123],[1.2264,51.0985],[1.2211,51.0981],[1.22,51.0975],[1.2151,51.0949],[1.2059,51.091],[1.2059,51.0901],[1.1855,51.0794],[1.1948,51.076],[1.0758,51.0631],[1.07,51.0603],[1.0604,51.0591],[0.9967,51.0246],[0.9899,51.0128],[0.9859,51.0092],[0.9821,50.9993],[0.9644,50.9688],[0.971,50.9416],[0.978,50.9125],[0.9779,50.9122],[0.8551,50.9239],[0.855,50.9239],[0.8679,50.9333],[0.856,50.9531],[0.8414,50.9576],[0.8129,50.942],[0.7843,50.9772],[0.7771,50.9754],[0.779,50.9895],[0.7406,51.0007],[0.7068,50.9936],[0.677,51.0033],[0.6614,51.0178],[0.6054,51.0121],[0.5708,51.0035],[0.5417,51.0111],[0.5376,51.0216],[0.4723,51.0304],[0.4633,51.0548],[0.4183,51.0626],[0.3965,51.0831],[0.3738,51.0885],[0.3508,51.0841],[0.359,51.1045],[0.3351,51.1055],[0.3252,51.123],[0.2749,51.1207],[0.2756,51.1123],[0.2446,51.1148],[0.2263,51.1245],[0.1715,51.1154],[0.1512,51.1238],[0.1607,51.1373],[0.1331,51.1473],[0.05,51.1427],[0.0526,51.1806],[0.0336,51.2143],[0.0582,51.2478],[0.0424,51.2927],[0.0857,51.2931],[0.085,51.316],[0.1179,51.3296],[0.1185,51.3441],[0.137,51.3442],[0.1521,51.3697],[0.1477,51.3928],[0.1624,51.3925],[0.1489,51.4084],[0.1529,51.4087],[0.1559,51.4309],[0.1643,51.4286],[0.1728,51.4433],[0.2034,51.4543],[0.2212,51.4788]]]]}},{"type":"Feature","properties":{"name":"Lancashire","slug":"lancashire","code":"E10000017"},"geometry":{"type":"Polygon","coordinates":[[[-2.4609,54.2267],[-2.534,54.1577],[-2.5605,54.1531],[-2.5647,54.1269],[-2.524,54.0946],[-2.5095,54.0954],[-2.4643,54.0753],[-2.4695,54.0462],[-2.4258,54.0381],[-2.3741,54.0491],[-2.3573,54.0191],[-2.3396,54.0093],[-2.3523,54.0106],[-2.3522,53.9946],[-2.34,53.9895],[-2.3192,53.9938],[-2.2945,53.9745],[-2.2304,53.9816],[-2.2211,53.9779],[-2.2321,53.9712],[-2.2257,53.9611],[-2.196,53.9696],[-2.1845,53.9522],[-2.1823,53.9354],[-2.1322,53.9265],[-2.1133,53.9156],[-2.103,53.8909],[-2.0814,53.8757],[-2.0899,53.8682],[-2.0461,53.8501],[-2.0469,53.8295],[-2.0612,53.8256],[-2.1123,53.8057],[-2.1284,53.799],[-2.1248,53.7881],[-2.1364,53.7801],[-2.1312,53.7515],[-2.1733,53.723],[-2.1463,53.6822],[-2.1614,53.6414],[-2.1854,53.6382],[-2.1824,53.6483],[-2.2052,53.6544],[-2.2177,53.669],[-2.2459,53.6634],[-2.2699,53.6461],[-2.2568,53.6204],[-2.2718,53.6145],[-2.2952,53.6402],[-2.299,53.6667],[-2.3167,53.6549],[-2.3712,53.6671],[-2.3744,53.6873],[-2.3983,53.6916],[-2.411,53.7052],[-2.4337,53.7192],[-2.4401,53.7494],[-2.4516,53.7565],[-2.4463,53.7666],[-2.4658,53.7808],[-2.5513,53.7564],[-2.5616,53.7469],[-2.5398,53.7022],[-2.5157,53.6924],[-2.5324,53.6649],[-2.5113,53.627],[-2.5692,53.5956],[-2.5959,53.6108],[-2.6259,53.5937],[-2.6346,53.6083],[-2.6895,53.6043],[-2.6934,53.5894],[-2.7192,53.5761],[-2.7048,53.5592],[-2.7178,53.5273],[-2.7304,53.5206],[-2.7689,53.5136],[-2.7825,53.5314],[-2.8166,53.5123],[-2.825,53.4852],[-2.8444,53.4841],[-2.8498,53.4931],[-2.8652,53.4921],[-2.888,53.5038],[-2.8817,53.5205],[-2.923,53.5252],[-2.9479,53.5443],[-2.9773,53.5462],[-2.963,53.5238],[-2.9758,53.5153],[-3.0467,53.543],[-3.0404,53.5653],[-3.0226,53.5696],[-3.0207,53.5837],[-3.036,53.5872],[-3.0288,53.6023],[-2.9979,53.6267],[-2.9818,53.6222],[-2.9673,53.6313],[-2.9401,53.6586],[-2.9468,53.688],[-2.9505,53.6917],[-2.9505,53.6917],[-2.9542,53.6954],[-2.9541,53.6954],[-2.9552,53.6965],[-2.9554,53.6967],[-2.9562,53.6975],[-2.9371,53.6951],[-2.9511,53.6998],[-2.9367,53.7019],[-2.955,53.704],[-2.9438,53.7081],[-2.9318,53.7],[-2.9262,53.7047],[-2.9482,53.7115],[-2.9383,53.7249],[-2.9143,53.7109],[-2.9293,53.7242],[-2.9151,53.7261],[-2.9109,53.7267],[-2.8664,53.7327],[-2.8601,53.7336],[-2.8453,53.725],[-2.8314,53.7169],[-2.8291,53.7156],[-2.8277,53.7147],[-2.827,53.7143],[-2.8283,53.7155],[-2.8298,53.7174],[-2.832,53.7201],[-2.8355,53.7243],[-2.8212,53.7303],[-2.8361,53.7248],[-2.8428,53.7316],[-2.836,53.737],[-2.845,53.7337],[-2.8447,53.7301],[-2.8554,53.7351],[-2.8103,53.7474],[-2.8038,53.7491],[-2.794,53.7518],[-2.7938,53.7518],[-2.794,53.7518],[-2.8555,53.7384],[-2.8587,53.7506],[-2.8569,53.7382],[-2.8991,53.7331],[-2.911,53.7326],[-2.9338,53.7317],[-2.953,53.7329],[-2.945,53.7362],[-2.9764,53.734],[-3.0387,53.7472],[-3.0571,53.7765],[-3.0571,53.7765],[-3.0328,53.7809],[-3.0288,53.7731],[-2.9965,53.7745],[-3.0039,53.7913],[-2.9834,53.7938],[-2.995,53.8185],[-3.0107,53.8262],[-3.0197,53.8686],[-3.0479,53.8744],[-3.0477,53.8757],[-3.0498,53.92],[-3.0085,53.9289],[-3.0095,53.9007],[-2.9996,53.9286],[-2.925,53.95],[-2.9157,53.9475],[-2.9107,53.9462],[-2.9156,53.9458],[-2.9301,53.9447],[-2.9155,53.9409],[-2.9062,53.9385],[-2.881,53.9433],[-2.8803,53.9435],[-2.8806,53.9439],[-2.8825,53.9463],[-2.8817,53.9466],[-2.8641,53.9533],[-2.8868,53.9584],[-2.861,53.955],[-2.8694,53.9597],[-2.8572,53.9576],[-2.8619,53.9646],[-2.8363,53.9546],[-2.854,53.9652],[-2.8359,53.9637],[-2.8719,53.9703],[-2.8792,53.9791],[-2.856,53.9996],[-2.823,53.9949],[-2.8328,53.9985],[-2.8352,54.0111],[-2.8533,54.0056],[-2.8449,54.0149],[-2.8605,54.0039],[-2.871,54.0144],[-2.8647,54.005],[-2.8779,54.0063],[-2.881,53.9895],[-2.8873,54.0018],[-2.8861,53.9911],[-2.9001,53.992],[-2.904,54.0222],[-2.9174,54.0281],[-2.9244,54.0313],[-2.9217,54.0325],[-2.9215,54.0326],[-2.9124,54.0338],[-2.9188,54.0338],[-2.9176,54.0343],[-2.9063,54.0394],[-2.8824,54.0724],[-2.8704,54.0762],[-2.8466,54.0776],[-2.8195,54.0888],[-2.8143,54.0949],[-2.8215,54.089],[-2.8266,54.1004],[-2.7803,54.1356],[-2.7984,54.1274],[-2.8021,54.1433],[-2.8098,54.1323],[-2.8246,54.1403],[-2.8278,54.1476],[-2.8106,54.155],[-2.8283,54.1533],[-2.8379,54.1742],[-2.8379,54.1742],[-2.8372,54.1742],[-2.799,54.1977],[-2.7682,54.186],[-2.7344,54.1841],[-2.7365,54.169],[-2.6798,54.1612],[-2.6399,54.202],[-2.625,54.1956],[-2.5761,54.1956],[-2.4596,54.2396],[-2.4609,54.2267]]]}},{"type":"Feature","properties":{"name":"Leicestershire","slug":"leicestershire","code":"E10000018"},"geometry":{"type":"Polygon","coordinates":[[[-0.7784,52.9593],[-0.755,52.9496],[-0.7769,52.9048],[-0.7585,52.9005],[-0.7666,52.8868],[-0.7427,52.8832],[-0.6822,52.812],[-0.6641,52.7567],[-0.7517,52.7367],[-0.7765,52.7439],[-0.8134,52.7291],[-0.8218,52.7157],[-0.786,52.6948],[-0.782,52.6695],[-0.8088,52.6461],[-0.8058,52.6207],[-0.821,52.5965],[-0.7924,52.5976],[-0.7653,52.5825],[-0.7599,52.5649],[-0.7389,52.5489],[-0.7422,52.5395],[-0.7137,52.525],[-0.7572,52.5109],[-0.7749,52.5183],[-0.8201,52.5155],[-0.8687,52.527],[-0.8834,52.514],[-0.8821,52.4932],[-0.898,52.4869],[-0.8824,52.4713],[-0.9013,52.4598],[-0.9422,52.4678],[-0.9519,52.4774],[-1.0007,52.4709],[-1.0445,52.4458],[-1.0343,52.4363],[-1.05,52.4222],[-1.0844,52.4363],[-1.1293,52.4161],[-1.1494,52.397],[-1.184,52.3922],[-1.2016,52.3967],[-1.3059,52.4934],[-1.3251,52.5011],[-1.4173,52.5345],[-1.46,52.5516],[-1.5227,52.5704],[-1.5272,52.5827],[-1.5607,52.5961],[-1.5545,52.6148],[-1.5714,52.6353],[-1.5445,52.6446],[-1.5518,52.6675],[-1.5896,52.6873],[-1.5975,52.7004],[-1.5501,52.7204],[-1.5446,52.7317],[-1.5625,52.7506],[-1.5528,52.7633],[-1.5039,52.7675],[-1.494,52.759],[-1.4685,52.7669],[-1.4559,52.7771],[-1.4628,52.7869],[-1.4425,52.7929],[-1.4437,52.8026],[-1.4177,52.8016],[-1.3879,52.833],[-1.3944,52.8368],[-1.3606,52.8554],[-1.3511,52.8533],[-1.3455,52.8673],[-1.3257,52.8659],[-1.3193,52.8729],[-1.2679,52.8734],[-1.2744,52.8361],[-1.2619,52.8104],[-1.2345,52.8021],[-1.2259,52.7917],[-1.1977,52.7894],[-1.1633,52.8065],[-1.1309,52.8058],[-1.1169,52.8196],[-1.0744,52.8247],[-1.0717,52.814],[-1.0364,52.8159],[-1.0219,52.8221],[-0.9827,52.8207],[-0.9771,52.8407],[-0.9595,52.8438],[-0.9281,52.8661],[-0.9406,52.8768],[-0.9168,52.8789],[-0.8576,52.9056],[-0.8629,52.9131],[-0.8244,52.9418],[-0.8339,52.9459],[-0.82,52.9605],[-0.8129,52.9575],[-0.7962,52.9767],[-0.7783,52.9769],[-0.7784,52.9593]],[[-1.1853,52.6606],[-1.1907,52.6404],[-1.2073,52.6426],[-1.216,52.6345],[-1.1655,52.6131],[-1.1742,52.5929],[-1.1579,52.5908],[-1.1609,52.5825],[-1.1495,52.581],[-1.1436,52.588],[-1.1202,52.5975],[-1.1037,52.5959],[-1.0966,52.6165],[-1.0705,52.6181],[-1.047,52.6346],[-1.0486,52.655],[-1.0751,52.6696],[-1.1188,52.6732],[-1.1292,52.6654],[-1.1433,52.6872],[-1.1573,52.6915],[-1.1781,52.678],[-1.1853,52.6606]]]}},{"type":"Feature","properties":{"name":"Lincolnshire","slug":"lincolnshire","code":"E10000019"},"geometry":{"type":"Polygon","coordinates":[[[-0.2485,53.5937],[-0.2514,53.5847],[-0.2347,53.5863],[-0.2226,53.568],[-0.1952,53.5716],[-0.1893,53.5659],[-0.2199,53.5326],[-0.2106,53.5317],[-0.2041,53.5118],[-0.2106,53.4863],[-0.1886,53.4845],[-0.1818,53.4686],[-0.1537,53.4657],[-0.1492,53.4467],[-0.1318,53.4359],[-0.1203,53.4336],[-0.0822,53.4512],[-0.1078,53.4699],[-0.0898,53.4777],[-0.0955,53.486],[-0.0753,53.4893],[-0.065,53.5187],[-0.0148,53.5154],[0.0154,53.5281],[0.0176,53.5255],[0.0335,53.5221],[0.0206,53.5184],[0.0353,53.5192],[0.0369,53.5105],[0.0361,53.5217],[0.0407,53.508],[0.0444,53.5142],[0.0611,53.5124],[0.0268,53.5297],[0.0766,53.5132],[0.0867,53.5157],[0.0845,53.4994],[0.0907,53.4919],[0.1013,53.4946],[0.1008,53.4846],[0.1084,53.4844],[0.1151,53.4843],[0.1086,53.4887],[0.1039,53.492],[0.1087,53.4897],[0.1213,53.4838],[0.1087,53.4903],[0.1029,53.4933],[0.1089,53.4941],[0.1129,53.4946],[0.1094,53.5039],[0.1089,53.5051],[0.1094,53.505],[0.1293,53.4992],[0.1346,53.4849],[0.1432,53.4854],[0.1386,53.4949],[0.1467,53.4929],[0.1662,53.4771],[0.1736,53.471],[0.1653,53.4738],[0.1794,53.4434],[0.1905,53.4383],[0.1754,53.437],[0.1912,53.4374],[0.2111,53.4174],[0.1895,53.4173],[0.2131,53.4166],[0.2125,53.4161],[0.2121,53.4161],[0.2064,53.4102],[0.2122,53.4158],[0.2144,53.4086],[0.2142,53.416],[0.2314,53.4024],[0.2605,53.3593],[0.2745,53.3322],[0.3218,53.2665],[0.3556,53.1921],[0.3494,53.114],[0.3492,53.1122],[0.338,53.1018],[0.3376,53.1014],[0.3341,53.0867],[0.3349,53.0944],[0.3192,53.0917],[0.3189,53.0911],[0.2992,53.0907],[0.3157,53.0887],[0.2884,53.0757],[0.2818,53.0801],[0.2875,53.0749],[0.2572,53.0638],[0.2689,53.0632],[0.2582,53.0565],[0.2488,53.0522],[0.2429,53.0572],[0.2486,53.0519],[0.236,53.0531],[0.2446,53.0486],[0.1996,53.0326],[0.1996,53.0326],[0.1514,53.0081],[0.0819,52.9413],[0.0798,52.9392],[0.0723,52.932],[0.0784,52.932],[0.0532,52.9162],[0.0384,52.9059],[0.0381,52.9052],[0.0271,52.8985],[0.0381,52.9051],[0.0374,52.9033],[0.0408,52.9066],[0.0686,52.9187],[0.0692,52.9082],[0.0564,52.9034],[0.0734,52.9061],[0.077,52.8981],[0.0798,52.8975],[0.145,52.8851],[0.136,52.8745],[0.1503,52.8824],[0.1763,52.8741],[0.2143,52.829],[0.1972,52.8297],[0.2151,52.8285],[0.2149,52.8228],[0.2044,52.7816],[0.2168,52.8209],[0.2452,52.8222],[0.2657,52.8139],[0.245,52.7845],[0.2722,52.7728],[0.1863,52.7353],[0.1716,52.738],[0.133,52.7393],[0.089,52.7236],[0.0636,52.7274],[0.0441,52.7144],[0.0486,52.6814],[0.0215,52.6649],[-0.0313,52.6615],[-0.0637,52.6752],[-0.0878,52.6668],[-0.1022,52.6722],[-0.1411,52.6515],[-0.18,52.6606],[-0.1929,52.6524],[-0.2125,52.6667],[-0.2608,52.6514],[-0.2892,52.6703],[-0.335,52.6749],[-0.3501,52.6617],[-0.4057,52.6481],[-0.4528,52.6543],[-0.4947,52.6403],[-0.495,52.6402],[-0.5236,52.6652],[-0.5067,52.6595],[-0.4562,52.6704],[-0.4341,52.6837],[-0.4304,52.7054],[-0.4945,52.7097],[-0.5424,52.7233],[-0.54,52.7384],[-0.5726,52.7531],[-0.6054,52.7505],[-0.6103,52.7598],[-0.6641,52.7567],[-0.6822,52.812],[-0.7427,52.8832],[-0.7666,52.8868],[-0.7585,52.9005],[-0.7769,52.9048],[-0.755,52.9496],[-0.7784,52.9593],[-0.7783,52.9769],[-0.8041,53.0125],[-0.7958,53.0106],[-0.7884,53.0259],[-0.7608,53.0294],[-0.7496,53.0551],[-0.7162,53.0591],[-0.7135,53.066],[-0.6951,53.0663],[-0.7296,53.0979],[-0.7168,53.1162],[-0.7324,53.1278],[-0.7154,53.1369],[-0.7182,53.1773],[-0.764,53.1826],[-0.7306,53.2108],[-0.7148,53.2076],[-0.6976,53.2202],[-0.6759,53.2176],[-0.6666,53.2397],[-0.688,53.2584],[-0.7342,53.254],[-0.7351,53.2439],[-0.7771,53.2469],[-0.7643,53.2727],[-0.7781,53.2839],[-0.7635,53.2994],[-0.751,53.2936],[-0.7471,53.3043],[-0.75,53.3242],[-0.7665,53.3301],[-0.7586,53.3538],[-0.7745,53.3644],[-0.7911,53.3636],[-0.7752,53.3778],[-0.7904,53.3859],[-0.7771,53.3969],[-0.7886,53.4153],[-0.8181,53.427],[-0.8205,53.4407],[-0.7975,53.4551],[-0.7844,53.4634],[-0.7844,53.4767],[-0.7716,53.4792],[-0.7681,53.4989],[-0.7521,53.5005],[-0.7396,53.5199],[-0.6245,53.5128],[-0.6298,53.4582],[-0.5518,53.4595],[-0.4717,53.4749],[-0.4866,53.4805],[-0.4884,53.5049],[-0.4051,53.5176],[-0.4081,53.5321],[-0.4307,53.5463],[-0.5013,53.5375],[-0.4909,53.5459],[-0.467,53.549],[-0.429,53.5745],[-0.417,53.5632],[-0.3359,53.5586],[-0.3007,53.5953],[-0.3086,53.6143],[-0.2921,53.6133],[-0.2485,53.5937]]]}},{"type":"Feature","properties":{"name":"Norfolk","slug":"norfolk","code":"E10000020"},"geometry":{"type":"MultiPolygon","coordinates":[[[[0.9125,52.964],[0.8917,52.9619],[0.9025,52.966],[0.9125,52.964]]],[[[0.9053,52.9681],[0.8797,52.9591],[0.8866,52.9626],[0.8757,52.9673],[0.8861,52.9641],[0.8942,52.9708],[0.9053,52.9681]]],[[[0.8781,52.9759],[0.8837,52.965],[0.8667,52.9761],[0.8721,52.9691],[0.8679,52.9734],[0.8548,52.9667],[0.8666,52.9787],[0.8781,52.9759]]],[[[1.0069,52.9743],[1.0102,52.9735],[1.1242,52.9513],[1.2723,52.9359],[1.301,52.9328],[1.3601,52.9099],[1.4321,52.8818],[1.5601,52.8154],[1.5865,52.8017],[1.6748,52.7426],[1.6749,52.7426],[1.6976,52.7235],[1.6995,52.7199],[1.737,52.6475],[1.7436,52.5743],[1.74,52.5742],[1.7401,52.5676],[1.7331,52.5566],[1.7402,52.5326],[1.7402,52.5321],[1.726,52.5306],[1.7021,52.5447],[1.6677,52.5503],[1.6286,52.526],[1.6543,52.5014],[1.6718,52.5039],[1.6824,52.4953],[1.6587,52.4684],[1.6468,52.472],[1.6345,52.463],[1.6182,52.4633],[1.5864,52.4787],[1.568,52.4746],[1.5578,52.4577],[1.5297,52.4684],[1.508,52.4618],[1.4807,52.4719],[1.4462,52.456],[1.4203,52.4711],[1.411,52.4617],[1.4333,52.4559],[1.4327,52.4454],[1.4079,52.4444],[1.3636,52.4275],[1.3471,52.4044],[1.3165,52.3874],[1.2862,52.3907],[1.26,52.3711],[1.2139,52.3554],[1.0682,52.3785],[1.03,52.3787],[0.9675,52.3701],[0.9311,52.3887],[0.8669,52.3903],[0.8409,52.4009],[0.8082,52.3895],[0.766,52.3904],[0.7474,52.3832],[0.7376,52.3951],[0.6911,52.3974],[0.6686,52.4089],[0.7187,52.4497],[0.684,52.4532],[0.6663,52.4625],[0.6418,52.451],[0.5825,52.4519],[0.5547,52.456],[0.5237,52.4482],[0.4454,52.4474],[0.4293,52.4365],[0.4285,52.4547],[0.3807,52.4795],[0.3671,52.5012],[0.3094,52.5136],[0.2564,52.5077],[0.246,52.4999],[0.2363,52.5073],[0.2061,52.5196],[0.2306,52.5279],[0.2079,52.5301],[0.2038,52.5454],[0.2146,52.5491],[0.2052,52.5478],[0.2047,52.5547],[0.2172,52.5606],[0.2056,52.5654],[0.2184,52.5726],[0.1916,52.599],[0.2191,52.622],[0.1699,52.6504],[0.1838,52.6557],[0.1847,52.6779],[0.1536,52.6822],[0.1716,52.738],[0.1863,52.7353],[0.2722,52.7728],[0.245,52.7845],[0.2657,52.8139],[0.2674,52.8132],[0.2851,52.8118],[0.2784,52.8161],[0.2876,52.8192],[0.2904,52.8131],[0.3155,52.8188],[0.3446,52.8143],[0.3344,52.8102],[0.3459,52.8136],[0.3389,52.8076],[0.3521,52.8094],[0.3453,52.8033],[0.3538,52.8063],[0.3624,52.7967],[0.3709,52.7827],[0.3885,52.7536],[0.3923,52.7474],[0.3893,52.7535],[0.3746,52.7843],[0.3815,52.7888],[0.3742,52.7853],[0.3713,52.7894],[0.3628,52.8017],[0.3703,52.8024],[0.3583,52.8078],[0.3725,52.8112],[0.3812,52.8134],[0.3726,52.8129],[0.3576,52.8122],[0.373,52.8206],[0.4026,52.8368],[0.4116,52.8326],[0.4051,52.8377],[0.433,52.8531],[0.4446,52.8534],[0.4496,52.8424],[0.4449,52.8729],[0.4803,52.9315],[0.4902,52.948],[0.5416,52.9752],[0.5693,52.9753],[0.5616,52.9719],[0.5763,52.964],[0.5864,52.9729],[0.587,52.9659],[0.5922,52.971],[0.5901,52.9647],[0.6035,52.9658],[0.5879,52.9771],[0.6177,52.9727],[0.6139,52.966],[0.6262,52.9674],[0.6228,52.9738],[0.6716,52.9775],[0.6688,52.9701],[0.6386,52.9709],[0.6435,52.9662],[0.6789,52.9673],[0.6847,52.9675],[0.7001,52.9735],[0.68,52.9695],[0.6938,52.979],[0.7155,52.9718],[0.748,52.9748],[0.7505,52.9726],[0.7463,52.9662],[0.7476,52.9726],[0.7317,52.9727],[0.7316,52.9611],[0.7578,52.9694],[0.7536,52.9751],[0.7645,52.9766],[0.7506,52.9767],[0.7815,52.9784],[0.7817,52.9784],[0.8125,52.9733],[0.8454,52.9777],[0.851,52.9578],[0.8696,52.9548],[0.9054,52.9624],[0.9093,52.9569],[0.9106,52.9633],[0.9169,52.9625],[0.9146,52.9637],[0.921,52.9662],[0.9365,52.9577],[0.9765,52.9628],[0.984,52.9638],[1.0145,52.963],[1.0106,52.955],[1.0305,52.9666],[1.0029,52.9739],[0.9771,52.9719],[0.9699,52.9714],[0.958,52.9693],[0.975,52.9804],[0.9776,52.9799],[1.0069,52.9743]]],[[[0.6954,52.9869],[0.751,52.9782],[0.7217,52.9825],[0.7166,52.9774],[0.7189,52.9828],[0.711,52.9787],[0.7035,52.9838],[0.7009,52.9792],[0.7034,52.9852],[0.6976,52.9807],[0.6904,52.987],[0.6965,52.9809],[0.6854,52.9832],[0.6821,52.9774],[0.6859,52.9867],[0.6801,52.9866],[0.6581,52.9863],[0.6801,52.9874],[0.6865,52.9877],[0.6954,52.9869]]]]}},{"type":"Feature","properties":{"name":"Nottinghamshire","slug":"nottinghamshire","code":"E10000024"},"geometry":{"type":"Polygon","coordinates":[[[-0.9202,53.4655],[-0.9162,53.4603],[-0.8719,53.4663],[-0.7975,53.4551],[-0.8205,53.4407],[-0.8181,53.427],[-0.7886,53.4153],[-0.7771,53.3969],[-0.7904,53.3859],[-0.7752,53.3778],[-0.7911,53.3636],[-0.7745,53.3644],[-0.7586,53.3538],[-0.7665,53.3301],[-0.75,53.3242],[-0.7471,53.3043],[-0.751,53.2936],[-0.7635,53.2994],[-0.7781,53.2839],[-0.7643,53.2727],[-0.7771,53.2469],[-0.7351,53.2439],[-0.7342,53.254],[-0.688,53.2584],[-0.6666,53.2397],[-0.6759,53.2176],[-0.6976,53.2202],[-0.7148,53.2076],[-0.7306,53.2108],[-0.764,53.1826],[-0.7182,53.1773],[-0.7154,53.1369],[-0.7324,53.1278],[-0.7168,53.1162],[-0.7296,53.0979],[-0.6951,53.0663],[-0.7135,53.066],[-0.7162,53.0591],[-0.7496,53.0551],[-0.7608,53.0294],[-0.7884,53.0259],[-0.7958,53.0106],[-0.8041,53.0125],[-0.7783,52.9769],[-0.7962,52.9767],[-0.8129,52.9575],[-0.82,52.9605],[-0.8339,52.9459],[-0.8244,52.9418],[-0.8629,52.9131],[-0.8576,52.9056],[-0.9168,52.8789],[-0.9406,52.8768],[-0.9281,52.8661],[-0.9595,52.8438],[-0.9771,52.8407],[-0.9827,52.8207],[-1.0219,52.8221],[-1.0364,52.8159],[-1.0717,52.814],[-1.0744,52.8247],[-1.1169,52.8196],[-1.1309,52.8058],[-1.1633,52.8065],[-1.1977,52.7894],[-1.2259,52.7917],[-1.2345,52.8021],[-1.2619,52.8104],[-1.2744,52.8361],[-1.2679,52.8734],[-1.2401,52.8801],[-1.2397,52.8923],[-1.2461,52.9029],[-1.2818,52.9103],[-1.281,52.9492],[-1.2925,52.9556],[-1.2877,52.9697],[-1.3074,53.0036],[-1.3319,53.0311],[-1.3359,53.053],[-1.3444,53.0655],[-1.3316,53.081],[-1.3029,53.0882],[-1.3093,53.0968],[-1.3006,53.102],[-1.3218,53.1307],[-1.3235,53.1623],[-1.2907,53.1714],[-1.2599,53.1645],[-1.2404,53.1787],[-1.197,53.1848],[-1.2094,53.2177],[-1.202,53.2355],[-1.213,53.2477],[-1.2025,53.2612],[-1.1747,53.2652],[-1.1815,53.27],[-1.1665,53.2777],[-1.1801,53.2871],[-1.1766,53.3051],[-1.1997,53.3114],[-1.1387,53.3414],[-1.141,53.3467],[-1.1568,53.345],[-1.1626,53.3568],[-1.1385,53.3559],[-1.146,53.369],[-1.1305,53.3756],[-1.1346,53.39],[-1.1156,53.3972],[-1.116,53.4073],[-1.0804,53.4269],[-1.0309,53.431],[-1.0305,53.4252],[-1.0143,53.4263],[-0.9957,53.4369],[-0.986,53.4717],[-0.9533,53.4844],[-0.9356,53.5025],[-0.9005,53.4752],[-0.9202,53.4655]],[[-1.2034,52.9875],[-1.2262,52.9811],[-1.2468,52.9845],[-1.232,52.9676],[-1.2469,52.9532],[-1.1823,52.9173],[-1.199,52.9095],[-1.2109,52.9122],[-1.2139,52.9044],[-1.1765,52.889],[-1.1586,52.9],[-1.1523,52.937],[-1.1419,52.932],[-1.1318,52.9428],[-1.0997,52.942],[-1.0861,52.9486],[-1.1201,52.9678],[-1.1228,52.9835],[-1.1425,52.9863],[-1.1383,52.9948],[-1.1537,52.9972],[-1.1435,53.0065],[-1.1827,53.0186],[-1.21,53.0181],[-1.2252,53.0081],[-1.2191,52.9914],[-1.2034,52.9875]]]}},{"type":"Feature","properties":{"name":"Oxfordshire","slug":"oxfordshire","code":"E10000025"},"geometry":{"type":"Polygon","coordinates":[[[-1.3319,52.1685],[-1.2481,52.0972],[-1.3212,52.087],[-1.3182,52.0799],[-1.2975,52.0781],[-1.3129,52.0515],[-1.2782,52.0143],[-1.2835,51.9796],[-1.2416,51.9863],[-1.1963,51.9774],[-1.1638,51.9934],[-1.1343,51.9973],[-1.1181,52.0154],[-1.0531,52.0024],[-1.0952,51.9574],[-1.079,51.9434],[-1.0546,51.948],[-1.0867,51.9226],[-1.0794,51.9172],[-1.0935,51.8939],[-1.069,51.8873],[-1.0776,51.8767],[-1.0646,51.8687],[-1.062,51.8441],[-1.0471,51.8398],[-1.0784,51.8293],[-1.1216,51.8453],[-1.1408,51.8347],[-1.1101,51.8173],[-1.1249,51.8075],[-1.1235,51.7942],[-1.1064,51.7816],[-1.0832,51.7805],[-1.0809,51.7566],[-1.0455,51.7446],[-1.0304,51.7449],[-1.0298,51.7579],[-0.9863,51.7521],[-0.9798,51.7607],[-0.9542,51.7579],[-0.9241,51.7477],[-0.8884,51.7192],[-0.8948,51.6925],[-0.8799,51.6809],[-0.8979,51.6764],[-0.8777,51.6684],[-0.9177,51.6724],[-0.9322,51.6649],[-0.9273,51.6514],[-0.9507,51.6507],[-0.9346,51.6367],[-0.95,51.6289],[-0.9386,51.6178],[-0.9431,51.6049],[-0.9169,51.5996],[-0.9415,51.5855],[-0.9384,51.5712],[-0.9017,51.5562],[-0.8969,51.5449],[-0.9001,51.5367],[-0.8785,51.5235],[-0.8703,51.5036],[-0.8939,51.4966],[-0.9217,51.4679],[-0.9492,51.4595],[-0.9552,51.4653],[-0.9411,51.475],[-0.9575,51.4931],[-0.9984,51.4843],[-1.0136,51.4663],[-1.0366,51.4752],[-1.0513,51.4919],[-1.0879,51.4858],[-1.1022,51.4897],[-1.113,51.5095],[-1.1421,51.5162],[-1.1404,51.5429],[-1.2047,51.5284],[-1.2046,51.5376],[-1.2268,51.5352],[-1.2607,51.5378],[-1.3287,51.5637],[-1.3424,51.5437],[-1.3673,51.5525],[-1.3838,51.5404],[-1.4049,51.5472],[-1.4228,51.5358],[-1.4266,51.5456],[-1.4478,51.5364],[-1.4644,51.5385],[-1.4707,51.5286],[-1.5129,51.5508],[-1.531,51.5461],[-1.555,51.5534],[-1.5812,51.537],[-1.5847,51.5249],[-1.6028,51.5183],[-1.6477,51.5719],[-1.655,51.5765],[-1.6765,51.5694],[-1.6911,51.5835],[-1.6906,51.6054],[-1.667,51.6162],[-1.6737,51.6228],[-1.6599,51.635],[-1.6919,51.6522],[-1.7002,51.6709],[-1.6831,51.6901],[-1.6685,51.6804],[-1.6483,51.6841],[-1.688,51.712],[-1.6959,51.7235],[-1.687,51.7399],[-1.7007,51.7706],[-1.7195,51.7832],[-1.6819,51.804],[-1.6865,51.8345],[-1.6764,51.8503],[-1.6869,51.8655],[-1.6671,51.877],[-1.6587,51.8966],[-1.6331,51.8992],[-1.6455,51.9223],[-1.6152,51.9377],[-1.6325,51.9557],[-1.6625,51.964],[-1.6658,51.9875],[-1.6123,51.9554],[-1.5916,51.9704],[-1.6003,51.9769],[-1.5635,51.977],[-1.5497,51.9809],[-1.5572,51.9917],[-1.5228,51.9968],[-1.4878,52.094],[-1.4773,52.1014],[-1.4472,52.0976],[-1.4535,52.113],[-1.4259,52.1182],[-1.3854,52.0941],[-1.3578,52.1013],[-1.3708,52.1175],[-1.3933,52.119],[-1.3661,52.1361],[-1.3487,52.1351],[-1.3319,52.1685]]]}},{"type":"Feature","properties":{"name":"Staffordshire","slug":"staffordshire","code":"E10000028"},"geometry":{"type":"Polygon","coordinates":[[[-1.8608,53.1885],[-1.8126,53.1544],[-1.8219,53.1367],[-1.7837,53.103],[-1.7942,53.0884],[-1.7757,53.0594],[-1.779,53.0449],[-1.7589,53.0373],[-1.7624,52.9999],[-1.8268,52.9771],[-1.8286,52.9479],[-1.8566,52.9233],[-1.8282,52.8844],[-1.7772,52.8838],[-1.746,52.8687],[-1.7253,52.8597],[-1.7045,52.8667],[-1.7006,52.8606],[-1.6895,52.8645],[-1.6268,52.8545],[-1.5854,52.8316],[-1.6105,52.8164],[-1.5917,52.8093],[-1.5889,52.7999],[-1.6143,52.7883],[-1.6111,52.7814],[-1.6665,52.7847],[-1.7042,52.7321],[-1.6566,52.7217],[-1.6551,52.6988],[-1.5975,52.7004],[-1.5896,52.6873],[-1.645,52.6575],[-1.633,52.6435],[-1.6425,52.641],[-1.6438,52.6034],[-1.6656,52.5923],[-1.7003,52.5909],[-1.7293,52.588],[-1.7423,52.5943],[-1.788,52.5879],[-1.7965,52.5991],[-1.8281,52.6087],[-1.8536,52.6021],[-1.8726,52.5849],[-1.8923,52.5992],[-1.886,52.6154],[-1.916,52.6353],[-1.9051,52.6432],[-1.9181,52.65],[-1.9109,52.6565],[-1.9337,52.6616],[-1.9454,52.6563],[-1.9546,52.6627],[-1.961,52.6428],[-1.9866,52.6404],[-2.0295,52.6256],[-2.0302,52.617],[-2.0507,52.6205],[-2.081,52.6119],[-2.1012,52.6351],[-2.1316,52.6376],[-2.1684,52.62],[-2.1692,52.6093],[-2.1964,52.6066],[-2.1892,52.5888],[-2.2067,52.5852],[-2.1803,52.5745],[-2.1755,52.5544],[-2.1335,52.5541],[-2.1356,52.5345],[-2.1522,52.5257],[-2.1442,52.5171],[-2.1919,52.5035],[-2.1674,52.4715],[-2.1765,52.4548],[-2.1649,52.4302],[-2.1677,52.4238],[-2.2695,52.4386],[-2.295,52.4489],[-2.2874,52.4553],[-2.3127,52.4892],[-2.2914,52.5117],[-2.2609,52.5241],[-2.2692,52.5307],[-2.2564,52.5417],[-2.2825,52.5534],[-2.2619,52.5691],[-2.3003,52.593],[-2.322,52.5936],[-2.3238,52.613],[-2.2816,52.6059],[-2.2562,52.6098],[-2.2329,52.6477],[-2.2347,52.6559],[-2.2477,52.6567],[-2.2387,52.6637],[-2.2477,52.683],[-2.303,52.683],[-2.3199,52.6954],[-2.3248,52.7053],[-2.3086,52.7207],[-2.3156,52.7329],[-2.3122,52.7408],[-2.385,52.7896],[-2.3713,52.7953],[-2.3777,52.8116],[-2.4163,52.827],[-2.3938,52.8366],[-2.3789,52.8917],[-2.4404,52.8812],[-2.4461,52.874],[-2.4708,52.9059],[-2.4367,52.9439],[-2.4252,52.95],[-2.4055,52.9473],[-2.4129,52.9618],[-2.3862,52.9532],[-2.3797,52.9761],[-2.3687,52.9794],[-2.3808,52.9984],[-2.383,53.0078],[-2.3704,53.0145],[-2.3842,53.0262],[-2.3815,53.0525],[-2.3476,53.0562],[-2.3181,53.0814],[-2.2934,53.0783],[-2.2532,53.094],[-2.2474,53.0899],[-2.2113,53.1158],[-2.1555,53.1597],[-2.1414,53.1566],[-2.1404,53.1838],[-2.1119,53.1686],[-2.0702,53.1717],[-2.0461,53.1928],[-2.0017,53.193],[-1.9874,53.2136],[-1.9624,53.2262],[-1.9567,53.2137],[-1.8987,53.2],[-1.8608,53.1885]],[[-2.1986,53.0927],[-2.2388,53.0733],[-2.2025,53.02],[-2.2155,53.0153],[-2.2043,52.9814],[-2.2125,52.9806],[-2.1816,52.9462],[-2.1768,52.9537],[-2.1626,52.9534],[-2.1457,52.9761],[-2.1304,52.9712],[-2.1217,52.9561],[-2.0812,52.9669],[-2.0881,52.9738],[-2.0792,52.9745],[-2.092,52.9856],[-2.0885,52.9971],[-2.105,52.9977],[-2.1035,53.0109],[-2.1238,53.0216],[-2.1318,53.0473],[-2.1166,53.048],[-2.1254,53.0646],[-2.1611,53.0701],[-2.1717,53.0894],[-2.1811,53.0898],[-2.1986,53.0927]]]}},{"type":"Feature","properties":{"name":"Suffolk","slug":"suffolk","code":"E10000029"},"geometry":{"type":"Polygon","coordinates":[[[1.7021,52.5447],[1.726,52.5306],[1.7402,52.5321],[1.7402,52.5321],[1.7637,52.4816],[1.7566,52.472],[1.7577,52.4769],[1.7109,52.4748],[1.7562,52.4715],[1.7349,52.4492],[1.7348,52.4482],[1.7346,52.448],[1.7319,52.4278],[1.7279,52.4002],[1.7032,52.36],[1.6749,52.3136],[1.6724,52.3141],[1.665,52.3071],[1.65,52.3002],[1.6345,52.279],[1.6344,52.2779],[1.6333,52.2768],[1.6231,52.1885],[1.6206,52.1826],[1.5801,52.0887],[1.58,52.0886],[1.5795,52.0874],[1.4772,52.0518],[1.4998,52.0616],[1.5353,52.0771],[1.5416,52.0792],[1.5622,52.0877],[1.5672,52.091],[1.5678,52.0915],[1.5612,52.0884],[1.5414,52.0798],[1.518,52.0759],[1.5037,52.0707],[1.5013,52.0707],[1.5005,52.0703],[1.4511,52.0442],[1.4632,52.0483],[1.4627,52.0467],[1.4625,52.0466],[1.4319,52.0071],[1.3937,51.9865],[1.3953,51.9994],[1.3607,52.0063],[1.3915,51.9894],[1.3881,51.9785],[1.3445,51.9569],[1.32,51.9332],[1.3157,51.9513],[1.3157,51.9514],[1.2844,51.9653],[1.2826,51.9661],[1.2823,51.9692],[1.2803,51.9931],[1.2046,52.0143],[1.2027,52.0149],[1.1825,52.0205],[1.1788,52.0215],[1.1662,52.0299],[1.1607,52.0316],[1.159,52.032],[1.1505,52.0337],[1.1491,52.034],[1.1498,52.0336],[1.1673,52.0231],[1.1718,52.0204],[1.1776,52.0169],[1.1801,52.0155],[1.2037,52.0014],[1.2118,51.9965],[1.2673,51.9878],[1.2758,51.9566],[1.243,51.9614],[1.2198,51.9529],[1.2003,51.9545],[1.1878,51.9555],[1.1635,51.9706],[1.1304,51.9535],[1.0857,51.959],[1.0687,51.9504],[1.0477,51.9595],[1.0247,51.9549],[0.9987,51.964],[0.971,51.9624],[0.9626,51.9772],[0.9429,51.9707],[0.9252,51.9762],[0.8897,51.9734],[0.8502,51.9608],[0.8247,51.9685],[0.8109,51.9607],[0.7815,51.9665],[0.7723,51.9704],[0.7746,51.9826],[0.7597,51.9854],[0.7611,51.9975],[0.7385,52.0107],[0.7406,52.0312],[0.7144,52.0273],[0.6965,52.0393],[0.6994,52.0484],[0.7163,52.0487],[0.7032,52.0653],[0.7121,52.0722],[0.6842,52.087],[0.6569,52.0854],[0.582,52.0759],[0.5514,52.0688],[0.5423,52.0577],[0.5111,52.0599],[0.5017,52.0539],[0.4666,52.0784],[0.4536,52.0681],[0.4383,52.0723],[0.4046,52.0655],[0.395,52.096],[0.3818,52.1027],[0.3896,52.1175],[0.4175,52.1332],[0.4173,52.1593],[0.4359,52.1595],[0.4522,52.1732],[0.4707,52.1633],[0.4913,52.1651],[0.5145,52.2268],[0.4949,52.2393],[0.4818,52.2324],[0.427,52.2536],[0.4145,52.2479],[0.4213,52.2397],[0.3712,52.2266],[0.3427,52.2423],[0.361,52.2493],[0.3399,52.2677],[0.3552,52.2793],[0.3589,52.2975],[0.3827,52.2933],[0.4242,52.2559],[0.4989,52.273],[0.5047,52.2847],[0.4576,52.3163],[0.4314,52.3158],[0.4242,52.3292],[0.4426,52.3488],[0.4076,52.3616],[0.3748,52.4097],[0.4293,52.4365],[0.4454,52.4474],[0.5237,52.4482],[0.5547,52.456],[0.5825,52.4519],[0.6418,52.451],[0.6663,52.4625],[0.684,52.4532],[0.7187,52.4497],[0.6686,52.4089],[0.6911,52.3974],[0.7376,52.3951],[0.7474,52.3832],[0.766,52.3904],[0.8082,52.3895],[0.8409,52.4009],[0.8669,52.3903],[0.9311,52.3887],[0.9675,52.3701],[1.03,52.3787],[1.0682,52.3785],[1.2139,52.3554],[1.26,52.3711],[1.2862,52.3907],[1.3165,52.3874],[1.3471,52.4044],[1.3636,52.4275],[1.4079,52.4444],[1.4327,52.4454],[1.4333,52.4559],[1.411,52.4617],[1.4203,52.4711],[1.4462,52.456],[1.4807,52.4719],[1.508,52.4618],[1.5297,52.4684],[1.5578,52.4577],[1.568,52.4746],[1.5864,52.4787],[1.6182,52.4633],[1.6345,52.463],[1.6468,52.472],[1.6587,52.4684],[1.6824,52.4953],[1.6718,52.5039],[1.6543,52.5014],[1.6286,52.526],[1.6677,52.5503],[1.7021,52.5447]]]}},{"type":"Feature","properties":{"name":"Surrey","slug":"surrey","code":"E10000030"},"geometry":{"type":"Polygon","coordinates":[[[-0.4565,51.4381],[-0.3913,51.4223],[-0.3834,51.4085],[-0.3591,51.4119],[-0.3278,51.3918],[-0.3177,51.3937],[-0.3074,51.3784],[-0.3305,51.3484],[-0.3307,51.329],[-0.3062,51.3351],[-0.2885,51.3621],[-0.261,51.3796],[-0.245,51.3801],[-0.2454,51.3668],[-0.2227,51.3571],[-0.2173,51.3434],[-0.2298,51.3365],[-0.2208,51.3298],[-0.1973,51.3436],[-0.1565,51.3215],[-0.1553,51.3013],[-0.1372,51.3008],[-0.1243,51.2868],[-0.0912,51.3015],[-0.0789,51.3198],[-0.0513,51.3225],[-0.0379,51.3387],[0.0023,51.3291],[0.015,51.2918],[0.0329,51.3075],[0.0424,51.2927],[0.0582,51.2478],[0.0336,51.2143],[0.0526,51.1806],[0.05,51.1427],[0.0274,51.1398],[-0.1376,51.1422],[-0.133,51.1589],[-0.1405,51.16],[-0.1767,51.1668],[-0.2121,51.1555],[-0.2142,51.1485],[-0.2552,51.1442],[-0.2546,51.1391],[-0.3003,51.1247],[-0.3915,51.1165],[-0.4192,51.1052],[-0.4921,51.0944],[-0.5054,51.0883],[-0.535,51.0936],[-0.5392,51.082],[-0.5776,51.0867],[-0.5974,51.0797],[-0.6294,51.089],[-0.6968,51.0715],[-0.7535,51.0865],[-0.7593,51.1033],[-0.7493,51.1032],[-0.7455,51.1122],[-0.7694,51.1173],[-0.7944,51.1498],[-0.8052,51.1554],[-0.8342,51.1476],[-0.8254,51.1814],[-0.8489,51.2107],[-0.8047,51.2451],[-0.8017,51.239],[-0.776,51.242],[-0.7455,51.2305],[-0.7293,51.2561],[-0.7311,51.2803],[-0.7442,51.3093],[-0.7629,51.3187],[-0.7755,51.332],[-0.7353,51.365],[-0.6676,51.3846],[-0.6163,51.3835],[-0.6185,51.3924],[-0.594,51.4417],[-0.5717,51.451],[-0.5228,51.4353],[-0.5406,51.4579],[-0.5244,51.4715],[-0.5098,51.4692],[-0.4587,51.4563],[-0.4565,51.4381]]]}},{"type":"Feature","properties":{"name":"Warwickshire","slug":"warwickshire","code":"E10000031"},"geometry":{"type":"Polygon","coordinates":[[[-1.5607,52.5961],[-1.5272,52.5827],[-1.5227,52.5704],[-1.46,52.5516],[-1.4173,52.5345],[-1.3251,52.5011],[-1.3059,52.4934],[-1.2016,52.3967],[-1.175,52.3563],[-1.2338,52.3464],[-1.2654,52.3284],[-1.2092,52.3152],[-1.2338,52.2903],[-1.2156,52.2664],[-1.233,52.2533],[-1.2669,52.2352],[-1.2847,52.2384],[-1.255,52.1978],[-1.3131,52.1905],[-1.3319,52.1685],[-1.3487,52.1351],[-1.3661,52.1361],[-1.3933,52.119],[-1.3708,52.1175],[-1.3578,52.1013],[-1.3854,52.0941],[-1.4259,52.1182],[-1.4535,52.113],[-1.4472,52.0976],[-1.4773,52.1014],[-1.4878,52.094],[-1.5228,51.9968],[-1.5572,51.9917],[-1.5497,51.9809],[-1.5635,51.977],[-1.6003,51.9769],[-1.5916,51.9704],[-1.6123,51.9554],[-1.6658,51.9875],[-1.6658,51.9974],[-1.6175,52.0334],[-1.6245,52.039],[-1.6638,52.0313],[-1.694,52.0395],[-1.6886,52.0518],[-1.7051,52.0596],[-1.7017,52.0728],[-1.7131,52.0666],[-1.7307,52.0733],[-1.7286,52.1001],[-1.7459,52.0928],[-1.7677,52.1126],[-1.7574,52.1159],[-1.791,52.1202],[-1.7855,52.1321],[-1.8084,52.1399],[-1.8232,52.1364],[-1.8233,52.1459],[-1.8397,52.1527],[-1.8542,52.1385],[-1.8669,52.153],[-1.8898,52.1562],[-1.8942,52.1483],[-1.8851,52.1469],[-1.9035,52.1335],[-1.9219,52.153],[-1.9443,52.1553],[-1.9355,52.1696],[-1.9604,52.1687],[-1.9416,52.1774],[-1.9356,52.2041],[-1.9175,52.2182],[-1.9346,52.252],[-1.9374,52.2761],[-1.916,52.275],[-1.8865,52.2867],[-1.881,52.3109],[-1.8686,52.3146],[-1.8649,52.3331],[-1.889,52.3611],[-1.872,52.3676],[-1.8078,52.3666],[-1.7758,52.348],[-1.7796,52.3643],[-1.7459,52.3549],[-1.7352,52.3701],[-1.7205,52.3726],[-1.7185,52.3558],[-1.6939,52.351],[-1.6843,52.3631],[-1.6609,52.3657],[-1.6484,52.3567],[-1.6225,52.3662],[-1.6011,52.3893],[-1.5676,52.3847],[-1.5524,52.3639],[-1.5247,52.3794],[-1.5139,52.369],[-1.5045,52.3778],[-1.464,52.3733],[-1.4314,52.3968],[-1.4379,52.4104],[-1.4239,52.433],[-1.4591,52.4552],[-1.492,52.4586],[-1.505,52.4501],[-1.5398,52.4648],[-1.5612,52.4552],[-1.5899,52.4619],[-1.5955,52.4559],[-1.6245,52.4635],[-1.6416,52.4433],[-1.6623,52.4443],[-1.6666,52.4355],[-1.6772,52.4364],[-1.7535,52.513],[-1.7538,52.5212],[-1.7289,52.5246],[-1.7491,52.5314],[-1.756,52.5554],[-1.7742,52.5646],[-1.7636,52.5709],[-1.788,52.5879],[-1.7423,52.5943],[-1.7293,52.588],[-1.7003,52.5909],[-1.6656,52.5923],[-1.6438,52.6034],[-1.6425,52.641],[-1.633,52.6435],[-1.645,52.6575],[-1.5896,52.6873],[-1.5518,52.6675],[-1.5445,52.6446],[-1.5714,52.6353],[-1.5545,52.6148],[-1.5607,52.5961]]]}},{"type":"Feature","properties":{"name":"West Sussex","slug":"west-sussex","code":"E10000032"},"geometry":{"type":"Polygon","coordinates":[[[-0.133,51.1589],[-0.1376,51.1422],[0.0274,51.1398],[0.0281,51.1177],[0.0445,51.1106],[0.0186,51.1036],[0.0095,51.1104],[0.0105,51.1022],[-0.0362,51.0934],[-0.0269,51.0751],[-0.0133,51.074],[-0.0085,51.0565],[0.0137,51.057],[-0.003,51.0476],[-0.0016,51.0358],[-0.0219,51.0265],[-0.0164,51.0025],[-0.0246,50.98],[-0.0616,50.9784],[-0.0736,50.9917],[-0.1151,50.9761],[-0.1042,50.9465],[-0.1198,50.9423],[-0.135,50.8867],[-0.1681,50.8808],[-0.1686,50.8924],[-0.1824,50.8883],[-0.1877,50.8686],[-0.2267,50.8782],[-0.2392,50.8679],[-0.245,50.8638],[-0.2168,50.8276],[-0.2515,50.8302],[-0.2491,50.8264],[-0.2683,50.8261],[-0.2779,50.8268],[-0.2977,50.8234],[-0.3326,50.8174],[-0.3334,50.8173],[-0.4357,50.8032],[-0.436,50.8031],[-0.542,50.8002],[-0.555,50.7984],[-0.5684,50.798],[-0.6269,50.7882],[-0.7022,50.7774],[-0.7127,50.7737],[-0.7256,50.7715],[-0.734,50.7662],[-0.7524,50.7596],[-0.7543,50.7589],[-0.7531,50.7605],[-0.7531,50.7605],[-0.752,50.7613],[-0.7513,50.7618],[-0.751,50.762],[-0.7508,50.7621],[-0.7506,50.7623],[-0.7504,50.7626],[-0.763,50.7729],[-0.7638,50.7725],[-0.7868,50.7599],[-0.7718,50.7635],[-0.7618,50.7512],[-0.7511,50.7573],[-0.75,50.7567],[-0.7847,50.7263],[-0.7892,50.7225],[-0.8187,50.7388],[-0.8235,50.7438],[-0.8441,50.7513],[-0.8596,50.7597],[-0.8809,50.7648],[-0.9068,50.7743],[-0.9153,50.7807],[-0.9154,50.789],[-0.908,50.787],[-0.9121,50.7835],[-0.9109,50.7813],[-0.9052,50.7821],[-0.892,50.7943],[-0.8775,50.8078],[-0.866,50.8048],[-0.8446,50.7993],[-0.8255,50.8044],[-0.8077,50.8305],[-0.8138,50.8339],[-0.8198,50.8169],[-0.8427,50.8046],[-0.8658,50.8129],[-0.8688,50.8139],[-0.8658,50.8163],[-0.8512,50.8276],[-0.8612,50.828],[-0.8584,50.8397],[-0.8652,50.8399],[-0.8699,50.8401],[-0.8655,50.8275],[-0.8654,50.8272],[-0.8655,50.827],[-0.8768,50.8115],[-0.8922,50.8184],[-0.894,50.8381],[-0.9131,50.84],[-0.9079,50.7985],[-0.9426,50.8154],[-0.9325,50.846],[-0.9345,50.8459],[-0.9265,50.8641],[-0.9387,50.8737],[-0.9576,50.8906],[-0.9402,50.9181],[-0.924,50.9242],[-0.9421,50.9429],[-0.9318,50.9456],[-0.9079,50.9942],[-0.8933,51.0027],[-0.897,51.022],[-0.8528,51.0448],[-0.8428,51.0669],[-0.7978,51.0635],[-0.7808,51.0794],[-0.7535,51.0865],[-0.6968,51.0715],[-0.6294,51.089],[-0.5974,51.0797],[-0.5776,51.0867],[-0.5392,51.082],[-0.535,51.0936],[-0.5054,51.0883],[-0.4921,51.0944],[-0.4192,51.1052],[-0.3915,51.1165],[-0.3003,51.1247],[-0.2546,51.1391],[-0.2552,51.1442],[-0.2142,51.1485],[-0.2121,51.1555],[-0.1767,51.1668],[-0.1405,51.16],[-0.133,51.1589]]]}},{"type":"Feature","properties":{"name":"Worcestershire","slug":"worcestershire","code":"E10000034"},"geometry":{"type":"Polygon","coordinates":[[[-2.2695,52.4386],[-2.1677,52.4238],[-2.1649,52.4302],[-2.136,52.4263],[-2.0986,52.4453],[-2.0848,52.4322],[-2.0681,52.4352],[-2.0625,52.4274],[-2.0558,52.4413],[-2.0379,52.4416],[-2.037,52.4275],[-2.017,52.4327],[-1.986,52.4167],[-2.0336,52.4023],[-1.9985,52.3811],[-1.9536,52.3934],[-1.9343,52.3872],[-1.9137,52.4075],[-1.8827,52.3998],[-1.8687,52.4047],[-1.8455,52.3998],[-1.872,52.3676],[-1.889,52.3611],[-1.8649,52.3331],[-1.8686,52.3146],[-1.881,52.3109],[-1.8865,52.2867],[-1.916,52.275],[-1.9374,52.2761],[-1.9346,52.252],[-1.9175,52.2182],[-1.9356,52.2041],[-1.9416,52.1774],[-1.9604,52.1687],[-1.9355,52.1696],[-1.9443,52.1553],[-1.9219,52.153],[-1.9035,52.1335],[-1.8851,52.1469],[-1.8942,52.1483],[-1.8898,52.1562],[-1.8669,52.153],[-1.8542,52.1385],[-1.8397,52.1527],[-1.8233,52.1459],[-1.8232,52.1364],[-1.8084,52.1399],[-1.7855,52.1321],[-1.791,52.1202],[-1.7574,52.1159],[-1.7677,52.1126],[-1.8023,52.0969],[-1.8127,52.0787],[-1.8189,52.0854],[-1.8318,52.0728],[-1.8466,52.0794],[-1.8744,52.07],[-1.8634,52.0534],[-1.8346,52.0437],[-1.825,52.0309],[-1.8391,52.0068],[-1.9134,52.0445],[-1.9317,52.0299],[-1.9514,52.0377],[-1.9841,52.0359],[-2.0384,52.0046],[-2.0495,52.0038],[-2.0608,52.0147],[-2.0849,52.0105],[-2.1122,52.0153],[-2.1407,51.9995],[-2.1497,52.0113],[-2.1394,52.0279],[-2.1172,52.0336],[-2.1184,52.0421],[-2.1714,52.0476],[-2.1807,52.0417],[-2.1769,52.0226],[-2.1877,52.0191],[-2.1646,51.9961],[-2.1807,51.9996],[-2.1851,51.9906],[-2.2206,51.9955],[-2.2514,51.9666],[-2.2706,51.9689],[-2.3004,51.9668],[-2.3126,51.9765],[-2.3265,51.9758],[-2.3247,52.0036],[-2.3525,52.0135],[-2.3514,52.0214],[-2.338,52.0899],[-2.3521,52.1035],[-2.3514,52.1446],[-2.3794,52.1551],[-2.415,52.1452],[-2.4352,52.1682],[-2.4221,52.1723],[-2.4079,52.2027],[-2.3927,52.2086],[-2.4039,52.2215],[-2.3842,52.2252],[-2.4231,52.2372],[-2.465,52.2344],[-2.4747,52.2414],[-2.4681,52.256],[-2.428,52.2706],[-2.4514,52.2851],[-2.5031,52.2774],[-2.4957,52.2569],[-2.5259,52.2482],[-2.5317,52.2533],[-2.5742,52.2527],[-2.629,52.2404],[-2.6283,52.2612],[-2.5979,52.2816],[-2.6399,52.2863],[-2.6632,52.304],[-2.6181,52.3069],[-2.5747,52.3176],[-2.5626,52.3111],[-2.5622,52.3331],[-2.5391,52.3441],[-2.5121,52.3371],[-2.5132,52.3292],[-2.4818,52.3311],[-2.4884,52.3554],[-2.4747,52.3672],[-2.4147,52.3682],[-2.4105,52.3872],[-2.3907,52.3815],[-2.3674,52.3881],[-2.3356,52.3853],[-2.373,52.4019],[-2.3635,52.4394],[-2.3118,52.4375],[-2.2874,52.4553],[-2.295,52.4489],[-2.2695,52.4386]]]}},{"type":"Feature","properties":{"name":"Antrim and Newtownabbey","slug":"antrim-and-newtownabbey","code":"N09000001"},"geometry":{"type":"Polygon","coordinates":[[[-5.8683,54.6889],[-5.8931,54.6755],[-5.8957,54.6741],[-5.9129,54.648],[-5.9507,54.665],[-5.9488,54.6524],[-5.9709,54.6453],[-5.9864,54.6594],[-6.0235,54.6287],[-6.0211,54.6117],[-6.0411,54.6129],[-6.0455,54.6059],[-6.0873,54.6244],[-6.1229,54.6176],[-6.1481,54.6208],[-6.1455,54.6111],[-6.1919,54.6004],[-6.2175,54.602],[-6.2367,54.588],[-6.2637,54.5979],[-6.2945,54.5967],[-6.2812,54.58],[-6.3046,54.5729],[-6.3237,54.5913],[-6.426,54.5682],[-6.4071,54.6488],[-6.4692,54.6852],[-6.4959,54.7137],[-6.4572,54.7618],[-6.4778,54.7728],[-6.4771,54.7809],[-6.4336,54.7894],[-6.3847,54.7791],[-6.3454,54.8011],[-6.3214,54.7907],[-6.3022,54.7963],[-6.2883,54.7897],[-6.2631,54.7908],[-6.2677,54.7989],[-6.2272,54.7885],[-6.1989,54.798],[-6.1985,54.8063],[-6.172,54.8119],[-6.1113,54.8071],[-6.1027,54.7926],[-6.073,54.7917],[-6.0798,54.7963],[-6.0669,54.7972],[-6.0488,54.7918],[-6.0541,54.7983],[-6.0098,54.8001],[-6.0121,54.7883],[-5.9868,54.774],[-5.9739,54.7832],[-5.9627,54.7736],[-5.9486,54.7802],[-5.922,54.7723],[-5.9008,54.7803],[-5.8874,54.7724],[-5.9059,54.7658],[-5.8968,54.7589],[-5.9052,54.7505],[-5.8923,54.7453],[-5.9106,54.7162],[-5.9018,54.7088],[-5.8889,54.7105],[-5.8898,54.6959],[-5.8683,54.6889]]]}},{"type":"Feature","properties":{"name":"Armagh City, Banbridge and Craigavon","slug":"armagh-city-banbridge-and-craigavon","code":"N09000002"},"geometry":{"type":"Polygon","coordinates":[[[-6.3046,54.5729],[-6.2777,54.5574],[-6.2732,54.5196],[-6.2392,54.4954],[-6.2581,54.4795],[-6.2088,54.445],[-6.2102,54.4327],[-6.1565,54.4442],[-6.1589,54.4342],[-6.1338,54.4357],[-6.0864,54.4102],[-6.0553,54.4035],[-6.0642,54.3873],[-6.0371,54.3843],[-6.0414,54.3787],[-6.0207,54.3775],[-6.0185,54.3705],[-6.0636,54.3269],[-6.0984,54.3266],[-6.1044,54.3185],[-6.0599,54.2914],[-6.0589,54.2809],[-6.0724,54.2796],[-6.0626,54.2714],[-6.0757,54.2635],[-6.0388,54.2631],[-6.0504,54.2439],[-6.0701,54.2544],[-6.1069,54.2401],[-6.1366,54.2431],[-6.1603,54.2189],[-6.1889,54.2375],[-6.1814,54.2442],[-6.2123,54.2586],[-6.2415,54.2637],[-6.254,54.2578],[-6.2791,54.2718],[-6.2885,54.265],[-6.3311,54.2632],[-6.3514,54.274],[-6.3684,54.2653],[-6.4017,54.273],[-6.4391,54.2675],[-6.4579,54.2521],[-6.4668,54.255],[-6.5041,54.2257],[-6.525,54.2372],[-6.572,54.2242],[-6.5852,54.2135],[-6.5999,54.2189],[-6.6441,54.1798],[-6.6919,54.2002],[-6.7101,54.198],[-6.721,54.182],[-6.7408,54.1819],[-6.7559,54.199],[-6.7756,54.1989],[-6.801,54.2132],[-6.8004,54.2211],[-6.8162,54.223],[-6.8277,54.2614],[-6.878,54.2791],[-6.875,54.2873],[-6.8615,54.2811],[-6.851,54.292],[-6.8529,54.2977],[-6.8639,54.3301],[-6.837,54.3356],[-6.8047,54.3796],[-6.8075,54.399],[-6.7937,54.415],[-6.761,54.407],[-6.735,54.4092],[-6.7281,54.4017],[-6.7101,54.4039],[-6.6971,54.4422],[-6.6498,54.47],[-6.6507,54.4867],[-6.6295,54.5038],[-6.5918,54.5034],[-6.5413,54.5421],[-6.426,54.5682],[-6.3237,54.5913],[-6.3046,54.5729]]]}},{"type":"Feature","properties":{"name":"Belfast","slug":"belfast","code":"N09000003"},"geometry":{"type":"Polygon","coordinates":[[[-5.9129,54.648],[-5.9129,54.648],[-5.9001,54.6448],[-5.8551,54.6337],[-5.8585,54.6236],[-5.8293,54.6168],[-5.8307,54.6106],[-5.8091,54.6155],[-5.8232,54.5815],[-5.8892,54.5618],[-5.9122,54.5667],[-5.9332,54.5402],[-5.9414,54.5437],[-5.9757,54.5306],[-6.0166,54.5508],[-6.0412,54.5468],[-6.0598,54.5552],[-6.041,54.5641],[-6.0455,54.6059],[-6.0411,54.6129],[-6.0211,54.6117],[-6.0235,54.6287],[-5.9864,54.6594],[-5.9709,54.6453],[-5.9488,54.6524],[-5.9507,54.665],[-5.9129,54.648]]]}},{"type":"Feature","properties":{"name":"Causeway Coast and Glens","slug":"causeway-coast-and-glens","code":"N09000004"},"geometry":{"type":"MultiPolygon","coordinates":[[[[-6.455,55.2391],[-6.4093,55.2323],[-6.3681,55.2458],[-6.3326,55.2396],[-6.3309,55.2388],[-6.3127,55.2298],[-6.3126,55.2298],[-6.3125,55.2298],[-6.2894,55.2302],[-6.2684,55.2194],[-6.2362,55.2027],[-6.1781,55.2138],[-6.1568,55.2232],[-6.146,55.228],[-6.1162,55.2095],[-6.1161,55.2095],[-6.1161,55.2095],[-6.0868,55.2037],[-6.0622,55.1989],[-6.0511,55.1758],[-6.0269,55.1612],[-6.0255,55.1404],[-6.0412,55.131],[-6.036,55.1032],[-6.0587,55.0812],[-6.0528,55.0657],[-6.0622,55.0601],[-6.0425,55.053],[-5.9769,55.0563],[-6.0141,55.0355],[-6.0247,55.037],[-6.098,54.984],[-6.1316,54.9882],[-6.1653,55.0307],[-6.1808,55.0344],[-6.1852,55.0261],[-6.2044,55.0296],[-6.2792,55.0048],[-6.3238,55.0102],[-6.323,54.9791],[-6.3456,54.988],[-6.357,54.9754],[-6.3906,54.9815],[-6.4014,54.9666],[-6.4236,54.973],[-6.427,54.9641],[-6.4482,54.9646],[-6.4078,54.9405],[-6.4284,54.9366],[-6.4221,54.9168],[-6.4678,54.9249],[-6.4999,54.9188],[-6.5376,54.952],[-6.5368,54.9335],[-6.5552,54.9371],[-6.585,54.9235],[-6.6175,54.9382],[-6.6435,54.9373],[-6.6569,54.9224],[-6.6903,54.9163],[-6.7075,54.9318],[-6.7381,54.9288],[-6.7758,54.9138],[-6.7575,54.903],[-6.7682,54.8732],[-6.7849,54.87],[-6.7824,54.8621],[-6.8026,54.8466],[-6.8509,54.8509],[-6.8573,54.8576],[-6.8866,54.853],[-6.887,54.8318],[-6.9121,54.8204],[-6.9462,54.8337],[-6.9718,54.8282],[-6.9874,54.833],[-7.0069,54.8209],[-7.0153,54.8353],[-7.0388,54.8455],[-7.0392,54.8674],[-7.0193,54.887],[-7.0346,54.8884],[-7.0436,54.914],[-7.0876,54.9274],[-7.0937,54.9591],[-7.081,54.9858],[-7.1267,54.9853],[-7.1331,55.0049],[-7.1659,55.034],[-7.147,55.0467],[-7.1102,55.0425],[-7.0514,55.0495],[-7.05,55.0569],[-7.0417,55.053],[-7.0417,55.053],[-7.0417,55.053],[-7.0459,55.0583],[-7.0147,55.0766],[-7.0138,55.0771],[-7.0156,55.0838],[-7.0201,55.1004],[-7.0178,55.1011],[-6.99,55.1095],[-6.9688,55.1479],[-6.966,55.1929],[-6.9659,55.1948],[-6.9617,55.1931],[-6.9137,55.1744],[-6.8747,55.1681],[-6.7526,55.1685],[-6.7246,55.1732],[-6.7219,55.1899],[-6.6595,55.1988],[-6.661,55.205],[-6.6629,55.2127],[-6.6502,55.2054],[-6.6496,55.2051],[-6.6064,55.2059],[-6.6014,55.2073],[-6.5529,55.2201],[-6.5461,55.216],[-6.5285,55.225],[-6.5306,55.2337],[-6.4759,55.2522],[-6.455,55.2391]]],[[[-6.1698,55.3016],[-6.1899,55.2585],[-6.2008,55.2754],[-6.193,55.2926],[-6.2861,55.2934],[-6.27,55.307],[-6.24,55.3121],[-6.1698,55.3016]]]]}},{"type":"Feature","properties":{"name":"Derry City and Strabane","slug":"derry-city-and-strabane","code":"N09000005"},"geometry":{"type":"Polygon","coordinates":[[[-7.147,55.0467],[-7.1659,55.034],[-7.1331,55.0049],[-7.1267,54.9853],[-7.081,54.9858],[-7.0937,54.9591],[-7.0876,54.9274],[-7.0436,54.914],[-7.0346,54.8884],[-7.0193,54.887],[-7.0392,54.8674],[-7.0388,54.8455],[-7.0153,54.8353],[-7.0069,54.8209],[-6.9874,54.833],[-6.9718,54.8282],[-6.9462,54.8337],[-6.9121,54.8204],[-6.9224,54.8025],[-6.9029,54.7838],[-6.9221,54.7731],[-6.94,54.7736],[-7.0054,54.7799],[-7.0807,54.7658],[-7.1173,54.7494],[-7.2262,54.752],[-7.261,54.731],[-7.2837,54.7406],[-7.3057,54.7385],[-7.3206,54.732],[-7.3193,54.7133],[-7.3917,54.6931],[-7.4479,54.641],[-7.4842,54.6542],[-7.4946,54.6493],[-7.5104,54.6538],[-7.5505,54.6386],[-7.5503,54.6472],[-7.5617,54.6474],[-7.5746,54.6402],[-7.5729,54.6296],[-7.5962,54.6348],[-7.6153,54.6329],[-7.6171,54.6251],[-7.6576,54.6267],[-7.7035,54.6085],[-7.6935,54.6191],[-7.7064,54.6196],[-7.7065,54.6203],[-7.7084,54.6349],[-7.7401,54.6187],[-7.7416,54.6179],[-7.743,54.6185],[-7.7579,54.625],[-7.7725,54.6215],[-7.8133,54.6439],[-7.8283,54.633],[-7.8545,54.6319],[-7.8566,54.6505],[-7.8933,54.6565],[-7.8943,54.6573],[-7.9099,54.6682],[-7.9139,54.676],[-7.8987,54.6874],[-7.898,54.688],[-7.8988,54.6882],[-7.921,54.696],[-7.9181,54.7027],[-7.9009,54.7027],[-7.8795,54.7027],[-7.8367,54.7364],[-7.8177,54.7338],[-7.8047,54.7187],[-7.7887,54.7196],[-7.7499,54.7043],[-7.7353,54.7169],[-7.7116,54.7261],[-7.697,54.7238],[-7.6366,54.7515],[-7.6176,54.7434],[-7.5957,54.7436],[-7.5886,54.7437],[-7.5793,54.7504],[-7.5784,54.7418],[-7.5433,54.7427],[-7.5342,54.7471],[-7.5475,54.7553],[-7.5493,54.7894],[-7.5283,54.8077],[-7.5254,54.8087],[-7.484,54.8238],[-7.4431,54.8713],[-7.4473,54.935],[-7.3921,54.9454],[-7.4075,54.9637],[-7.407,54.983],[-7.3948,54.9946],[-7.3915,54.9978],[-7.4056,55.0033],[-7.3914,55.0223],[-7.3462,55.0505],[-7.3244,55.0463],[-7.3183,55.0451],[-7.2994,55.0561],[-7.2892,55.0474],[-7.2649,55.0666],[-7.2544,55.06],[-7.2555,55.0654],[-7.2455,55.0635],[-7.2518,55.0442],[-7.2328,55.0482],[-7.2249,55.0611],[-7.1565,55.059],[-7.147,55.0467]]]}},{"type":"Feature","properties":{"name":"Fermanagh and Omagh","slug":"fermanagh-and-omagh","code":"N09000006"},"geometry":{"type":"Polygon","coordinates":[[[-6.94,54.7736],[-6.9408,54.7522],[-6.9914,54.7408],[-7.0111,54.7179],[-6.9942,54.7058],[-7.0026,54.6715],[-6.9694,54.6637],[-6.9885,54.6519],[-6.9613,54.6123],[-6.948,54.608],[-6.967,54.5971],[-6.9697,54.5796],[-6.9886,54.5815],[-6.9695,54.5696],[-6.9857,54.5572],[-6.9745,54.5437],[-7.0088,54.5246],[-7.0291,54.5258],[-7.0395,54.5055],[-7.0729,54.5028],[-7.0722,54.5079],[-7.0994,54.5003],[-7.1081,54.4859],[-7.1239,54.4847],[-7.1212,54.4754],[-7.1352,54.4814],[-7.1602,54.4725],[-7.2029,54.4779],[-7.1986,54.4662],[-7.2164,54.4673],[-7.2358,54.4545],[-7.2529,54.451],[-7.2726,54.4604],[-7.2706,54.4537],[-7.2948,54.4436],[-7.3347,54.4449],[-7.367,54.4375],[-7.3622,54.4196],[-7.3314,54.4047],[-7.3344,54.3717],[-7.2805,54.3716],[-7.2719,54.3441],[-7.2462,54.327],[-7.2271,54.327],[-7.201,54.3418],[-7.1888,54.3376],[-7.1791,54.3097],[-7.1979,54.3111],[-7.2122,54.2996],[-7.1729,54.2861],[-7.1738,54.2843],[-7.1793,54.2726],[-7.1606,54.2736],[-7.1422,54.2556],[-7.159,54.2437],[-7.146,54.2398],[-7.145,54.2247],[-7.1711,54.2176],[-7.1883,54.2249],[-7.1988,54.2156],[-7.2167,54.2158],[-7.2208,54.2158],[-7.2319,54.2056],[-7.2481,54.2044],[-7.2492,54.1979],[-7.233,54.1978],[-7.2591,54.1922],[-7.2582,54.1774],[-7.2403,54.1697],[-7.2581,54.1645],[-7.2581,54.1645],[-7.2581,54.1645],[-7.2581,54.1645],[-7.2617,54.1444],[-7.2719,54.1317],[-7.2872,54.1221],[-7.2953,54.1217],[-7.3089,54.1321],[-7.2854,54.1364],[-7.3013,54.1443],[-7.2838,54.1539],[-7.2798,54.1676],[-7.3102,54.1673],[-7.3395,54.1467],[-7.3053,54.1234],[-7.3188,54.1133],[-7.3271,54.1246],[-7.3462,54.1165],[-7.3635,54.1314],[-7.3919,54.1202],[-7.3728,54.1395],[-7.4204,54.1369],[-7.4096,54.1562],[-7.4423,54.1539],[-7.4685,54.1408],[-7.4793,54.1222],[-7.5126,54.1315],[-7.5281,54.1358],[-7.5474,54.1221],[-7.5657,54.1266],[-7.5746,54.1415],[-7.6104,54.1438],[-7.6285,54.1692],[-7.6561,54.1857],[-7.6765,54.182],[-7.6829,54.2003],[-7.6854,54.2078],[-7.6854,54.2078],[-7.6854,54.2078],[-7.7392,54.2035],[-7.768,54.2094],[-7.8115,54.2009],[-7.8299,54.2072],[-7.8602,54.2176],[-7.8604,54.2528],[-7.8605,54.2603],[-7.8728,54.2662],[-7.8732,54.2795],[-7.8619,54.2935],[-7.8809,54.2919],[-7.9015,54.3014],[-7.9109,54.296],[-7.9617,54.3124],[-8.0003,54.3581],[-8.0314,54.3567],[-8.0574,54.3657],[-8.0841,54.3974],[-8.1232,54.4198],[-8.1615,54.4416],[-8.1431,54.4509],[-8.1756,54.464],[-8.1775,54.4648],[-8.1757,54.4649],[-8.1147,54.4691],[-8.1132,54.4764],[-8.0911,54.4763],[-8.0986,54.4842],[-8.089,54.4871],[-8.0426,54.4877],[-8.0418,54.5065],[-8.006,54.5459],[-7.9703,54.5473],[-7.9497,54.5336],[-7.8764,54.5332],[-7.8505,54.533],[-7.8239,54.5444],[-7.8332,54.5523],[-7.7966,54.5716],[-7.794,54.5816],[-7.7623,54.5859],[-7.7515,54.5988],[-7.7035,54.6085],[-7.6576,54.6267],[-7.6171,54.6251],[-7.6153,54.6329],[-7.5962,54.6348],[-7.5729,54.6296],[-7.5746,54.6402],[-7.5617,54.6474],[-7.5503,54.6472],[-7.5505,54.6386],[-7.5104,54.6538],[-7.4946,54.6493],[-7.4842,54.6542],[-7.4479,54.641],[-7.3917,54.6931],[-7.3193,54.7133],[-7.3206,54.732],[-7.3057,54.7385],[-7.2837,54.7406],[-7.261,54.731],[-7.2262,54.752],[-7.1173,54.7494],[-7.0807,54.7658],[-7.0054,54.7799],[-6.94,54.7736]]]}},{"type":"Feature","properties":{"name":"Lisburn and Castlereagh","slug":"lisburn-and-castlereagh","code":"N09000007"},"geometry":{"type":"Polygon","coordinates":[[[-6.0455,54.6059],[-6.041,54.5641],[-6.0598,54.5552],[-6.0412,54.5468],[-6.0166,54.5508],[-5.9757,54.5306],[-5.9414,54.5437],[-5.9332,54.5402],[-5.9122,54.5667],[-5.8892,54.5618],[-5.8232,54.5815],[-5.8091,54.6155],[-5.7864,54.6196],[-5.771,54.6133],[-5.7735,54.594],[-5.7575,54.5814],[-5.7889,54.5711],[-5.7991,54.5606],[-5.7929,54.5457],[-5.8268,54.5255],[-5.8331,54.5013],[-5.8235,54.4954],[-5.8712,54.4794],[-5.8764,54.4672],[-5.9022,54.4622],[-5.8998,54.4547],[-5.9154,54.45],[-5.9148,54.4333],[-5.9296,54.4303],[-5.9243,54.4239],[-5.9507,54.4037],[-5.9384,54.3839],[-5.95,54.3795],[-5.9703,54.3844],[-6.0185,54.3705],[-6.0207,54.3775],[-6.0414,54.3787],[-6.0371,54.3843],[-6.0642,54.3873],[-6.0553,54.4035],[-6.0864,54.4102],[-6.1338,54.4357],[-6.1589,54.4342],[-6.1565,54.4442],[-6.2102,54.4327],[-6.2088,54.445],[-6.2581,54.4795],[-6.2392,54.4954],[-6.2732,54.5196],[-6.2777,54.5574],[-6.3046,54.5729],[-6.2812,54.58],[-6.2945,54.5967],[-6.2637,54.5979],[-6.2367,54.588],[-6.2175,54.602],[-6.1919,54.6004],[-6.1455,54.6111],[-6.1481,54.6208],[-6.1229,54.6176],[-6.0873,54.6244],[-6.0455,54.6059]]]}},{"type":"Feature","properties":{"name":"Mid and East Antrim","slug":"mid-and-east-antrim","code":"N09000008"},"geometry":{"type":"Polygon","coordinates":[[[-5.8683,54.6889],[-5.8898,54.6959],[-5.8889,54.7105],[-5.9018,54.7088],[-5.9106,54.7162],[-5.8923,54.7453],[-5.9052,54.7505],[-5.8968,54.7589],[-5.9059,54.7658],[-5.8874,54.7724],[-5.9008,54.7803],[-5.922,54.7723],[-5.9486,54.7802],[-5.9627,54.7736],[-5.9739,54.7832],[-5.9868,54.774],[-6.0121,54.7883],[-6.0098,54.8001],[-6.0541,54.7983],[-6.0488,54.7918],[-6.0669,54.7972],[-6.0798,54.7963],[-6.073,54.7917],[-6.1027,54.7926],[-6.1113,54.8071],[-6.172,54.8119],[-6.1985,54.8063],[-6.1989,54.798],[-6.2272,54.7885],[-6.2677,54.7989],[-6.2631,54.7908],[-6.2883,54.7897],[-6.3022,54.7963],[-6.3214,54.7907],[-6.3454,54.8011],[-6.3847,54.7791],[-6.4336,54.7894],[-6.4771,54.7809],[-6.471,54.8125],[-6.4573,54.8245],[-6.5063,54.9083],[-6.4999,54.9188],[-6.4678,54.9249],[-6.4221,54.9168],[-6.4284,54.9366],[-6.4078,54.9405],[-6.4482,54.9646],[-6.427,54.9641],[-6.4236,54.973],[-6.4014,54.9666],[-6.3906,54.9815],[-6.357,54.9754],[-6.3456,54.988],[-6.323,54.9791],[-6.3238,55.0102],[-6.2792,55.0048],[-6.2044,55.0296],[-6.1852,55.0261],[-6.1808,55.0344],[-6.1653,55.0307],[-6.1316,54.9882],[-6.098,54.984],[-6.0247,55.037],[-6.0141,55.0355],[-5.9769,55.0563],[-5.9693,55.0496],[-5.9632,55.0442],[-5.9901,54.9845],[-5.919,54.9618],[-5.8781,54.9076],[-5.8583,54.8987],[-5.8443,54.9008],[-5.8372,54.8807],[-5.8283,54.8743],[-5.7976,54.8522],[-5.7833,54.8511],[-5.7798,54.8587],[-5.7659,54.8523],[-5.7626,54.8593],[-5.7394,54.8523],[-5.7251,54.848],[-5.6896,54.8037],[-5.688,54.767],[-5.7101,54.7459],[-5.7286,54.7358],[-5.7549,54.7213],[-5.7902,54.7209],[-5.8683,54.6889]]]}},{"type":"Feature","properties":{"name":"Mid Ulster","slug":"mid-ulster","code":"N09000009"},"geometry":{"type":"Polygon","coordinates":[[[-6.4999,54.9188],[-6.5063,54.9083],[-6.4573,54.8245],[-6.471,54.8125],[-6.4771,54.7809],[-6.4778,54.7728],[-6.4572,54.7618],[-6.4959,54.7137],[-6.4692,54.6852],[-6.4071,54.6488],[-6.426,54.5682],[-6.5413,54.5421],[-6.5918,54.5034],[-6.6295,54.5038],[-6.6507,54.4867],[-6.6498,54.47],[-6.6971,54.4422],[-6.7101,54.4039],[-6.7281,54.4017],[-6.735,54.4092],[-6.761,54.407],[-6.7937,54.415],[-6.8075,54.399],[-6.8047,54.3796],[-6.837,54.3356],[-6.8639,54.3301],[-6.876,54.3466],[-6.9064,54.3504],[-6.9112,54.3747],[-6.9289,54.3773],[-6.9327,54.3778],[-6.9292,54.3798],[-6.9238,54.3829],[-6.9297,54.3844],[-6.9596,54.3922],[-6.9788,54.4086],[-6.9958,54.4054],[-7.0291,54.4213],[-7.0573,54.411],[-7.0573,54.411],[-7.0573,54.411],[-7.0724,54.3884],[-7.1097,54.3683],[-7.1035,54.3559],[-7.1527,54.3352],[-7.1888,54.3376],[-7.201,54.3418],[-7.2271,54.327],[-7.2462,54.327],[-7.2719,54.3441],[-7.2805,54.3716],[-7.3344,54.3717],[-7.3314,54.4047],[-7.3622,54.4196],[-7.367,54.4375],[-7.3347,54.4449],[-7.2948,54.4436],[-7.2706,54.4537],[-7.2726,54.4604],[-7.2529,54.451],[-7.2358,54.4545],[-7.2164,54.4673],[-7.1986,54.4662],[-7.2029,54.4779],[-7.1602,54.4725],[-7.1352,54.4814],[-7.1212,54.4754],[-7.1239,54.4847],[-7.1081,54.4859],[-7.0994,54.5003],[-7.0722,54.5079],[-7.0729,54.5028],[-7.0395,54.5055],[-7.0291,54.5258],[-7.0088,54.5246],[-6.9745,54.5437],[-6.9857,54.5572],[-6.9695,54.5696],[-6.9886,54.5815],[-6.9697,54.5796],[-6.967,54.5971],[-6.948,54.608],[-6.9613,54.6123],[-6.9885,54.6519],[-6.9694,54.6637],[-7.0026,54.6715],[-6.9942,54.7058],[-7.0111,54.7179],[-6.9914,54.7408],[-6.9408,54.7522],[-6.94,54.7736],[-6.9221,54.7731],[-6.9029,54.7838],[-6.9224,54.8025],[-6.9121,54.8204],[-6.887,54.8318],[-6.8866,54.853],[-6.8573,54.8576],[-6.8509,54.8509],[-6.8026,54.8466],[-6.7824,54.8621],[-6.7849,54.87],[-6.7682,54.8732],[-6.7575,54.903],[-6.7758,54.9138],[-6.7381,54.9288],[-6.7075,54.9318],[-6.6903,54.9163],[-6.6569,54.9224],[-6.6435,54.9373],[-6.6175,54.9382],[-6.585,54.9235],[-6.5552,54.9371],[-6.5368,54.9335],[-6.5376,54.952],[-6.4999,54.9188]]]}},{"type":"Feature","properties":{"name":"Newry, Mourne and Down","slug":"newry-mourne-and-down","code":"N09000010"},"geometry":{"type":"Polygon","coordinates":[[[-5.516,54.3243],[-5.5316,54.3158],[-5.5258,54.3103],[-5.5505,54.3064],[-5.5603,54.2865],[-5.5906,54.2638],[-5.608,54.2654],[-5.6088,54.2487],[-5.6182,54.2462],[-5.624,54.2558],[-5.6344,54.2524],[-5.6398,54.263],[-5.6364,54.2423],[-5.6602,54.2256],[-5.6771,54.2466],[-5.6845,54.2488],[-5.6928,54.2513],[-5.8216,54.2429],[-5.8338,54.2567],[-5.8159,54.2591],[-5.8144,54.2865],[-5.8501,54.2533],[-5.8333,54.2513],[-5.8297,54.2419],[-5.8929,54.2054],[-5.8718,54.1676],[-5.8776,54.1531],[-5.8969,54.1047],[-5.9519,54.0778],[-5.963,54.0627],[-5.9738,54.0623],[-5.9962,54.0613],[-5.9882,54.0576],[-6.0137,54.0419],[-6.0627,54.0227],[-6.1076,54.0402],[-6.0985,54.0486],[-6.0731,54.0459],[-6.0731,54.0459],[-6.0731,54.0459],[-6.0949,54.0626],[-6.1594,54.065],[-6.1832,54.0737],[-6.1981,54.0982],[-6.2541,54.0964],[-6.2845,54.1099],[-6.2909,54.1127],[-6.309,54.1067],[-6.318,54.091],[-6.3364,54.0947],[-6.3399,54.1119],[-6.3664,54.1136],[-6.3664,54.1136],[-6.3664,54.1136],[-6.3635,54.0726],[-6.3913,54.0588],[-6.412,54.0631],[-6.4435,54.0565],[-6.456,54.0725],[-6.4778,54.0771],[-6.4713,54.0663],[-6.5105,54.0527],[-6.532,54.0597],[-6.5579,54.0493],[-6.5866,54.0576],[-6.5949,54.0446],[-6.6238,54.0365],[-6.669,54.0728],[-6.6582,54.0762],[-6.6589,54.0961],[-6.6451,54.0959],[-6.6612,54.1227],[-6.6486,54.1216],[-6.6486,54.1216],[-6.6485,54.1216],[-6.646,54.1259],[-6.6298,54.1533],[-6.6441,54.1798],[-6.5999,54.2189],[-6.5852,54.2135],[-6.572,54.2242],[-6.525,54.2372],[-6.5041,54.2257],[-6.4668,54.255],[-6.4579,54.2521],[-6.4391,54.2675],[-6.4017,54.273],[-6.3684,54.2653],[-6.3514,54.274],[-6.3311,54.2632],[-6.2885,54.265],[-6.2791,54.2718],[-6.254,54.2578],[-6.2415,54.2637],[-6.2123,54.2586],[-6.1814,54.2442],[-6.1889,54.2375],[-6.1603,54.2189],[-6.1366,54.2431],[-6.1069,54.2401],[-6.0701,54.2544],[-6.0504,54.2439],[-6.0388,54.2631],[-6.0757,54.2635],[-6.0626,54.2714],[-6.0724,54.2796],[-6.0589,54.2809],[-6.0599,54.2914],[-6.1044,54.3185],[-6.0984,54.3266],[-6.0636,54.3269],[-6.0185,54.3705],[-5.9703,54.3844],[-5.95,54.3795],[-5.9384,54.3839],[-5.9507,54.4037],[-5.9243,54.4239],[-5.9296,54.4303],[-5.9148,54.4333],[-5.9154,54.45],[-5.8998,54.4547],[-5.9022,54.4622],[-5.8764,54.4672],[-5.8712,54.4794],[-5.8235,54.4954],[-5.7911,54.4636],[-5.736,54.4639],[-5.7229,54.4477],[-5.7017,54.4464],[-5.6674,54.461],[-5.6385,54.4575],[-5.6282,54.465],[-5.5837,54.4495],[-5.5955,54.4069],[-5.5845,54.3917],[-5.5484,54.3738],[-5.516,54.3243]]]}},{"type":"Feature","properties":{"name":"Ards and North Down","slug":"ards-and-north-down","code":"N09000011"},"geometry":{"type":"MultiPolygon","coordinates":[[[[-5.5239,54.6704],[-5.5245,54.669],[-5.5442,54.6726],[-5.5454,54.6729],[-5.5338,54.6817],[-5.5213,54.6764],[-5.5239,54.6704]]],[[[-5.7224,54.6679],[-5.7207,54.667],[-5.68,54.6688],[-5.6725,54.663],[-5.656,54.671],[-5.6391,54.6672],[-5.6326,54.6796],[-5.5839,54.6777],[-5.5302,54.645],[-5.5341,54.6224],[-5.5216,54.5976],[-5.4772,54.5641],[-5.4858,54.5466],[-5.4759,54.5251],[-5.4636,54.4984],[-5.4328,54.4873],[-5.442,54.4756],[-5.4356,54.4571],[-5.48,54.4284],[-5.48,54.4284],[-5.48,54.4284],[-5.4642,54.4146],[-5.4602,54.3864],[-5.4897,54.3764],[-5.493,54.3653],[-5.4813,54.3567],[-5.4982,54.3515],[-5.4982,54.3515],[-5.4982,54.3515],[-5.4976,54.3446],[-5.4968,54.3333],[-5.516,54.3243],[-5.5484,54.3738],[-5.5845,54.3917],[-5.5955,54.4069],[-5.5837,54.4495],[-5.6282,54.465],[-5.6385,54.4575],[-5.6674,54.461],[-5.7017,54.4464],[-5.7229,54.4477],[-5.736,54.4639],[-5.7911,54.4636],[-5.8235,54.4954],[-5.8331,54.5013],[-5.8268,54.5255],[-5.7929,54.5457],[-5.7991,54.5606],[-5.7889,54.5711],[-5.7575,54.5814],[-5.7735,54.594],[-5.771,54.6133],[-5.7864,54.6196],[-5.8091,54.6155],[-5.8307,54.6106],[-5.8293,54.6168],[-5.8585,54.6236],[-5.8551,54.6337],[-5.8054,54.659],[-5.741,54.6776],[-5.7224,54.6679]]]]}},{"type":"Feature","properties":{"name":"Clackmannanshire","slug":"clackmannanshire","code":"S12000005"},"geometry":{"type":"Polygon","coordinates":[[[-3.6283,56.1328],[-3.6639,56.123],[-3.6288,56.1104],[-3.6726,56.1078],[-3.6745,56.1002],[-3.7146,56.1045],[-3.7394,56.0771],[-3.7741,56.0917],[-3.776,56.093],[-3.7663,56.099],[-3.7758,56.0938],[-3.7972,56.109],[-3.7934,56.1046],[-3.7977,56.1074],[-3.8215,56.1007],[-3.8384,56.1037],[-3.8344,56.1158],[-3.8483,56.1196],[-3.8698,56.1077],[-3.8647,56.1189],[-3.8851,56.1291],[-3.8575,56.1353],[-3.8779,56.15],[-3.8543,56.1529],[-3.8582,56.1645],[-3.8294,56.1965],[-3.7809,56.2172],[-3.7522,56.2119],[-3.7368,56.189],[-3.6865,56.1959],[-3.6669,56.1886],[-3.6511,56.203],[-3.6381,56.1969],[-3.6182,56.2056],[-3.5752,56.1961],[-3.5823,56.1844],[-3.598,56.1811],[-3.5931,56.1731],[-3.6479,56.1597],[-3.6367,56.1513],[-3.6448,56.1376],[-3.6283,56.1328]]]}},{"type":"Feature","properties":{"name":"Dumfries and Galloway","slug":"dumfries-and-galloway","code":"S12000006"},"geometry":{"type":"MultiPolygon","coordinates":[[[[-3.0603,54.9845],[-3.0634,54.9835],[-3.0619,54.9847],[-3.0603,54.9845]]],[[[-3.9862,55.4641],[-3.9698,55.4544],[-3.951,55.4626],[-3.9243,55.4563],[-3.8954,55.4598],[-3.8255,55.4444],[-3.8164,55.4273],[-3.7646,55.4011],[-3.7537,55.3749],[-3.711,55.3632],[-3.7202,55.3502],[-3.7112,55.3232],[-3.6784,55.3089],[-3.6636,55.2918],[-3.6187,55.2957],[-3.6216,55.3165],[-3.607,55.3258],[-3.574,55.3284],[-3.5883,55.3462],[-3.5727,55.3551],[-3.5785,55.385],[-3.5582,55.3881],[-3.5498,55.399],[-3.5314,55.3964],[-3.5074,55.4123],[-3.4721,55.4038],[-3.4205,55.416],[-3.4014,55.4081],[-3.3623,55.417],[-3.3543,55.4125],[-3.3316,55.4411],[-3.311,55.4448],[-3.2934,55.4309],[-3.2796,55.4353],[-3.2436,55.4277],[-3.3028,55.3938],[-3.3117,55.3796],[-3.3038,55.3689],[-3.3155,55.3666],[-3.3203,55.3494],[-3.3037,55.3424],[-3.2174,55.3761],[-3.1793,55.3605],[-3.1745,55.3468],[-3.1272,55.3597],[-3.1097,55.348],[-3.102,55.3516],[-3.0991,55.3317],[-3.0466,55.2955],[-3.0547,55.2807],[-3.043,55.2715],[-3.0199,55.2791],[-3.0102,55.2674],[-2.9959,55.2691],[-2.9621,55.2903],[-2.9171,55.2774],[-2.8985,55.2835],[-2.8849,55.2627],[-2.905,55.2572],[-2.9214,55.2367],[-2.8638,55.2364],[-2.8619,55.2233],[-2.8882,55.2079],[-2.9048,55.1737],[-2.8969,55.1467],[-2.8651,55.1353],[-2.8585,55.1083],[-2.8863,55.0948],[-2.8969,55.0779],[-2.9404,55.0691],[-2.9364,55.0596],[-2.9586,55.0493],[-3.0509,55.0528],[-3.0534,55.0473],[-3.0259,55.0365],[-3.0495,55.0094],[-3.0441,54.9986],[-3.0522,54.9905],[-3.0535,54.9928],[-3.0576,54.9918],[-3.058,54.9908],[-3.0748,54.9813],[-3.0827,54.9873],[-3.0752,54.9806],[-3.0912,54.9754],[-3.1084,54.9787],[-3.1496,54.9638],[-3.2047,54.9784],[-3.241,54.968],[-3.2469,54.9731],[-3.2513,54.9725],[-3.2683,54.97],[-3.2692,54.9655],[-3.3371,54.9808],[-3.3292,54.9787],[-3.3392,54.9741],[-3.3703,54.9707],[-3.4085,54.9744],[-3.4316,54.9942],[-3.4373,54.989],[-3.476,54.9668],[-3.5227,54.9654],[-3.5604,54.98],[-3.5643,54.9866],[-3.5808,55.014],[-3.5911,54.9984],[-3.5762,54.9807],[-3.6064,54.9744],[-3.584,54.9747],[-3.5895,54.9248],[-3.5831,54.9244],[-3.5725,54.9237],[-3.563,54.9073],[-3.5961,54.883],[-3.5952,54.8729],[-3.6986,54.8804],[-3.6755,54.8938],[-3.7276,54.8801],[-3.7599,54.858],[-3.7648,54.8565],[-3.7879,54.8531],[-3.8127,54.8723],[-3.8199,54.8867],[-3.8262,54.8615],[-3.8071,54.8456],[-3.823,54.847],[-3.8429,54.8676],[-3.8611,54.8646],[-3.8353,54.846],[-3.8531,54.8509],[-3.8637,54.8459],[-3.8277,54.8255],[-3.8314,54.8213],[-3.8686,54.8085],[-3.9848,54.7685],[-4.006,54.7746],[-4.0447,54.7699],[-4.0524,54.7741],[-4.0639,54.7838],[-4.0456,54.8155],[-4.0551,54.8256],[-4.0678,54.8138],[-4.0721,54.8177],[-4.0639,54.8335],[-4.0664,54.8317],[-4.0913,54.8144],[-4.0899,54.7819],[-4.1062,54.7784],[-4.09,54.7739],[-4.09,54.7737],[-4.0943,54.7658],[-4.1064,54.7679],[-4.1115,54.7775],[-4.1206,54.7777],[-4.1238,54.7805],[-4.1215,54.7879],[-4.1388,54.7759],[-4.1388,54.7759],[-4.1597,54.7803],[-4.1608,54.781],[-4.1798,54.7999],[-4.1805,54.8086],[-4.2092,54.8136],[-4.2132,54.8181],[-4.213,54.8186],[-4.2135,54.8185],[-4.2196,54.8254],[-4.2125,54.8369],[-4.2247,54.8397],[-4.2233,54.849],[-4.2028,54.8678],[-4.2269,54.8654],[-4.2574,54.8373],[-4.2741,54.8393],[-4.3063,54.8445],[-4.3627,54.8632],[-4.3833,54.8777],[-4.3917,54.8983],[-4.3817,54.9006],[-4.3938,54.899],[-4.3969,54.911],[-4.3991,54.9196],[-4.3992,54.9145],[-4.4004,54.911],[-4.4047,54.8988],[-4.3963,54.8938],[-4.4283,54.8841],[-4.432,54.8758],[-4.4212,54.8719],[-4.4223,54.864],[-4.4141,54.828],[-4.3545,54.8134],[-4.3413,54.7991],[-4.3466,54.7906],[-4.3694,54.7929],[-4.3602,54.7776],[-4.3711,54.772],[-4.3605,54.7688],[-4.365,54.741],[-4.3646,54.7314],[-4.3671,54.7226],[-4.3497,54.7087],[-4.393,54.6774],[-4.4841,54.6998],[-4.4844,54.7],[-4.5106,54.7103],[-4.5279,54.7204],[-4.5347,54.7198],[-4.5432,54.7231],[-4.5437,54.7239],[-4.5443,54.7283],[-4.5451,54.7332],[-4.5717,54.7382],[-4.6007,54.7769],[-4.6712,54.7998],[-4.7087,54.8239],[-4.7772,54.8319],[-4.785,54.8357],[-4.8056,54.8553],[-4.8178,54.867],[-4.8338,54.8634],[-4.8561,54.8703],[-4.8636,54.868],[-4.8751,54.866],[-4.8787,54.8699],[-4.8855,54.8645],[-4.8773,54.8656],[-4.8741,54.8648],[-4.8662,54.8672],[-4.8582,54.8683],[-4.8509,54.8584],[-4.9361,54.8326],[-4.9611,54.8041],[-4.9175,54.7432],[-4.911,54.72],[-4.9057,54.7011],[-4.8668,54.6819],[-4.8837,54.6536],[-4.8772,54.6392],[-4.8535,54.6373],[-4.8528,54.6372],[-4.8749,54.6333],[-4.9225,54.6434],[-4.9648,54.664],[-4.9726,54.6898],[-4.9722,54.6899],[-4.9478,54.7005],[-4.9669,54.7176],[-4.966,54.7187],[-4.9574,54.7285],[-4.9925,54.735],[-4.9925,54.7351],[-4.9867,54.7499],[-5.0006,54.754],[-5.0043,54.7552],[-5.0106,54.7834],[-5.0424,54.7922],[-5.0536,54.8099],[-5.1161,54.8404],[-5.1228,54.8437],[-5.1382,54.8513],[-5.169,54.8933],[-5.1851,54.9152],[-5.1777,54.9669],[-5.1805,54.9694],[-5.1786,54.9867],[-5.173,54.9954],[-5.1571,55.0086],[-5.1379,55.007],[-5.1292,55.0096],[-5.1,55.0183],[-5.0613,54.9678],[-5.0751,54.9635],[-5.0727,54.9565],[-5.0705,54.936],[-5.0639,54.9311],[-5.0616,54.9245],[-5.0303,54.9062],[-4.9974,54.9123],[-4.9968,54.9223],[-4.9921,54.9262],[-4.9962,54.9322],[-4.9959,54.9362],[-5.0397,54.9977],[-4.9732,55.0115],[-4.9781,55.0221],[-4.9606,55.0215],[-4.9308,55.0514],[-4.9334,55.0644],[-4.923,55.0662],[-4.8947,55.0609],[-4.8846,55.0389],[-4.8411,55.0447],[-4.8306,55.0346],[-4.8024,55.0444],[-4.7892,55.0311],[-4.776,55.0418],[-4.7611,55.038],[-4.7415,55.0473],[-4.7152,55.0375],[-4.6467,55.0564],[-4.6458,55.0488],[-4.6347,55.051],[-4.6252,55.0684],[-4.6621,55.0897],[-4.6583,55.1199],[-4.6232,55.1408],[-4.584,55.142],[-4.565,55.158],[-4.4786,55.1529],[-4.4618,55.1702],[-4.4429,55.1688],[-4.4409,55.1397],[-4.4308,55.1395],[-4.4094,55.1518],[-4.4093,55.1792],[-4.3922,55.2024],[-4.3774,55.2015],[-4.3602,55.258],[-4.3129,55.2915],[-4.3013,55.3104],[-4.2577,55.3053],[-4.2395,55.3214],[-4.2029,55.3182],[-4.1716,55.2943],[-4.1393,55.2846],[-4.1136,55.3023],[-4.1191,55.3223],[-4.0857,55.3513],[-4.1075,55.369],[-4.0908,55.4121],[-4.0027,55.4366],[-4.0171,55.4471],[-3.9862,55.4641]]]]}},{"type":"Feature","properties":{"name":"East Ayrshire","slug":"east-ayrshire","code":"S12000008"},"geometry":{"type":"Polygon","coordinates":[[[-4.2469,55.679],[-4.217,55.6472],[-4.2216,55.6351],[-4.2019,55.6269],[-4.2053,55.6149],[-4.175,55.6048],[-4.1947,55.6007],[-4.2025,55.583],[-4.2426,55.5621],[-4.2282,55.5601],[-4.2247,55.5505],[-4.1477,55.5727],[-4.1263,55.5657],[-4.0816,55.5676],[-4.0396,55.5924],[-3.997,55.5635],[-3.9764,55.5647],[-3.9724,55.5564],[-3.957,55.5558],[-3.9587,55.5408],[-4.0257,55.4925],[-4.0116,55.4829],[-4.0168,55.473],[-3.9862,55.4641],[-4.0171,55.4471],[-4.0027,55.4366],[-4.0908,55.4121],[-4.1075,55.369],[-4.0857,55.3513],[-4.1191,55.3223],[-4.1136,55.3023],[-4.1393,55.2846],[-4.1716,55.2943],[-4.2029,55.3182],[-4.2395,55.3214],[-4.2577,55.3053],[-4.3013,55.3104],[-4.3129,55.2915],[-4.3602,55.258],[-4.3774,55.2015],[-4.3922,55.2024],[-4.4093,55.1792],[-4.4094,55.1518],[-4.4308,55.1395],[-4.4409,55.1397],[-4.4429,55.1688],[-4.4618,55.1702],[-4.4766,55.1991],[-4.4518,55.2113],[-4.4502,55.2374],[-4.4291,55.254],[-4.4586,55.2852],[-4.438,55.3078],[-4.4659,55.3152],[-4.4741,55.3252],[-4.4956,55.3241],[-4.5288,55.3497],[-4.5646,55.3575],[-4.5198,55.3836],[-4.5284,55.3919],[-4.5444,55.3961],[-4.5634,55.3864],[-4.5875,55.3968],[-4.6035,55.395],[-4.5711,55.4044],[-4.565,55.4263],[-4.5351,55.4238],[-4.5278,55.4091],[-4.5019,55.3991],[-4.4504,55.4119],[-4.4544,55.4308],[-4.4713,55.429],[-4.4933,55.4384],[-4.4749,55.4483],[-4.481,55.4579],[-4.4935,55.4573],[-4.4935,55.4702],[-4.4719,55.4859],[-4.459,55.4836],[-4.4405,55.4938],[-4.4396,55.5044],[-4.4161,55.5008],[-4.4187,55.5066],[-4.3991,55.5108],[-4.4095,55.5533],[-4.4362,55.5609],[-4.4371,55.5679],[-4.4545,55.562],[-4.5182,55.5654],[-4.5169,55.5714],[-4.5387,55.5751],[-4.5361,55.5917],[-4.5685,55.5929],[-4.5683,55.6019],[-4.5922,55.5979],[-4.5793,55.6037],[-4.5884,55.6182],[-4.5587,55.6252],[-4.5696,55.6326],[-4.5572,55.6467],[-4.4962,55.6565],[-4.4926,55.6651],[-4.5308,55.6595],[-4.5465,55.667],[-4.5719,55.6484],[-4.5936,55.6442],[-4.6038,55.6473],[-4.5968,55.6551],[-4.6383,55.6725],[-4.6107,55.6765],[-4.5792,55.7123],[-4.5299,55.7446],[-4.5071,55.7631],[-4.4934,55.7626],[-4.4858,55.7497],[-4.4584,55.7509],[-4.4685,55.7325],[-4.439,55.735],[-4.4006,55.7136],[-4.3845,55.723],[-4.3532,55.6974],[-4.3334,55.7003],[-4.3249,55.6883],[-4.2469,55.679]]]}},{"type":"Feature","properties":{"name":"East Lothian","slug":"east-lothian","code":"S12000010"},"geometry":{"type":"Polygon","coordinates":[[[-2.3654,55.9454],[-2.4668,55.8844],[-2.5047,55.9119],[-2.5544,55.9115],[-2.5627,55.9066],[-2.5545,55.9001],[-2.57,55.8921],[-2.5335,55.8713],[-2.5345,55.8609],[-2.5549,55.8391],[-2.5813,55.8455],[-2.5942,55.8287],[-2.6484,55.8336],[-2.6432,55.8409],[-2.6693,55.8465],[-2.7399,55.8282],[-2.7772,55.8443],[-2.8462,55.819],[-2.8622,55.8399],[-2.899,55.8508],[-2.8945,55.8593],[-2.9135,55.8566],[-2.9372,55.8635],[-2.9669,55.9118],[-2.9888,55.9128],[-3.0177,55.9016],[-3.0778,55.9194],[-3.0886,55.9314],[-3.077,55.9468],[-3.0496,55.9491],[-3.0527,55.9429],[-3.0429,55.9537],[-3.014,55.953],[-3.0121,55.9527],[-3.0116,55.9529],[-3.0101,55.9529],[-3.0016,55.9567],[-2.964,55.9709],[-2.9629,55.971],[-2.9153,55.9752],[-2.8861,55.9951],[-2.8906,56.0097],[-2.8908,56.0102],[-2.8423,56.015],[-2.8641,56.0231],[-2.8659,56.0376],[-2.8384,56.0412],[-2.8159,56.0624],[-2.7865,56.0657],[-2.7571,56.0589],[-2.6606,56.0593],[-2.6376,56.0538],[-2.6204,56.048],[-2.6139,56.033],[-2.5818,56.0232],[-2.5908,56.0166],[-2.5866,56.0115],[-2.5829,56.0071],[-2.588,56.0115],[-2.5916,56.0147],[-2.5929,56.0115],[-2.5956,56.0046],[-2.6052,56.0073],[-2.6124,56.0067],[-2.6239,55.9968],[-2.6074,56.0061],[-2.6042,56.0057],[-2.5988,55.9977],[-2.5811,55.998],[-2.5754,56.0116],[-2.575,56.0124],[-2.5739,56.0116],[-2.5531,55.9964],[-2.5423,56.0052],[-2.5121,56.0064],[-2.5079,55.9993],[-2.473,55.993],[-2.4631,55.9892],[-2.455,55.9897],[-2.4453,55.9879],[-2.4195,55.9706],[-2.4081,55.9714],[-2.3997,55.9668],[-2.3935,55.9565],[-2.3667,55.946],[-2.3654,55.9454]]]}},{"type":"Feature","properties":{"name":"East Renfrewshire","slug":"east-renfrewshire","code":"S12000011"},"geometry":{"type":"Polygon","coordinates":[[[-4.2507,55.7849],[-4.2534,55.7727],[-4.2826,55.7683],[-4.275,55.7543],[-4.2231,55.7276],[-4.2216,55.6915],[-4.2469,55.679],[-4.3249,55.6883],[-4.3334,55.7003],[-4.3532,55.6974],[-4.3845,55.723],[-4.4006,55.7136],[-4.439,55.735],[-4.4685,55.7325],[-4.4584,55.7509],[-4.4858,55.7497],[-4.4934,55.7626],[-4.5071,55.7631],[-4.5299,55.7446],[-4.5509,55.7664],[-4.5419,55.7785],[-4.522,55.7744],[-4.4957,55.7907],[-4.4951,55.8014],[-4.4727,55.7978],[-4.4658,55.8047],[-4.4006,55.8109],[-4.3814,55.8231],[-4.3675,55.8177],[-4.3721,55.7948],[-4.3334,55.7929],[-4.3262,55.8084],[-4.2926,55.8139],[-4.2607,55.811],[-4.2682,55.7916],[-4.2507,55.7849]]]}},{"type":"Feature","properties":{"name":"Na h-Eileanan Siar","slug":"na-h-eileanan-siar","code":"S12000013"},"geometry":{"type":"MultiPolygon","coordinates":[[[[-7.612,56.784],[-7.637,56.7782],[-7.6534,56.7831],[-7.6607,56.7853],[-7.6595,56.7856],[-7.6431,56.7896],[-7.6164,56.7848],[-7.612,56.784]]],[[[-7.6221,56.8025],[-7.6416,56.7964],[-7.6663,56.7997],[-7.6485,56.8125],[-7.6482,56.8126],[-7.6591,56.8221],[-7.6241,56.8293],[-7.6233,56.8198],[-7.6221,56.8025]]],[[[-7.5613,56.854],[-7.5687,56.8474],[-7.5792,56.8481],[-7.5981,56.8493],[-7.5935,56.8596],[-7.5811,56.8607],[-7.5772,56.861],[-7.5764,56.8608],[-7.5613,56.854]]],[[[-7.499,56.884],[-7.5068,56.8826],[-7.5266,56.8872],[-7.5378,56.8961],[-7.5393,56.8983],[-7.5269,56.9023],[-7.5246,56.902],[-7.4985,56.8976],[-7.4975,56.8964],[-7.499,56.884]]],[[[-7.4418,56.919],[-7.4455,56.9119],[-7.4512,56.9201],[-7.4432,56.9218],[-7.4406,56.9222],[-7.4418,56.919]]],[[[-7.4069,56.9882],[-7.4068,56.9879],[-7.4185,56.991],[-7.4069,56.9882]]],[[[-7.3468,56.9948],[-7.3577,56.9941],[-7.3507,56.9994],[-7.3506,56.9995],[-7.3502,56.9993],[-7.3468,56.9948]]],[[[-7.3658,57.0004],[-7.3618,56.9919],[-7.3771,57.0002],[-7.368,57.0005],[-7.3658,57.0004]]],[[[-7.3502,57.0187],[-7.3363,57.0105],[-7.3313,57.0139],[-7.3301,57.0135],[-7.3299,57.0062],[-7.3622,57.0122],[-7.3604,57.0134],[-7.3502,57.0187]]],[[[-7.3246,57.0259],[-7.3242,57.0156],[-7.3345,57.0175],[-7.3441,57.0207],[-7.3355,57.0231],[-7.3246,57.0259]]],[[[-7.5425,56.9394],[-7.5424,56.9394],[-7.4986,56.9324],[-7.5151,56.9335],[-7.5177,56.9338],[-7.5343,56.9217],[-7.5034,56.9217],[-7.5038,56.9173],[-7.5039,56.9169],[-7.5492,56.9092],[-7.5616,56.9219],[-7.5596,56.9219],[-7.5453,56.9207],[-7.5419,56.9268],[-7.5466,56.9278],[-7.5466,56.9285],[-7.5579,56.9303],[-7.5731,56.9336],[-7.5612,56.9424],[-7.5654,56.9448],[-7.57,56.9478],[-7.5678,56.9477],[-7.5679,56.9477],[-7.5343,56.9462],[-7.5319,56.9473],[-7.5616,56.956],[-7.5582,56.9635],[-7.5547,56.9684],[-7.5194,56.9739],[-7.5142,56.9796],[-7.5139,56.9797],[-7.5141,56.9797],[-7.513,56.9808],[-7.5246,56.9858],[-7.5261,56.9867],[-7.5181,56.988],[-7.5141,56.9881],[-7.5144,56.9886],[-7.5112,56.9891],[-7.5152,56.9983],[-7.5013,57.0036],[-7.5287,57.0131],[-7.5286,57.0131],[-7.4846,57.0144],[-7.466,57.021],[-7.4623,57.0214],[-7.462,57.0224],[-7.457,57.0241],[-7.4542,57.0457],[-7.4502,57.0576],[-7.4196,57.0418],[-7.446,57.0198],[-7.4071,57.0065],[-7.4248,57.0111],[-7.4292,57.0124],[-7.428,57.012],[-7.4286,57.0121],[-7.4078,57.0034],[-7.4303,57.0019],[-7.4107,56.995],[-7.4015,57.0],[-7.379,56.9901],[-7.3785,56.9803],[-7.4054,56.9875],[-7.4102,56.9939],[-7.422,56.9918],[-7.4211,56.9916],[-7.4059,56.9812],[-7.4056,56.9795],[-7.4226,56.9759],[-7.4228,56.9758],[-7.4228,56.9758],[-7.4229,56.9758],[-7.4229,56.9757],[-7.4235,56.9733],[-7.4271,56.9612],[-7.4335,56.9613],[-7.4406,56.9625],[-7.4402,56.9613],[-7.4425,56.9614],[-7.436,56.9486],[-7.4821,56.9462],[-7.482,56.952],[-7.4818,56.9541],[-7.5013,56.9507],[-7.5016,56.9512],[-7.5047,56.9577],[-7.5046,56.957],[-7.5052,56.958],[-7.5039,56.9465],[-7.5171,56.9469],[-7.5313,56.9474],[-7.5425,56.9394]]],[[[-7.3722,57.0517],[-7.3953,57.0429],[-7.3984,57.045],[-7.4009,57.05],[-7.3899,57.0619],[-7.3894,57.0622],[-7.3713,57.052],[-7.3722,57.0517]]],[[[-7.4353,57.0652],[-7.4505,57.0635],[-7.4464,57.0664],[-7.4427,57.0685],[-7.4361,57.0657],[-7.4353,57.0652]]],[[[-7.3101,57.0895],[-7.3014,57.087],[-7.2687,57.0909],[-7.2778,57.0678],[-7.2818,57.0677],[-7.2994,57.0671],[-7.2988,57.067],[-7.2991,57.067],[-7.2915,57.0653],[-7.2811,57.0629],[-7.2778,57.0621],[-7.2807,57.0602],[-7.2913,57.0532],[-7.2923,57.0525],[-7.3099,57.0613],[-7.3118,57.0899],[-7.3084,57.09],[-7.3101,57.0895]]],[[[-7.2569,57.3436],[-7.2573,57.3434],[-7.2572,57.3436],[-7.2569,57.3436]]],[[[-7.2581,57.3489],[-7.2587,57.3488],[-7.2645,57.3493],[-7.2646,57.3493],[-7.2581,57.3489]]],[[[-7.1898,57.41],[-7.197,57.4016],[-7.1897,57.4034],[-7.1895,57.3955],[-7.203,57.3925],[-7.2189,57.3902],[-7.2164,57.3895],[-7.2193,57.3889],[-7.2315,57.3909],[-7.2337,57.3915],[-7.2331,57.3923],[-7.2177,57.4051],[-7.1899,57.4107],[-7.1898,57.41]]],[[[-7.3258,57.4056],[-7.3295,57.3987],[-7.3322,57.3936],[-7.3287,57.3932],[-7.3183,57.3922],[-7.3191,57.3826],[-7.288,57.3841],[-7.2782,57.3814],[-7.2679,57.3752],[-7.2672,57.3738],[-7.2839,57.3732],[-7.2773,57.3777],[-7.2872,57.3799],[-7.311,57.3722],[-7.2937,57.3707],[-7.2758,57.3675],[-7.2461,57.3553],[-7.241,57.3527],[-7.2419,57.3499],[-7.2703,57.3498],[-7.2736,57.3501],[-7.2701,57.3447],[-7.2646,57.3442],[-7.261,57.3418],[-7.2542,57.3434],[-7.2339,57.3417],[-7.2207,57.349],[-7.2208,57.3489],[-7.2275,57.3399],[-7.2363,57.341],[-7.2308,57.3357],[-7.265,57.3329],[-7.264,57.3294],[-7.2637,57.3281],[-7.2757,57.3316],[-7.294,57.3371],[-7.2934,57.3368],[-7.2947,57.3371],[-7.2719,57.323],[-7.2473,57.3236],[-7.2456,57.3226],[-7.2454,57.3236],[-7.2366,57.3238],[-7.228,57.3239],[-7.2205,57.3008],[-7.1987,57.3064],[-7.1921,57.2986],[-7.2016,57.2834],[-7.2033,57.2809],[-7.2095,57.2812],[-7.2271,57.2822],[-7.2531,57.2604],[-7.253,57.2602],[-7.253,57.2602],[-7.2521,57.2593],[-7.2427,57.2488],[-7.2669,57.2249],[-7.2676,57.2241],[-7.2776,57.2245],[-7.3028,57.2256],[-7.3014,57.233],[-7.301,57.2339],[-7.2982,57.2329],[-7.2875,57.2279],[-7.2914,57.2305],[-7.2832,57.2275],[-7.3018,57.2374],[-7.3023,57.2377],[-7.3023,57.2376],[-7.306,57.2396],[-7.3063,57.2388],[-7.3073,57.2366],[-7.3341,57.2307],[-7.3354,57.2306],[-7.3453,57.2433],[-7.3458,57.2402],[-7.3486,57.2429],[-7.348,57.2373],[-7.363,57.2458],[-7.3589,57.2396],[-7.3636,57.2437],[-7.3555,57.2344],[-7.3495,57.2254],[-7.3184,57.2233],[-7.3201,57.2243],[-7.3092,57.2296],[-7.3086,57.2297],[-7.3037,57.221],[-7.3007,57.2156],[-7.2999,57.2156],[-7.2998,57.2154],[-7.2676,57.2108],[-7.2618,57.2073],[-7.2634,57.2021],[-7.267,57.1933],[-7.2648,57.192],[-7.2448,57.1643],[-7.2446,57.1637],[-7.2446,57.1636],[-7.2646,57.1519],[-7.2735,57.1509],[-7.3086,57.1601],[-7.3086,57.1592],[-7.3212,57.1641],[-7.3104,57.1582],[-7.3086,57.1572],[-7.3085,57.151],[-7.2906,57.1474],[-7.2904,57.1473],[-7.2932,57.1477],[-7.3211,57.1515],[-7.3274,57.1575],[-7.3309,57.1607],[-7.3449,57.1567],[-7.3557,57.1537],[-7.3559,57.1537],[-7.3558,57.1536],[-7.356,57.1536],[-7.3346,57.1368],[-7.3348,57.1366],[-7.3344,57.1366],[-7.3335,57.1359],[-7.2923,57.1416],[-7.2849,57.1426],[-7.2558,57.1377],[-7.2463,57.1358],[-7.2439,57.1188],[-7.2412,57.1207],[-7.2409,57.1196],[-7.2344,57.1252],[-7.2327,57.1264],[-7.2119,57.1174],[-7.2155,57.1106],[-7.23,57.1117],[-7.2187,57.1106],[-7.2339,57.1041],[-7.2293,57.0959],[-7.2336,57.0968],[-7.2797,57.1081],[-7.2835,57.1072],[-7.2875,57.108],[-7.3015,57.1109],[-7.3176,57.0989],[-7.3206,57.1052],[-7.3735,57.1039],[-7.3924,57.1135],[-7.3996,57.1263],[-7.3998,57.1276],[-7.4004,57.1277],[-7.4057,57.137],[-7.4047,57.1376],[-7.4069,57.1393],[-7.4126,57.1493],[-7.4133,57.1538],[-7.4136,57.1551],[-7.409,57.1604],[-7.4163,57.1722],[-7.4233,57.2166],[-7.4355,57.2364],[-7.4582,57.2409],[-7.429,57.2471],[-7.4283,57.2505],[-7.4281,57.2506],[-7.426,57.2617],[-7.4205,57.2886],[-7.3968,57.3017],[-7.3884,57.2976],[-7.3997,57.3076],[-7.4017,57.3322],[-7.4024,57.3468],[-7.4028,57.3473],[-7.4037,57.3579],[-7.4295,57.388],[-7.4287,57.3883],[-7.4124,57.3872],[-7.4042,57.395],[-7.392,57.3983],[-7.378,57.3953],[-7.3848,57.3923],[-7.3409,57.4026],[-7.3297,57.3993],[-7.3296,57.3995],[-7.3258,57.4056],[-7.3258,57.4056]]],[[[-7.22,57.412],[-7.2319,57.4112],[-7.2327,57.4114],[-7.224,57.4136],[-7.2212,57.4136],[-7.22,57.412]]],[[[-7.1912,57.476],[-7.1909,57.4757],[-7.1923,57.4761],[-7.1912,57.476]]],[[[-7.3366,57.4801],[-7.3091,57.4792],[-7.3005,57.4849],[-7.2918,57.4845],[-7.2865,57.4833],[-7.2901,57.4813],[-7.2946,57.4807],[-7.2912,57.4806],[-7.2962,57.4777],[-7.259,57.4783],[-7.2627,57.4722],[-7.2824,57.4733],[-7.2668,57.4632],[-7.2561,57.4668],[-7.2475,57.4604],[-7.2509,57.4731],[-7.2467,57.475],[-7.2428,57.4735],[-7.2421,57.4717],[-7.2485,57.4715],[-7.2436,57.4647],[-7.2401,57.4662],[-7.2396,57.4648],[-7.2382,57.467],[-7.2293,57.4706],[-7.2067,57.4612],[-7.2332,57.4607],[-7.2355,57.4614],[-7.2359,57.4607],[-7.2447,57.4605],[-7.2415,57.4509],[-7.2184,57.4462],[-7.2239,57.4463],[-7.2427,57.4471],[-7.243,57.4473],[-7.2517,57.4593],[-7.247,57.4512],[-7.25,57.454],[-7.2502,57.4445],[-7.2552,57.4435],[-7.2649,57.4509],[-7.2647,57.4492],[-7.2706,57.4528],[-7.2677,57.4457],[-7.2786,57.447],[-7.2645,57.4399],[-7.2701,57.4394],[-7.2754,57.4389],[-7.2752,57.4389],[-7.2836,57.4381],[-7.2477,57.4293],[-7.2347,57.4301],[-7.2327,57.4297],[-7.2338,57.4302],[-7.2217,57.431],[-7.2449,57.4379],[-7.216,57.4363],[-7.2047,57.4294],[-7.202,57.4243],[-7.2242,57.4266],[-7.2062,57.4156],[-7.2105,57.4153],[-7.2352,57.4137],[-7.2333,57.4136],[-7.2542,57.4121],[-7.238,57.4017],[-7.2708,57.4088],[-7.272,57.4092],[-7.2719,57.4091],[-7.3139,57.4181],[-7.3122,57.4175],[-7.3137,57.4179],[-7.3121,57.4175],[-7.2911,57.4099],[-7.2629,57.399],[-7.2916,57.4098],[-7.3099,57.4057],[-7.3044,57.3988],[-7.3317,57.4143],[-7.3444,57.4214],[-7.3768,57.4221],[-7.3926,57.4241],[-7.3956,57.432],[-7.3939,57.4335],[-7.3971,57.4361],[-7.405,57.457],[-7.4023,57.4597],[-7.4064,57.4606],[-7.41,57.4703],[-7.379,57.4747],[-7.3679,57.4919],[-7.3642,57.4926],[-7.3502,57.494],[-7.3476,57.4839],[-7.3419,57.4841],[-7.3299,57.4844],[-7.3366,57.4801]]],[[[-7.144,57.5006],[-7.1519,57.4962],[-7.1551,57.4968],[-7.158,57.5033],[-7.1571,57.5032],[-7.1436,57.5009],[-7.144,57.5006]]],[[[-7.1691,57.5021],[-7.1606,57.4947],[-7.1602,57.4943],[-7.1658,57.4917],[-7.1706,57.4919],[-7.1684,57.4905],[-7.1753,57.4874],[-7.158,57.4837],[-7.1742,57.4813],[-7.1703,57.4754],[-7.1794,57.4693],[-7.1806,57.4689],[-7.1917,57.478],[-7.189,57.4841],[-7.2055,57.4893],[-7.2072,57.4907],[-7.2043,57.4977],[-7.2041,57.4982],[-7.1801,57.4919],[-7.1773,57.4911],[-7.1784,57.4915],[-7.177,57.4911],[-7.1921,57.5009],[-7.1869,57.5024],[-7.1691,57.5021]]],[[[-7.2479,57.5018],[-7.238,57.4967],[-7.2203,57.4987],[-7.2184,57.4957],[-7.222,57.4888],[-7.2089,57.4804],[-7.2062,57.476],[-7.2303,57.4794],[-7.2303,57.4842],[-7.2319,57.4834],[-7.2327,57.4855],[-7.2454,57.4788],[-7.246,57.4789],[-7.2729,57.4966],[-7.2912,57.4908],[-7.2634,57.5025],[-7.2628,57.5024],[-7.2629,57.5024],[-7.2627,57.5024],[-7.2509,57.4999],[-7.2528,57.5031],[-7.2381,57.5042],[-7.2322,57.5038],[-7.2479,57.5018]]],[[[-7.6207,57.5121],[-7.6239,57.5105],[-7.6239,57.5112],[-7.6207,57.5121]]],[[[-7.6043,57.5199],[-7.6046,57.5198],[-7.605,57.5199],[-7.6045,57.5201],[-7.6043,57.5199]]],[[[-7.6865,57.5288],[-7.6868,57.527],[-7.6892,57.5281],[-7.6865,57.5288]]],[[[-7.6067,57.5188],[-7.6205,57.5122],[-7.6231,57.5196],[-7.6225,57.5267],[-7.6219,57.527],[-7.6066,57.5332],[-7.6059,57.533],[-7.6026,57.5231],[-7.6067,57.5188]]],[[[-7.6865,57.5295],[-7.6878,57.5295],[-7.6878,57.5299],[-7.6865,57.5295]]],[[[-7.6832,57.5293],[-7.6866,57.5289],[-7.6837,57.5302],[-7.6833,57.5298],[-7.6832,57.5293]]],[[[-7.6914,57.5309],[-7.6912,57.5234],[-7.6986,57.5269],[-7.6914,57.5309]]],[[[-7.6834,57.5306],[-7.6869,57.5301],[-7.6837,57.5316],[-7.6835,57.5315],[-7.6834,57.5306]]],[[[-7.6836,57.532],[-7.6847,57.5319],[-7.6837,57.5324],[-7.6836,57.532]]],[[[-7.6401,57.5248],[-7.6779,57.5204],[-7.646,57.5352],[-7.6455,57.5349],[-7.6401,57.5248]]],[[[-7.7226,57.5366],[-7.7215,57.5355],[-7.7228,57.5358],[-7.7226,57.5366]]],[[[-7.7322,57.5416],[-7.7309,57.5402],[-7.7327,57.5409],[-7.7322,57.5416]]],[[[-7.429,57.5652],[-7.4023,57.5531],[-7.4265,57.5532],[-7.4376,57.5639],[-7.4338,57.5696],[-7.429,57.5652]]],[[[-7.1676,57.6297],[-7.1594,57.6228],[-7.177,57.6283],[-7.1676,57.6297]]],[[[-7.1482,57.6525],[-7.147,57.6516],[-7.1511,57.6525],[-7.1505,57.6528],[-7.1482,57.6525]]],[[[-7.0504,57.6577],[-7.0473,57.6502],[-7.0478,57.6503],[-7.059,57.6541],[-7.0533,57.6612],[-7.0504,57.6577]]],[[[-7.116,57.6623],[-7.0936,57.6468],[-7.0807,57.6482],[-7.0644,57.6412],[-7.0631,57.6403],[-7.0925,57.6146],[-7.1003,57.6079],[-7.1325,57.6256],[-7.1292,57.6273],[-7.1138,57.6323],[-7.129,57.6275],[-7.1167,57.6342],[-7.1473,57.6284],[-7.1697,57.6339],[-7.1696,57.6343],[-7.1689,57.6342],[-7.1694,57.6346],[-7.1679,57.6377],[-7.1656,57.637],[-7.1651,57.6435],[-7.1649,57.6441],[-7.1721,57.6448],[-7.1657,57.6487],[-7.1765,57.6502],[-7.1529,57.6502],[-7.1553,57.6512],[-7.1351,57.6506],[-7.1347,57.6506],[-7.1378,57.6393],[-7.1,57.6488],[-7.1045,57.6506],[-7.0997,57.6509],[-7.1206,57.6596],[-7.116,57.6623]]],[[[-7.0947,57.6658],[-7.0912,57.6599],[-7.1025,57.6635],[-7.0987,57.666],[-7.0961,57.6674],[-7.0947,57.6658]]],[[[-7.3857,57.6597],[-7.3881,57.6578],[-7.3904,57.6587],[-7.3857,57.6597]]],[[[-7.0966,57.67],[-7.108,57.6692],[-7.1033,57.6736],[-7.0973,57.6705],[-7.0966,57.67]]],[[[-7.2879,57.6679],[-7.2837,57.6549],[-7.3098,57.661],[-7.3064,57.6628],[-7.2879,57.6679]]],[[[-7.3761,57.6678],[-7.392,57.6589],[-7.3884,57.6576],[-7.3933,57.6537],[-7.3984,57.6597],[-7.4136,57.6555],[-7.4373,57.6603],[-7.4394,57.6612],[-7.4239,57.6644],[-7.3827,57.6685],[-7.3761,57.6678]]],[[[-7.0333,57.7069],[-7.0248,57.6998],[-7.025,57.6999],[-7.0381,57.7038],[-7.0409,57.7046],[-7.0384,57.7053],[-7.0333,57.7069]]],[[[-7.7208,57.688],[-7.7153,57.6869],[-7.7182,57.6869],[-7.7208,57.688]]],[[[-7.7176,57.6889],[-7.7143,57.6875],[-7.7171,57.6878],[-7.7176,57.6889]]],[[[-7.715,57.6893],[-7.7137,57.6882],[-7.7162,57.6892],[-7.715,57.6893]]],[[[-7.7126,57.69],[-7.7121,57.6889],[-7.7136,57.6897],[-7.7126,57.69]]],[[[-7.7119,57.6907],[-7.7113,57.69],[-7.7122,57.6901],[-7.7119,57.6907]]],[[[-7.2752,57.7154],[-7.2797,57.7],[-7.2993,57.7072],[-7.2931,57.7193],[-7.2923,57.7195],[-7.2752,57.7154]]],[[[-7.6822,57.7035],[-7.6895,57.6978],[-7.6917,57.6999],[-7.6822,57.7035]]],[[[-7.2158,57.6391],[-7.2191,57.6389],[-7.2187,57.6388],[-7.2189,57.6388],[-7.189,57.6311],[-7.2043,57.6217],[-7.1993,57.6207],[-7.2001,57.6201],[-7.198,57.6205],[-7.1837,57.6178],[-7.191,57.6146],[-7.1528,57.613],[-7.1528,57.613],[-7.1825,57.6115],[-7.1537,57.6085],[-7.163,57.6018],[-7.155,57.597],[-7.1726,57.6041],[-7.1642,57.5969],[-7.1817,57.5969],[-7.1649,57.5952],[-7.1711,57.5944],[-7.1869,57.5931],[-7.1774,57.5936],[-7.1822,57.593],[-7.1696,57.594],[-7.1572,57.5946],[-7.1631,57.5876],[-7.1515,57.5862],[-7.1019,57.5935],[-7.1103,57.5784],[-7.1177,57.5662],[-7.1528,57.5587],[-7.1693,57.5621],[-7.1739,57.5654],[-7.1874,57.5662],[-7.1806,57.5588],[-7.2017,57.5616],[-7.2029,57.5618],[-7.203,57.5617],[-7.2224,57.5643],[-7.2129,57.5603],[-7.2575,57.5538],[-7.2591,57.5537],[-7.2591,57.5537],[-7.2671,57.5593],[-7.2491,57.5581],[-7.2496,57.5592],[-7.2485,57.5591],[-7.2545,57.5706],[-7.2545,57.5699],[-7.2563,57.574],[-7.255,57.5679],[-7.2557,57.5678],[-7.2548,57.5671],[-7.2542,57.5641],[-7.2886,57.5631],[-7.2883,57.5629],[-7.2891,57.5629],[-7.2834,57.5603],[-7.2725,57.5547],[-7.2725,57.5547],[-7.2901,57.563],[-7.2982,57.568],[-7.2933,57.5602],[-7.3065,57.5541],[-7.2843,57.5456],[-7.2846,57.5526],[-7.1964,57.5489],[-7.1657,57.5474],[-7.1657,57.5546],[-7.1351,57.554],[-7.1439,57.5251],[-7.1465,57.5164],[-7.1695,57.5133],[-7.1687,57.5132],[-7.1556,57.5111],[-7.1766,57.5084],[-7.2213,57.52],[-7.2229,57.5182],[-7.2242,57.5185],[-7.223,57.518],[-7.2256,57.515],[-7.2063,57.5086],[-7.2082,57.5089],[-7.229,57.5149],[-7.2331,57.5135],[-7.2362,57.5141],[-7.2341,57.5132],[-7.2392,57.5114],[-7.2269,57.5089],[-7.2459,57.507],[-7.2705,57.5158],[-7.2696,57.516],[-7.2716,57.5163],[-7.2716,57.5162],[-7.2723,57.5164],[-7.2716,57.5171],[-7.2737,57.5173],[-7.2725,57.5165],[-7.2761,57.5178],[-7.2758,57.5175],[-7.2763,57.5177],[-7.2758,57.5175],[-7.2632,57.5028],[-7.2773,57.516],[-7.2937,57.5124],[-7.3058,57.5183],[-7.3126,57.5217],[-7.3076,57.5183],[-7.2975,57.5113],[-7.3118,57.5086],[-7.3131,57.5084],[-7.3274,57.5126],[-7.323,57.5176],[-7.317,57.5245],[-7.3258,57.5353],[-7.3452,57.5419],[-7.344,57.5304],[-7.3485,57.5287],[-7.3584,57.5248],[-7.3496,57.5165],[-7.3479,57.5149],[-7.3546,57.5014],[-7.3589,57.4999],[-7.3732,57.5155],[-7.4043,57.5492],[-7.3865,57.5354],[-7.3822,57.546],[-7.3763,57.5423],[-7.367,57.5489],[-7.3725,57.5391],[-7.359,57.539],[-7.3503,57.5413],[-7.3442,57.5428],[-7.3513,57.5478],[-7.3554,57.5508],[-7.3518,57.5513],[-7.3411,57.553],[-7.3377,57.5472],[-7.3113,57.5542],[-7.3523,57.555],[-7.3628,57.5552],[-7.4418,57.5878],[-7.4297,57.5784],[-7.4436,57.5701],[-7.4836,57.568],[-7.4937,57.5828],[-7.483,57.5906],[-7.4975,57.5945],[-7.4909,57.5857],[-7.5043,57.5832],[-7.5481,57.605],[-7.5455,57.6062],[-7.534,57.6086],[-7.531,57.6026],[-7.5202,57.6048],[-7.5172,57.6121],[-7.5166,57.6123],[-7.517,57.6126],[-7.5143,57.6193],[-7.5264,57.6223],[-7.525,57.6227],[-7.5001,57.6272],[-7.501,57.6301],[-7.4991,57.6307],[-7.5035,57.6382],[-7.4885,57.6533],[-7.4882,57.6534],[-7.4886,57.6536],[-7.4887,57.6534],[-7.4946,57.6592],[-7.4924,57.66],[-7.4761,57.6613],[-7.4609,57.658],[-7.4494,57.6631],[-7.4402,57.6533],[-7.4224,57.6526],[-7.4198,57.6515],[-7.4093,57.6432],[-7.4168,57.6393],[-7.3829,57.6308],[-7.3695,57.6518],[-7.3768,57.6588],[-7.368,57.6611],[-7.3401,57.6685],[-7.3449,57.6807],[-7.3413,57.6823],[-7.3239,57.6869],[-7.3214,57.6911],[-7.3147,57.6941],[-7.3099,57.6874],[-7.3103,57.6865],[-7.3236,57.6826],[-7.3195,57.6725],[-7.3372,57.6581],[-7.2986,57.6539],[-7.2923,57.6517],[-7.2916,57.6412],[-7.2794,57.6473],[-7.2868,57.6525],[-7.2686,57.6475],[-7.2538,57.6526],[-7.2639,57.6559],[-7.2464,57.6533],[-7.2783,57.6639],[-7.2612,57.6678],[-7.2608,57.6677],[-7.2605,57.668],[-7.2438,57.6718],[-7.2237,57.6888],[-7.2208,57.6888],[-7.2079,57.683],[-7.1846,57.7016],[-7.1829,57.7026],[-7.1833,57.7027],[-7.1829,57.703],[-7.1836,57.7034],[-7.196,57.7104],[-7.1984,57.7042],[-7.2281,57.7072],[-7.1983,57.7339],[-7.1703,57.7383],[-7.1666,57.7386],[-7.1442,57.7294],[-7.1459,57.7266],[-7.1528,57.7173],[-7.1726,57.7193],[-7.1662,57.7115],[-7.1699,57.7089],[-7.1756,57.7098],[-7.1916,57.6933],[-7.195,57.6909],[-7.1562,57.6769],[-7.1589,57.6682],[-7.1645,57.6637],[-7.1738,57.6695],[-7.1724,57.6608],[-7.1846,57.6612],[-7.1674,57.6573],[-7.1916,57.6572],[-7.1926,57.6575],[-7.2139,57.6572],[-7.1925,57.6572],[-7.1889,57.6477],[-7.1731,57.6449],[-7.1866,57.6463],[-7.2046,57.6445],[-7.1933,57.6412],[-7.2158,57.6391]]],[[[-7.0799,57.7442],[-7.0623,57.7329],[-7.0933,57.7395],[-7.0933,57.7397],[-7.0879,57.7489],[-7.0799,57.7442]]],[[[-7.0758,57.7523],[-7.0756,57.7514],[-7.0982,57.7685],[-7.0952,57.7697],[-7.0823,57.7737],[-7.0758,57.7523]]],[[[-7.2003,57.7726],[-7.2228,57.7602],[-7.2413,57.7597],[-7.2659,57.7736],[-7.2654,57.774],[-7.2296,57.7854],[-7.2146,57.7848],[-7.2003,57.7726]]],[[[-7.2486,57.8003],[-7.2567,57.7975],[-7.2582,57.8047],[-7.2453,57.8017],[-7.2486,57.8003]]],[[[-6.7033,57.8793],[-6.6514,57.8708],[-6.6414,57.8565],[-6.671,57.8498],[-6.6714,57.8598],[-6.6804,57.8595],[-6.6819,57.8595],[-6.6818,57.8594],[-6.6831,57.8594],[-6.6778,57.8533],[-6.6882,57.8563],[-6.684,57.8623],[-6.6837,57.8624],[-6.6838,57.8625],[-6.6836,57.8628],[-6.6995,57.8712],[-6.6996,57.8708],[-6.6996,57.8708],[-6.704,57.8633],[-6.714,57.875],[-6.7013,57.8732],[-6.7016,57.8742],[-6.6924,57.8735],[-6.7033,57.8793]]],[[[-6.745,57.8715],[-6.7465,57.8711],[-6.7478,57.8792],[-6.7399,57.8742],[-6.745,57.8715]]],[[[-6.361,57.9043],[-6.3526,57.8801],[-6.3586,57.8949],[-6.3795,57.9019],[-6.3813,57.9026],[-6.3621,57.9045],[-6.361,57.9043]]],[[[-6.3356,57.908],[-6.3249,57.8983],[-6.3429,57.9019],[-6.3356,57.908]]],[[[-8.6154,57.828],[-8.5985,57.8198],[-8.5934,57.827],[-8.5652,57.8254],[-8.5583,57.8195],[-8.55,57.8124],[-8.5681,57.8108],[-8.5705,57.8106],[-8.5761,57.8003],[-8.5796,57.8013],[-8.5849,57.8067],[-8.6102,57.8093],[-8.6123,57.8167],[-8.6154,57.828]]],[[[-8.6248,57.8337],[-8.6313,57.8246],[-8.65,57.828],[-8.6248,57.8337]]],[[[-6.989,57.9079],[-6.9948,57.8931],[-6.9966,57.8931],[-7.0061,57.8844],[-7.0139,57.881],[-7.0155,57.8816],[-7.0348,57.8894],[-7.0482,57.8947],[-7.0511,57.8887],[-7.0542,57.882],[-7.0628,57.8795],[-7.0776,57.8752],[-7.0822,57.8855],[-7.0822,57.8855],[-7.0823,57.8855],[-7.0831,57.8874],[-7.086,57.8937],[-7.0775,57.8946],[-7.065,57.8957],[-7.0488,57.8972],[-7.0414,57.9124],[-7.0085,57.9217],[-6.9894,57.909],[-6.989,57.9079]]],[[[-8.4907,57.8768],[-8.4874,57.8637],[-8.4997,57.8669],[-8.4907,57.8768]]],[[[-6.4201,58.0054],[-6.4122,57.9979],[-6.4441,57.9978],[-6.4423,58.0051],[-6.4201,58.0054]]],[[[-7.0968,57.9917],[-7.0972,57.9912],[-7.0978,57.9916],[-7.0968,57.9917]]],[[[-6.7129,57.9942],[-6.7238,57.9855],[-6.7407,58.0013],[-6.7389,58.0021],[-6.7258,58.0079],[-6.7129,57.9942]]],[[[-7.0905,58.0033],[-7.0907,58.003],[-7.0908,58.003],[-7.0906,58.0033],[-7.0905,58.0033]]],[[[-7.1595,58.0145],[-7.1596,58.0145],[-7.1659,58.0204],[-7.1699,58.0268],[-7.1328,58.038],[-7.1075,58.0287],[-7.1054,58.0168],[-7.1036,58.0045],[-7.1329,58.0117],[-7.1534,58.0088],[-7.1583,58.0134],[-7.1595,58.0145]]],[[[-6.6091,58.0853],[-6.6095,58.0853],[-6.6092,58.0854],[-6.6092,58.0855],[-6.6092,58.0855],[-6.6091,58.0853]]],[[[-6.5949,58.0871],[-6.6029,58.0861],[-6.6027,58.0866],[-6.5949,58.0871]]],[[[-6.437,58.1024],[-6.4475,58.0995],[-6.4484,58.0998],[-6.4427,58.1041],[-6.4326,58.107],[-6.4315,58.1057],[-6.437,58.1024]]],[[[-7.1274,58.0857],[-7.1189,58.0733],[-7.1359,58.0752],[-7.1285,58.086],[-7.1274,58.0857]]],[[[-7.1142,58.1133],[-7.1152,58.1131],[-7.1147,58.1133],[-7.1142,58.1133]]],[[[-7.1163,58.1409],[-7.1168,58.1403],[-7.1177,58.1406],[-7.1163,58.1409]]],[[[-7.1146,58.1414],[-7.1161,58.1411],[-7.1154,58.1418],[-7.1146,58.1414]]],[[[-6.8839,58.1586],[-6.8844,58.1586],[-6.8847,58.1592],[-6.8839,58.1603],[-6.8839,58.1586]]],[[[-6.9229,58.195],[-6.9217,58.1895],[-6.9338,58.1927],[-6.9304,58.1935],[-6.9229,58.195]]],[[[-6.8945,58.2188],[-6.8854,58.2134],[-6.8856,58.2134],[-6.8856,58.2129],[-6.8852,58.2133],[-6.8771,58.2085],[-6.8776,58.2083],[-6.8873,58.2041],[-6.8945,58.2188]]],[[[-6.9362,58.2409],[-6.9357,58.2299],[-6.9357,58.2281],[-6.9512,58.2389],[-6.9427,58.24],[-6.9423,58.2399],[-6.9423,58.2401],[-6.9411,58.2403],[-6.9362,58.2409]]],[[[-6.8495,58.2568],[-6.8396,58.2379],[-6.8369,58.2321],[-6.8339,58.2393],[-6.8186,58.2286],[-6.8188,58.2299],[-6.8179,58.2293],[-6.8175,58.2357],[-6.7982,58.2195],[-6.7954,58.2199],[-6.7853,58.2189],[-6.7836,58.201],[-6.8043,58.2073],[-6.8672,58.2075],[-6.8756,58.2202],[-6.8589,58.2154],[-6.8537,58.2259],[-6.8718,58.2425],[-6.8719,58.2424],[-6.87,58.2392],[-6.8619,58.2235],[-6.8636,58.2242],[-6.877,58.2299],[-6.8771,58.2302],[-6.8872,58.255],[-6.8893,58.2602],[-6.8495,58.2568]]],[[[-6.8591,58.2605],[-6.8746,58.2599],[-6.8794,58.2604],[-6.8832,58.27],[-6.8591,58.2605]]],[[[-7.586,58.2727],[-7.5866,58.2722],[-7.5871,58.2722],[-7.586,58.2727]]],[[[-7.5865,58.2731],[-7.589,58.2718],[-7.5906,58.2718],[-7.5865,58.2731]]],[[[-7.5907,58.2729],[-7.5925,58.2725],[-7.5907,58.2734],[-7.5907,58.2729]]],[[[-7.5866,58.2735],[-7.5905,58.2724],[-7.589,58.2738],[-7.5866,58.2735]]],[[[-7.5896,58.2755],[-7.5931,58.2745],[-7.5916,58.2753],[-7.5896,58.2755]]],[[[-7.5857,58.2749],[-7.5909,58.2739],[-7.5873,58.2758],[-7.5857,58.2749]]],[[[-7.6504,58.2814],[-7.651,58.2813],[-7.6504,58.2816],[-7.6504,58.2814]]],[[[-7.652,58.2814],[-7.6535,58.281],[-7.6525,58.2816],[-7.652,58.2814]]],[[[-7.6546,58.2816],[-7.6556,58.2806],[-7.6559,58.2815],[-7.6546,58.2816]]],[[[-7.5691,58.2854],[-7.5705,58.2847],[-7.5707,58.2852],[-7.5691,58.2854]]],[[[-7.6493,58.2818],[-7.6497,58.2817],[-7.6493,58.282],[-7.6493,58.2818]]],[[[-7.6444,58.2823],[-7.6444,58.2805],[-7.6503,58.2803],[-7.6444,58.2823]]],[[[-7.5874,58.2821],[-7.5844,58.2851],[-7.5759,58.2846],[-7.5874,58.2821]]],[[[-7.6489,58.2823],[-7.6481,58.2821],[-7.6492,58.2822],[-7.6489,58.2823]]],[[[-7.6501,58.2828],[-7.6507,58.2828],[-7.6509,58.2829],[-7.6501,58.2828]]],[[[-7.5861,58.2854],[-7.5885,58.2845],[-7.5874,58.2857],[-7.5861,58.2854]]],[[[-7.6481,58.2831],[-7.6484,58.283],[-7.6485,58.2831],[-7.6481,58.2831]]],[[[-7.5593,58.2871],[-7.5594,58.2867],[-7.5604,58.2869],[-7.5593,58.2871]]],[[[-7.6452,58.2834],[-7.6463,58.2828],[-7.6465,58.2833],[-7.6452,58.2834]]],[[[-7.5853,58.2863],[-7.5855,58.2858],[-7.5874,58.286],[-7.5853,58.2863]]],[[[-7.65,58.2837],[-7.6496,58.2833],[-7.6513,58.2834],[-7.65,58.2837]]],[[[-7.6513,58.2837],[-7.6517,58.2835],[-7.6527,58.2835],[-7.6513,58.2837]]],[[[-6.1744,58.3411],[-6.175,58.341],[-6.1752,58.3411],[-6.1743,58.3412],[-6.1744,58.3411]]],[[[-7.65,58.2845],[-7.6504,58.2842],[-7.6504,58.2844],[-7.65,58.2845]]],[[[-7.6472,58.2854],[-7.6477,58.2831],[-7.6501,58.2841],[-7.6472,58.2854]]],[[[-7.5961,58.2882],[-7.5958,58.2873],[-7.5985,58.2878],[-7.5961,58.2882]]],[[[-7.5823,58.2892],[-7.5831,58.2889],[-7.5831,58.2893],[-7.5823,58.2892]]],[[[-7.5921,58.2897],[-7.5875,58.2861],[-7.5954,58.2874],[-7.5921,58.2897]]],[[[-6.7222,58.3285],[-6.722,58.3283],[-6.7225,58.3284],[-6.7222,58.3285]]],[[[-6.7229,58.3287],[-6.7229,58.3284],[-6.7243,58.3285],[-6.7229,58.3287]]],[[[-6.8286,58.2044],[-6.8262,58.2042],[-6.8183,58.2025],[-6.8183,58.2015],[-6.8175,58.2023],[-6.7902,58.1963],[-6.7827,58.1897],[-6.782,58.1897],[-6.7821,58.1878],[-6.781,58.1898],[-6.7715,58.1907],[-6.7661,58.1891],[-6.7589,58.1869],[-6.7497,58.1921],[-6.7341,58.1663],[-6.7327,58.1755],[-6.7155,58.1694],[-6.725,58.1822],[-6.7148,58.1836],[-6.7068,58.1841],[-6.7077,58.1845],[-6.7077,58.1845],[-6.7078,58.1846],[-6.7351,58.1979],[-6.7376,58.1911],[-6.7392,58.1916],[-6.7397,58.1959],[-6.7493,58.1951],[-6.76,58.1987],[-6.7606,58.1994],[-6.7587,58.2046],[-6.7509,58.2079],[-6.7367,58.2049],[-6.7399,58.2133],[-6.7467,58.2144],[-6.7736,58.2364],[-6.7742,58.2363],[-6.7758,58.2383],[-6.777,58.2361],[-6.7862,58.2353],[-6.789,58.2361],[-6.8013,58.2462],[-6.8011,58.2462],[-6.789,58.2485],[-6.7929,58.2492],[-6.7917,58.2496],[-6.8091,58.2533],[-6.8111,58.2579],[-6.8174,58.2721],[-6.7864,58.2789],[-6.7768,58.2804],[-6.7797,58.2804],[-6.7785,58.2807],[-6.7721,58.2821],[-6.7786,58.2819],[-6.8253,58.281],[-6.811,58.2886],[-6.7954,58.2967],[-6.8044,58.3044],[-6.7818,58.3052],[-6.7546,58.3062],[-6.7442,58.314],[-6.7104,58.3341],[-6.7063,58.3357],[-6.6954,58.3339],[-6.6891,58.3311],[-6.6868,58.3325],[-6.6866,58.3324],[-6.6862,58.3329],[-6.6525,58.3535],[-6.6509,58.3537],[-6.6461,58.3453],[-6.6477,58.3444],[-6.643,58.34],[-6.6457,58.3445],[-6.6407,58.3449],[-6.6393,58.3432],[-6.6328,58.3456],[-6.6176,58.3468],[-6.5824,58.3634],[-6.5471,58.3651],[-6.5192,58.3971],[-6.4971,58.3982],[-6.4549,58.4233],[-6.4359,58.4345],[-6.3729,58.4535],[-6.3547,58.459],[-6.3332,58.4786],[-6.3319,58.4787],[-6.3314,58.4785],[-6.3316,58.4787],[-6.3002,58.4804],[-6.2711,58.4993],[-6.278,58.5044],[-6.2778,58.5044],[-6.2777,58.505],[-6.2783,58.5047],[-6.2785,58.5048],[-6.2823,58.5095],[-6.2618,58.5158],[-6.2323,58.5045],[-6.233,58.5043],[-6.2316,58.5043],[-6.2223,58.5007],[-6.2225,58.5001],[-6.2268,58.4894],[-6.181,58.4669],[-6.1864,58.4598],[-6.1964,58.4468],[-6.1672,58.43],[-6.1682,58.4173],[-6.19,58.4083],[-6.2185,58.3682],[-6.1624,58.3426],[-6.1944,58.3395],[-6.196,58.3386],[-6.1985,58.3383],[-6.2138,58.3283],[-6.2331,58.3172],[-6.2339,58.3153],[-6.2467,58.3069],[-6.2424,58.2957],[-6.2439,58.2955],[-6.2766,58.294],[-6.2838,58.2876],[-6.2815,58.2868],[-6.2808,58.2768],[-6.2805,58.2716],[-6.281,58.2699],[-6.3187,58.27],[-6.3282,58.2595],[-6.3191,58.2445],[-6.3488,58.2295],[-6.346,58.2353],[-6.3639,58.2389],[-6.3615,58.2269],[-6.3807,58.2224],[-6.3576,58.2175],[-6.3346,58.2222],[-6.3432,58.2291],[-6.3136,58.2177],[-6.3037,58.211],[-6.2917,58.2093],[-6.2849,58.2067],[-6.2246,58.2273],[-6.2033,58.2474],[-6.1723,58.2514],[-6.1653,58.2575],[-6.1574,58.2637],[-6.1357,58.259],[-6.1652,58.2286],[-6.1537,58.2209],[-6.1538,58.2208],[-6.1789,58.2039],[-6.1792,58.2038],[-6.2081,58.199],[-6.2073,58.192],[-6.2074,58.189],[-6.2509,58.1796],[-6.251,58.1797],[-6.2885,58.2053],[-6.2894,58.2052],[-6.2906,58.206],[-6.2951,58.2048],[-6.3167,58.2031],[-6.3184,58.1983],[-6.3291,58.1953],[-6.33,58.1959],[-6.3325,58.1944],[-6.3477,58.1901],[-6.3587,58.2015],[-6.3596,58.2034],[-6.3864,58.2065],[-6.3918,58.2071],[-6.3963,58.199],[-6.3845,58.1889],[-6.3716,58.1909],[-6.3857,58.1807],[-6.3877,58.1793],[-6.3675,58.1528],[-6.3757,58.1506],[-6.4088,58.1417],[-6.4202,58.1462],[-6.424,58.1478],[-6.424,58.1477],[-6.4241,58.1477],[-6.424,58.1476],[-6.4235,58.1376],[-6.4192,58.1382],[-6.4183,58.1384],[-6.4175,58.1371],[-6.3706,58.1427],[-6.3694,58.1425],[-6.3705,58.1315],[-6.4011,58.1349],[-6.4181,58.1299],[-6.4222,58.1288],[-6.4929,58.143],[-6.4861,58.1408],[-6.4948,58.1424],[-6.467,58.1346],[-6.4681,58.1274],[-6.4683,58.1266],[-6.4683,58.1266],[-6.4683,58.1264],[-6.4593,58.1302],[-6.447,58.1244],[-6.4471,58.1251],[-6.4444,58.1236],[-6.4482,58.1295],[-6.4485,58.1308],[-6.4446,58.1299],[-6.4294,58.1252],[-6.4523,58.1093],[-6.4627,58.1047],[-6.4765,58.1031],[-6.5102,58.103],[-6.5174,58.0983],[-6.5308,58.0968],[-6.5412,58.0996],[-6.5326,58.0966],[-6.6347,58.0847],[-6.6344,58.0845],[-6.6242,58.0782],[-6.6099,58.0851],[-6.6091,58.0852],[-6.6058,58.0788],[-6.6031,58.0857],[-6.603,58.0859],[-6.5909,58.0874],[-6.578,58.0882],[-6.5756,58.0869],[-6.5753,58.0867],[-6.5671,58.0791],[-6.566,58.0821],[-6.5654,58.0818],[-6.5631,58.0877],[-6.5574,58.0873],[-6.5262,58.0854],[-6.5198,58.0887],[-6.5091,58.0939],[-6.4795,58.0901],[-6.4727,58.0892],[-6.4713,58.0904],[-6.4656,58.0953],[-6.4321,58.0897],[-6.4321,58.0897],[-6.432,58.0897],[-6.4288,58.0919],[-6.418,58.0992],[-6.4143,58.0989],[-6.4027,58.0981],[-6.4144,58.0999],[-6.4165,58.1002],[-6.4205,58.0994],[-6.4349,58.1004],[-6.4353,58.1005],[-6.4152,58.1065],[-6.3998,58.1111],[-6.398,58.1077],[-6.397,58.1036],[-6.3964,58.1047],[-6.3938,58.1],[-6.3949,58.0996],[-6.4032,58.099],[-6.399,58.0977],[-6.4001,58.0973],[-6.3834,58.093],[-6.3839,58.0929],[-6.3987,58.0923],[-6.3986,58.0919],[-6.4007,58.0918],[-6.397,58.0844],[-6.3837,58.0903],[-6.3788,58.0924],[-6.3812,58.0791],[-6.3734,58.0774],[-6.3689,58.0764],[-6.3812,58.0679],[-6.3675,58.0647],[-6.3738,58.0486],[-6.4081,58.0487],[-6.44,58.0488],[-6.4076,58.0451],[-6.3583,58.0394],[-6.3885,58.0],[-6.4113,58.0076],[-6.4384,58.0171],[-6.4496,58.0059],[-6.4597,58.0198],[-6.4637,58.0159],[-6.4675,58.0183],[-6.4698,58.01],[-6.4705,58.0094],[-6.5,58.0166],[-6.4999,58.0166],[-6.4999,58.0166],[-6.4999,58.0166],[-6.4908,58.0089],[-6.5043,58.008],[-6.5237,58.0141],[-6.5282,58.0163],[-6.526,58.0064],[-6.5259,58.0055],[-6.5327,58.0053],[-6.5708,58.0045],[-6.5611,58.0042],[-6.5801,58.0034],[-6.4755,58.0012],[-6.4748,58.0012],[-6.4722,57.9999],[-6.4511,57.9887],[-6.4489,57.9656],[-6.4683,57.9613],[-6.4718,57.9375],[-6.4849,57.9387],[-6.5019,57.9404],[-6.5193,57.927],[-6.5491,57.9581],[-6.5471,57.9485],[-6.5411,57.9166],[-6.5661,57.9198],[-6.5642,57.9147],[-6.5642,57.9146],[-6.573,57.9246],[-6.5771,57.9105],[-6.5823,57.915],[-6.6095,57.947],[-6.6091,57.9499],[-6.6116,57.9494],[-6.6122,57.9501],[-6.6415,57.9616],[-6.6412,57.9612],[-6.6462,57.9641],[-6.6063,57.9173],[-6.6239,57.9168],[-6.6338,57.928],[-6.6334,57.9265],[-6.6341,57.9272],[-6.6325,57.9231],[-6.6322,57.9218],[-6.6445,57.9246],[-6.6449,57.9243],[-6.6449,57.9243],[-6.6469,57.9221],[-6.651,57.9177],[-6.7021,57.9604],[-6.7124,58.0113],[-6.6808,58.0323],[-6.6643,58.0425],[-6.665,58.0531],[-6.665,58.0531],[-6.6329,58.0547],[-6.6218,58.0469],[-6.5864,58.0532],[-6.6951,58.0582],[-6.6776,58.0551],[-6.6714,58.0538],[-6.6721,58.0445],[-6.6953,58.0303],[-6.7241,58.0133],[-6.742,58.0085],[-6.7606,58.0034],[-6.7568,57.9926],[-6.7396,57.9904],[-6.7384,57.9902],[-6.7301,57.9765],[-6.7216,57.9619],[-6.7231,57.9555],[-6.7239,57.9531],[-6.7254,57.953],[-6.7347,57.9529],[-6.7452,57.9528],[-6.7347,57.9529],[-6.7276,57.9529],[-6.7063,57.953],[-6.7045,57.9513],[-6.6738,57.9173],[-6.6738,57.9172],[-6.7136,57.9154],[-6.6788,57.903],[-6.6701,57.8999],[-6.6655,57.8823],[-6.7257,57.885],[-6.7415,57.8857],[-6.7423,57.8858],[-6.773,57.8995],[-6.774,57.8999],[-6.7847,57.8991],[-6.8029,57.8976],[-6.8028,57.8975],[-6.8029,57.8975],[-6.8028,57.8975],[-6.7904,57.8842],[-6.7898,57.8809],[-6.793,57.881],[-6.8015,57.8855],[-6.812,57.882],[-6.8129,57.882],[-6.8039,57.8672],[-6.7741,57.8675],[-6.7566,57.8424],[-6.7505,57.8422],[-6.7367,57.8273],[-6.7366,57.8269],[-6.7508,57.8221],[-6.751,57.8223],[-6.7552,57.83],[-6.7573,57.8271],[-6.7595,57.8288],[-6.7602,57.8233],[-6.7609,57.8223],[-6.7635,57.8279],[-6.7653,57.8338],[-6.7669,57.8316],[-6.773,57.8258],[-6.7978,57.8344],[-6.7977,57.834],[-6.7978,57.834],[-6.7916,57.8048],[-6.8069,57.8156],[-6.8126,57.8096],[-6.8211,57.8121],[-6.8233,57.8128],[-6.8448,57.8345],[-6.8473,57.8271],[-6.8627,57.8337],[-6.8611,57.8326],[-6.8628,57.8333],[-6.8337,57.8147],[-6.8462,57.8028],[-6.8466,57.8034],[-6.8527,57.8136],[-6.8529,57.8133],[-6.8531,57.8137],[-6.8564,57.8089],[-6.8577,57.8073],[-6.8605,57.8102],[-6.8631,57.8129],[-6.8566,57.7986],[-6.8708,57.7979],[-6.8692,57.7977],[-6.8713,57.7976],[-6.8621,57.7948],[-6.8623,57.7947],[-6.8836,57.8005],[-6.8815,57.7952],[-6.883,57.7956],[-6.8734,57.7751],[-6.8729,57.7739],[-6.9225,57.7825],[-6.9208,57.7811],[-6.9229,57.7814],[-6.9204,57.7808],[-6.9143,57.7761],[-6.9208,57.775],[-6.8993,57.7644],[-6.8992,57.7643],[-6.9013,57.7638],[-6.9296,57.7595],[-6.9311,57.7638],[-6.9338,57.7588],[-6.9371,57.7583],[-6.9446,57.7388],[-6.9446,57.7388],[-6.9788,57.7436],[-6.9655,57.7301],[-6.9653,57.7299],[-6.9747,57.7291],[-7.0026,57.7528],[-7.009,57.7538],[-7.0211,57.7624],[-7.0202,57.7635],[-7.0231,57.764],[-7.0243,57.7673],[-7.0151,57.7696],[-7.0142,57.7694],[-7.0148,57.7697],[-7.014,57.7699],[-7.0314,57.7756],[-7.0308,57.7724],[-7.0313,57.7687],[-7.0482,57.7755],[-7.0545,57.7781],[-7.0838,57.807],[-7.1203,57.8168],[-7.1335,57.8374],[-7.1053,57.8413],[-7.102,57.84],[-7.0822,57.8304],[-7.0812,57.8133],[-7.0709,57.8111],[-7.0754,57.8221],[-7.0692,57.824],[-7.0683,57.8236],[-7.024,57.835],[-7.0205,57.8388],[-6.998,57.8456],[-6.9929,57.8685],[-6.9837,57.8632],[-6.9577,57.8675],[-6.9519,57.8774],[-6.9513,57.8646],[-6.9392,57.872],[-6.9204,57.8653],[-6.9055,57.8688],[-6.9603,57.887],[-6.9568,57.8924],[-6.949,57.9047],[-6.9468,57.9051],[-6.941,57.9028],[-6.9191,57.9107],[-6.9184,57.9108],[-6.875,57.9005],[-6.8512,57.8996],[-6.8455,57.9052],[-6.8139,57.9009],[-6.8177,57.9022],[-6.8642,57.9225],[-6.8657,57.9242],[-6.8427,57.9276],[-6.843,57.9278],[-6.8396,57.9282],[-6.8496,57.9346],[-6.8517,57.9332],[-6.9133,57.9362],[-6.914,57.9363],[-6.9016,57.9509],[-6.9017,57.9509],[-6.9017,57.9509],[-6.9025,57.9504],[-6.9219,57.9403],[-6.9439,57.9507],[-6.9698,57.95],[-6.9998,57.9656],[-7.008,57.9639],[-6.9955,57.9547],[-7.0227,57.9523],[-7.0453,57.9587],[-7.0455,57.9593],[-7.0459,57.9588],[-7.0469,57.9591],[-7.0471,57.9593],[-7.0474,57.9592],[-7.0483,57.9595],[-7.0475,57.9594],[-7.0495,57.9601],[-7.049,57.9597],[-7.0563,57.9618],[-7.058,57.9704],[-7.0752,57.9678],[-7.08,57.9671],[-7.0902,57.9949],[-7.0917,57.994],[-7.1142,57.9887],[-7.1142,57.9887],[-7.0925,57.9995],[-7.0917,58.001],[-7.091,58.0014],[-7.0901,58.0044],[-7.0826,58.02],[-7.0824,58.0205],[-7.0561,58.0088],[-7.0546,58.0108],[-7.0524,58.01],[-7.0313,58.0294],[-7.0196,58.0331],[-6.9404,58.046],[-6.9063,58.0491],[-6.9225,58.0489],[-6.9093,58.051],[-6.9813,58.0479],[-6.9816,58.0479],[-7.0388,58.0337],[-7.0617,58.041],[-7.0617,58.0414],[-7.0217,58.0538],[-7.0209,58.054],[-7.0462,58.0549],[-7.0591,58.0554],[-7.0238,58.0697],[-7.0205,58.0711],[-7.0249,58.0744],[-7.029,58.0807],[-7.0319,58.0797],[-7.0337,58.0811],[-7.0661,58.0681],[-7.0696,58.0667],[-7.0673,58.0613],[-7.0726,58.0621],[-7.0833,58.0659],[-7.0776,58.0677],[-7.0927,58.0693],[-7.1015,58.0725],[-7.1048,58.0839],[-7.1098,58.1099],[-7.1126,58.1113],[-7.1134,58.114],[-7.1283,58.1193],[-7.1354,58.1229],[-7.1302,58.1362],[-7.13,58.1363],[-7.1301,58.1362],[-7.1295,58.1379],[-7.1269,58.1386],[-7.1174,58.1372],[-7.11,58.1435],[-7.1086,58.1439],[-7.1159,58.1509],[-7.1061,58.1514],[-7.106,58.151],[-7.1051,58.1514],[-7.1014,58.1516],[-7.1013,58.1516],[-7.0942,58.159],[-7.0928,58.1595],[-7.0931,58.1602],[-7.0893,58.1641],[-7.1045,58.1834],[-7.0949,58.1862],[-7.0907,58.1874],[-7.0906,58.1872],[-7.0901,58.1875],[-7.0902,58.1875],[-7.0841,58.1893],[-7.0833,58.189],[-7.0593,58.1807],[-7.0592,58.1809],[-7.0569,58.1801],[-7.0531,58.1854],[-7.0429,58.171],[-7.0374,58.1838],[-7.0197,58.184],[-7.0177,58.1835],[-7.0071,58.1842],[-7.0181,58.184],[-7.0314,58.2007],[-7.0423,58.1881],[-7.0593,58.1937],[-7.0648,58.1965],[-7.0614,58.2041],[-7.0608,58.204],[-7.0612,58.2046],[-7.0488,58.2325],[-7.0241,58.2443],[-7.0267,58.2323],[-6.9946,58.2331],[-6.9927,58.232],[-6.9762,58.2202],[-6.9746,58.2218],[-6.9701,58.2193],[-6.9586,58.2346],[-6.9553,58.2322],[-6.9411,58.2181],[-6.9086,58.2131],[-6.9096,58.2088],[-6.9112,58.2034],[-6.9125,58.2034],[-6.944,58.2043],[-6.9453,58.1987],[-6.9625,58.2033],[-6.9627,58.2034],[-6.9627,58.2034],[-6.9628,58.2034],[-6.9333,58.1862],[-6.8933,58.1871],[-6.8932,58.1863],[-6.8923,58.1588],[-6.8899,58.1552],[-6.8894,58.1502],[-6.8691,58.1241],[-6.8636,58.116],[-6.8644,58.1181],[-6.8588,58.1109],[-6.8683,58.1287],[-6.8835,58.1695],[-6.882,58.1728],[-6.8725,58.1727],[-6.8707,58.1718],[-6.8712,58.1727],[-6.8691,58.1727],[-6.8757,58.1866],[-6.8617,58.1824],[-6.8591,58.1812],[-6.8608,58.1877],[-6.8606,58.1877],[-6.8553,58.1961],[-6.8477,58.1985],[-6.8419,58.1968],[-6.8286,58.2044]]],[[[-6.1527,59.0952],[-6.1591,59.0932],[-6.1506,59.0995],[-6.1527,59.0952]]],[[[-6.1699,59.1012],[-6.1702,59.1012],[-6.1702,59.1014],[-6.1699,59.1012]]],[[[-5.813,59.119],[-5.8406,59.116],[-5.8226,59.126],[-5.825,59.1329],[-5.813,59.119]]]]}},{"type":"Feature","properties":{"name":"Falkirk","slug":"falkirk","code":"S12000014"},"geometry":{"type":"MultiPolygon","coordinates":[[[[-3.776,56.093],[-3.7741,56.0917],[-3.7764,56.0927],[-3.776,56.093]]],[[[-3.7331,56.0619],[-3.7308,56.0469],[-3.7333,56.0459],[-3.7308,56.0469],[-3.7284,56.0323],[-3.719,56.0278],[-3.7543,56.0203],[-3.7167,56.0267],[-3.7146,56.0287],[-3.6821,56.0357],[-3.6934,56.024],[-3.6804,56.0303],[-3.6715,56.0157],[-3.691,56.0013],[-3.6935,55.9995],[-3.6907,56.0013],[-3.675,56.0117],[-3.6058,56.02],[-3.5975,56.021],[-3.5237,56.0035],[-3.5163,56.0018],[-3.509,56.0011],[-3.5364,55.9857],[-3.6,55.9968],[-3.657,55.9648],[-3.6529,55.9593],[-3.6742,55.9539],[-3.6676,55.9454],[-3.7032,55.9346],[-3.7304,55.9359],[-3.7821,55.9016],[-3.8226,55.8965],[-3.8092,55.9049],[-3.833,55.9078],[-3.9038,55.9379],[-3.8604,55.9592],[-3.9359,55.9623],[-3.9497,55.9714],[-3.9455,55.9824],[-3.9648,55.9871],[-3.9852,55.9828],[-3.9893,55.9873],[-3.9746,55.9909],[-3.9884,56.0078],[-4.0303,56.0097],[-4.0201,56.028],[-3.9787,56.0394],[-3.9734,56.0486],[-3.8967,56.0454],[-3.8143,56.0528],[-3.8153,56.0612],[-3.7979,56.0654],[-3.8359,56.0846],[-3.8215,56.1007],[-3.7977,56.1074],[-3.7934,56.1046],[-3.7691,56.0766],[-3.7378,56.066],[-3.7331,56.0619]]]]}},{"type":"Feature","properties":{"name":"Highland","slug":"highland","code":"S12000017"},"geometry":{"type":"MultiPolygon","coordinates":[[[[-5.1269,56.6841],[-5.1314,56.6837],[-5.1285,56.6856],[-5.1269,56.6841]]],[[[-5.1524,56.6855],[-5.1529,56.6833],[-5.1551,56.6849],[-5.1524,56.6855]]],[[[-5.1233,56.6863],[-5.127,56.6848],[-5.1245,56.6871],[-5.1233,56.6863]]],[[[-5.871,56.6616],[-5.8895,56.6511],[-5.893,56.6565],[-5.896,56.6613],[-5.8822,56.67],[-5.871,56.6616]]],[[[-5.9183,56.6649],[-5.9054,56.6589],[-5.9176,56.6584],[-5.9318,56.6579],[-5.948,56.6583],[-5.9411,56.6677],[-5.9406,56.6671],[-5.9408,56.6591],[-5.9303,56.6678],[-5.9281,56.6695],[-5.9183,56.6649]]],[[[-5.6811,56.6879],[-5.6818,56.6878],[-5.6817,56.6883],[-5.6811,56.6879]]],[[[-5.0087,56.7131],[-5.0082,56.7124],[-5.0092,56.7125],[-5.0087,56.7131]]],[[[-5.6964,56.6967],[-5.6979,56.6948],[-5.6983,56.6959],[-5.6964,56.6967]]],[[[-5.8767,56.8106],[-5.8092,56.7935],[-5.8308,56.795],[-5.8513,56.7859],[-5.8871,56.792],[-5.8767,56.8106]]],[[[-5.1328,56.8398],[-5.133,56.8391],[-5.1341,56.8391],[-5.1352,56.8398],[-5.1328,56.8398]]],[[[-6.2657,56.848],[-6.255,56.8402],[-6.223,56.8453],[-6.2219,56.8399],[-6.2199,56.8307],[-6.2287,56.8349],[-6.2358,56.823],[-6.2478,56.8328],[-6.2636,56.8295],[-6.2703,56.828],[-6.2763,56.834],[-6.2774,56.8353],[-6.2678,56.8383],[-6.2647,56.8393],[-6.2624,56.84],[-6.2656,56.8476],[-6.2658,56.8481],[-6.2657,56.848]]],[[[-5.8883,56.9261],[-5.8862,56.9199],[-5.9002,56.9197],[-5.8883,56.9261]]],[[[-6.1117,56.9245],[-6.1163,56.8887],[-6.1171,56.888],[-6.1268,56.8894],[-6.1391,56.872],[-6.1488,56.8717],[-6.1629,56.872],[-6.1702,56.8742],[-6.2075,56.8877],[-6.2091,56.8969],[-6.2081,56.9049],[-6.2019,56.9093],[-6.1864,56.9151],[-6.1779,56.9153],[-6.1587,56.915],[-6.1623,56.9363],[-6.1386,56.9442],[-6.1273,56.9362],[-6.1117,56.9245]]],[[[-6.6839,56.9715],[-6.6841,56.9665],[-6.6861,56.968],[-6.6839,56.9715]]],[[[-6.6782,56.9757],[-6.6764,56.9648],[-6.6824,56.9698],[-6.6782,56.9757]]],[[[-6.33,57.0604],[-6.2884,57.0463],[-6.2602,57.0368],[-6.2475,57.0201],[-6.2529,57.0187],[-6.2796,57.0118],[-6.2413,57.0053],[-6.2383,57.0048],[-6.2394,57.0018],[-6.2569,56.9671],[-6.2779,56.9546],[-6.3111,56.9349],[-6.3696,56.9522],[-6.3713,56.9565],[-6.3758,56.9732],[-6.4601,57.0074],[-6.4498,57.0119],[-6.4096,57.0293],[-6.3978,57.0427],[-6.3638,57.0519],[-6.3512,57.049],[-6.33,57.0604]]],[[[-6.4973,57.0554],[-6.4654,57.0443],[-6.4897,57.0491],[-6.5112,57.0441],[-6.5131,57.0522],[-6.4973,57.0554]]],[[[-6.4884,57.0672],[-6.4881,57.0579],[-6.4885,57.056],[-6.4979,57.0559],[-6.5497,57.0581],[-6.573,57.0443],[-6.6088,57.0463],[-6.6084,57.0472],[-6.5967,57.0592],[-6.5601,57.0627],[-6.559,57.065],[-6.5252,57.0693],[-6.4939,57.0683],[-6.4884,57.0672]]],[[[-5.4518,57.107],[-5.4543,57.1066],[-5.4536,57.1075],[-5.4518,57.107]]],[[[-5.7816,57.1459],[-5.7936,57.1435],[-5.7915,57.147],[-5.7873,57.1493],[-5.7816,57.1459]]],[[[-6.1834,57.1628],[-6.1824,57.1526],[-6.2102,57.1508],[-6.2089,57.1479],[-6.204,57.136],[-6.215,57.1332],[-6.2324,57.1315],[-6.256,57.1495],[-6.2272,57.158],[-6.2147,57.1528],[-6.2214,57.1586],[-6.2057,57.166],[-6.1834,57.1628]]],[[[-6.1629,57.1971],[-6.1627,57.1965],[-6.1637,57.1969],[-6.1629,57.1971]]],[[[-5.8477,57.2742],[-5.8645,57.2685],[-5.87,57.2777],[-5.8593,57.2813],[-5.8477,57.2742]]],[[[-5.8834,57.3097],[-5.891,57.3056],[-5.8929,57.3152],[-5.8834,57.3097]]],[[[-5.929,57.2809],[-5.9804,57.2738],[-5.983,57.2753],[-6.0073,57.2886],[-6.0168,57.2984],[-6.0224,57.3058],[-6.0162,57.3204],[-6.0111,57.3219],[-5.9984,57.3249],[-5.9885,57.324],[-5.9261,57.3075],[-5.929,57.2809]]],[[[-5.6633,57.3428],[-5.6684,57.342],[-5.6648,57.3437],[-5.663,57.3439],[-5.6633,57.3428]]],[[[-5.8548,57.3573],[-5.8412,57.3382],[-5.8368,57.3481],[-5.8216,57.3345],[-5.8455,57.335],[-5.8548,57.3573]]],[[[-6.4923,57.3451],[-6.4925,57.3304],[-6.5132,57.3313],[-6.4923,57.3451]]],[[[-6.6024,57.451],[-6.6023,57.4491],[-6.6088,57.4512],[-6.6107,57.4521],[-6.6104,57.4523],[-6.6046,57.4536],[-6.6024,57.451]]],[[[-6.0253,57.4958],[-6.0252,57.4797],[-6.0341,57.4897],[-6.0253,57.4958]]],[[[-5.9784,57.4946],[-5.983,57.4795],[-6.003,57.4592],[-6.0323,57.4294],[-6.0187,57.3888],[-6.015,57.3863],[-5.9934,57.3711],[-5.9931,57.3709],[-5.993,57.3669],[-5.9928,57.3582],[-6.0211,57.3333],[-6.0503,57.3284],[-6.067,57.3337],[-6.066,57.346],[-6.0763,57.3483],[-6.0774,57.3503],[-6.0827,57.3497],[-6.088,57.3509],[-6.0742,57.3803],[-6.0753,57.3843],[-6.0849,57.4213],[-6.0566,57.4598],[-6.0178,57.4546],[-6.0113,57.4651],[-6.0294,57.4694],[-6.0192,57.4729],[-6.0228,57.4769],[-6.02,57.48],[-6.02,57.4799],[-5.9933,57.493],[-5.9934,57.4933],[-5.9921,57.4936],[-5.9944,57.4993],[-5.9954,57.5053],[-5.9784,57.4946]]],[[[-5.9955,57.5093],[-5.9926,57.5064],[-6.0089,57.5122],[-6.0105,57.5127],[-6.013,57.5138],[-6.0091,57.5145],[-6.003,57.5157],[-5.9955,57.5093]]],[[[-5.6848,57.5282],[-5.685,57.5272],[-5.6869,57.5285],[-5.6848,57.5282]]],[[[-6.6472,57.5248],[-6.6385,57.5116],[-6.6405,57.5116],[-6.6498,57.5142],[-6.6472,57.5248]]],[[[-5.9673,57.5803],[-5.9538,57.5685],[-5.9541,57.568],[-5.9783,57.5145],[-5.9979,57.5275],[-5.9804,57.5404],[-5.9939,57.5358],[-6.0011,57.5427],[-5.996,57.5442],[-5.9799,57.5467],[-5.9807,57.5485],[-5.9764,57.5497],[-5.9884,57.5668],[-5.9895,57.5692],[-5.9831,57.5747],[-5.982,57.5754],[-5.975,57.5711],[-5.9788,57.5771],[-5.9788,57.5771],[-5.9662,57.5719],[-5.9668,57.5732],[-5.9655,57.5727],[-5.9673,57.5803]]],[[[-6.3527,57.7081],[-6.3307,57.6996],[-6.2969,57.7076],[-6.2967,57.7072],[-6.3016,57.6926],[-6.3032,57.6916],[-6.2511,57.6735],[-6.2354,57.6374],[-6.1913,57.6333],[-6.1506,57.5865],[-6.1372,57.5877],[-6.1488,57.5656],[-6.1468,57.5618],[-6.1388,57.5465],[-6.1485,57.5],[-6.1371,57.4744],[-6.1428,57.4434],[-6.1457,57.4301],[-6.1465,57.4296],[-6.1811,57.4126],[-6.1977,57.4121],[-6.2021,57.3905],[-6.184,57.4062],[-6.1807,57.4062],[-6.1757,57.4023],[-6.1397,57.4055],[-6.1381,57.4045],[-6.1263,57.3902],[-6.1285,57.3845],[-6.1311,57.3825],[-6.1462,57.371],[-6.1169,57.3417],[-6.1043,57.3384],[-6.1042,57.3415],[-6.0976,57.3411],[-6.0961,57.3401],[-6.0987,57.3382],[-6.1071,57.3352],[-6.1066,57.3322],[-6.1069,57.332],[-6.1065,57.3317],[-6.1041,57.3192],[-6.1319,57.3163],[-6.1684,57.2954],[-6.1174,57.3137],[-6.057,57.3137],[-6.0416,57.2933],[-6.0461,57.2905],[-6.0778,57.2762],[-6.0756,57.2723],[-6.083,57.2677],[-6.0745,57.2705],[-6.0738,57.2693],[-6.0361,57.2827],[-6.0206,57.2877],[-6.0082,57.2797],[-5.9979,57.2727],[-5.9973,57.2726],[-5.9939,57.2704],[-5.9823,57.2681],[-5.9366,57.2589],[-5.922,57.2627],[-5.9047,57.2529],[-5.9142,57.2413],[-5.8858,57.238],[-5.8517,57.2541],[-5.8637,57.2416],[-5.813,57.2568],[-5.8114,57.2569],[-5.7821,57.2661],[-5.7535,57.2747],[-5.7113,57.2712],[-5.7139,57.2698],[-5.732,57.2608],[-5.7293,57.2609],[-5.7296,57.2608],[-5.7086,57.2622],[-5.6671,57.2648],[-5.6491,57.2559],[-5.6476,57.2551],[-5.6489,57.2538],[-5.6672,57.2354],[-5.6684,57.2187],[-5.6694,57.2089],[-5.6732,57.2067],[-5.7376,57.1804],[-5.7811,57.1669],[-5.7874,57.169],[-5.8005,57.1744],[-5.8005,57.1735],[-5.8085,57.1762],[-5.8007,57.1664],[-5.801,57.1526],[-5.8058,57.1457],[-5.7912,57.14],[-5.7979,57.1376],[-5.8059,57.137],[-5.8043,57.1211],[-5.8279,57.1076],[-5.8533,57.1116],[-5.86,57.1018],[-5.8793,57.084],[-5.8885,57.0813],[-5.8905,57.0735],[-5.8964,57.0681],[-5.8933,57.0628],[-5.8937,57.0612],[-5.9021,57.0636],[-5.8996,57.0579],[-5.9395,57.038],[-5.9669,57.0299],[-5.9727,57.032],[-5.9836,57.0276],[-6.0018,57.0202],[-6.0094,57.0248],[-6.0097,57.0245],[-6.0108,57.0251],[-6.0142,57.0212],[-6.0175,57.0186],[-6.0182,57.0199],[-6.0177,57.0313],[-6.0293,57.0402],[-6.0361,57.0527],[-6.0258,57.0696],[-6.0251,57.0703],[-5.9995,57.0739],[-6.0082,57.0901],[-6.0,57.104],[-5.985,57.1074],[-6.005,57.1148],[-5.9978,57.1241],[-5.9753,57.1303],[-5.9692,57.1397],[-5.9658,57.1416],[-5.94,57.1465],[-5.9201,57.1619],[-5.8738,57.1705],[-5.8664,57.1714],[-5.838,57.1898],[-5.878,57.1761],[-5.8976,57.1797],[-5.9013,57.172],[-5.9187,57.1737],[-5.9354,57.176],[-5.9718,57.1712],[-5.9917,57.1686],[-6.0029,57.1996],[-6.0113,57.2065],[-6.0369,57.2278],[-6.0332,57.2058],[-6.0297,57.1846],[-6.0366,57.1825],[-6.0499,57.1806],[-6.0498,57.1758],[-6.0739,57.1384],[-6.0838,57.1268],[-6.1087,57.1356],[-6.1127,57.1372],[-6.1019,57.1701],[-6.1107,57.1802],[-6.1103,57.1863],[-6.119,57.1897],[-6.1234,57.1947],[-6.1307,57.1844],[-6.1589,57.195],[-6.165,57.1987],[-6.1653,57.1975],[-6.1681,57.1986],[-6.1741,57.1745],[-6.1856,57.1753],[-6.2097,57.1778],[-6.302,57.1633],[-6.3223,57.1601],[-6.3033,57.1742],[-6.2866,57.1864],[-6.2854,57.1968],[-6.2845,57.1977],[-6.2853,57.1979],[-6.2848,57.2014],[-6.2938,57.2052],[-6.3061,57.1988],[-6.3105,57.1966],[-6.3182,57.1927],[-6.3353,57.1867],[-6.3435,57.1861],[-6.3513,57.1885],[-6.3593,57.1949],[-6.3715,57.2046],[-6.3839,57.2227],[-6.382,57.2255],[-6.353,57.2284],[-6.3524,57.2297],[-6.3492,57.2299],[-6.3432,57.253],[-6.3542,57.2401],[-6.3601,57.2362],[-6.405,57.2322],[-6.4515,57.2624],[-6.4586,57.2863],[-6.4738,57.2897],[-6.4819,57.2923],[-6.4828,57.311],[-6.4782,57.3126],[-6.4334,57.325],[-6.4269,57.3231],[-6.4306,57.3394],[-6.4307,57.34],[-6.4303,57.3399],[-6.3676,57.3136],[-6.3478,57.2999],[-6.3348,57.2997],[-6.3308,57.2981],[-6.3328,57.2997],[-6.3179,57.2995],[-6.3062,57.2993],[-6.3181,57.3015],[-6.3394,57.3053],[-6.3455,57.3103],[-6.3553,57.3237],[-6.4026,57.3399],[-6.403,57.3415],[-6.4029,57.355],[-6.3836,57.364],[-6.4319,57.3479],[-6.4464,57.3473],[-6.4493,57.342],[-6.4578,57.3392],[-6.4545,57.3599],[-6.473,57.3641],[-6.4799,57.3666],[-6.4755,57.3707],[-6.4678,57.378],[-6.4859,57.3805],[-6.4862,57.3832],[-6.4826,57.3956],[-6.4884,57.4009],[-6.4887,57.4037],[-6.49,57.4024],[-6.4921,57.4043],[-6.4941,57.3986],[-6.5242,57.3697],[-6.5246,57.3694],[-6.5166,57.3932],[-6.5384,57.4135],[-6.5352,57.3984],[-6.542,57.3932],[-6.5422,57.3973],[-6.5522,57.3855],[-6.573,57.3885],[-6.569,57.3673],[-6.5636,57.3386],[-6.5821,57.333],[-6.6246,57.3508],[-6.6505,57.3565],[-6.6562,57.3579],[-6.6565,57.3578],[-6.6577,57.3581],[-6.681,57.3632],[-6.6916,57.3656],[-6.7018,57.3711],[-6.714,57.3705],[-6.7195,57.3717],[-6.7347,57.3854],[-6.7389,57.3893],[-6.7291,57.3953],[-6.7431,57.4176],[-6.7672,57.4289],[-6.7897,57.421],[-6.7802,57.4578],[-6.7385,57.4523],[-6.72,57.4497],[-6.743,57.4646],[-6.7495,57.4836],[-6.7481,57.5001],[-6.7167,57.5138],[-6.7155,57.5126],[-6.6723,57.4728],[-6.6397,57.4427],[-6.62,57.432],[-6.6141,57.4412],[-6.6038,57.446],[-6.6018,57.4456],[-6.5969,57.4417],[-6.5849,57.4215],[-6.5819,57.4319],[-6.5739,57.4302],[-6.5952,57.4518],[-6.5964,57.4542],[-6.5978,57.4544],[-6.6039,57.4607],[-6.6106,57.4566],[-6.6215,57.4584],[-6.6235,57.4592],[-6.6198,57.4625],[-6.6134,57.4674],[-6.6375,57.5025],[-6.6284,57.5023],[-6.6185,57.5016],[-6.5985,57.5099],[-6.5679,57.4933],[-6.5606,57.508],[-6.6287,57.5451],[-6.6417,57.5521],[-6.6423,57.5513],[-6.6538,57.5452],[-6.6544,57.5455],[-6.6523,57.5496],[-6.6407,57.5612],[-6.639,57.5748],[-6.6347,57.5829],[-6.6354,57.6038],[-6.6348,57.6085],[-6.5827,57.5884],[-6.5655,57.5482],[-6.5475,57.548],[-6.5409,57.5479],[-6.5043,57.534],[-6.4634,57.5009],[-6.4657,57.4981],[-6.4622,57.4999],[-6.4618,57.4996],[-6.4271,57.5183],[-6.4526,57.4807],[-6.4418,57.4812],[-6.4387,57.4789],[-6.4324,57.4705],[-6.4347,57.484],[-6.4265,57.4961],[-6.3998,57.5088],[-6.3996,57.5287],[-6.3748,57.5003],[-6.3723,57.5025],[-6.3518,57.4975],[-6.3502,57.4968],[-6.3497,57.4959],[-6.345,57.4807],[-6.3399,57.4856],[-6.3353,57.49],[-6.3263,57.459],[-6.3118,57.4552],[-6.3257,57.4852],[-6.3046,57.4823],[-6.3419,57.5024],[-6.3446,57.5039],[-6.3652,57.5152],[-6.3762,57.5301],[-6.3671,57.5314],[-6.3898,57.5493],[-6.3952,57.5569],[-6.3946,57.5693],[-6.3945,57.5695],[-6.3826,57.5631],[-6.3594,57.5889],[-6.3899,57.5855],[-6.3946,57.5852],[-6.3942,57.6127],[-6.4277,57.6422],[-6.4063,57.6505],[-6.4091,57.6603],[-6.3828,57.6597],[-6.3617,57.668],[-6.3536,57.6712],[-6.3424,57.685],[-6.3527,57.7081]]],[[[-5.7898,57.7368],[-5.8012,57.7265],[-5.8224,57.7306],[-5.8203,57.7367],[-5.7898,57.7368]]],[[[-6.2958,57.7257],[-6.2933,57.7222],[-6.2951,57.7226],[-6.3058,57.7254],[-6.2985,57.7289],[-6.2958,57.7257]]],[[[-3.9434,57.8527],[-3.9266,57.8418],[-3.9645,57.8518],[-3.9434,57.8527]]],[[[-5.6019,57.8302],[-5.6033,57.8213],[-5.6395,57.8332],[-5.6338,57.8479],[-5.6019,57.8302]]],[[[-5.4595,57.879],[-5.4592,57.8784],[-5.4782,57.8845],[-5.4774,57.888],[-5.4726,57.8963],[-5.4595,57.879]]],[[[-5.2105,57.9472],[-5.2126,57.9384],[-5.2332,57.9421],[-5.2346,57.9425],[-5.2394,57.9478],[-5.2281,57.9493],[-5.2164,57.9485],[-5.2106,57.9481],[-5.2105,57.9472]]],[[[-5.4408,57.9637],[-5.453,57.9625],[-5.4467,57.967],[-5.4408,57.9637]]],[[[-5.5105,57.9558],[-5.5195,57.9546],[-5.5257,57.9611],[-5.5094,57.968],[-5.4976,57.9576],[-5.5105,57.9558]]],[[[-5.3389,57.9852],[-5.346,57.9798],[-5.3483,57.992],[-5.3389,57.9852]]],[[[-5.4348,58.0092],[-5.4476,58.0039],[-5.4582,58.0121],[-5.4545,58.0133],[-5.446,58.0159],[-5.44,58.0126],[-5.4348,58.0092]]],[[[-5.3849,58.0072],[-5.3972,58.0002],[-5.4217,58.0054],[-5.4092,58.0238],[-5.3975,58.0172],[-5.4014,58.0116],[-5.4035,58.0099],[-5.3867,58.0074],[-5.3849,58.0072]]],[[[-5.4289,58.0413],[-5.4323,58.0383],[-5.4373,58.0387],[-5.448,58.0417],[-5.4448,58.048],[-5.442,58.0502],[-5.4237,58.0474],[-5.4289,58.0413]]],[[[-4.9487,58.2246],[-4.9479,58.2237],[-4.9491,58.224],[-4.9487,58.2246]]],[[[-4.9834,58.2364],[-4.9833,58.2356],[-4.9844,58.236],[-4.9834,58.2364]]],[[[-5.0152,58.2599],[-5.0165,58.2597],[-5.0157,58.2605],[-5.0152,58.2599]]],[[[-5.0148,58.2615],[-5.0132,58.2606],[-5.0163,58.2607],[-5.0148,58.2615]]],[[[-5.262,58.2673],[-5.258,58.26],[-5.2411,58.2604],[-5.2418,58.2524],[-5.2477,58.2515],[-5.2774,58.2572],[-5.28,58.2578],[-5.262,58.2673]]],[[[-5.1971,58.3881],[-5.197,58.3875],[-5.1978,58.3879],[-5.1977,58.388],[-5.1971,58.3881]]],[[[-5.1667,58.3825],[-5.1718,58.3741],[-5.2032,58.3763],[-5.2067,58.3798],[-5.2033,58.384],[-5.183,58.3892],[-5.1797,58.3895],[-5.1667,58.3825]]],[[[-4.7037,58.4874],[-4.7136,58.4757],[-4.711,58.4849],[-4.7037,58.4874]]],[[[-4.2955,58.5475],[-4.2959,58.5444],[-4.3039,58.5486],[-4.3008,58.5495],[-4.2956,58.55],[-4.2955,58.5475]]],[[[-4.3358,58.5513],[-4.3366,58.5503],[-4.3465,58.5502],[-4.3503,58.551],[-4.349,58.5541],[-4.346,58.5559],[-4.3478,58.557],[-4.3462,58.5607],[-4.3332,58.5618],[-4.3358,58.5513]]],[[[-4.3514,58.5628],[-4.3503,58.5586],[-4.3553,58.5617],[-4.3516,58.5629],[-4.3514,58.5628]]],[[[-4.4678,58.5645],[-4.468,58.5643],[-4.4682,58.5644],[-4.4678,58.5645]]],[[[-4.4868,58.5682],[-4.4868,58.5679],[-4.4874,58.5679],[-4.4868,58.5682]]],[[[-4.4908,58.5698],[-4.492,58.5695],[-4.4919,58.5697],[-4.4908,58.5698]]],[[[-5.718,56.7099],[-5.7695,56.7082],[-5.7698,56.7083],[-5.7777,56.7168],[-5.7792,56.7059],[-5.8356,56.6749],[-5.8609,56.6809],[-5.8935,56.6738],[-5.8959,56.6739],[-5.9041,56.68],[-5.9196,56.677],[-5.9262,56.6757],[-5.9262,56.6757],[-5.9346,56.686],[-5.9382,56.6837],[-5.9457,56.6886],[-5.9724,56.6818],[-5.9743,56.6724],[-5.9874,56.6849],[-6.0302,56.6803],[-6.0515,56.693],[-6.0964,56.6879],[-6.1018,56.689],[-6.1115,56.693],[-6.1099,56.6975],[-6.1156,56.6947],[-6.1173,56.6954],[-6.1422,56.6832],[-6.1881,56.688],[-6.2183,56.7031],[-6.2188,56.7043],[-6.2268,56.726],[-6.2114,56.7257],[-6.2112,56.7257],[-6.2017,56.7382],[-6.2001,56.7381],[-6.1851,56.7355],[-6.1852,56.737],[-6.184,56.7369],[-6.1815,56.7442],[-6.1856,56.7455],[-6.1861,56.7547],[-6.1799,56.7539],[-6.1678,56.7515],[-6.118,56.7656],[-6.0596,56.7576],[-6.0498,56.7666],[-6.0174,56.7639],[-6.0149,56.7693],[-6.0057,56.7631],[-6.0138,56.7723],[-5.9967,56.7706],[-5.9824,56.769],[-5.9822,56.7692],[-5.9809,56.7691],[-5.9722,56.7782],[-5.9653,56.7843],[-5.9284,56.7614],[-5.9095,56.7496],[-5.8864,56.7633],[-5.8697,56.7555],[-5.8702,56.7417],[-5.8405,56.7403],[-5.852,56.7471],[-5.8466,56.7501],[-5.8341,56.745],[-5.8446,56.7512],[-5.8476,56.7505],[-5.8524,56.7526],[-5.8528,56.7622],[-5.8619,56.7585],[-5.8896,56.7665],[-5.8869,56.7853],[-5.8623,56.7781],[-5.8609,56.7786],[-5.8582,56.7779],[-5.8551,56.7676],[-5.8526,56.7798],[-5.831,56.7699],[-5.8228,56.7857],[-5.8136,56.7853],[-5.8039,56.784],[-5.8008,56.7873],[-5.7953,56.7909],[-5.7801,56.7827],[-5.7468,56.7842],[-5.865,56.8107],[-5.8628,56.8207],[-5.8579,56.8301],[-5.8291,56.8348],[-5.8167,56.828],[-5.8138,56.8315],[-5.7952,56.837],[-5.7859,56.8367],[-5.7707,56.8442],[-5.7601,56.8474],[-5.7192,56.8436],[-5.706,56.8563],[-5.6985,56.8635],[-5.676,56.8707],[-5.6765,56.8727],[-5.666,56.8753],[-5.6776,56.8773],[-5.6781,56.8797],[-5.6887,56.8795],[-5.689,56.8793],[-5.6903,56.8795],[-5.7201,56.8559],[-5.7262,56.851],[-5.7539,56.8549],[-5.7889,56.8597],[-5.7556,56.8792],[-5.7314,56.8842],[-5.7235,56.8849],[-5.7258,56.8854],[-5.7256,56.8854],[-5.7281,56.8859],[-5.7405,56.8885],[-5.7404,56.8887],[-5.7299,56.8924],[-5.7377,56.8961],[-5.7884,56.8914],[-5.805,56.89],[-5.8054,56.8898],[-5.8273,56.8877],[-5.8276,56.8883],[-5.8303,56.8874],[-5.8638,56.8842],[-5.8872,56.8742],[-5.9184,56.8828],[-5.9228,56.8879],[-5.9234,56.8902],[-5.9106,56.8937],[-5.8998,56.8951],[-5.894,56.9043],[-5.8618,56.8992],[-5.8616,56.8937],[-5.8533,56.9],[-5.8511,56.8997],[-5.8514,56.9015],[-5.8432,56.9076],[-5.8506,56.9133],[-5.8725,56.9097],[-5.8834,56.9199],[-5.876,56.9254],[-5.8748,56.9253],[-5.8717,56.9284],[-5.856,56.9269],[-5.8668,56.9336],[-5.8654,56.935],[-5.8529,56.9408],[-5.8594,56.9462],[-5.8595,56.9475],[-5.8464,56.9647],[-5.8431,56.9665],[-5.8172,56.9607],[-5.8279,56.974],[-5.8472,56.9726],[-5.8472,56.9726],[-5.8355,56.9973],[-5.8245,57.0086],[-5.7274,57.0183],[-5.7245,57.0142],[-5.7087,56.991],[-5.6356,56.9698],[-5.6293,56.9729],[-5.6035,56.9845],[-5.5893,56.9803],[-5.524,56.9944],[-5.5353,57.001],[-5.5518,56.9989],[-5.6164,56.9828],[-5.6196,56.9828],[-5.6224,56.9836],[-5.6573,56.9931],[-5.6612,56.9944],[-5.6711,57.0032],[-5.679,57.011],[-5.6827,57.0234],[-5.6805,57.0258],[-5.664,57.0297],[-5.6812,57.0342],[-5.684,57.0373],[-5.7015,57.0396],[-5.7076,57.0412],[-5.7275,57.0355],[-5.7437,57.0308],[-5.7562,57.0415],[-5.762,57.0514],[-5.7816,57.0443],[-5.7967,57.0659],[-5.7944,57.0671],[-5.7255,57.1012],[-5.722,57.1182],[-5.6539,57.1271],[-5.6362,57.1249],[-5.592,57.1192],[-5.5672,57.096],[-5.52,57.0814],[-5.5095,57.0974],[-5.4885,57.0999],[-5.4859,57.1],[-5.4821,57.1016],[-5.3918,57.1089],[-5.4267,57.1152],[-5.4784,57.1033],[-5.4882,57.1009],[-5.4909,57.1054],[-5.527,57.1019],[-5.5273,57.1019],[-5.5527,57.1126],[-5.5615,57.1336],[-5.6109,57.1458],[-5.6381,57.144],[-5.6596,57.1427],[-5.6626,57.1435],[-5.6824,57.153],[-5.6891,57.1631],[-5.6881,57.1676],[-5.6918,57.1672],[-5.693,57.1691],[-5.6886,57.173],[-5.663,57.189],[-5.6432,57.1961],[-5.6317,57.2003],[-5.6222,57.2184],[-5.6213,57.2201],[-5.6461,57.2257],[-5.6558,57.2278],[-5.6564,57.228],[-5.6474,57.2381],[-5.6368,57.25],[-5.6157,57.2549],[-5.5959,57.2587],[-5.5839,57.2557],[-5.5313,57.2712],[-5.4767,57.2332],[-5.4493,57.2233],[-5.423,57.2137],[-5.4119,57.2243],[-5.4045,57.2314],[-5.3905,57.2331],[-5.4039,57.2319],[-5.4084,57.2312],[-5.4057,57.2327],[-5.4098,57.231],[-5.4156,57.23],[-5.4562,57.2399],[-5.4691,57.2472],[-5.5137,57.2779],[-5.5022,57.29],[-5.4886,57.2972],[-5.4821,57.3072],[-5.4604,57.3107],[-5.4843,57.3099],[-5.4979,57.2944],[-5.5134,57.2896],[-5.5168,57.2848],[-5.5173,57.2894],[-5.5189,57.2818],[-5.5217,57.2777],[-5.5262,57.2792],[-5.5265,57.2806],[-5.5292,57.2802],[-5.5351,57.2822],[-5.5553,57.2767],[-5.5582,57.2836],[-5.5926,57.2709],[-5.6001,57.2811],[-5.619,57.2742],[-5.6479,57.2871],[-5.6521,57.286],[-5.6555,57.2851],[-5.7254,57.2829],[-5.7276,57.283],[-5.7183,57.2835],[-5.7181,57.2835],[-5.7294,57.2966],[-5.7167,57.3151],[-5.6975,57.3266],[-5.6921,57.3268],[-5.6806,57.326],[-5.681,57.327],[-5.6686,57.3273],[-5.6815,57.3283],[-5.6849,57.337],[-5.6858,57.3414],[-5.6637,57.3404],[-5.6558,57.3447],[-5.6461,57.3456],[-5.646,57.3445],[-5.6573,57.3376],[-5.6617,57.3349],[-5.657,57.3347],[-5.6504,57.3344],[-5.5822,57.3435],[-5.5773,57.3538],[-5.5345,57.3529],[-5.5061,57.367],[-5.4726,57.3828],[-5.4715,57.3842],[-5.4574,57.3911],[-5.4465,57.4031],[-5.4354,57.4154],[-5.4422,57.4227],[-5.4671,57.4186],[-5.4929,57.4018],[-5.5062,57.3932],[-5.5028,57.3909],[-5.5561,57.3579],[-5.6016,57.3552],[-5.6042,57.3561],[-5.6074,57.3614],[-5.5979,57.365],[-5.6166,57.3658],[-5.6354,57.3691],[-5.6339,57.3801],[-5.6254,57.3824],[-5.6027,57.388],[-5.6032,57.3885],[-5.5941,57.391],[-5.6124,57.3985],[-5.6145,57.4008],[-5.6077,57.4211],[-5.6226,57.4011],[-5.6461,57.3915],[-5.6621,57.3866],[-5.6887,57.3785],[-5.7167,57.3625],[-5.7385,57.3536],[-5.7877,57.3464],[-5.7884,57.3464],[-5.8081,57.3762],[-5.8134,57.3623],[-5.822,57.3635],[-5.8313,57.391],[-5.83,57.3908],[-5.8225,57.3869],[-5.8223,57.3892],[-5.8192,57.3885],[-5.8196,57.3924],[-5.8206,57.4016],[-5.808,57.3927],[-5.806,57.3913],[-5.807,57.3927],[-5.8122,57.4002],[-5.8075,57.3989],[-5.8147,57.4038],[-5.8234,57.4163],[-5.8209,57.4238],[-5.8061,57.439],[-5.8286,57.4406],[-5.8297,57.4414],[-5.8544,57.4433],[-5.8729,57.4741],[-5.8389,57.5716],[-5.8363,57.579],[-5.8291,57.5782],[-5.824,57.5767],[-5.8228,57.5775],[-5.8203,57.5773],[-5.8116,57.5856],[-5.7908,57.573],[-5.7683,57.5594],[-5.7434,57.554],[-5.7427,57.544],[-5.7418,57.5442],[-5.7417,57.5432],[-5.7272,57.5476],[-5.7066,57.5397],[-5.717,57.5518],[-5.7089,57.5563],[-5.7079,57.5542],[-5.6991,57.5324],[-5.6981,57.532],[-5.6973,57.53],[-5.6921,57.5293],[-5.655,57.5129],[-5.6496,57.5089],[-5.6502,57.5116],[-5.6558,57.5456],[-5.6216,57.5211],[-5.6231,57.5323],[-5.5807,57.5347],[-5.574,57.5294],[-5.5773,57.5363],[-5.5625,57.532],[-5.562,57.5386],[-5.5349,57.5312],[-5.5238,57.5439],[-5.5338,57.5522],[-5.5901,57.5565],[-5.6343,57.5555],[-5.6685,57.5456],[-5.6703,57.5532],[-5.6791,57.556],[-5.7038,57.564],[-5.7015,57.5707],[-5.6815,57.5676],[-5.6854,57.5762],[-5.6858,57.5769],[-5.7276,57.5854],[-5.7331,57.6064],[-5.7556,57.6236],[-5.7633,57.6265],[-5.784,57.6358],[-5.7886,57.6362],[-5.8001,57.6406],[-5.8187,57.6393],[-5.8186,57.6395],[-5.7868,57.6837],[-5.7892,57.6974],[-5.738,57.7083],[-5.7295,57.7008],[-5.7309,57.6985],[-5.7074,57.6994],[-5.7033,57.6977],[-5.6839,57.6891],[-5.6843,57.6899],[-5.682,57.689],[-5.6878,57.6991],[-5.6717,57.7014],[-5.6751,57.7133],[-5.6935,57.7117],[-5.6858,57.7177],[-5.6964,57.7301],[-5.6968,57.7302],[-5.7598,57.7314],[-5.8129,57.7499],[-5.8122,57.7522],[-5.8011,57.7934],[-5.8079,57.8238],[-5.8138,57.8554],[-5.8107,57.8584],[-5.7899,57.8598],[-5.779,57.8588],[-5.7611,57.8702],[-5.7605,57.8702],[-5.74,57.866],[-5.7261,57.868],[-5.7109,57.867],[-5.684,57.8653],[-5.6835,57.8651],[-5.6926,57.8438],[-5.6917,57.8437],[-5.6917,57.8437],[-5.6829,57.8378],[-5.685,57.8345],[-5.6763,57.8334],[-5.6621,57.8239],[-5.6614,57.8227],[-5.6688,57.8001],[-5.6229,57.7678],[-5.6035,57.7651],[-5.5963,57.7732],[-5.6221,57.7898],[-5.6084,57.7962],[-5.6064,57.7916],[-5.6047,57.787],[-5.5829,57.79],[-5.5794,57.7904],[-5.5794,57.7904],[-5.5791,57.7905],[-5.5805,57.7988],[-5.5977,57.8019],[-5.5819,57.8361],[-5.605,57.8506],[-5.6424,57.856],[-5.6558,57.8786],[-5.6555,57.8788],[-5.6432,57.883],[-5.6473,57.8849],[-5.6469,57.8852],[-5.653,57.8877],[-5.6559,57.889],[-5.6521,57.8941],[-5.6206,57.9226],[-5.6184,57.9243],[-5.5814,57.9196],[-5.5777,57.9103],[-5.5667,57.9172],[-5.5642,57.9179],[-5.5607,57.9165],[-5.5562,57.9076],[-5.5604,57.9026],[-5.5526,57.9004],[-5.5444,57.8841],[-5.5406,57.8696],[-5.5366,57.8686],[-5.5362,57.8679],[-5.5233,57.8652],[-5.4881,57.8561],[-5.4545,57.8509],[-5.4553,57.8564],[-5.4549,57.8565],[-5.4554,57.857],[-5.4567,57.8651],[-5.454,57.867],[-5.441,57.874],[-5.4392,57.8773],[-5.4311,57.883],[-5.4352,57.8848],[-5.4223,57.9091],[-5.3761,57.8944],[-5.3649,57.8909],[-5.3474,57.8852],[-5.3254,57.8658],[-5.2316,57.8471],[-5.2475,57.8671],[-5.3111,57.8788],[-5.3401,57.9065],[-5.3936,57.9124],[-5.394,57.9126],[-5.4043,57.9312],[-5.3794,57.9301],[-5.372,57.9297],[-5.3716,57.9301],[-5.3713,57.9301],[-5.3708,57.9307],[-5.3623,57.9377],[-5.34,57.9222],[-5.3304,57.9143],[-5.3092,57.9118],[-5.2987,57.9105],[-5.2984,57.9105],[-5.2973,57.9104],[-5.2397,57.9176],[-5.2424,57.9128],[-5.224,57.9102],[-5.1512,57.8756],[-5.1271,57.8749],[-5.0861,57.8299],[-5.0713,57.8272],[-5.1005,57.8701],[-5.1328,57.88],[-5.1523,57.896],[-5.1656,57.8927],[-5.1875,57.9048],[-5.1665,57.9016],[-5.2235,57.9249],[-5.2214,57.9257],[-5.1795,57.941],[-5.1763,57.9495],[-5.1739,57.9561],[-5.1846,57.9493],[-5.1925,57.9443],[-5.1924,57.9491],[-5.1922,57.9575],[-5.2255,57.958],[-5.2461,57.9709],[-5.3108,57.979],[-5.3098,57.9824],[-5.3076,57.9885],[-5.3307,58.0067],[-5.3553,58.0067],[-5.3473,58.0135],[-5.357,58.0264],[-5.361,58.0268],[-5.3624,58.0281],[-5.4157,58.0325],[-5.4202,58.033],[-5.4198,58.034],[-5.4125,58.0528],[-5.444,58.0621],[-5.4579,58.077],[-5.4465,58.08],[-5.4461,58.0977],[-5.4362,58.1022],[-5.4267,58.1059],[-5.3949,58.0931],[-5.3806,58.0874],[-5.357,58.0577],[-5.3527,58.0749],[-5.3405,58.0801],[-5.3393,58.0803],[-5.3239,58.0679],[-5.3006,58.0642],[-5.2996,58.0654],[-5.2822,58.0738],[-5.2822,58.0738],[-5.2792,58.0737],[-5.2863,58.081],[-5.2875,58.0831],[-5.275,58.0844],[-5.2752,58.0847],[-5.2772,58.097],[-5.2667,58.1018],[-5.2745,58.1109],[-5.2858,58.1078],[-5.2843,58.1093],[-5.279,58.1142],[-5.2792,58.1143],[-5.2789,58.1146],[-5.3029,58.1197],[-5.2983,58.1199],[-5.2622,58.1211],[-5.2622,58.1211],[-5.2622,58.1211],[-5.2632,58.1215],[-5.275,58.1268],[-5.2981,58.137],[-5.2695,58.1375],[-5.2583,58.1375],[-5.2521,58.1475],[-5.2449,58.1476],[-5.2395,58.1466],[-5.2376,58.1555],[-5.2694,58.1476],[-5.3096,58.155],[-5.2802,58.1664],[-5.2788,58.167],[-5.2788,58.167],[-5.2788,58.167],[-5.31,58.1623],[-5.318,58.1699],[-5.3041,58.1757],[-5.3059,58.176],[-5.3055,58.1762],[-5.3176,58.1781],[-5.3322,58.1806],[-5.3617,58.2179],[-5.4042,58.2356],[-5.4037,58.2369],[-5.376,58.2642],[-5.3677,58.2512],[-5.3374,58.2517],[-5.3377,58.2511],[-5.3435,58.2428],[-5.3188,58.2391],[-5.3179,58.2381],[-5.3168,58.2359],[-5.317,58.2359],[-5.3167,58.2358],[-5.3105,58.2242],[-5.304,58.227],[-5.2427,58.2498],[-5.2477,58.2508],[-5.2414,58.2518],[-5.2417,58.2494],[-5.2411,58.2518],[-5.232,58.2531],[-5.2292,58.2452],[-5.22,58.254],[-5.2051,58.2474],[-5.2036,58.2465],[-5.1811,58.2511],[-5.1759,58.247],[-5.174,58.2455],[-5.1732,58.2418],[-5.1733,58.2416],[-5.1704,58.24],[-5.1588,58.233],[-5.1617,58.2354],[-5.1585,58.2336],[-5.1721,58.2441],[-5.1655,58.2584],[-5.1541,58.2527],[-5.1525,58.2537],[-5.1517,58.2533],[-5.1287,58.2586],[-5.12,58.2474],[-5.1237,58.2542],[-5.126,58.2592],[-5.1271,58.259],[-5.1289,58.2598],[-5.1314,58.2632],[-5.1091,58.2701],[-5.0917,58.2624],[-5.0563,58.2466],[-5.0559,58.2466],[-5.0544,58.246],[-5.0537,58.2469],[-5.0267,58.25],[-5.0238,58.2498],[-5.0256,58.2502],[-5.0209,58.2576],[-5.0075,58.2549],[-4.9982,58.239],[-4.939,58.217],[-4.9503,58.232],[-4.995,58.2509],[-4.9206,58.2559],[-5.0091,58.2639],[-5.0318,58.2622],[-5.0219,58.2587],[-5.0307,58.2552],[-5.0545,58.2572],[-5.0609,58.2588],[-5.1078,58.2742],[-5.109,58.2747],[-5.108,58.2833],[-5.1232,58.2803],[-5.1229,58.282],[-5.1343,58.2779],[-5.1343,58.2779],[-5.1328,58.2855],[-5.1265,58.2846],[-5.1229,58.2823],[-5.1226,58.284],[-5.12,58.2836],[-5.1206,58.2938],[-5.1207,58.2938],[-5.1207,58.2939],[-5.1395,58.2913],[-5.1375,58.2942],[-5.1343,58.2982],[-5.1447,58.3014],[-5.1471,58.3022],[-5.1283,58.3102],[-5.1273,58.3106],[-5.1405,58.3114],[-5.1467,58.3119],[-5.1275,58.3199],[-5.1431,58.3275],[-5.1445,58.3263],[-5.1464,58.3271],[-5.159,58.3205],[-5.1694,58.3219],[-5.1696,58.322],[-5.1581,58.3346],[-5.1589,58.3351],[-5.1587,58.3353],[-5.1595,58.3355],[-5.1751,58.3459],[-5.1747,58.3506],[-5.1823,58.3507],[-5.1829,58.3511],[-5.1546,58.3529],[-5.1759,58.362],[-5.1445,58.3853],[-5.146,58.3879],[-5.1456,58.388],[-5.146,58.3881],[-5.1533,58.4008],[-5.142,58.412],[-5.1322,58.4062],[-5.1163,58.3959],[-5.0899,58.394],[-5.0939,58.3885],[-5.0875,58.3908],[-5.078,58.3928],[-5.0752,58.3874],[-5.0693,58.3887],[-5.0669,58.3843],[-5.068,58.382],[-5.0596,58.3817],[-5.0391,58.3792],[-5.0453,58.3733],[-5.0198,58.3765],[-5.0211,58.377],[-5.0196,58.3768],[-5.037,58.3833],[-5.0445,58.3862],[-5.0322,58.3928],[-5.0624,58.3975],[-5.0629,58.3976],[-5.0541,58.4044],[-5.0661,58.4029],[-5.0708,58.4024],[-5.0524,58.4114],[-5.0517,58.4114],[-5.0325,58.4098],[-5.0401,58.4109],[-5.0312,58.4105],[-5.0666,58.4148],[-5.0667,58.4144],[-5.0686,58.4085],[-5.0826,58.4075],[-5.0908,58.4069],[-5.0933,58.4068],[-5.1002,58.409],[-5.1107,58.4134],[-5.0832,58.4148],[-5.0724,58.4154],[-5.0836,58.4186],[-5.0921,58.4211],[-5.0921,58.4211],[-5.0921,58.4211],[-5.1157,58.4279],[-5.1028,58.4386],[-5.0852,58.4376],[-5.083,58.4375],[-5.0848,58.4378],[-5.1003,58.4406],[-5.0873,58.4461],[-5.086,58.446],[-5.0651,58.446],[-5.0775,58.4509],[-5.0771,58.451],[-5.0459,58.4497],[-5.0319,58.4487],[-4.9939,58.4234],[-5.0012,58.4361],[-4.991,58.4403],[-5.0157,58.4451],[-5.0166,58.4523],[-5.0771,58.457],[-5.0607,58.4623],[-5.0562,58.4636],[-5.0566,58.4637],[-5.0558,58.4639],[-5.0864,58.4692],[-5.0831,58.4768],[-5.0888,58.4786],[-5.1018,58.4827],[-5.1149,58.4786],[-5.1258,58.4891],[-5.1254,58.49],[-5.1134,58.5218],[-5.0938,58.5351],[-5.0912,58.5369],[-5.0862,58.5374],[-5.0722,58.5365],[-5.0655,58.5394],[-5.0509,58.5408],[-5.014,58.5777],[-5.0153,58.5792],[-5.0134,58.59],[-5.0107,58.5911],[-5.007,58.6257],[-5.0035,58.6247],[-4.9562,58.6105],[-4.9549,58.611],[-4.946,58.6085],[-4.9362,58.6169],[-4.9289,58.6167],[-4.9281,58.6166],[-4.9281,58.6167],[-4.8764,58.615],[-4.8489,58.5994],[-4.8249,58.5967],[-4.8217,58.5721],[-4.8222,58.572],[-4.8214,58.5697],[-4.8205,58.5626],[-4.8191,58.5627],[-4.8189,58.5623],[-4.8101,58.5563],[-4.8047,58.5542],[-4.7928,58.5499],[-4.786,58.5477],[-4.8312,58.5225],[-4.8023,58.5342],[-4.8128,58.5108],[-4.7797,58.5506],[-4.7917,58.5523],[-4.8084,58.5584],[-4.8126,58.5633],[-4.8057,58.5639],[-4.7967,58.5763],[-4.7657,58.5806],[-4.7918,58.6008],[-4.7681,58.6052],[-4.7668,58.5904],[-4.7542,58.5871],[-4.7425,58.5841],[-4.7391,58.5764],[-4.736,58.5686],[-4.7358,58.5686],[-4.7348,58.5664],[-4.7179,58.5703],[-4.7032,58.5562],[-4.6635,58.5524],[-4.6548,58.5513],[-4.6641,58.5486],[-4.6534,58.5328],[-4.7071,58.4996],[-4.7123,58.4963],[-4.7104,58.497],[-4.7117,58.4962],[-4.7571,58.4488],[-4.7363,58.4496],[-4.7246,58.4654],[-4.6644,58.4827],[-4.6697,58.4976],[-4.6425,58.5204],[-4.6423,58.5204],[-4.6182,58.5237],[-4.618,58.5231],[-4.6205,58.5095],[-4.616,58.5139],[-4.6158,58.5132],[-4.5933,58.5347],[-4.5946,58.537],[-4.5987,58.5636],[-4.5917,58.5743],[-4.585,58.5778],[-4.5404,58.5785],[-4.5094,58.5774],[-4.497,58.5737],[-4.4923,58.5681],[-4.4575,58.5618],[-4.4569,58.5616],[-4.456,58.5517],[-4.4557,58.5475],[-4.4368,58.5562],[-4.4341,58.5548],[-4.4343,58.5548],[-4.4342,58.5545],[-4.4339,58.5547],[-4.4241,58.5497],[-4.4302,58.5296],[-4.4205,58.5259],[-4.4204,58.5249],[-4.4193,58.5255],[-4.4092,58.5217],[-4.4393,58.5049],[-4.455,58.4962],[-4.4501,58.4971],[-4.4556,58.4938],[-4.46,58.4731],[-4.4518,58.4839],[-4.4441,58.475],[-4.4787,58.4528],[-4.4595,58.4615],[-4.4838,58.4469],[-4.4731,58.4484],[-4.4761,58.44],[-4.4463,58.4727],[-4.435,58.4784],[-4.4231,58.4742],[-4.4296,58.4811],[-4.4429,58.4758],[-4.4505,58.4922],[-4.443,58.4859],[-4.4399,58.4914],[-4.4268,58.4888],[-4.45,58.4952],[-4.4355,58.4938],[-4.4346,58.4941],[-4.4193,58.495],[-4.411,58.5006],[-4.4105,58.5008],[-4.4108,58.5008],[-4.4031,58.506],[-4.3839,58.5096],[-4.3521,58.5374],[-4.3311,58.5404],[-4.3161,58.5417],[-4.3161,58.5416],[-4.3153,58.5416],[-4.3155,58.5417],[-4.2993,58.5431],[-4.2705,58.5374],[-4.268,58.5352],[-4.2662,58.5179],[-4.2654,58.5266],[-4.2361,58.5264],[-4.2225,58.5089],[-4.2116,58.4949],[-4.2212,58.5089],[-4.2405,58.537],[-4.2404,58.5373],[-4.2133,58.53],[-4.2138,58.5414],[-4.2097,58.5418],[-4.212,58.5516],[-4.2084,58.552],[-4.1867,58.5458],[-4.1763,58.5408],[-4.1566,58.548],[-4.1529,58.5633],[-4.1328,58.562],[-4.1325,58.5624],[-4.1319,58.5623],[-4.1288,58.5664],[-4.1272,58.5681],[-4.1268,58.5679],[-4.127,58.5683],[-4.1261,58.5694],[-4.094,58.5567],[-4.0904,58.5594],[-4.0812,58.5567],[-4.0735,58.5505],[-4.0729,58.5544],[-4.072,58.5541],[-4.0714,58.5627],[-4.0646,58.5653],[-4.0475,58.572],[-4.0435,58.5911],[-4.0255,58.5909],[-4.019,58.6017],[-4.0185,58.6005],[-4.0044,58.5635],[-3.9576,58.5742],[-3.9571,58.5743],[-3.9449,58.568],[-3.9446,58.5678],[-3.9445,58.5678],[-3.943,58.5671],[-3.9331,58.5732],[-3.9314,58.572],[-3.9209,58.5601],[-3.9115,58.5592],[-3.9109,58.5568],[-3.9004,58.5377],[-3.9069,58.5588],[-3.909,58.559],[-3.9054,58.5632],[-3.8995,58.566],[-3.859,58.5628],[-3.8008,58.5736],[-3.8006,58.5735],[-3.78,58.5629],[-3.7765,58.568],[-3.7408,58.5874],[-3.7222,58.5951],[-3.699,58.6048],[-3.6961,58.6057],[-3.674,58.6065],[-3.6737,58.6064],[-3.6736,58.6065],[-3.6727,58.6065],[-3.6621,58.616],[-3.6558,58.6213],[-3.6345,58.6158],[-3.6332,58.6152],[-3.6326,58.6153],[-3.6309,58.6148],[-3.5359,58.623],[-3.5376,58.6211],[-3.5521,58.6083],[-3.5252,58.5969],[-3.513,58.5993],[-3.5269,58.5876],[-3.5022,58.6034],[-3.4626,58.6122],[-3.4167,58.604],[-3.3718,58.5945],[-3.3708,58.5957],[-3.3684,58.5952],[-3.3525,58.6015],[-3.3494,58.619],[-3.3794,58.629],[-3.4136,58.6404],[-3.408,58.6587],[-3.381,58.6703],[-3.3768,58.6722],[-3.356,58.6649],[-3.3445,58.6467],[-3.31,58.643],[-3.2775,58.6533],[-3.2266,58.6497],[-3.2046,58.656],[-3.2047,58.6557],[-3.2034,58.6559],[-3.2042,58.6561],[-3.1899,58.6601],[-3.1762,58.6504],[-3.1613,58.638],[-3.1591,58.6383],[-3.1576,58.6373],[-3.1,58.6467],[-3.0485,58.645],[-3.0252,58.6438],[-3.0347,58.6192],[-3.0428,58.5981],[-3.0723,58.5921],[-3.06,58.5813],[-3.0678,58.5642],[-3.1258,58.5274],[-3.1271,58.5232],[-3.1277,58.5213],[-3.1294,58.5201],[-3.1288,58.5178],[-3.134,58.5009],[-3.1514,58.5135],[-3.1202,58.4837],[-3.1193,58.4801],[-3.1144,58.4782],[-3.112,58.4759],[-3.1089,58.476],[-3.1041,58.4741],[-3.0789,58.4768],[-3.0503,58.4775],[-3.0491,58.4757],[-3.0606,58.4418],[-3.1228,58.4488],[-3.0818,58.4409],[-3.0704,58.4322],[-3.0837,58.4204],[-3.0868,58.4183],[-3.1079,58.3712],[-3.1559,58.3433],[-3.1968,58.3194],[-3.1965,58.3197],[-3.1983,58.3193],[-3.198,58.3187],[-3.2207,58.3054],[-3.2655,58.3006],[-3.2911,58.2978],[-3.2974,58.2893],[-3.3656,58.274],[-3.3816,58.2705],[-3.3864,58.2669],[-3.4241,58.2462],[-3.4281,58.2466],[-3.5063,58.1737],[-3.5084,58.1718],[-3.5097,58.1712],[-3.6126,58.1316],[-3.6224,58.1231],[-3.6379,58.1164],[-3.6434,58.1154],[-3.6587,58.1201],[-3.6512,58.1142],[-3.652,58.1138],[-3.6584,58.1126],[-3.7161,58.0825],[-3.7454,58.0682],[-3.8043,58.0571],[-3.8333,58.0389],[-3.8476,58.0066],[-3.8716,57.9964],[-3.9661,57.973],[-3.9833,57.9696],[-4.0038,57.9347],[-4.0282,57.9345],[-4.0299,57.9344],[-4.0283,57.9359],[-4.0087,57.9536],[-4.029,57.9485],[-4.0468,57.9441],[-4.0545,57.9546],[-4.0819,57.9513],[-4.069,57.9368],[-4.0333,57.9269],[-4.0278,57.9272],[-4.0047,57.9285],[-4.0095,57.9324],[-4.0014,57.9264],[-3.9922,57.9031],[-4.0131,57.8907],[-4.0114,57.8593],[-4.0242,57.8635],[-4.0368,57.8675],[-4.0729,57.8672],[-4.1117,57.8485],[-4.1211,57.8557],[-4.1411,57.8554],[-4.1442,57.8562],[-4.1345,57.8592],[-4.1353,57.8702],[-4.1611,57.8603],[-4.1666,57.8617],[-4.1751,57.8683],[-4.2106,57.8725],[-4.2124,57.873],[-4.2131,57.8728],[-4.2325,57.8751],[-4.2716,57.8697],[-4.2711,57.8618],[-4.2732,57.8614],[-4.2894,57.862],[-4.2954,57.8642],[-4.3443,57.8875],[-4.3208,57.8739],[-4.337,57.88],[-4.3055,57.8649],[-4.3002,57.8618],[-4.297,57.8519],[-4.2671,57.855],[-4.2621,57.8545],[-4.1938,57.8626],[-4.1638,57.8337],[-4.1193,57.8292],[-4.1387,57.844],[-4.1387,57.844],[-4.1128,57.8342],[-4.1106,57.8397],[-4.1098,57.8395],[-4.1089,57.8349],[-4.099,57.8372],[-4.099,57.8372],[-4.0482,57.8165],[-4.0481,57.8153],[-4.0373,57.8121],[-4.0465,57.8159],[-4.0221,57.8245],[-3.9609,57.8459],[-3.907,57.8313],[-3.8936,57.8251],[-3.9097,57.8301],[-3.9474,57.8135],[-3.9591,57.8168],[-3.9522,57.8123],[-3.9091,57.8227],[-3.8592,57.8245],[-3.8284,57.8354],[-3.813,57.8602],[-3.7845,57.8649],[-3.7721,57.8669],[-3.7933,57.8365],[-3.8527,57.796],[-3.9163,57.7526],[-3.975,57.6947],[-3.9827,57.6945],[-4.0148,57.695],[-4.0359,57.6953],[-4.0363,57.6968],[-4.0162,57.7199],[-4.0078,57.7296],[-4.0095,57.7423],[-4.0173,57.7398],[-4.05,57.7294],[-4.0731,57.7323],[-4.1672,57.6854],[-4.1688,57.6853],[-4.1829,57.688],[-4.1822,57.689],[-4.1986,57.691],[-4.2074,57.6927],[-4.2394,57.688],[-4.2381,57.6804],[-4.2394,57.68],[-4.2889,57.6812],[-4.3011,57.6676],[-4.2838,57.6652],[-4.2842,57.6647],[-4.299,57.6651],[-4.305,57.6565],[-4.3379,57.6501],[-4.347,57.6423],[-4.3474,57.642],[-4.3809,57.6218],[-4.3825,57.6194],[-4.413,57.6069],[-4.4156,57.6058],[-4.4079,57.5931],[-4.4068,57.5927],[-4.3966,57.5974],[-4.3997,57.5926],[-4.3949,57.5982],[-4.3742,57.6076],[-4.3456,57.6207],[-4.3416,57.6225],[-4.2329,57.6676],[-4.1657,57.6759],[-4.1653,57.6569],[-4.1278,57.6591],[-4.0857,57.6648],[-4.0363,57.6838],[-4.014,57.6799],[-3.9946,57.6765],[-4.0482,57.6416],[-4.094,57.6126],[-4.102,57.6075],[-4.1129,57.5901],[-4.0913,57.5741],[-4.1329,57.5783],[-4.1364,57.5772],[-4.1405,57.5775],[-4.1744,57.5662],[-4.1879,57.5461],[-4.2279,57.5066],[-4.2344,57.5008],[-4.3384,57.5084],[-4.383,57.5116],[-4.3563,57.503],[-4.3715,57.503],[-4.3733,57.4975],[-4.3879,57.5042],[-4.3961,57.4994],[-4.3593,57.4947],[-4.3725,57.4928],[-4.3432,57.4944],[-4.3362,57.4914],[-4.3728,57.4856],[-4.3255,57.4925],[-4.3494,57.4869],[-4.3004,57.4849],[-4.2887,57.4812],[-4.2429,57.494],[-4.2374,57.4954],[-4.2281,57.4692],[-4.2343,57.4957],[-4.1783,57.4853],[-4.1483,57.5017],[-4.1474,57.5184],[-4.1128,57.5161],[-4.1024,57.5351],[-4.0407,57.5601],[-4.0474,57.5768],[-4.0763,57.5826],[-4.0583,57.5909],[-4.0169,57.5926],[-4.0125,57.601],[-4.011,57.6007],[-4.0096,57.6003],[-3.9635,57.5867],[-3.9908,57.5972],[-3.9451,57.5891],[-3.931,57.5859],[-3.8874,57.5895],[-3.8702,57.5906],[-3.869,57.5911],[-3.8606,57.5918],[-3.86,57.5923],[-3.8289,57.606],[-3.8241,57.6097],[-3.7915,57.6232],[-3.7629,57.6305],[-3.7388,57.5982],[-3.7487,57.5909],[-3.7123,57.5672],[-3.7297,57.561],[-3.7118,57.5341],[-3.7223,57.5286],[-3.6909,57.5202],[-3.7053,57.5123],[-3.6827,57.4898],[-3.7006,57.4362],[-3.6599,57.4282],[-3.6178,57.4354],[-3.6099,57.4474],[-3.5663,57.4469],[-3.5028,57.4607],[-3.4708,57.4333],[-3.4332,57.421],[-3.4128,57.4236],[-3.3857,57.3888],[-3.3988,57.3829],[-3.3946,57.3711],[-3.4939,57.3047],[-3.4938,57.2961],[-3.4492,57.2809],[-3.4613,57.2724],[-3.4476,57.2564],[-3.4638,57.2389],[-3.4297,57.2233],[-3.4468,57.2121],[-3.4321,57.2042],[-3.4523,57.1769],[-3.4877,57.1775],[-3.5159,57.1653],[-3.5361,57.1672],[-3.5604,57.1411],[-3.5833,57.1362],[-3.6164,57.1127],[-3.6547,57.1159],[-3.6837,57.0952],[-3.7149,57.079],[-3.7497,57.0763],[-3.7581,57.0693],[-3.7471,57.0577],[-3.7324,57.0567],[-3.7574,57.0378],[-3.7444,57.0167],[-3.7482,56.9931],[-3.7604,56.9744],[-3.7878,56.9632],[-3.8016,56.9359],[-3.8243,56.9384],[-3.8548,56.9228],[-3.8947,56.9228],[-3.9003,56.9318],[-3.9364,56.9354],[-3.9386,56.9486],[-3.9507,56.9471],[-3.9694,56.9294],[-3.9678,56.8993],[-3.9994,56.8903],[-4.0115,56.898],[-4.0229,56.8888],[-4.0348,56.9015],[-4.0409,56.8962],[-4.1115,56.8947],[-4.1683,56.9047],[-4.1745,56.9117],[-4.2055,56.8844],[-4.1919,56.8775],[-4.1994,56.8704],[-4.217,56.869],[-4.2277,56.8576],[-4.304,56.8514],[-4.3297,56.837],[-4.3305,56.8239],[-4.3433,56.8213],[-4.3743,56.8323],[-4.4418,56.7738],[-4.4691,56.7779],[-4.5205,56.8053],[-4.5497,56.7819],[-4.5468,56.7724],[-4.5899,56.7599],[-4.576,56.7348],[-4.6059,56.708],[-4.5912,56.7045],[-4.592,56.6932],[-4.6576,56.6747],[-4.7175,56.6766],[-4.7154,56.6423],[-4.6641,56.6398],[-4.6298,56.655],[-4.6183,56.6378],[-4.6368,56.625],[-4.6264,56.6156],[-4.6866,56.6006],[-4.7022,56.6056],[-4.7262,56.5878],[-4.7794,56.5878],[-4.8011,56.5736],[-4.83,56.5692],[-4.8386,56.5738],[-4.8785,56.566],[-4.9475,56.5757],[-4.9515,56.5637],[-4.9711,56.5546],[-4.9851,56.5565],[-4.9943,56.5421],[-5.0519,56.5362],[-5.0617,56.5271],[-5.096,56.5285],[-5.0655,56.5639],[-5.0975,56.5357],[-5.1145,56.548],[-5.0997,56.5553],[-5.0954,56.5739],[-5.1089,56.5875],[-5.0867,56.5962],[-5.08,56.6095],[-5.1188,56.6166],[-5.1531,56.6128],[-5.153,56.6267],[-5.2138,56.6319],[-5.2165,56.6022],[-5.2497,56.5922],[-5.2747,56.6007],[-5.2974,56.598],[-5.325,56.6207],[-5.325,56.6207],[-5.2959,56.6389],[-5.2983,56.643],[-5.2977,56.6435],[-5.2987,56.6436],[-5.3009,56.6473],[-5.3264,56.6471],[-5.3174,56.6534],[-5.2774,56.6699],[-5.2753,56.67],[-5.253,56.6669],[-5.2525,56.6655],[-5.2238,56.6861],[-5.1862,56.6888],[-5.1468,56.6771],[-5.1163,56.6809],[-5.1063,56.6919],[-5.0511,56.7049],[-4.9695,56.7146],[-5.0129,56.714],[-5.1626,56.6849],[-5.168,56.6926],[-5.1857,56.6919],[-5.1855,56.6999],[-5.2474,56.703],[-5.2291,56.7294],[-5.215,56.7404],[-5.1122,56.8188],[-5.1121,56.8204],[-5.1089,56.8228],[-5.0845,56.8326],[-5.0983,56.8347],[-5.1021,56.8266],[-5.1111,56.8391],[-5.1185,56.8391],[-5.1249,56.8422],[-5.1468,56.8386],[-5.1573,56.8417],[-5.1921,56.8547],[-5.3284,56.8583],[-5.306,56.8478],[-5.246,56.8425],[-5.1799,56.8466],[-5.1583,56.8404],[-5.1523,56.8377],[-5.143,56.8366],[-5.1329,56.8364],[-5.1238,56.8341],[-5.1236,56.829],[-5.1348,56.8185],[-5.2139,56.768],[-5.2183,56.7656],[-5.2403,56.7668],[-5.2336,56.756],[-5.2534,56.7343],[-5.2565,56.732],[-5.2427,56.7204],[-5.2694,56.7136],[-5.2741,56.7124],[-5.2841,56.7006],[-5.2884,56.7102],[-5.2979,56.7122],[-5.298,56.7125],[-5.3064,56.714],[-5.2983,56.7123],[-5.3048,56.708],[-5.3081,56.7078],[-5.3273,56.6949],[-5.35,56.6866],[-5.3608,56.6826],[-5.3556,56.6757],[-5.3851,56.6558],[-5.3988,56.6469],[-5.4342,56.6428],[-5.4703,56.6153],[-5.484,56.6174],[-5.4883,56.6102],[-5.4907,56.6105],[-5.5189,56.6166],[-5.5143,56.6141],[-5.5285,56.6162],[-5.5075,56.6105],[-5.4949,56.6038],[-5.5269,56.5734],[-5.5521,56.5512],[-5.5734,56.5394],[-5.6841,56.4974],[-5.6956,56.5123],[-5.7456,56.5251],[-5.7548,56.5189],[-5.7647,56.5268],[-5.7714,56.5325],[-5.7405,56.5622],[-5.7481,56.5648],[-5.7483,56.5647],[-5.7482,56.5648],[-5.7487,56.5643],[-5.7841,56.5328],[-5.8831,56.5478],[-5.9046,56.5512],[-5.9067,56.5523],[-5.9596,56.5824],[-5.9783,56.6104],[-6.001,56.6198],[-6.0045,56.6455],[-5.9359,56.6541],[-5.9236,56.6523],[-5.9093,56.6574],[-5.9096,56.6574],[-5.9063,56.6578],[-5.8915,56.6394],[-5.8832,56.6404],[-5.847,56.6283],[-5.8307,56.6212],[-5.8274,56.6281],[-5.8387,56.6313],[-5.8412,56.6346],[-5.8689,56.6425],[-5.8766,56.6501],[-5.8766,56.6537],[-5.8505,56.6597],[-5.8398,56.6606],[-5.8323,56.6639],[-5.8191,56.6669],[-5.8055,56.6735],[-5.7468,56.7017],[-5.7471,56.7018],[-5.7468,56.7019],[-5.7211,56.6968],[-5.7042,56.6822],[-5.6873,56.6847],[-5.6596,56.6766],[-5.5446,56.6878],[-5.616,56.6891],[-5.664,56.6801],[-5.718,56.7099]]],[[[-3.1056,58.6715],[-3.1387,58.667],[-3.1157,58.6964],[-3.1006,58.6846],[-3.1056,58.6715]]]]}},{"type":"Feature","properties":{"name":"Inverclyde","slug":"inverclyde","code":"S12000018"},"geometry":{"type":"Polygon","coordinates":[[[-4.6164,55.9304],[-4.635,55.9137],[-4.6132,55.906],[-4.6192,55.889],[-4.5991,55.8797],[-4.6104,55.8691],[-4.5973,55.8624],[-4.6228,55.8616],[-4.623,55.8498],[-4.6433,55.8391],[-4.7012,55.8409],[-4.7294,55.8533],[-4.7509,55.8498],[-4.7942,55.8722],[-4.7997,55.8926],[-4.8442,55.8753],[-4.8884,55.8747],[-4.8884,55.8748],[-4.8927,55.8817],[-4.8962,55.8929],[-4.8808,55.9034],[-4.8714,55.9099],[-4.8817,55.9148],[-4.8824,55.9151],[-4.882,55.9184],[-4.8791,55.9392],[-4.8785,55.9426],[-4.8178,55.9629],[-4.8114,55.9602],[-4.8063,55.958],[-4.8062,55.9581],[-4.8032,55.9568],[-4.7987,55.9626],[-4.7771,55.9607],[-4.7454,55.9443],[-4.6164,55.9304]]]}},{"type":"Feature","properties":{"name":"Midlothian","slug":"midlothian","code":"S12000019"},"geometry":{"type":"Polygon","coordinates":[[[-2.8462,55.819],[-2.8704,55.8241],[-2.8838,55.8072],[-2.902,55.8092],[-2.929,55.7932],[-2.9411,55.7946],[-2.9516,55.819],[-3.0753,55.7598],[-3.1034,55.7371],[-3.0919,55.7221],[-3.1283,55.7103],[-3.1511,55.7255],[-3.144,55.7401],[-3.1612,55.749],[-3.154,55.7611],[-3.1748,55.772],[-3.1678,55.7795],[-3.181,55.7813],[-3.1851,55.8017],[-3.1956,55.8021],[-3.2143,55.784],[-3.2257,55.787],[-3.2359,55.7791],[-3.2744,55.7753],[-3.2928,55.7806],[-3.2943,55.7963],[-3.3451,55.793],[-3.369,55.8241],[-3.3507,55.8271],[-3.2955,55.8662],[-3.2657,55.8761],[-3.2539,55.8686],[-3.2384,55.8827],[-3.2091,55.8833],[-3.2015,55.8948],[-3.1624,55.8891],[-3.0927,55.8998],[-3.1177,55.9135],[-3.1117,55.9297],[-3.0886,55.9314],[-3.0778,55.9194],[-3.0177,55.9016],[-2.9888,55.9128],[-2.9669,55.9118],[-2.9372,55.8635],[-2.9135,55.8566],[-2.8945,55.8593],[-2.899,55.8508],[-2.8622,55.8399],[-2.8462,55.819]]]}},{"type":"Feature","properties":{"name":"Moray","slug":"moray","code":"S12000020"},"geometry":{"type":"Polygon","coordinates":[[[-2.8015,57.6951],[-2.8032,57.6655],[-2.7724,57.6499],[-2.8106,57.6099],[-2.7923,57.6051],[-2.7757,57.5841],[-2.7473,57.5797],[-2.7495,57.5676],[-2.72,57.5642],[-2.7084,57.5305],[-2.6858,57.539],[-2.6498,57.5296],[-2.6928,57.5164],[-2.6946,57.508],[-2.7083,57.511],[-2.718,57.501],[-2.7419,57.504],[-2.7606,57.5138],[-2.7589,57.5218],[-2.7886,57.5083],[-2.817,57.5199],[-2.821,57.5351],[-2.8335,57.5384],[-2.8663,57.5297],[-2.8859,57.5324],[-2.8864,57.5219],[-2.9196,57.5063],[-2.9167,57.495],[-2.9726,57.4967],[-3.0199,57.4495],[-3.0106,57.4429],[-2.9555,57.4385],[-3.0068,57.4206],[-3.024,57.4052],[-2.9892,57.3987],[-2.9545,57.3778],[-2.9835,57.3633],[-2.9699,57.3514],[-2.9722,57.3281],[-2.9519,57.3182],[-2.9767,57.2989],[-2.9842,57.2777],[-3.0191,57.2617],[-3.0437,57.2787],[-3.0541,57.2751],[-3.0924,57.2843],[-3.1102,57.2771],[-3.1432,57.2779],[-3.1649,57.2622],[-3.2085,57.2561],[-3.2452,57.2196],[-3.2426,57.2021],[-3.2658,57.2032],[-3.2796,57.1902],[-3.3139,57.1923],[-3.3535,57.1782],[-3.3567,57.1667],[-3.3418,57.1564],[-3.3494,57.1481],[-3.3225,57.1304],[-3.3363,57.111],[-3.356,57.1101],[-3.3781,57.0978],[-3.4102,57.0983],[-3.4227,57.1054],[-3.4491,57.0922],[-3.4863,57.0945],[-3.5168,57.0864],[-3.5384,57.0908],[-3.5526,57.0826],[-3.5577,57.0964],[-3.5933,57.084],[-3.6465,57.0883],[-3.6649,57.0684],[-3.6837,57.0952],[-3.6547,57.1159],[-3.6164,57.1127],[-3.5833,57.1362],[-3.5604,57.1411],[-3.5361,57.1672],[-3.5159,57.1653],[-3.4877,57.1775],[-3.4523,57.1769],[-3.4321,57.2042],[-3.4468,57.2121],[-3.4297,57.2233],[-3.4638,57.2389],[-3.4476,57.2564],[-3.4613,57.2724],[-3.4492,57.2809],[-3.4938,57.2961],[-3.4939,57.3047],[-3.3946,57.3711],[-3.3988,57.3829],[-3.3857,57.3888],[-3.4128,57.4236],[-3.4332,57.421],[-3.4708,57.4333],[-3.5028,57.4607],[-3.5663,57.4469],[-3.6099,57.4474],[-3.6178,57.4354],[-3.6599,57.4282],[-3.7006,57.4362],[-3.6827,57.4898],[-3.7053,57.5123],[-3.6909,57.5202],[-3.7223,57.5286],[-3.7118,57.5341],[-3.7297,57.561],[-3.7123,57.5672],[-3.7487,57.5909],[-3.7388,57.5982],[-3.7629,57.6305],[-3.7624,57.6307],[-3.7332,57.6447],[-3.7217,57.6445],[-3.7538,57.6294],[-3.7026,57.6464],[-3.6896,57.6578],[-3.6776,57.6592],[-3.644,57.6632],[-3.6197,57.6553],[-3.6241,57.6446],[-3.6419,57.6416],[-3.6521,57.638],[-3.6414,57.6295],[-3.6418,57.6404],[-3.6393,57.641],[-3.6324,57.6396],[-3.6409,57.6365],[-3.6305,57.6393],[-3.6357,57.6323],[-3.6212,57.6384],[-3.6012,57.6337],[-3.608,57.6271],[-3.5997,57.6338],[-3.5895,57.6308],[-3.583,57.6461],[-3.6243,57.6628],[-3.5889,57.6634],[-3.582,57.6625],[-3.5451,57.6641],[-3.5285,57.6644],[-3.4967,57.6791],[-3.4975,57.7042],[-3.4602,57.7037],[-3.3448,57.7244],[-3.342,57.7249],[-3.2787,57.7244],[-3.2831,57.7177],[-3.2558,57.7048],[-3.2801,57.7186],[-3.2639,57.7139],[-3.2636,57.7136],[-3.227,57.7033],[-3.1741,57.688],[-3.1003,57.6758],[-3.1136,57.6759],[-3.1052,57.6682],[-3.0972,57.6756],[-3.0272,57.6636],[-3.0075,57.6691],[-2.9939,57.6729],[-2.9335,57.6872],[-2.9293,57.6909],[-2.8803,57.7046],[-2.8694,57.7056],[-2.8479,57.7061],[-2.8326,57.6904],[-2.8016,57.6951],[-2.8015,57.6951]]]}},{"type":"Feature","properties":{"name":"North Ayrshire","slug":"north-ayrshire","code":"S12000021"},"geometry":{"type":"MultiPolygon","coordinates":[[[[-5.0718,55.5233],[-5.0638,55.5126],[-5.0867,55.5258],[-5.0837,55.5337],[-5.0823,55.5371],[-5.0718,55.5233]]],[[[-5.2664,55.7211],[-5.2023,55.7027],[-5.1836,55.6918],[-5.1611,55.6789],[-5.1299,55.6136],[-5.1281,55.6099],[-5.1454,55.5959],[-5.1531,55.5902],[-5.153,55.5897],[-5.1603,55.5837],[-5.1512,55.5816],[-5.1512,55.5813],[-5.1348,55.5778],[-5.1087,55.5718],[-5.0829,55.5527],[-5.1286,55.5316],[-5.1251,55.5241],[-5.0793,55.5099],[-5.0948,55.4917],[-5.0836,55.4545],[-5.1124,55.4399],[-5.1379,55.4439],[-5.1543,55.4411],[-5.1583,55.4414],[-5.1641,55.4394],[-5.1966,55.4338],[-5.2514,55.4394],[-5.2612,55.4435],[-5.2631,55.4461],[-5.2932,55.4567],[-5.3132,55.465],[-5.3271,55.498],[-5.3554,55.5067],[-5.3549,55.5115],[-5.349,55.5373],[-5.3376,55.5495],[-5.3909,55.6066],[-5.3953,55.6113],[-5.395,55.6272],[-5.3649,55.6783],[-5.3268,55.689],[-5.3161,55.7059],[-5.2862,55.7023],[-5.2887,55.7057],[-5.2876,55.7057],[-5.2897,55.707],[-5.2943,55.7131],[-5.2933,55.714],[-5.2671,55.721],[-5.2664,55.7211]]],[[[-4.9383,55.7351],[-4.9546,55.7107],[-4.9679,55.7217],[-4.9383,55.7351]]],[[[-4.8936,55.7658],[-4.9017,55.7529],[-4.9139,55.7448],[-4.9139,55.754],[-4.9303,55.7524],[-4.947,55.7433],[-4.9471,55.7438],[-4.9296,55.7845],[-4.9141,55.7898],[-4.9045,55.7929],[-4.8936,55.7658]]],[[[-4.7997,55.8926],[-4.7942,55.8722],[-4.7509,55.8498],[-4.7837,55.8398],[-4.7223,55.8208],[-4.7304,55.811],[-4.7205,55.8051],[-4.6857,55.8037],[-4.6611,55.7597],[-4.6337,55.776],[-4.6308,55.7644],[-4.6165,55.7615],[-4.5746,55.7835],[-4.5509,55.7664],[-4.5299,55.7446],[-4.5792,55.7123],[-4.6107,55.6765],[-4.6383,55.6725],[-4.5968,55.6551],[-4.6038,55.6473],[-4.5936,55.6442],[-4.5719,55.6484],[-4.5465,55.667],[-4.5308,55.6595],[-4.4926,55.6651],[-4.4962,55.6565],[-4.5572,55.6467],[-4.5696,55.6326],[-4.5587,55.6252],[-4.5884,55.6182],[-4.5793,55.6037],[-4.5922,55.5979],[-4.6478,55.5634],[-4.6584,55.5684],[-4.6583,55.5702],[-4.6688,55.5797],[-4.6751,55.5897],[-4.6885,55.5976],[-4.6957,55.6042],[-4.6982,55.6058],[-4.7079,55.609],[-4.7158,55.6137],[-4.7506,55.6243],[-4.7548,55.6337],[-4.776,55.632],[-4.7784,55.6328],[-4.7811,55.6316],[-4.7945,55.6305],[-4.796,55.6313],[-4.7985,55.6388],[-4.8189,55.6398],[-4.8165,55.6416],[-4.8197,55.6447],[-4.8151,55.6479],[-4.8625,55.6841],[-4.8647,55.6849],[-4.9054,55.6991],[-4.903,55.7222],[-4.8848,55.7293],[-4.8898,55.7329],[-4.887,55.7334],[-4.8933,55.7353],[-4.8952,55.7367],[-4.895,55.7367],[-4.8734,55.7303],[-4.8756,55.7462],[-4.8738,55.7471],[-4.8744,55.7488],[-4.8717,55.7485],[-4.8713,55.748],[-4.8707,55.7484],[-4.8694,55.7482],[-4.8573,55.7469],[-4.8557,55.7577],[-4.8564,55.7657],[-4.8552,55.7742],[-4.8575,55.7773],[-4.8576,55.779],[-4.8731,55.799],[-4.8736,55.7996],[-4.8877,55.8179],[-4.8884,55.8747],[-4.8442,55.8753],[-4.7997,55.8926]]]]}},{"type":"Feature","properties":{"name":"Orkney Islands","slug":"orkney-islands","code":"S12000023"},"geometry":{"type":"MultiPolygon","coordinates":[[[[-3.0531,58.7397],[-3.0707,58.7363],[-3.0503,58.752],[-3.0531,58.7397]]],[[[-3.1085,58.8333],[-3.1019,58.8287],[-3.0771,58.8316],[-3.08,58.8141],[-3.101,58.8203],[-3.1016,58.8197],[-3.1022,58.8199],[-3.1036,58.8178],[-3.1071,58.8144],[-3.1389,58.8168],[-3.1427,58.8334],[-3.0699,58.8494],[-3.0677,58.8436],[-3.1136,58.8369],[-3.1092,58.8338],[-3.111,58.8334],[-3.1085,58.8333]]],[[[-3.1555,58.8366],[-3.1624,58.8344],[-3.1762,58.8421],[-3.1805,58.8463],[-3.1778,58.8488],[-3.1647,58.8542],[-3.1582,58.8496],[-3.1511,58.8404],[-3.1555,58.8366]]],[[[-3.1641,58.8737],[-3.1681,58.8723],[-3.1708,58.8763],[-3.1729,58.882],[-3.1733,58.8833],[-3.1703,58.882],[-3.1586,58.8771],[-3.1641,58.8737]]],[[[-2.6642,58.9015],[-2.6829,58.8922],[-2.6839,58.8962],[-2.6836,58.8993],[-2.6642,58.9015]]],[[[-3.2593,58.7869],[-3.2361,58.7834],[-3.2069,58.8015],[-3.1524,58.8066],[-3.1481,58.8052],[-3.1392,58.8015],[-3.1538,58.7867],[-3.1335,58.7865],[-3.1337,58.7861],[-3.1882,58.777],[-3.2314,58.7852],[-3.23,58.7841],[-3.232,58.7844],[-3.2221,58.7777],[-3.2202,58.7761],[-3.2266,58.7733],[-3.2302,58.7718],[-3.2499,58.7816],[-3.297,58.7781],[-3.3221,58.7964],[-3.3285,58.8174],[-3.37,58.8372],[-3.3796,58.868],[-3.3889,58.8687],[-3.408,58.8702],[-3.4342,58.8737],[-3.4305,58.8794],[-3.4027,58.9222],[-3.3912,58.9245],[-3.3537,58.9319],[-3.3266,58.9278],[-3.3233,58.9234],[-3.314,58.906],[-3.3022,58.9057],[-3.2201,58.8808],[-3.2129,58.8781],[-3.2143,58.8771],[-3.2312,58.8701],[-3.2241,58.8694],[-3.2181,58.8655],[-3.2211,58.8609],[-3.1989,58.853],[-3.1983,58.8526],[-3.2149,58.8405],[-3.2105,58.8397],[-3.2111,58.8392],[-3.192,58.8361],[-3.191,58.8359],[-3.191,58.8359],[-3.2055,58.8269],[-3.1695,58.8207],[-3.2035,58.8047],[-3.2415,58.8027],[-3.2448,58.7998],[-3.2465,58.7996],[-3.2496,58.7955],[-3.2593,58.7869]]],[[[-3.295,58.9363],[-3.2827,58.9323],[-3.2728,58.9357],[-3.2669,58.9238],[-3.293,58.9241],[-3.3055,58.9247],[-3.3084,58.9403],[-3.295,58.9363]]],[[[-2.8972,59.0261],[-2.9012,59.019],[-2.9016,59.0195],[-2.9014,59.0258],[-2.8972,59.0261]]],[[[-2.5645,59.0284],[-2.5726,59.025],[-2.5726,59.0254],[-2.5694,59.0356],[-2.5603,59.031],[-2.5645,59.0284]]],[[[-4.5062,59.024],[-4.5069,59.0225],[-4.5071,59.0249],[-4.5062,59.024]]],[[[-2.8022,59.0808],[-2.8017,59.0686],[-2.806,59.0645],[-2.8242,59.047],[-2.8106,59.0336],[-2.8058,59.0285],[-2.8252,59.0193],[-2.8513,59.0249],[-2.8787,59.0325],[-2.8829,59.0317],[-2.9013,59.0357],[-2.9049,59.0332],[-2.9121,59.0293],[-2.9339,59.0304],[-2.9115,59.0638],[-2.9024,59.0773],[-2.8932,59.0639],[-2.8925,59.0628],[-2.8889,59.0616],[-2.8887,59.0614],[-2.888,59.0613],[-2.8623,59.0525],[-2.8701,59.0578],[-2.8673,59.0585],[-2.8564,59.057],[-2.8407,59.0646],[-2.8377,59.0653],[-2.84,59.0768],[-2.8307,59.0794],[-2.8196,59.0793],[-2.8068,59.0862],[-2.8034,59.0871],[-2.8022,59.0808]]],[[[-2.9643,59.0908],[-2.9466,59.0784],[-2.9516,59.0739],[-2.9616,59.0805],[-2.9733,59.0725],[-2.9739,59.0721],[-2.993,59.0864],[-2.9643,59.0908]]],[[[-4.4003,59.0872],[-4.4115,59.083],[-4.4069,59.0876],[-4.4003,59.0872]]],[[[-2.9514,59.1184],[-2.967,59.1108],[-3.0115,59.1133],[-2.9619,59.1271],[-2.9514,59.1184]]],[[[-2.6664,59.1394],[-2.6648,59.1283],[-2.6673,59.1285],[-2.6806,59.1346],[-2.681,59.1352],[-2.6803,59.1354],[-2.6698,59.134],[-2.6676,59.139],[-2.6664,59.1394]]],[[[-3.1111,59.1464],[-3.1179,59.1394],[-3.125,59.1474],[-3.1258,59.1484],[-3.1111,59.1464]]],[[[-2.5832,59.1481],[-2.5996,59.1479],[-2.5872,59.157],[-2.5793,59.1487],[-2.5832,59.1481]]],[[[-3.3567,59.0484],[-3.3346,59.0549],[-3.3457,59.06],[-3.3494,59.0617],[-3.3468,59.0983],[-3.3575,59.1039],[-3.3568,59.1044],[-3.3203,59.1229],[-3.3221,59.1277],[-3.3192,59.1297],[-3.3233,59.1311],[-3.3251,59.136],[-3.3238,59.1362],[-3.3122,59.1355],[-3.2866,59.1415],[-3.1983,59.1541],[-3.1981,59.1541],[-3.1127,59.1234],[-3.1092,59.1234],[-3.0949,59.1185],[-3.0728,59.1233],[-3.0725,59.1224],[-3.0696,59.1136],[-3.0493,59.1063],[-3.0457,59.105],[-3.0461,59.1048],[-3.061,59.0982],[-3.0593,59.0974],[-3.0617,59.0961],[-3.0488,59.0907],[-3.0041,59.0721],[-3.0062,59.0631],[-3.0118,59.0388],[-3.0475,59.046],[-3.0651,59.0496],[-3.0639,59.0482],[-3.0653,59.0485],[-3.0633,59.0475],[-3.0533,59.0362],[-3.0541,59.0347],[-3.061,59.0238],[-3.0703,59.0237],[-3.0807,59.0239],[-3.0924,59.0159],[-3.0956,59.0163],[-3.0977,59.0124],[-3.1014,59.0098],[-3.1241,59.0104],[-3.1241,59.0104],[-3.1241,59.0104],[-3.124,59.0104],[-3.1114,59.0043],[-3.0867,58.9997],[-3.0873,58.9992],[-3.0827,58.999],[-3.0535,58.9935],[-3.0462,59.0023],[-3.0414,59.008],[-3.0401,59.0089],[-3.0069,59.0101],[-2.9604,58.9847],[-2.9604,58.9847],[-2.9604,58.9847],[-2.932,59.0141],[-2.9282,59.0071],[-2.928,59.0063],[-2.9278,59.0063],[-2.9275,59.0059],[-2.9163,59.0075],[-2.9018,59.0089],[-2.9026,59.008],[-2.9116,59.0055],[-2.906,59.004],[-2.9154,58.9929],[-2.9127,58.9927],[-2.9132,58.9922],[-2.9059,58.9922],[-2.891,58.9911],[-2.9084,58.9855],[-2.9194,58.9826],[-2.9192,58.9654],[-2.8884,58.9603],[-2.8875,58.9609],[-2.8859,58.9606],[-2.8712,58.9738],[-2.8561,58.9857],[-2.8389,58.9832],[-2.8255,58.9808],[-2.8018,58.9908],[-2.7927,58.9685],[-2.7919,58.9654],[-2.82,58.9668],[-2.8483,58.9579],[-2.8281,58.9375],[-2.8283,58.9326],[-2.8418,58.9253],[-2.8241,58.9207],[-2.8195,58.9275],[-2.8097,58.9286],[-2.8013,58.9287],[-2.8057,58.9228],[-2.7885,58.9157],[-2.7786,58.927],[-2.7922,58.927],[-2.7863,58.9405],[-2.8035,58.9471],[-2.7247,58.9684],[-2.7079,58.9727],[-2.7192,58.9373],[-2.7119,58.9238],[-2.712,58.922],[-2.748,58.9237],[-2.7621,58.9131],[-2.7792,58.9141],[-2.7851,58.9146],[-2.7852,58.9145],[-2.7859,58.9145],[-2.7926,58.9078],[-2.8295,58.8747],[-2.8444,58.8846],[-2.8554,58.8919],[-2.8841,58.9002],[-2.897,58.8955],[-2.8967,58.8954],[-2.8969,58.8953],[-2.8929,58.8937],[-2.8837,58.8896],[-2.8914,58.8843],[-2.8975,58.88],[-2.9133,58.8695],[-2.9122,58.8697],[-2.913,58.8691],[-2.8853,58.8736],[-2.8864,58.8643],[-2.8881,58.8547],[-2.8579,58.8531],[-2.897,58.8427],[-2.9009,58.8417],[-2.9009,58.8417],[-2.9013,58.8416],[-2.8779,58.8191],[-2.8802,58.819],[-2.8963,58.819],[-2.9306,58.7943],[-2.9215,58.7837],[-2.9356,58.7706],[-2.9397,58.7671],[-2.9097,58.7539],[-2.9138,58.7472],[-2.9238,58.7333],[-2.9613,58.7301],[-2.9638,58.7351],[-2.9655,58.7413],[-2.9667,58.741],[-2.9668,58.7411],[-2.9673,58.7409],[-2.9764,58.7388],[-2.9925,58.7539],[-2.9798,58.761],[-2.9791,58.7862],[-2.9941,58.787],[-3.022,58.8072],[-3.0216,58.8074],[-3.0098,58.813],[-3.0055,58.8089],[-2.9973,58.8005],[-2.9742,58.818],[-2.9833,58.812],[-3.0038,58.8268],[-3.0316,58.8204],[-3.0364,58.8195],[-3.0137,58.8328],[-3.0046,58.8311],[-2.991,58.8279],[-2.9779,58.832],[-2.9639,58.836],[-2.958,58.826],[-2.9032,58.843],[-2.9028,58.8431],[-2.903,58.8431],[-2.9026,58.8432],[-2.9882,58.8526],[-2.9891,58.8528],[-2.9598,58.8604],[-2.9599,58.8601],[-2.9675,58.8532],[-2.9621,58.8546],[-2.9634,58.8515],[-2.9388,58.8607],[-2.9181,58.8561],[-2.9156,58.8554],[-2.9156,58.8555],[-2.915,58.8554],[-2.9198,58.8669],[-2.9237,58.8775],[-2.9094,58.8841],[-2.8958,58.8904],[-2.8961,58.8905],[-2.8959,58.8906],[-2.8965,58.8907],[-2.9102,58.8963],[-2.9219,58.8932],[-2.9344,58.8944],[-2.9359,58.8961],[-2.9332,58.9025],[-2.9722,58.9393],[-2.9729,58.9401],[-2.9703,58.9568],[-2.9699,58.9593],[-2.9699,58.9593],[-2.9697,58.9604],[-2.9835,58.9626],[-3.0312,58.9392],[-3.0338,58.939],[-3.0759,58.9393],[-3.0761,58.9389],[-3.0908,58.943],[-3.0795,58.931],[-3.08,58.9299],[-3.1133,58.9313],[-3.1302,58.917],[-3.1569,58.9206],[-3.1809,58.9121],[-3.1809,58.9121],[-3.1876,58.9186],[-3.198,58.9132],[-3.2285,58.9347],[-3.2298,58.9657],[-3.2509,58.9755],[-3.2506,58.9826],[-3.2585,58.9692],[-3.2641,58.9623],[-3.2917,58.9616],[-3.2936,58.968],[-3.3003,58.9501],[-3.3557,58.9649],[-3.3662,59.0152],[-3.3479,59.0376],[-3.3554,59.0466],[-3.3567,59.0484]]],[[[-2.6298,59.162],[-2.6166,59.1536],[-2.635,59.1559],[-2.6348,59.1556],[-2.6357,59.1557],[-2.6249,59.1433],[-2.5724,59.1415],[-2.5841,59.1398],[-2.6051,59.1371],[-2.6049,59.1368],[-2.6051,59.1368],[-2.6019,59.1297],[-2.5957,59.1157],[-2.5539,59.1202],[-2.5376,59.1218],[-2.553,59.1113],[-2.5519,59.1085],[-2.5504,59.1003],[-2.5486,59.0997],[-2.548,59.0982],[-2.5271,59.0929],[-2.5371,59.0759],[-2.5668,59.0841],[-2.5674,59.0835],[-2.5678,59.0836],[-2.5694,59.0818],[-2.5762,59.0758],[-2.6056,59.0719],[-2.6047,59.0967],[-2.6321,59.1077],[-2.6577,59.1002],[-2.6462,59.0897],[-2.6442,59.0875],[-2.6509,59.0759],[-2.6839,59.0779],[-2.6893,59.0783],[-2.6702,59.1087],[-2.6297,59.1101],[-2.6206,59.1181],[-2.6319,59.1249],[-2.6736,59.1517],[-2.6298,59.162]]],[[[-2.9082,59.1633],[-2.9203,59.125],[-2.9451,59.1546],[-2.9318,59.1688],[-2.9287,59.1695],[-2.9104,59.1643],[-2.9082,59.1633]]],[[[-3.0326,59.1785],[-3.0301,59.1777],[-3.0073,59.1782],[-2.9938,59.178],[-2.9686,59.1875],[-2.9528,59.1799],[-2.9529,59.1797],[-2.9788,59.1632],[-2.9656,59.1351],[-2.9664,59.135],[-3.0402,59.1265],[-3.05,59.13],[-3.0931,59.1456],[-3.1184,59.1726],[-3.0744,59.1992],[-3.0521,59.1974],[-3.0509,59.1973],[-3.05,59.1837],[-3.0366,59.1786],[-3.0326,59.1785]]],[[[-2.7211,59.2301],[-2.7214,59.2298],[-2.7464,59.2337],[-2.7408,59.2445],[-2.7394,59.247],[-2.7366,59.2445],[-2.7211,59.2301]]],[[[-2.7662,59.1918],[-2.7576,59.1598],[-2.7567,59.1592],[-2.7566,59.1588],[-2.7525,59.1565],[-2.7395,59.148],[-2.7482,59.1459],[-2.7882,59.1381],[-2.7943,59.16],[-2.8,59.1622],[-2.8157,59.1723],[-2.8216,59.1706],[-2.8237,59.1714],[-2.8274,59.1865],[-2.8276,59.188],[-2.8234,59.1946],[-2.8028,59.1834],[-2.7801,59.1898],[-2.7803,59.1908],[-2.7798,59.191],[-2.7831,59.2027],[-2.7905,59.2347],[-2.7681,59.2443],[-2.7598,59.2478],[-2.762,59.2337],[-2.7628,59.2318],[-2.7365,59.2193],[-2.7399,59.2157],[-2.7567,59.2093],[-2.7539,59.2005],[-2.76,59.1939],[-2.7662,59.1918]]],[[[-2.408,59.2846],[-2.3905,59.2785],[-2.423,59.2749],[-2.4285,59.2772],[-2.4345,59.2825],[-2.4396,59.2819],[-2.4434,59.2835],[-2.4721,59.278],[-2.4761,59.2775],[-2.4765,59.2771],[-2.4802,59.2764],[-2.5139,59.2455],[-2.5186,59.2413],[-2.5103,59.2294],[-2.5073,59.2238],[-2.524,59.2339],[-2.5158,59.2455],[-2.5106,59.2529],[-2.5228,59.2577],[-2.5383,59.2506],[-2.5321,59.2455],[-2.5238,59.2387],[-2.563,59.2364],[-2.5635,59.2364],[-2.5636,59.2364],[-2.566,59.2362],[-2.5694,59.2244],[-2.5712,59.2208],[-2.5734,59.2219],[-2.5789,59.2324],[-2.5774,59.2371],[-2.5609,59.2384],[-2.5704,59.2449],[-2.6019,59.2292],[-2.6065,59.2368],[-2.6309,59.2375],[-2.6331,59.2349],[-2.6372,59.2346],[-2.6436,59.2224],[-2.6539,59.2101],[-2.6691,59.2074],[-2.6722,59.1967],[-2.6744,59.1916],[-2.6881,59.204],[-2.6945,59.1849],[-2.6948,59.1891],[-2.6961,59.221],[-2.679,59.2199],[-2.6745,59.2242],[-2.6722,59.2244],[-2.6659,59.2325],[-2.6565,59.2416],[-2.6462,59.245],[-2.6019,59.2596],[-2.6026,59.2604],[-2.6021,59.2605],[-2.6042,59.262],[-2.6097,59.2677],[-2.593,59.2688],[-2.6155,59.2946],[-2.6105,59.2922],[-2.6086,59.2898],[-2.6073,59.2906],[-2.605,59.2895],[-2.5894,59.2949],[-2.5829,59.2933],[-2.5615,59.3035],[-2.5617,59.3045],[-2.5579,59.3057],[-2.5293,59.303],[-2.5562,59.2873],[-2.5532,59.2759],[-2.5699,59.2776],[-2.5834,59.2644],[-2.5576,59.2603],[-2.5538,59.2691],[-2.545,59.2601],[-2.4804,59.2898],[-2.4499,59.2903],[-2.4467,59.3039],[-2.4239,59.312],[-2.4203,59.3038],[-2.4165,59.2876],[-2.4126,59.2862],[-2.412,59.2849],[-2.408,59.2846]]],[[[-3.0706,59.3296],[-3.0561,59.3271],[-3.0333,59.3233],[-3.0246,59.3297],[-3.0168,59.3291],[-3.0068,59.3276],[-3.0052,59.3281],[-3.0024,59.3279],[-2.9793,59.3359],[-2.9759,59.354],[-2.9543,59.3592],[-2.95,59.3564],[-2.9447,59.3487],[-2.9526,59.3463],[-2.9556,59.3461],[-2.9555,59.3454],[-2.9692,59.3413],[-2.9545,59.3382],[-2.9537,59.3328],[-2.9554,59.3278],[-2.9836,59.3257],[-2.9891,59.3165],[-2.9819,59.3174],[-2.9713,59.3174],[-2.9604,59.3103],[-2.9603,59.3094],[-2.9592,59.3096],[-2.9564,59.3078],[-2.9416,59.3111],[-2.9397,59.3033],[-2.9152,59.298],[-2.904,59.3038],[-2.8826,59.2859],[-2.8809,59.2662],[-2.8548,59.2672],[-2.8455,59.2571],[-2.838,59.2478],[-2.8541,59.2502],[-2.8592,59.2513],[-2.8671,59.2437],[-2.883,59.2284],[-2.882,59.2322],[-2.8783,59.2436],[-2.8745,59.2553],[-2.8763,59.2552],[-2.8762,59.2555],[-2.8778,59.2552],[-2.891,59.2546],[-2.9121,59.2771],[-2.9635,59.2891],[-2.9547,59.2798],[-2.9564,59.2791],[-2.9507,59.2756],[-2.9481,59.2728],[-2.9779,59.268],[-2.9832,59.2593],[-3.0246,59.2777],[-3.0249,59.2778],[-3.0231,59.3052],[-3.0259,59.3066],[-3.0706,59.3296]]],[[[-2.8767,59.3344],[-2.8847,59.3252],[-2.8967,59.3305],[-2.8972,59.3301],[-2.8973,59.3301],[-2.8981,59.3294],[-2.9052,59.3233],[-2.9111,59.3496],[-2.8789,59.3854],[-2.8692,59.3703],[-2.8715,59.3684],[-2.883,59.3622],[-2.8804,59.3608],[-2.8888,59.3538],[-2.8767,59.3344]]],[[[-2.3836,59.3921],[-2.3756,59.3858],[-2.3723,59.3822],[-2.3814,59.3808],[-2.4043,59.3804],[-2.4063,59.3767],[-2.4096,59.3762],[-2.4081,59.3734],[-2.4111,59.368],[-2.4018,59.3612],[-2.3988,59.3554],[-2.4196,59.3479],[-2.4204,59.3476],[-2.4303,59.3574],[-2.4383,59.3571],[-2.4486,59.3574],[-2.4324,59.3863],[-2.411,59.3898],[-2.4039,59.3846],[-2.398,59.3868],[-2.3977,59.3866],[-2.3966,59.3873],[-2.3836,59.3921]]]]}},{"type":"Feature","properties":{"name":"Scottish Borders","slug":"scottish-borders","code":"S12000026"},"geometry":{"type":"Polygon","coordinates":[[[-2.0345,55.8112],[-2.0861,55.793],[-2.0856,55.762],[-2.1076,55.7599],[-2.1176,55.7388],[-2.1443,55.7393],[-2.1506,55.7232],[-2.1767,55.7187],[-2.1672,55.706],[-2.2187,55.6759],[-2.2185,55.6643],[-2.2483,55.6521],[-2.2344,55.641],[-2.3058,55.647],[-2.336,55.6325],[-2.3243,55.6262],[-2.3086,55.6289],[-2.3161,55.6205],[-2.2892,55.6038],[-2.2888,55.5803],[-2.2403,55.5556],[-2.2288,55.5095],[-2.2026,55.4895],[-2.2013,55.4753],[-2.1655,55.4684],[-2.1881,55.4621],[-2.1949,55.4446],[-2.2313,55.4284],[-2.2606,55.4329],[-2.3133,55.4068],[-2.3356,55.4082],[-2.3449,55.3993],[-2.33,55.3812],[-2.3462,55.3731],[-2.3375,55.3672],[-2.3789,55.3492],[-2.3992,55.3482],[-2.415,55.3589],[-2.4754,55.3547],[-2.5203,55.323],[-2.559,55.3179],[-2.5734,55.2969],[-2.6092,55.2832],[-2.6267,55.2622],[-2.6468,55.26],[-2.6115,55.2471],[-2.6302,55.2448],[-2.6314,55.2237],[-2.6668,55.2216],[-2.6898,55.189],[-2.7035,55.1732],[-2.7848,55.1418],[-2.8255,55.1383],[-2.8276,55.1248],[-2.8585,55.1083],[-2.8651,55.1353],[-2.8969,55.1467],[-2.9048,55.1737],[-2.8882,55.2079],[-2.8619,55.2233],[-2.8638,55.2364],[-2.9214,55.2367],[-2.905,55.2572],[-2.8849,55.2627],[-2.8985,55.2835],[-2.9171,55.2774],[-2.9621,55.2903],[-2.9959,55.2691],[-3.0102,55.2674],[-3.0199,55.2791],[-3.043,55.2715],[-3.0547,55.2807],[-3.0466,55.2955],[-3.0991,55.3317],[-3.102,55.3516],[-3.1097,55.348],[-3.1272,55.3597],[-3.1745,55.3468],[-3.1793,55.3605],[-3.2174,55.3761],[-3.3037,55.3424],[-3.3203,55.3494],[-3.3155,55.3666],[-3.3038,55.3689],[-3.3117,55.3796],[-3.3028,55.3938],[-3.2436,55.4277],[-3.2796,55.4353],[-3.2934,55.4309],[-3.311,55.4448],[-3.3316,55.4411],[-3.3543,55.4125],[-3.3623,55.417],[-3.4014,55.4081],[-3.4205,55.416],[-3.4721,55.4038],[-3.5074,55.4123],[-3.5396,55.4432],[-3.5185,55.4738],[-3.5222,55.4903],[-3.5044,55.5125],[-3.4866,55.5171],[-3.5034,55.5474],[-3.4885,55.5627],[-3.5269,55.597],[-3.53,55.6114],[-3.4817,55.6164],[-3.4857,55.649],[-3.397,55.7107],[-3.3984,55.7165],[-3.4192,55.7106],[-3.4395,55.7241],[-3.4561,55.7636],[-3.4716,55.771],[-3.4394,55.7846],[-3.4355,55.8055],[-3.3948,55.8197],[-3.369,55.8241],[-3.3451,55.793],[-3.2943,55.7963],[-3.2928,55.7806],[-3.2744,55.7753],[-3.2359,55.7791],[-3.2257,55.787],[-3.2143,55.784],[-3.1956,55.8021],[-3.1851,55.8017],[-3.181,55.7813],[-3.1678,55.7795],[-3.1748,55.772],[-3.154,55.7611],[-3.1612,55.749],[-3.144,55.7401],[-3.1511,55.7255],[-3.1283,55.7103],[-3.0919,55.7221],[-3.1034,55.7371],[-3.0753,55.7598],[-2.9516,55.819],[-2.9411,55.7946],[-2.929,55.7932],[-2.902,55.8092],[-2.8838,55.8072],[-2.8704,55.8241],[-2.8462,55.819],[-2.7772,55.8443],[-2.7399,55.8282],[-2.6693,55.8465],[-2.6432,55.8409],[-2.6484,55.8336],[-2.5942,55.8287],[-2.5813,55.8455],[-2.5549,55.8391],[-2.5345,55.8609],[-2.5335,55.8713],[-2.57,55.8921],[-2.5545,55.9001],[-2.5627,55.9066],[-2.5544,55.9115],[-2.5047,55.9119],[-2.4668,55.8844],[-2.3654,55.9454],[-2.3304,55.9302],[-2.3217,55.9295],[-2.2592,55.9238],[-2.2237,55.933],[-2.1752,55.9162],[-2.1379,55.917],[-2.1373,55.9159],[-2.1327,55.8935],[-2.1345,55.8917],[-2.1321,55.8904],[-2.132,55.8899],[-2.1297,55.8892],[-2.1036,55.8757],[-2.0917,55.8779],[-2.0911,55.8777],[-2.089,55.87],[-2.0769,55.8726],[-2.0698,55.8427],[-2.0592,55.8332],[-2.0345,55.8112]]]}},{"type":"Feature","properties":{"name":"Shetland Islands","slug":"shetland-islands","code":"S12000027"},"geometry":{"type":"MultiPolygon","coordinates":[[[[-1.6295,59.5148],[-1.6398,59.5132],[-1.6509,59.5125],[-1.6536,59.5163],[-1.6506,59.5241],[-1.6483,59.5246],[-1.6438,59.5255],[-1.6399,59.5521],[-1.6082,59.5535],[-1.6129,59.5405],[-1.6125,59.5405],[-1.6125,59.5405],[-1.5972,59.5396],[-1.6006,59.5324],[-1.616,59.5331],[-1.6088,59.5232],[-1.6257,59.5268],[-1.6295,59.5148]]],[[[-1.1595,59.9933],[-1.1816,59.9924],[-1.1881,60.0081],[-1.1595,59.9933]]],[[[-1.3635,60.0305],[-1.3448,60.0274],[-1.3512,60.0193],[-1.3635,60.0305]]],[[[-1.3232,60.0841],[-1.312,60.0908],[-1.3011,60.0963],[-1.3008,60.0952],[-1.3369,60.0403],[-1.3242,60.0606],[-1.3277,60.0769],[-1.3235,60.0836],[-1.3235,60.0837],[-1.3286,60.0809],[-1.3289,60.0824],[-1.3222,60.0857],[-1.3232,60.0841]]],[[[-1.3441,60.0592],[-1.3575,60.0499],[-1.3703,60.0413],[-1.3768,60.049],[-1.3774,60.0497],[-1.3447,60.0591],[-1.3447,60.0591],[-1.3439,60.0594],[-1.3435,60.0599],[-1.3433,60.06],[-1.3515,60.0723],[-1.356,60.0794],[-1.326,60.0949],[-1.3486,60.1068],[-1.3391,60.1063],[-1.3211,60.1052],[-1.3159,60.1183],[-1.3134,60.1128],[-1.3101,60.1052],[-1.3186,60.0917],[-1.3302,60.0817],[-1.3308,60.0795],[-1.3327,60.0784],[-1.3317,60.0763],[-1.3338,60.0691],[-1.334,60.0692],[-1.3352,60.0679],[-1.3341,60.0679],[-1.3346,60.066],[-1.3374,60.0639],[-1.3434,60.0597],[-1.3432,60.0595],[-1.3441,60.0592]]],[[[-1.364,60.1164],[-1.3736,60.1129],[-1.368,60.1232],[-1.368,60.1232],[-1.3642,60.1213],[-1.3589,60.1185],[-1.364,60.1164]]],[[[-1.336,60.1195],[-1.3409,60.1195],[-1.3528,60.1207],[-1.3535,60.1221],[-1.3488,60.1244],[-1.3359,60.1198],[-1.336,60.1195]]],[[[-1.3077,60.1],[-1.3103,60.0992],[-1.3078,60.1057],[-1.2987,60.1264],[-1.2819,60.1303],[-1.276,60.1317],[-1.2822,60.1166],[-1.2862,60.1067],[-1.3077,60.1]]],[[[-1.3558,60.143],[-1.3606,60.1391],[-1.3609,60.143],[-1.3617,60.1524],[-1.3504,60.1473],[-1.3558,60.143]]],[[[-2.0524,60.1566],[-2.0436,60.1445],[-2.0399,60.1395],[-2.0495,60.1277],[-2.0642,60.1097],[-2.0659,60.1105],[-2.0935,60.1291],[-2.1145,60.133],[-2.1167,60.134],[-2.1127,60.1445],[-2.1122,60.1459],[-2.0737,60.1577],[-2.0524,60.1566]]],[[[-1.0058,60.151],[-1.0083,60.1408],[-1.0106,60.1317],[-1.0241,60.1409],[-1.0346,60.1481],[-1.0389,60.1466],[-1.0432,60.1455],[-1.0366,60.1546],[-1.0058,60.151]]],[[[-1.0808,60.1884],[-1.0744,60.1654],[-1.0763,60.1626],[-1.0735,60.1624],[-1.0724,60.1584],[-1.0658,60.162],[-1.0573,60.1615],[-1.051,60.1697],[-1.0454,60.1664],[-1.0563,60.1412],[-1.0729,60.1027],[-1.1223,60.1199],[-1.1181,60.1416],[-1.1173,60.1459],[-1.1134,60.1493],[-1.1162,60.1512],[-1.115,60.1578],[-1.1191,60.1532],[-1.1455,60.171],[-1.148,60.1729],[-1.1297,60.1843],[-1.0789,60.1709],[-1.0791,60.1712],[-1.0789,60.1712],[-1.0858,60.1801],[-1.0901,60.1857],[-1.0808,60.1884]]],[[[-1.5685,60.1938],[-1.5879,60.1908],[-1.6038,60.2001],[-1.5889,60.2077],[-1.5841,60.2095],[-1.5838,60.2094],[-1.5677,60.1979],[-1.5685,60.1938]]],[[[-1.4743,60.3414],[-1.4739,60.3308],[-1.4613,60.3354],[-1.4381,60.3272],[-1.4548,60.323],[-1.4689,60.3194],[-1.4719,60.3131],[-1.473,60.3111],[-1.4818,60.3207],[-1.4822,60.3211],[-1.4794,60.3222],[-1.4661,60.3268],[-1.4675,60.3269],[-1.4662,60.3273],[-1.4909,60.3271],[-1.4743,60.3414]]],[[[-1.3926,60.3227],[-1.3947,60.3214],[-1.3958,60.3227],[-1.4039,60.3334],[-1.3856,60.3423],[-1.378,60.337],[-1.3741,60.334],[-1.3926,60.3227]]],[[[-1.7037,60.3287],[-1.7059,60.3274],[-1.7061,60.3292],[-1.7136,60.3238],[-1.7189,60.3199],[-1.7387,60.3369],[-1.7187,60.3464],[-1.7098,60.3404],[-1.7095,60.3405],[-1.7095,60.3405],[-1.6997,60.3445],[-1.6963,60.3362],[-1.691,60.3426],[-1.6874,60.3315],[-1.6869,60.3325],[-1.6865,60.3316],[-1.6846,60.3374],[-1.6821,60.3426],[-1.6792,60.3427],[-1.669,60.3427],[-1.6687,60.3421],[-1.6763,60.3288],[-1.6641,60.3248],[-1.6647,60.3232],[-1.7044,60.3153],[-1.7037,60.3287]]],[[[-1.0278,60.3703],[-1.0406,60.3522],[-1.044,60.3589],[-1.0453,60.3632],[-1.0278,60.3703]]],[[[-0.9137,60.3772],[-0.9277,60.3725],[-0.9788,60.3314],[-1.005,60.3264],[-1.0377,60.3347],[-1.0377,60.3347],[-1.0154,60.3465],[-1.0204,60.3518],[-1.0035,60.3685],[-1.0027,60.3692],[-0.9757,60.3705],[-0.9626,60.3827],[-0.9362,60.3767],[-0.9346,60.3773],[-0.9344,60.3772],[-0.9334,60.3777],[-0.9135,60.3848],[-0.9134,60.3848],[-0.9002,60.3817],[-0.9137,60.3772]]],[[[-1.3906,60.3787],[-1.387,60.3771],[-1.3878,60.3779],[-1.3824,60.3762],[-1.3787,60.3678],[-1.3919,60.3515],[-1.4317,60.3451],[-1.4334,60.3457],[-1.4332,60.3457],[-1.4338,60.3463],[-1.4347,60.3462],[-1.4634,60.3561],[-1.4756,60.3743],[-1.4582,60.3738],[-1.4492,60.3866],[-1.43,60.39],[-1.4278,60.3904],[-1.3906,60.3787]]],[[[-0.7571,60.4231],[-0.756,60.4223],[-0.7546,60.4188],[-0.7705,60.4199],[-0.7762,60.4205],[-0.799,60.41],[-0.7596,60.431],[-0.7575,60.426],[-0.7595,60.425],[-0.7568,60.4242],[-0.7571,60.4231]]],[[[-1.1554,60.475],[-1.1416,60.462],[-1.1627,60.4663],[-1.1554,60.475]]],[[[-1.2261,60.5187],[-1.2197,60.5106],[-1.2354,60.515],[-1.2261,60.5187]]],[[[-1.4172,60.6169],[-1.4377,60.6164],[-1.4296,60.6201],[-1.4172,60.6169]]],[[[-0.9711,60.6094],[-0.9801,60.603],[-1.0019,60.6063],[-1.0018,60.606],[-1.002,60.606],[-1.003,60.5978],[-1.0057,60.5981],[-1.0103,60.6004],[-1.0052,60.6093],[-0.9912,60.619],[-0.9882,60.619],[-0.9711,60.6094]]],[[[-0.8663,60.6327],[-0.8315,60.6282],[-0.825,60.6069],[-0.8182,60.6018],[-0.81,60.6057],[-0.809,60.6062],[-0.8081,60.5989],[-0.8079,60.5991],[-0.8078,60.599],[-0.7931,60.6117],[-0.7917,60.6129],[-0.7739,60.6148],[-0.7708,60.5924],[-0.801,60.5683],[-0.831,60.5883],[-0.8315,60.5882],[-0.8315,60.5882],[-0.84,60.5852],[-0.8465,60.5829],[-0.8466,60.583],[-0.8597,60.5936],[-0.8909,60.5929],[-0.8967,60.5869],[-0.8951,60.5861],[-0.8951,60.5861],[-0.8877,60.5825],[-0.86,60.5688],[-0.894,60.5628],[-0.9071,60.5743],[-0.948,60.6101],[-0.9363,60.6308],[-0.9096,60.6298],[-0.9054,60.6265],[-0.8976,60.6204],[-0.8663,60.6327]]],[[[-1.4973,60.4533],[-1.5072,60.4605],[-1.5067,60.4605],[-1.5073,60.4607],[-1.5074,60.4606],[-1.5152,60.4663],[-1.4938,60.4763],[-1.4964,60.4841],[-1.4981,60.4839],[-1.4982,60.484],[-1.5349,60.4797],[-1.5375,60.4794],[-1.5543,60.4907],[-1.5712,60.4764],[-1.5851,60.4818],[-1.6128,60.4735],[-1.6265,60.4827],[-1.633,60.4872],[-1.6107,60.5089],[-1.5832,60.5086],[-1.5769,60.503],[-1.5767,60.5028],[-1.5747,60.5008],[-1.5746,60.5009],[-1.5738,60.5001],[-1.5655,60.503],[-1.5617,60.5043],[-1.5786,60.5091],[-1.5656,60.5153],[-1.5665,60.5378],[-1.5335,60.5563],[-1.5321,60.5541],[-1.5183,60.5317],[-1.4676,60.5102],[-1.4447,60.5038],[-1.394,60.512],[-1.394,60.512],[-1.394,60.512],[-1.3951,60.512],[-1.4555,60.5113],[-1.4624,60.5155],[-1.4975,60.5371],[-1.4972,60.5386],[-1.482,60.5528],[-1.4346,60.5738],[-1.4361,60.5758],[-1.444,60.5888],[-1.4192,60.602],[-1.4206,60.6021],[-1.4186,60.6032],[-1.4348,60.6032],[-1.4348,60.6032],[-1.432,60.6056],[-1.4212,60.6147],[-1.3753,60.6058],[-1.3497,60.61],[-1.3329,60.5997],[-1.3489,60.6192],[-1.3444,60.6268],[-1.3437,60.6276],[-1.3296,60.6217],[-1.3281,60.6229],[-1.3271,60.6225],[-1.3088,60.6376],[-1.3043,60.5952],[-1.3189,60.5833],[-1.3357,60.5833],[-1.3138,60.5711],[-1.3156,60.5411],[-1.3413,60.5368],[-1.3532,60.5417],[-1.3669,60.5264],[-1.3237,60.5255],[-1.3627,60.517],[-1.3376,60.5195],[-1.3241,60.5106],[-1.344,60.5031],[-1.3436,60.5021],[-1.3374,60.4889],[-1.3567,60.479],[-1.3321,60.4783],[-1.3273,60.4951],[-1.3104,60.4955],[-1.3115,60.4822],[-1.3311,60.4785],[-1.3202,60.4517],[-1.3343,60.4481],[-1.338,60.45],[-1.3384,60.452],[-1.3495,60.4562],[-1.3396,60.4509],[-1.3636,60.4293],[-1.356,60.4133],[-1.3708,60.4144],[-1.3837,60.3975],[-1.3752,60.3937],[-1.3277,60.411],[-1.3467,60.4136],[-1.3304,60.4372],[-1.2955,60.4439],[-1.2818,60.4366],[-1.2774,60.4482],[-1.2749,60.4475],[-1.2601,60.4432],[-1.2748,60.4515],[-1.3043,60.4682],[-1.2804,60.4877],[-1.2741,60.4838],[-1.2618,60.4763],[-1.2288,60.495],[-1.2032,60.4783],[-1.2082,60.4564],[-1.1889,60.4642],[-1.1823,60.4619],[-1.177,60.4545],[-1.1769,60.4536],[-1.2028,60.4452],[-1.1674,60.442],[-1.1944,60.4316],[-1.1938,60.4317],[-1.1938,60.4317],[-1.1922,60.4319],[-1.1732,60.4337],[-1.1675,60.4201],[-1.1891,60.4229],[-1.1953,60.4315],[-1.1997,60.4292],[-1.2576,60.403],[-1.2405,60.4077],[-1.2591,60.3978],[-1.1941,60.4199],[-1.1935,60.4192],[-1.1909,60.4138],[-1.1956,60.412],[-1.2255,60.4018],[-1.2171,60.4037],[-1.2214,60.402],[-1.1699,60.4143],[-1.1696,60.4144],[-1.1639,60.3774],[-1.1638,60.3776],[-1.1638,60.3775],[-1.1629,60.3796],[-1.1514,60.4034],[-1.1373,60.4039],[-1.1218,60.4044],[-1.1369,60.4119],[-1.119,60.4291],[-1.1108,60.4155],[-1.1105,60.4157],[-1.1102,60.4152],[-1.0765,60.4416],[-1.0511,60.4496],[-1.0509,60.4496],[-1.0499,60.4464],[-1.0534,60.4366],[-1.1039,60.4059],[-1.121,60.4016],[-1.1396,60.384],[-1.1414,60.383],[-1.1408,60.3829],[-1.141,60.3828],[-1.1336,60.3824],[-1.1273,60.382],[-1.1277,60.3786],[-1.1294,60.3698],[-1.1289,60.3703],[-1.1291,60.3694],[-1.1079,60.3939],[-1.0843,60.3899],[-1.0752,60.3883],[-1.0755,60.3567],[-1.1182,60.3453],[-1.1935,60.353],[-1.1839,60.3498],[-1.1703,60.3284],[-1.1686,60.3221],[-1.156,60.3379],[-1.156,60.3379],[-1.1359,60.3213],[-1.134,60.3197],[-1.1338,60.3213],[-1.1337,60.3229],[-1.1265,60.3262],[-1.1093,60.3232],[-1.1071,60.3219],[-1.1045,60.3223],[-1.0989,60.3213],[-1.0883,60.3246],[-1.085,60.3251],[-1.0872,60.321],[-1.0927,60.3105],[-1.0816,60.3049],[-1.0874,60.2996],[-1.0975,60.3006],[-1.1164,60.3029],[-1.1599,60.2807],[-1.1478,60.2804],[-1.1434,60.2803],[-1.1457,60.2736],[-1.146,60.2736],[-1.1481,60.2652],[-1.1454,60.2733],[-1.1324,60.2743],[-1.1321,60.274],[-1.1319,60.2744],[-1.113,60.2758],[-1.1084,60.2761],[-1.1171,60.2711],[-1.1134,60.2682],[-1.1113,60.2662],[-1.111,60.2663],[-1.1105,60.2659],[-1.1011,60.2685],[-1.0964,60.2696],[-1.1021,60.259],[-1.1441,60.2595],[-1.1544,60.2468],[-1.154,60.2469],[-1.1541,60.2468],[-1.1406,60.2491],[-1.1425,60.2484],[-1.1715,60.2403],[-1.178,60.2525],[-1.1668,60.259],[-1.165,60.26],[-1.1652,60.26],[-1.1649,60.2601],[-1.1669,60.26],[-1.19,60.2612],[-1.1994,60.2702],[-1.2103,60.266],[-1.1938,60.2457],[-1.1937,60.2454],[-1.2314,60.23],[-1.1851,60.2323],[-1.1853,60.2321],[-1.222,60.1988],[-1.2172,60.2009],[-1.2175,60.2006],[-1.2075,60.2051],[-1.1681,60.2223],[-1.1807,60.2122],[-1.181,60.212],[-1.181,60.212],[-1.1809,60.212],[-1.1699,60.2089],[-1.1874,60.2042],[-1.1918,60.1995],[-1.218,60.1735],[-1.2148,60.175],[-1.2189,60.1707],[-1.154,60.2039],[-1.1552,60.1994],[-1.1561,60.1969],[-1.1569,60.1965],[-1.1561,60.1967],[-1.1588,60.189],[-1.1581,60.189],[-1.1581,60.189],[-1.1579,60.189],[-1.145,60.1889],[-1.1606,60.1691],[-1.1632,60.1659],[-1.1632,60.1658],[-1.1632,60.1658],[-1.1329,60.1494],[-1.132,60.1489],[-1.1368,60.1447],[-1.1375,60.1442],[-1.1503,60.1468],[-1.1597,60.1488],[-1.1596,60.1487],[-1.1597,60.1488],[-1.1583,60.1418],[-1.1572,60.1367],[-1.1556,60.1287],[-1.1623,60.1336],[-1.1722,60.1411],[-1.1722,60.141],[-1.1725,60.1412],[-1.1751,60.1191],[-1.2039,60.1307],[-1.1994,60.1065],[-1.2055,60.1049],[-1.2261,60.1003],[-1.2069,60.0898],[-1.2172,60.074],[-1.1998,60.0572],[-1.2035,60.0478],[-1.2035,60.0478],[-1.2036,60.0477],[-1.1716,60.0407],[-1.1745,60.0351],[-1.2006,60.0352],[-1.2077,60.0356],[-1.2087,60.0441],[-1.2084,60.0451],[-1.2088,60.0445],[-1.209,60.0466],[-1.2108,60.0412],[-1.2148,60.0346],[-1.2332,60.0331],[-1.2328,60.0321],[-1.2333,60.0321],[-1.2273,60.0178],[-1.2234,60.0076],[-1.198,59.9909],[-1.1981,59.9909],[-1.2085,59.9892],[-1.2085,59.9892],[-1.2087,59.9892],[-1.2048,59.9724],[-1.2207,59.995],[-1.2333,59.9821],[-1.2342,59.9811],[-1.2403,59.9862],[-1.2525,59.9965],[-1.2526,59.9964],[-1.2529,59.9966],[-1.2599,59.9889],[-1.2769,59.9906],[-1.2765,59.99],[-1.2775,59.9901],[-1.2672,59.9766],[-1.2574,59.9764],[-1.2541,59.9763],[-1.2541,59.9763],[-1.2633,59.965],[-1.2559,59.9573],[-1.2563,59.9539],[-1.265,59.9512],[-1.258,59.936],[-1.258,59.936],[-1.2716,59.9204],[-1.2864,59.9217],[-1.292,59.9221],[-1.2864,59.9187],[-1.2751,59.9118],[-1.2692,59.9081],[-1.272,59.8857],[-1.2872,59.8847],[-1.3004,59.8839],[-1.2977,59.8838],[-1.2984,59.8837],[-1.285,59.883],[-1.28,59.8827],[-1.2836,59.8726],[-1.2783,59.8737],[-1.2687,59.8756],[-1.2688,59.8752],[-1.2777,59.8534],[-1.2876,59.8648],[-1.2966,59.8752],[-1.2968,59.8755],[-1.2968,59.8755],[-1.297,59.8757],[-1.3113,59.858],[-1.3135,59.8553],[-1.3122,59.8599],[-1.3122,59.8599],[-1.3122,59.8599],[-1.3063,59.8817],[-1.3189,59.8975],[-1.3444,59.897],[-1.3502,59.8834],[-1.3587,59.8928],[-1.38,59.889],[-1.38,59.889],[-1.38,59.889],[-1.3816,59.8887],[-1.3903,59.9087],[-1.3903,59.9089],[-1.3904,59.9089],[-1.3923,59.9131],[-1.3918,59.9133],[-1.3641,59.9201],[-1.3641,59.9206],[-1.3635,59.9207],[-1.3641,59.9458],[-1.3451,59.9423],[-1.3435,59.9464],[-1.33,59.9465],[-1.3301,59.9481],[-1.3292,59.948],[-1.3311,59.9632],[-1.3318,59.9691],[-1.3587,59.9694],[-1.3613,59.9694],[-1.3547,59.9806],[-1.3545,59.9806],[-1.3307,59.9718],[-1.3311,59.9725],[-1.3302,59.9722],[-1.3469,59.9989],[-1.3176,60.0128],[-1.3092,60.0416],[-1.3041,60.0587],[-1.2828,60.0847],[-1.2719,60.0981],[-1.2667,60.1374],[-1.2671,60.1423],[-1.2708,60.134],[-1.2818,60.1336],[-1.3056,60.1327],[-1.2952,60.1426],[-1.2905,60.1471],[-1.2908,60.1472],[-1.2907,60.1473],[-1.2916,60.1473],[-1.3023,60.1491],[-1.2835,60.1956],[-1.2853,60.1953],[-1.285,60.196],[-1.2857,60.1952],[-1.297,60.1934],[-1.3159,60.1592],[-1.3161,60.159],[-1.3182,60.1717],[-1.286,60.2128],[-1.2673,60.2366],[-1.2691,60.2343],[-1.2646,60.2401],[-1.2799,60.222],[-1.3284,60.1642],[-1.3284,60.1644],[-1.2898,60.2546],[-1.3294,60.2177],[-1.3476,60.2008],[-1.3689,60.2347],[-1.3674,60.2399],[-1.3522,60.2377],[-1.3526,60.2384],[-1.3525,60.2384],[-1.3562,60.245],[-1.3566,60.245],[-1.357,60.2457],[-1.3865,60.2513],[-1.3872,60.2463],[-1.3909,60.245],[-1.3961,60.2454],[-1.411,60.255],[-1.4129,60.255],[-1.418,60.259],[-1.4351,60.255],[-1.422,60.2509],[-1.3889,60.2354],[-1.3765,60.2366],[-1.3764,60.2365],[-1.3711,60.223],[-1.361,60.1947],[-1.373,60.1901],[-1.3733,60.19],[-1.3687,60.2098],[-1.3897,60.2017],[-1.3945,60.1999],[-1.3972,60.219],[-1.3976,60.2146],[-1.3982,60.2172],[-1.4009,60.1838],[-1.4014,60.1791],[-1.4223,60.1647],[-1.4388,60.1722],[-1.4387,60.1759],[-1.4381,60.1874],[-1.4385,60.1867],[-1.4385,60.1888],[-1.4561,60.1576],[-1.4627,60.1466],[-1.4699,60.1603],[-1.4993,60.1634],[-1.5106,60.1647],[-1.5119,60.1831],[-1.515,60.1824],[-1.5347,60.1799],[-1.542,60.1839],[-1.5464,60.1888],[-1.5429,60.2042],[-1.4874,60.2045],[-1.4844,60.2041],[-1.5027,60.2082],[-1.5042,60.2086],[-1.4688,60.2219],[-1.5067,60.2152],[-1.5055,60.2284],[-1.4914,60.2308],[-1.4939,60.2309],[-1.4931,60.2311],[-1.5103,60.2321],[-1.5157,60.2325],[-1.5113,60.242],[-1.5282,60.2456],[-1.5327,60.247],[-1.5326,60.2465],[-1.5342,60.2468],[-1.5304,60.2338],[-1.5205,60.2309],[-1.5148,60.2291],[-1.5541,60.2015],[-1.5567,60.202],[-1.5508,60.2209],[-1.5638,60.2288],[-1.5647,60.228],[-1.5653,60.2283],[-1.5705,60.2229],[-1.5746,60.2192],[-1.6121,60.2201],[-1.5978,60.2106],[-1.6024,60.2099],[-1.6253,60.2074],[-1.6409,60.2148],[-1.6518,60.2199],[-1.6408,60.2271],[-1.6373,60.2294],[-1.6408,60.2288],[-1.6549,60.2264],[-1.6563,60.2267],[-1.6901,60.2347],[-1.6979,60.2472],[-1.6927,60.2502],[-1.6866,60.2536],[-1.6867,60.2536],[-1.6865,60.2538],[-1.7032,60.2549],[-1.6802,60.2771],[-1.681,60.2775],[-1.6805,60.2779],[-1.6874,60.2812],[-1.7022,60.2895],[-1.7012,60.2902],[-1.671,60.3036],[-1.6569,60.306],[-1.6399,60.3063],[-1.6033,60.307],[-1.6014,60.3069],[-1.594,60.302],[-1.5731,60.2875],[-1.5732,60.2882],[-1.5722,60.2875],[-1.5743,60.293],[-1.5758,60.3003],[-1.5698,60.2948],[-1.5361,60.2923],[-1.5369,60.2931],[-1.5362,60.293],[-1.5505,60.3059],[-1.5506,60.306],[-1.5054,60.3195],[-1.5036,60.3166],[-1.478,60.2745],[-1.4593,60.2889],[-1.4599,60.2889],[-1.4597,60.289],[-1.4791,60.2904],[-1.488,60.3068],[-1.4449,60.2973],[-1.4451,60.2974],[-1.4446,60.2972],[-1.4662,60.3055],[-1.4382,60.309],[-1.4608,60.313],[-1.4373,60.3244],[-1.427,60.3287],[-1.4203,60.3175],[-1.419,60.3151],[-1.4113,60.3203],[-1.3877,60.3137],[-1.3753,60.285],[-1.3751,60.2856],[-1.3745,60.2844],[-1.3663,60.2995],[-1.3391,60.3011],[-1.3523,60.3029],[-1.3498,60.3035],[-1.3683,60.3107],[-1.3699,60.3133],[-1.3702,60.3296],[-1.3582,60.3426],[-1.3547,60.3443],[-1.3388,60.3336],[-1.3306,60.3374],[-1.34,60.3596],[-1.3004,60.3606],[-1.277,60.351],[-1.2711,60.3486],[-1.2615,60.3513],[-1.2769,60.3583],[-1.302,60.3698],[-1.364,60.3693],[-1.3615,60.3712],[-1.3437,60.3827],[-1.3535,60.3954],[-1.3777,60.3768],[-1.405,60.3838],[-1.4087,60.3932],[-1.4097,60.3957],[-1.3854,60.3978],[-1.4158,60.4045],[-1.4077,60.414],[-1.3909,60.4086],[-1.3902,60.4084],[-1.3992,60.4193],[-1.4527,60.416],[-1.4494,60.4443],[-1.4341,60.4481],[-1.4223,60.4508],[-1.4231,60.4508],[-1.4218,60.4511],[-1.4653,60.4521],[-1.4644,60.4646],[-1.4304,60.471],[-1.4354,60.4705],[-1.4321,60.4712],[-1.4646,60.4693],[-1.4537,60.4899],[-1.4576,60.4883],[-1.4566,60.4901],[-1.4831,60.4778],[-1.4886,60.4755],[-1.4883,60.4754],[-1.4885,60.4753],[-1.4832,60.4716],[-1.4808,60.4698],[-1.4813,60.4693],[-1.4973,60.4533]]],[[[-0.8766,60.6711],[-0.8862,60.6601],[-0.9065,60.6678],[-0.9187,60.6729],[-0.9083,60.6788],[-0.8871,60.6739],[-0.8766,60.6711]]],[[[-1.0039,60.7088],[-1.0055,60.7085],[-1.0046,60.7097],[-1.0039,60.7088]]],[[[-1.117,60.7291],[-1.1174,60.7287],[-1.1176,60.7291],[-1.1173,60.7292],[-1.117,60.7291]]],[[[-1.0103,60.7239],[-1.011,60.7229],[-1.0097,60.723],[-1.01,60.7238],[-0.9998,60.7211],[-1.0094,60.7129],[-1.0054,60.7107],[-1.0064,60.7088],[-0.9876,60.7008],[-0.9868,60.7003],[-0.9876,60.7003],[-1.0067,60.7023],[-1.0036,60.7011],[-1.0079,60.7013],[-0.9948,60.6977],[-0.9926,60.6794],[-0.9895,60.6546],[-0.9973,60.65],[-0.9995,60.6491],[-0.9832,60.6383],[-0.9942,60.6344],[-0.9984,60.6334],[-1.0323,60.6428],[-1.0351,60.6448],[-1.069,60.6716],[-1.0665,60.6666],[-1.067,60.667],[-1.0663,60.6663],[-1.0539,60.6417],[-1.0351,60.6338],[-1.0195,60.6176],[-1.0192,60.6167],[-1.0289,60.6108],[-1.0463,60.6005],[-1.0578,60.6056],[-1.07,60.6113],[-1.0911,60.6045],[-1.0315,60.5974],[-1.0295,60.5869],[-1.0179,60.5908],[-1.0177,60.5824],[-1.0031,60.5811],[-1.0057,60.5655],[-1.0242,60.5612],[-1.0208,60.5572],[-1.0143,60.5488],[-1.0485,60.55],[-1.048,60.5496],[-1.0405,60.5354],[-1.0437,60.5338],[-1.0394,60.5335],[-1.0381,60.5309],[-1.0252,60.5323],[-1.0214,60.532],[-1.0329,60.5105],[-1.0359,60.5107],[-1.0343,60.5078],[-1.0375,60.5019],[-1.0297,60.4987],[-1.0288,60.497],[-1.0526,60.4926],[-1.0394,60.4989],[-1.0656,60.4903],[-1.0686,60.4897],[-1.0718,60.4911],[-1.0905,60.4995],[-1.1098,60.4983],[-1.0919,60.5],[-1.0935,60.5006],[-1.1174,60.5097],[-1.1208,60.5008],[-1.1217,60.4983],[-1.1167,60.4956],[-1.117,60.4936],[-1.1107,60.4925],[-1.0989,60.4862],[-1.1409,60.489],[-1.1464,60.4838],[-1.1679,60.4991],[-1.1685,60.5011],[-1.1756,60.5228],[-1.1882,60.5224],[-1.1766,60.5265],[-1.1899,60.5464],[-1.1807,60.5722],[-1.1939,60.5736],[-1.1901,60.5616],[-1.2024,60.567],[-1.1847,60.5822],[-1.2032,60.6067],[-1.1885,60.6349],[-1.1848,60.6348],[-1.1582,60.6574],[-1.158,60.6575],[-1.1546,60.6323],[-1.1531,60.6212],[-1.1373,60.622],[-1.1359,60.6211],[-1.1217,60.606],[-1.1054,60.6042],[-1.1355,60.6215],[-1.1365,60.6222],[-1.1366,60.6221],[-1.1462,60.6276],[-1.1297,60.6804],[-1.1259,60.6925],[-1.1354,60.7047],[-1.1191,60.7192],[-1.1278,60.7268],[-1.0964,60.7286],[-1.0854,60.7267],[-1.0747,60.7072],[-1.0748,60.7078],[-1.0745,60.7071],[-1.0733,60.7306],[-1.0475,60.7242],[-1.042,60.7226],[-1.0416,60.7321],[-1.0103,60.7239]]],[[[-0.7845,60.7465],[-0.7951,60.7409],[-0.7911,60.7602],[-0.7843,60.7466],[-0.7845,60.7465]]],[[[-0.8759,60.8457],[-0.8661,60.8336],[-0.8812,60.8051],[-0.8745,60.8054],[-0.8746,60.8051],[-0.8742,60.8054],[-0.8672,60.8057],[-0.8394,60.8392],[-0.8351,60.8434],[-0.8265,60.831],[-0.7981,60.8352],[-0.7977,60.8291],[-0.7776,60.8293],[-0.7819,60.8201],[-0.7819,60.8201],[-0.7821,60.8197],[-0.7664,60.8175],[-0.8014,60.8104],[-0.8044,60.81],[-0.7766,60.7968],[-0.7802,60.7821],[-0.7808,60.7802],[-0.8357,60.7867],[-0.8028,60.7585],[-0.8656,60.7574],[-0.8126,60.7492],[-0.8707,60.7022],[-0.8427,60.6904],[-0.8339,60.6966],[-0.8328,60.6837],[-0.846,60.6783],[-0.8567,60.6739],[-0.8728,60.6785],[-0.9033,60.6873],[-0.9133,60.6901],[-0.9137,60.6899],[-0.9138,60.69],[-0.9144,60.6896],[-0.9359,60.679],[-0.9475,60.6733],[-0.9548,60.6744],[-0.9665,60.6845],[-0.9666,60.6848],[-0.9737,60.6844],[-0.9812,60.6841],[-0.9652,60.6959],[-0.9843,60.7194],[-0.9719,60.7188],[-0.952,60.7176],[-0.9522,60.7179],[-0.9522,60.7179],[-0.9522,60.718],[-0.9616,60.7317],[-0.9609,60.7319],[-0.9619,60.7322],[-0.9652,60.7371],[-0.939,60.7508],[-0.9468,60.7613],[-0.9322,60.7819],[-0.9549,60.7913],[-0.9254,60.8096],[-0.9382,60.813],[-0.913,60.8162],[-0.8985,60.8274],[-0.8952,60.83],[-0.8982,60.8362],[-0.9004,60.8406],[-0.8986,60.841],[-0.8979,60.8407],[-0.8979,60.8411],[-0.8759,60.8457]]],[[[-0.8722,60.8603],[-0.8745,60.8597],[-0.8743,60.8609],[-0.8722,60.8603]]]]}},{"type":"Feature","properties":{"name":"South Ayrshire","slug":"south-ayrshire","code":"S12000028"},"geometry":{"type":"MultiPolygon","coordinates":[[[[-5.1068,55.2518],[-5.1181,55.2476],[-5.1198,55.2481],[-5.122,55.2533],[-5.1203,55.2558],[-5.1148,55.2562],[-5.1089,55.2532],[-5.1068,55.2518]]],[[[-4.5169,55.5714],[-4.5182,55.5654],[-4.4545,55.562],[-4.4371,55.5679],[-4.4362,55.5609],[-4.4095,55.5533],[-4.3991,55.5108],[-4.4187,55.5066],[-4.4161,55.5008],[-4.4396,55.5044],[-4.4405,55.4938],[-4.459,55.4836],[-4.4719,55.4859],[-4.4935,55.4702],[-4.4935,55.4573],[-4.481,55.4579],[-4.4749,55.4483],[-4.4933,55.4384],[-4.4713,55.429],[-4.4544,55.4308],[-4.4504,55.4119],[-4.5019,55.3991],[-4.5278,55.4091],[-4.5351,55.4238],[-4.565,55.4263],[-4.5711,55.4044],[-4.6035,55.395],[-4.5875,55.3968],[-4.5634,55.3864],[-4.5444,55.3961],[-4.5284,55.3919],[-4.5198,55.3836],[-4.5646,55.3575],[-4.5288,55.3497],[-4.4956,55.3241],[-4.4741,55.3252],[-4.4659,55.3152],[-4.438,55.3078],[-4.4586,55.2852],[-4.4291,55.254],[-4.4502,55.2374],[-4.4518,55.2113],[-4.4766,55.1991],[-4.4618,55.1702],[-4.4786,55.1529],[-4.565,55.158],[-4.584,55.142],[-4.6232,55.1408],[-4.6583,55.1199],[-4.6621,55.0897],[-4.6252,55.0684],[-4.6347,55.051],[-4.6458,55.0488],[-4.6467,55.0564],[-4.7152,55.0375],[-4.7415,55.0473],[-4.7611,55.038],[-4.776,55.0418],[-4.7892,55.0311],[-4.8024,55.0444],[-4.8306,55.0346],[-4.8411,55.0447],[-4.8846,55.0389],[-4.8947,55.0609],[-4.923,55.0662],[-4.9334,55.0644],[-4.9308,55.0514],[-4.9606,55.0215],[-4.9781,55.0221],[-4.9732,55.0115],[-5.0397,54.9977],[-5.0398,54.9978],[-5.0603,55.0255],[-5.0524,55.0513],[-5.0244,55.0768],[-5.0064,55.0933],[-4.9918,55.1435],[-4.9415,55.1641],[-4.9108,55.1984],[-4.8602,55.2271],[-4.865,55.2454],[-4.8553,55.2441],[-4.864,55.2456],[-4.8527,55.2608],[-4.8361,55.2831],[-4.8453,55.3249],[-4.8249,55.3358],[-4.7748,55.3599],[-4.7696,55.4006],[-4.7535,55.4162],[-4.713,55.4329],[-4.6535,55.4414],[-4.6479,55.4371],[-4.6474,55.4452],[-4.6466,55.4562],[-4.645,55.4576],[-4.646,55.4656],[-4.6457,55.4696],[-4.6216,55.4596],[-4.6441,55.4706],[-4.6286,55.4773],[-4.6202,55.4982],[-4.6328,55.5185],[-4.6204,55.5088],[-4.6223,55.5157],[-4.6855,55.5466],[-4.6597,55.5477],[-4.6594,55.5522],[-4.6585,55.5524],[-4.6592,55.5552],[-4.6584,55.5684],[-4.6478,55.5634],[-4.5922,55.5979],[-4.5683,55.6019],[-4.5685,55.5929],[-4.5361,55.5917],[-4.5387,55.5751],[-4.5169,55.5714]]]]}},{"type":"Feature","properties":{"name":"South Lanarkshire","slug":"south-lanarkshire","code":"S12000029"},"geometry":{"type":"Polygon","coordinates":[[[-4.107,55.8347],[-4.0458,55.8117],[-4.0484,55.7973],[-3.9991,55.7789],[-4.0017,55.7704],[-3.9737,55.7671],[-3.9301,55.7485],[-3.9186,55.7348],[-3.8882,55.7591],[-3.7664,55.7701],[-3.744,55.782],[-3.7327,55.7779],[-3.6987,55.7946],[-3.5915,55.8102],[-3.555,55.7857],[-3.5471,55.7907],[-3.4716,55.771],[-3.4561,55.7636],[-3.4395,55.7241],[-3.4192,55.7106],[-3.3984,55.7165],[-3.397,55.7107],[-3.4857,55.649],[-3.4817,55.6164],[-3.53,55.6114],[-3.5269,55.597],[-3.4885,55.5627],[-3.5034,55.5474],[-3.4866,55.5171],[-3.5044,55.5125],[-3.5222,55.4903],[-3.5185,55.4738],[-3.5396,55.4432],[-3.5074,55.4123],[-3.5314,55.3964],[-3.5498,55.399],[-3.5582,55.3881],[-3.5785,55.385],[-3.5727,55.3551],[-3.5883,55.3462],[-3.574,55.3284],[-3.607,55.3258],[-3.6216,55.3165],[-3.6187,55.2957],[-3.6636,55.2918],[-3.6784,55.3089],[-3.7112,55.3232],[-3.7202,55.3502],[-3.711,55.3632],[-3.7537,55.3749],[-3.7646,55.4011],[-3.8164,55.4273],[-3.8255,55.4444],[-3.8954,55.4598],[-3.9243,55.4563],[-3.951,55.4626],[-3.9698,55.4544],[-3.9862,55.4641],[-4.0168,55.473],[-4.0116,55.4829],[-4.0257,55.4925],[-3.9587,55.5408],[-3.957,55.5558],[-3.9724,55.5564],[-3.9764,55.5647],[-3.997,55.5635],[-4.0396,55.5924],[-4.0816,55.5676],[-4.1263,55.5657],[-4.1477,55.5727],[-4.2247,55.5505],[-4.2282,55.5601],[-4.2426,55.5621],[-4.2025,55.583],[-4.1947,55.6007],[-4.175,55.6048],[-4.2053,55.6149],[-4.2019,55.6269],[-4.2216,55.6351],[-4.217,55.6472],[-4.2469,55.679],[-4.2216,55.6915],[-4.2231,55.7276],[-4.275,55.7543],[-4.2826,55.7683],[-4.2534,55.7727],[-4.2507,55.7849],[-4.2267,55.7813],[-4.2239,55.7919],[-4.2043,55.8004],[-4.2145,55.8151],[-4.2255,55.8122],[-4.2338,55.8187],[-4.2276,55.8408],[-4.2204,55.8331],[-4.203,55.8441],[-4.1988,55.8336],[-4.1805,55.8356],[-4.1725,55.823],[-4.1306,55.8333],[-4.1112,55.8259],[-4.107,55.8347]]]}},{"type":"Feature","properties":{"name":"Stirling","slug":"stirling","code":"S12000030"},"geometry":{"type":"Polygon","coordinates":[[[-3.8294,56.1965],[-3.8582,56.1645],[-3.8543,56.1529],[-3.8779,56.15],[-3.8575,56.1353],[-3.8851,56.1291],[-3.8647,56.1189],[-3.8698,56.1077],[-3.8483,56.1196],[-3.8344,56.1158],[-3.8384,56.1037],[-3.8215,56.1007],[-3.8359,56.0846],[-3.7979,56.0654],[-3.8153,56.0612],[-3.8143,56.0528],[-3.8967,56.0454],[-3.9734,56.0486],[-3.9787,56.0394],[-4.0201,56.028],[-4.0961,56.0275],[-4.1235,56.01],[-4.1524,56.008],[-4.1627,56.0303],[-4.198,56.0101],[-4.2225,56.0203],[-4.257,56.0172],[-4.2814,56.0284],[-4.2995,56.0174],[-4.275,55.9932],[-4.2727,55.9653],[-4.2886,55.9668],[-4.2864,55.9578],[-4.3352,55.9594],[-4.3664,55.9804],[-4.402,55.9718],[-4.4303,55.979],[-4.4478,56.0041],[-4.4697,56.002],[-4.4824,56.0115],[-4.4989,56.0476],[-4.4805,56.0515],[-4.4755,56.0612],[-4.5049,56.0676],[-4.5063,56.0586],[-4.5324,56.0734],[-4.5874,56.0732],[-4.5982,56.0842],[-4.6053,56.0889],[-4.5904,56.1109],[-4.64,56.1223],[-4.6556,56.165],[-4.6956,56.2001],[-4.685,56.2161],[-4.7014,56.2547],[-4.6971,56.2744],[-4.6603,56.2811],[-4.6821,56.2978],[-4.6707,56.3025],[-4.6767,56.3129],[-4.6585,56.3219],[-4.6957,56.3225],[-4.7159,56.33],[-4.7218,56.3215],[-4.7399,56.3319],[-4.7858,56.3237],[-4.7928,56.3331],[-4.7832,56.3439],[-4.8545,56.3704],[-4.8126,56.3981],[-4.8117,56.4176],[-4.7986,56.4168],[-4.7681,56.4365],[-4.7334,56.4342],[-4.7264,56.4595],[-4.7001,56.4674],[-4.6655,56.4601],[-4.6553,56.473],[-4.6391,56.476],[-4.6285,56.4743],[-4.6251,56.4865],[-4.5773,56.5052],[-4.5285,56.5049],[-4.5288,56.5186],[-4.5074,56.5234],[-4.4944,56.5127],[-4.4774,56.513],[-4.442,56.5257],[-4.3785,56.5336],[-4.365,56.5471],[-4.3312,56.539],[-4.2969,56.475],[-4.1944,56.4953],[-4.1545,56.5103],[-4.1276,56.5013],[-4.1082,56.4884],[-4.0986,56.4653],[-4.1344,56.464],[-4.1619,56.4447],[-4.2021,56.4578],[-4.1965,56.3867],[-4.2406,56.3844],[-4.242,56.3528],[-4.2226,56.3423],[-4.2373,56.329],[-4.1882,56.3042],[-4.1399,56.2978],[-4.1157,56.281],[-4.0841,56.2809],[-4.0785,56.2899],[-4.0522,56.2735],[-4.0385,56.2803],[-4.0376,56.2691],[-4.0053,56.2749],[-3.9404,56.228],[-3.9163,56.2249],[-3.9007,56.2341],[-3.8731,56.2145],[-3.8472,56.226],[-3.8439,56.2018],[-3.8294,56.1965]]]}},{"type":"Feature","properties":{"name":"Aberdeen City","slug":"aberdeen-city","code":"S12000033"},"geometry":{"type":"Polygon","coordinates":[[[-2.2412,57.2353],[-2.2274,57.2283],[-2.2053,57.2315],[-2.1747,57.2103],[-2.1431,57.2113],[-2.1282,57.2274],[-2.0611,57.2123],[-2.0614,57.2119],[-2.0776,57.1761],[-2.1079,57.1767],[-2.0781,57.1748],[-2.0762,57.1492],[-2.0611,57.1457],[-2.095,57.1454],[-2.0782,57.1413],[-2.0556,57.1449],[-2.0469,57.1402],[-2.0727,57.1037],[-2.0731,57.1037],[-2.085,57.0862],[-2.0852,57.0859],[-2.0852,57.0859],[-2.1187,57.0904],[-2.1261,57.1184],[-2.1719,57.1146],[-2.1789,57.1071],[-2.2352,57.0943],[-2.2594,57.0952],[-2.2701,57.0793],[-2.3076,57.0762],[-2.317,57.08],[-2.2907,57.0883],[-2.284,57.1033],[-2.331,57.1015],[-2.3609,57.1112],[-2.3512,57.1356],[-2.3042,57.1234],[-2.2773,57.1289],[-2.2543,57.1584],[-2.2951,57.1976],[-2.2796,57.2012],[-2.2751,57.2343],[-2.2619,57.2285],[-2.2412,57.2353]]]}},{"type":"Feature","properties":{"name":"Aberdeenshire","slug":"aberdeenshire","code":"S12000034"},"geometry":{"type":"MultiPolygon","coordinates":[[[[-1.7809,57.4624],[-1.7823,57.4622],[-1.781,57.4628],[-1.7809,57.4624]]],[[[-2.7906,57.6996],[-2.7779,57.6924],[-2.7681,57.6934],[-2.7428,57.6836],[-2.7402,57.6819],[-2.7142,57.6926],[-2.7122,57.692],[-2.6837,57.6828],[-2.6725,57.6882],[-2.6676,57.6906],[-2.6382,57.6802],[-2.5837,57.6775],[-2.5817,57.6787],[-2.5815,57.6787],[-2.5805,57.6793],[-2.5745,57.6827],[-2.569,57.6796],[-2.5616,57.6736],[-2.5584,57.6735],[-2.5534,57.6706],[-2.5209,57.6706],[-2.5147,57.661],[-2.5282,57.6515],[-2.5137,57.6593],[-2.5136,57.6618],[-2.4982,57.6726],[-2.4972,57.6731],[-2.4714,57.6719],[-2.4715,57.6716],[-2.4711,57.6719],[-2.4503,57.6709],[-2.4503,57.6706],[-2.4499,57.6709],[-2.3965,57.6683],[-2.3619,57.676],[-2.349,57.6714],[-2.3468,57.6705],[-2.3465,57.6706],[-2.3446,57.6699],[-2.337,57.6729],[-2.3249,57.6775],[-2.3257,57.6804],[-2.3255,57.6869],[-2.2975,57.6962],[-2.2859,57.6904],[-2.2708,57.6818],[-2.2682,57.6817],[-2.2633,57.6793],[-2.2117,57.6796],[-2.1919,57.6713],[-2.1181,57.7011],[-2.0423,57.6917],[-2.0042,57.6989],[-2.0017,57.6932],[-1.9964,57.6815],[-1.9869,57.68],[-1.9864,57.6795],[-1.98,57.679],[-1.9571,57.6754],[-1.9708,57.6686],[-1.954,57.675],[-1.9541,57.6769],[-1.9459,57.681],[-1.9201,57.6749],[-1.8907,57.6342],[-1.8868,57.6386],[-1.881,57.6363],[-1.879,57.6341],[-1.8599,57.6279],[-1.8264,57.6145],[-1.8264,57.584],[-1.8267,57.583],[-1.8264,57.5828],[-1.8265,57.5678],[-1.8041,57.5564],[-1.8023,57.546],[-1.8047,57.5292],[-1.7986,57.5252],[-1.7973,57.5175],[-1.813,57.5229],[-1.8115,57.5181],[-1.7728,57.5083],[-1.7679,57.5052],[-1.7719,57.4973],[-1.7719,57.4972],[-1.7751,57.5075],[-1.7864,57.5011],[-1.7907,57.5022],[-1.7915,57.4981],[-1.7939,57.4967],[-1.792,57.4958],[-1.7922,57.4948],[-1.7903,57.495],[-1.7838,57.4918],[-1.7755,57.4965],[-1.7755,57.4965],[-1.7766,57.4957],[-1.7849,57.4901],[-1.7961,57.4847],[-1.7942,57.4838],[-1.7946,57.4836],[-1.7762,57.4727],[-1.7793,57.4653],[-1.7975,57.4551],[-1.801,57.4537],[-1.8039,57.4501],[-1.8319,57.4152],[-1.8397,57.4128],[-1.849,57.4163],[-1.8606,57.4071],[-1.8586,57.3922],[-1.8588,57.3897],[-1.9102,57.3659],[-1.9216,57.3576],[-1.9687,57.3257],[-1.9728,57.3206],[-1.9871,57.3103],[-1.9899,57.306],[-2.0016,57.2906],[-2.0168,57.2706],[-2.0611,57.2123],[-2.1282,57.2274],[-2.1431,57.2113],[-2.1747,57.2103],[-2.2053,57.2315],[-2.2274,57.2283],[-2.2412,57.2353],[-2.2619,57.2285],[-2.2751,57.2343],[-2.2796,57.2012],[-2.2951,57.1976],[-2.2543,57.1584],[-2.2773,57.1289],[-2.3042,57.1234],[-2.3512,57.1356],[-2.3609,57.1112],[-2.331,57.1015],[-2.284,57.1033],[-2.2907,57.0883],[-2.317,57.08],[-2.3076,57.0762],[-2.2701,57.0793],[-2.2594,57.0952],[-2.2352,57.0943],[-2.1789,57.1071],[-2.1719,57.1146],[-2.1261,57.1184],[-2.1187,57.0904],[-2.0852,57.0859],[-2.0922,57.068],[-2.1614,57.018],[-2.1774,56.9796],[-2.2092,56.9676],[-2.1912,56.951],[-2.1913,56.9508],[-2.2006,56.9482],[-2.1968,56.9112],[-2.1965,56.9089],[-2.1969,56.9084],[-2.2158,56.8947],[-2.2237,56.8748],[-2.2298,56.8671],[-2.2688,56.8451],[-2.2747,56.8455],[-2.2773,56.8297],[-2.2802,56.8276],[-2.2879,56.8275],[-2.3058,56.81],[-2.3259,56.7962],[-2.329,56.7952],[-2.3709,56.7822],[-2.3758,56.7736],[-2.3994,56.7743],[-2.4241,56.7549],[-2.425,56.7535],[-2.4622,56.7476],[-2.5302,56.7853],[-2.6162,56.7835],[-2.6316,56.8091],[-2.6528,56.8104],[-2.651,56.8226],[-2.6706,56.8423],[-2.6611,56.8857],[-2.681,56.888],[-2.6868,56.9151],[-2.7247,56.9258],[-2.74,56.9485],[-2.765,56.9598],[-2.8245,56.9619],[-2.8332,56.977],[-2.8511,56.9726],[-2.8924,56.9868],[-2.913,56.9816],[-2.9102,56.9758],[-2.9447,56.9738],[-2.9541,56.9668],[-3.0263,56.9728],[-3.0832,56.9584],[-3.1108,56.9187],[-3.1068,56.895],[-3.1203,56.8884],[-3.1604,56.9068],[-3.1739,56.9004],[-3.2326,56.9177],[-3.2699,56.9199],[-3.2842,56.9286],[-3.2849,56.9073],[-3.3371,56.8958],[-3.3721,56.8746],[-3.405,56.884],[-3.4213,56.8796],[-3.4298,56.8865],[-3.4657,56.8728],[-3.5025,56.8871],[-3.5292,56.8836],[-3.5377,56.8923],[-3.5608,56.8841],[-3.5685,56.8946],[-3.5587,56.9003],[-3.5832,56.931],[-3.6458,56.923],[-3.6547,56.9329],[-3.6755,56.9324],[-3.6836,56.9161],[-3.7103,56.9136],[-3.7407,56.9336],[-3.7835,56.9231],[-3.8016,56.9359],[-3.7878,56.9632],[-3.7604,56.9744],[-3.7482,56.9931],[-3.7444,57.0167],[-3.7574,57.0378],[-3.7324,57.0567],[-3.7471,57.0577],[-3.7581,57.0693],[-3.7497,57.0763],[-3.7149,57.079],[-3.6837,57.0952],[-3.6649,57.0684],[-3.6465,57.0883],[-3.5933,57.084],[-3.5577,57.0964],[-3.5526,57.0826],[-3.5384,57.0908],[-3.5168,57.0864],[-3.4863,57.0945],[-3.4491,57.0922],[-3.4227,57.1054],[-3.4102,57.0983],[-3.3781,57.0978],[-3.356,57.1101],[-3.3363,57.111],[-3.3225,57.1304],[-3.3494,57.1481],[-3.3418,57.1564],[-3.3567,57.1667],[-3.3535,57.1782],[-3.3139,57.1923],[-3.2796,57.1902],[-3.2658,57.2032],[-3.2426,57.2021],[-3.2452,57.2196],[-3.2085,57.2561],[-3.1649,57.2622],[-3.1432,57.2779],[-3.1102,57.2771],[-3.0924,57.2843],[-3.0541,57.2751],[-3.0437,57.2787],[-3.0191,57.2617],[-2.9842,57.2777],[-2.9767,57.2989],[-2.9519,57.3182],[-2.9722,57.3281],[-2.9699,57.3514],[-2.9835,57.3633],[-2.9545,57.3778],[-2.9892,57.3987],[-3.024,57.4052],[-3.0068,57.4206],[-2.9555,57.4385],[-3.0106,57.4429],[-3.0199,57.4495],[-2.9726,57.4967],[-2.9167,57.495],[-2.9196,57.5063],[-2.8864,57.5219],[-2.8859,57.5324],[-2.8663,57.5297],[-2.8335,57.5384],[-2.821,57.5351],[-2.817,57.5199],[-2.7886,57.5083],[-2.7589,57.5218],[-2.7606,57.5138],[-2.7419,57.504],[-2.718,57.501],[-2.7083,57.511],[-2.6946,57.508],[-2.6928,57.5164],[-2.6498,57.5296],[-2.6858,57.539],[-2.7084,57.5305],[-2.72,57.5642],[-2.7495,57.5676],[-2.7473,57.5797],[-2.7757,57.5841],[-2.7923,57.6051],[-2.8106,57.6099],[-2.7724,57.6499],[-2.8032,57.6655],[-2.8015,57.6951],[-2.7981,57.6971],[-2.7906,57.6996]]]]}},{"type":"Feature","properties":{"name":"Argyll and Bute","slug":"argyll-and-bute","code":"S12000035"},"geometry":{"type":"MultiPolygon","coordinates":[[[[-5.5724,55.2866],[-5.5694,55.278],[-5.5974,55.2787],[-5.5724,55.2866]]],[[[-5.5418,55.4214],[-5.5422,55.4213],[-5.5459,55.4224],[-5.5513,55.4241],[-5.5455,55.4262],[-5.5387,55.4273],[-5.5412,55.4226],[-5.5418,55.4214]]],[[[-6.1388,55.6206],[-6.1423,55.6134],[-6.153,55.6144],[-6.1503,55.6157],[-6.1388,55.6206]]],[[[-5.7309,55.7108],[-5.7219,55.6996],[-5.7252,55.6954],[-5.7344,55.6844],[-5.718,55.6852],[-5.718,55.6852],[-5.7365,55.6771],[-5.7348,55.6629],[-5.7344,55.6594],[-5.7637,55.6458],[-5.7596,55.668],[-5.7705,55.6678],[-5.7743,55.6768],[-5.7461,55.7092],[-5.7386,55.7075],[-5.7386,55.7077],[-5.7369,55.7073],[-5.7398,55.7179],[-5.7405,55.7238],[-5.723,55.7299],[-5.7119,55.7225],[-5.7309,55.7108]]],[[[-5.1475,55.7847],[-5.1575,55.7769],[-5.1621,55.7822],[-5.1677,55.7905],[-5.165,55.7971],[-5.1613,55.8047],[-5.1535,55.7936],[-5.1529,55.7928],[-5.1475,55.7847]]],[[[-5.062,55.8591],[-5.0589,55.8392],[-5.0573,55.8394],[-5.0572,55.8389],[-5.0247,55.8434],[-5.0223,55.8093],[-5.0152,55.7962],[-5.0011,55.7701],[-5.0011,55.77],[-5.032,55.7568],[-5.0055,55.7322],[-5.0042,55.7306],[-5.028,55.722],[-5.0538,55.7333],[-5.0609,55.7585],[-5.0936,55.778],[-5.0977,55.7771],[-5.0984,55.7775],[-5.1199,55.7724],[-5.1204,55.7723],[-5.124,55.7935],[-5.1267,55.8095],[-5.1381,55.8021],[-5.143,55.8127],[-5.1292,55.8452],[-5.1693,55.8518],[-5.2123,55.8848],[-5.2214,55.9012],[-5.2148,55.9055],[-5.1807,55.9246],[-5.1774,55.9243],[-5.1584,55.9209],[-5.1137,55.8924],[-5.0784,55.8814],[-5.0843,55.8683],[-5.0922,55.8633],[-5.0869,55.8626],[-5.0873,55.8617],[-5.0729,55.8606],[-5.062,55.8591]]],[[[-6.1232,55.929],[-6.1204,55.9216],[-6.1321,55.8896],[-6.1077,55.8528],[-6.1039,55.817],[-6.104,55.8129],[-6.084,55.7826],[-6.0523,55.7664],[-6.0469,55.7636],[-6.0521,55.7447],[-6.0528,55.7426],[-6.0527,55.7425],[-6.0528,55.742],[-6.032,55.7261],[-6.0367,55.7142],[-6.0404,55.7097],[-6.0397,55.7064],[-6.04,55.7057],[-6.0388,55.7027],[-6.0364,55.6922],[-6.0288,55.6945],[-6.0253,55.6948],[-6.0308,55.6836],[-6.0293,55.6837],[-6.0298,55.6828],[-6.0228,55.684],[-6.0201,55.6842],[-6.0214,55.6836],[-6.0499,55.6715],[-6.0512,55.6696],[-6.0553,55.6676],[-6.0547,55.6642],[-6.0578,55.6595],[-6.0718,55.6645],[-6.0721,55.6627],[-6.0734,55.6632],[-6.0742,55.6434],[-6.0743,55.6423],[-6.0863,55.649],[-6.1323,55.6319],[-6.1494,55.6256],[-6.1655,55.6308],[-6.186,55.6233],[-6.194,55.633],[-6.2177,55.6305],[-6.2116,55.6202],[-6.2402,55.5925],[-6.2534,55.5901],[-6.2588,55.5894],[-6.2677,55.5792],[-6.2678,55.5791],[-6.2692,55.5792],[-6.3121,55.5821],[-6.3139,55.588],[-6.3139,55.5883],[-6.314,55.5883],[-6.3142,55.5889],[-6.3392,55.5911],[-6.3347,55.6136],[-6.3331,55.6138],[-6.3346,55.6139],[-6.3334,55.6197],[-6.3137,55.6392],[-6.3038,55.6487],[-6.2735,55.6495],[-6.2672,55.653],[-6.2668,55.653],[-6.2668,55.6532],[-6.2582,55.658],[-6.2639,55.6666],[-6.2638,55.6667],[-6.2655,55.6691],[-6.2875,55.7022],[-6.3113,55.7194],[-6.3413,55.7161],[-6.3409,55.7207],[-6.3401,55.7296],[-6.3315,55.742],[-6.2782,55.7587],[-6.2619,55.7638],[-6.2528,55.779],[-6.2611,55.7847],[-6.3466,55.7841],[-6.3482,55.7816],[-6.3502,55.7815],[-6.3695,55.7483],[-6.3718,55.7447],[-6.4148,55.706],[-6.4565,55.6862],[-6.4882,55.671],[-6.5098,55.6768],[-6.5257,55.6929],[-6.5206,55.6961],[-6.4995,55.706],[-6.4982,55.7099],[-6.4931,55.7131],[-6.4968,55.7146],[-6.4963,55.716],[-6.507,55.7189],[-6.4989,55.7334],[-6.4975,55.7356],[-6.4639,55.7509],[-6.4611,55.7522],[-6.4607,55.7524],[-6.4642,55.7533],[-6.4675,55.7541],[-6.4706,55.7556],[-6.4656,55.7656],[-6.4571,55.7825],[-6.4679,55.7862],[-6.4869,55.7927],[-6.487,55.7927],[-6.4697,55.802],[-6.4565,55.8092],[-6.4554,55.8253],[-6.4649,55.8278],[-6.4546,55.8524],[-6.4295,55.8602],[-6.4193,55.8547],[-6.415,55.8518],[-6.3921,55.8581],[-6.3291,55.8907],[-6.3281,55.89],[-6.3461,55.8345],[-6.3349,55.8222],[-6.3187,55.8219],[-6.3283,55.8336],[-6.3048,55.8667],[-6.3115,55.8737],[-6.2868,55.8785],[-6.2861,55.8786],[-6.286,55.8787],[-6.2682,55.8821],[-6.2687,55.8869],[-6.2147,55.9126],[-6.2041,55.9232],[-6.1974,55.9267],[-6.1737,55.9258],[-6.1639,55.9284],[-6.1273,55.9379],[-6.1232,55.929]]],[[[-6.5159,55.6874],[-6.5161,55.6866],[-6.5145,55.687],[-6.5159,55.6874]]],[[[-5.6722,55.9582],[-5.6988,55.9325],[-5.6992,55.9326],[-5.699,55.9471],[-5.6901,55.9568],[-5.6803,55.9519],[-5.6729,55.9582],[-5.667,55.9632],[-5.6722,55.9582]]],[[[-6.2088,56.0247],[-6.2092,56.0198],[-6.2132,56.0197],[-6.2144,56.021],[-6.2269,56.0191],[-6.2311,56.019],[-6.2374,56.0073],[-6.2552,56.0017],[-6.2551,56.0071],[-6.2529,56.0135],[-6.2697,56.0228],[-6.238,56.0272],[-6.2264,56.0285],[-6.2106,56.0276],[-6.2088,56.0247]]],[[[-6.2148,56.029],[-6.2166,56.0282],[-6.2169,56.029],[-6.2148,56.029]]],[[[-5.565,56.091],[-5.5674,56.0894],[-5.5672,56.0914],[-5.5654,56.0913],[-5.565,56.091]]],[[[-5.2397,56.1012],[-5.2439,56.0994],[-5.241,56.1029],[-5.2397,56.1012]]],[[[-6.1331,56.1212],[-6.1673,56.0786],[-6.1717,56.0758],[-6.1793,56.0715],[-6.1967,56.0618],[-6.1954,56.0609],[-6.1956,56.0607],[-6.1937,56.0598],[-6.1823,56.0522],[-6.1864,56.0427],[-6.2175,56.0303],[-6.2218,56.0411],[-6.2287,56.0343],[-6.2497,56.0342],[-6.2463,56.0454],[-6.2689,56.0388],[-6.2758,56.0377],[-6.2575,56.0492],[-6.2563,56.0498],[-6.2562,56.05],[-6.2479,56.0552],[-6.255,56.0562],[-6.2543,56.0599],[-6.2456,56.0634],[-6.2583,56.0658],[-6.2413,56.0726],[-6.2535,56.0754],[-6.2476,56.0834],[-6.2352,56.0915],[-6.2088,56.106],[-6.1974,56.1055],[-6.1842,56.1016],[-6.1835,56.105],[-6.1813,56.1049],[-6.1813,56.1155],[-6.1808,56.1177],[-6.1711,56.1222],[-6.1477,56.133],[-6.1362,56.1239],[-6.1355,56.1234],[-6.1331,56.1212]]],[[[-5.9388,55.9606],[-5.9404,55.9604],[-5.9941,55.9757],[-6.0007,55.9743],[-6.0063,55.9732],[-6.006,55.9743],[-5.9627,56.0254],[-5.95,56.0375],[-5.9403,56.0425],[-5.8818,56.0704],[-5.8584,56.0778],[-5.8214,56.0896],[-5.8004,56.1118],[-5.7852,56.1084],[-5.7455,56.1296],[-5.7458,56.1358],[-5.7459,56.1376],[-5.7221,56.1376],[-5.7224,56.1386],[-5.7223,56.1386],[-5.724,56.1463],[-5.7149,56.1484],[-5.7093,56.1495],[-5.6961,56.1373],[-5.6874,56.1292],[-5.6876,56.1114],[-5.7666,56.0274],[-5.7666,56.028],[-5.7671,56.027],[-5.7766,56.0168],[-5.7834,56.015],[-5.7931,56.0132],[-5.8204,55.9731],[-5.8327,55.9713],[-5.8354,55.9711],[-5.8355,55.9709],[-5.8364,55.9708],[-5.8415,55.953],[-5.8448,55.9412],[-5.845,55.9403],[-5.8762,55.9052],[-5.8729,55.8898],[-5.8869,55.879],[-5.8817,55.8915],[-5.8974,55.8899],[-5.9014,55.8702],[-5.9024,55.8672],[-5.9172,55.8726],[-5.9365,55.8674],[-5.9511,55.8346],[-5.9509,55.8344],[-5.9509,55.8344],[-5.9444,55.8295],[-5.9396,55.826],[-5.9514,55.8098],[-5.9516,55.81],[-5.9521,55.8091],[-5.9519,55.8091],[-5.9639,55.7926],[-6.0359,55.7955],[-6.0647,55.8061],[-6.0871,55.8313],[-6.0863,55.8635],[-6.0966,55.8719],[-6.0948,55.8772],[-6.0868,55.9003],[-6.027,55.947],[-6.0245,55.9472],[-5.915,55.9563],[-5.8487,55.9782],[-5.8548,55.9903],[-5.8814,55.9707],[-5.8827,55.9701],[-5.8935,55.9824],[-5.8935,55.9824],[-5.8935,55.9824],[-5.8936,55.9819],[-5.8951,55.9743],[-5.9142,55.9745],[-5.9241,55.9629],[-5.9388,55.9606]]],[[[-6.6337,56.1326],[-6.6329,56.1318],[-6.6344,56.1322],[-6.6337,56.1326]]],[[[-5.6723,56.1682],[-5.7006,56.1596],[-5.7443,56.1615],[-5.7439,56.1772],[-5.7401,56.1805],[-5.6922,56.2002],[-5.6901,56.2008],[-5.676,56.1917],[-5.6723,56.1682]]],[[[-5.5887,56.2074],[-5.6113,56.1954],[-5.6096,56.2287],[-5.609,56.2298],[-5.5913,56.223],[-5.5887,56.2074]]],[[[-5.8028,56.2214],[-5.8188,56.2164],[-5.7999,56.229],[-5.8028,56.2214]]],[[[-5.6984,56.2238],[-5.6854,56.203],[-5.697,56.202],[-5.7024,56.213],[-5.7034,56.2129],[-5.7036,56.2132],[-5.7041,56.2129],[-5.7152,56.2119],[-5.7135,56.2135],[-5.6921,56.234],[-5.6948,56.2291],[-5.6984,56.2238]]],[[[-5.7534,56.2418],[-5.7776,56.2371],[-5.7539,56.2498],[-5.7534,56.2418]]],[[[-5.6094,56.2658],[-5.6194,56.251],[-5.6237,56.2557],[-5.6126,56.2635],[-5.6094,56.2658]]],[[[-5.6265,56.2538],[-5.62,56.2495],[-5.6197,56.2499],[-5.619,56.2491],[-5.6177,56.2477],[-5.6344,56.219],[-5.633,56.1976],[-5.6352,56.1907],[-5.6646,56.2178],[-5.6657,56.2189],[-5.6473,56.2544],[-5.639,56.2701],[-5.6247,56.2551],[-5.6265,56.2538]]],[[[-5.661,56.2896],[-5.6641,56.2894],[-5.6567,56.2947],[-5.6541,56.291],[-5.661,56.2896]]],[[[-5.5855,56.3243],[-5.5888,56.3056],[-5.5902,56.3018],[-5.6113,56.2929],[-5.5992,56.28],[-5.6261,56.266],[-5.6272,56.267],[-5.6336,56.2908],[-5.6542,56.2977],[-5.623,56.3193],[-5.6191,56.322],[-5.6181,56.3214],[-5.6162,56.3195],[-5.6117,56.3149],[-5.6086,56.3159],[-5.6063,56.3146],[-5.6115,56.3095],[-5.5928,56.3202],[-5.5855,56.3243]]],[[[-6.3562,56.2956],[-6.3623,56.2845],[-6.3717,56.2916],[-6.3854,56.288],[-6.3852,56.2883],[-6.3788,56.2948],[-6.3735,56.3003],[-6.3703,56.3005],[-6.3545,56.2988],[-6.3562,56.2956]]],[[[-6.4071,56.3145],[-6.4218,56.3067],[-6.4405,56.3097],[-6.4405,56.3097],[-6.4279,56.3224],[-6.4219,56.3251],[-6.4264,56.3373],[-6.391,56.3496],[-6.3866,56.3509],[-6.3865,56.3496],[-6.3974,56.3238],[-6.4071,56.3145]]],[[[-5.4891,56.4211],[-5.5516,56.3728],[-5.56,56.3704],[-5.5538,56.3786],[-5.5646,56.3821],[-5.589,56.3804],[-5.5671,56.4042],[-5.5634,56.4082],[-5.5229,56.4112],[-5.5136,56.4168],[-5.4982,56.425],[-5.4891,56.4211]]],[[[-5.198,56.4555],[-5.1982,56.4551],[-5.1995,56.4551],[-5.198,56.4555]]],[[[-6.1528,56.4473],[-6.1628,56.4361],[-6.1645,56.4387],[-6.1659,56.4434],[-6.1528,56.4473]]],[[[-5.1449,56.4814],[-5.1454,56.481],[-5.1462,56.4815],[-5.1449,56.4814]]],[[[-5.1464,56.4817],[-5.1471,56.4808],[-5.147,56.4814],[-5.1464,56.4817]]],[[[-6.0795,56.4639],[-6.0801,56.4632],[-6.1003,56.4642],[-6.0924,56.4688],[-6.0896,56.4701],[-6.0884,56.4699],[-6.0795,56.4639]]],[[[-6.2264,56.4994],[-6.1786,56.482],[-6.1778,56.483],[-6.1776,56.4829],[-6.1734,56.4884],[-6.166,56.4821],[-6.1621,56.4787],[-6.1546,56.4824],[-6.1542,56.4826],[-6.154,56.4825],[-6.1418,56.4713],[-6.1601,56.4634],[-6.1885,56.4666],[-6.1891,56.4659],[-6.2003,56.4614],[-6.2045,56.462],[-6.2082,56.4721],[-6.2086,56.4721],[-6.2085,56.4726],[-6.2127,56.4718],[-6.2221,56.4711],[-6.2239,56.4695],[-6.2421,56.4658],[-6.2446,56.4669],[-6.2471,56.4723],[-6.2631,56.4758],[-6.2686,56.4784],[-6.2684,56.4786],[-6.2513,56.4947],[-6.2457,56.4959],[-6.2328,56.4941],[-6.2297,56.4992],[-6.2271,56.4997],[-6.2264,56.4994]]],[[[-6.2912,56.4975],[-6.2726,56.4896],[-6.2557,56.4938],[-6.254,56.4942],[-6.2731,56.4784],[-6.2785,56.474],[-6.28,56.4782],[-6.2817,56.4831],[-6.307,56.4811],[-6.3073,56.4911],[-6.3028,56.4929],[-6.3012,56.491],[-6.3011,56.4936],[-6.2912,56.4975]]],[[[-5.4089,56.5265],[-5.4283,56.5252],[-5.4253,56.528],[-5.412,56.5354],[-5.4089,56.5358],[-5.4089,56.5265]]],[[[-5.4309,56.5599],[-5.5014,56.5026],[-5.507,56.4981],[-5.5734,56.4713],[-5.5979,56.4614],[-5.5841,56.4705],[-5.5764,56.4756],[-5.5746,56.4834],[-5.5713,56.4977],[-5.533,56.5079],[-5.5285,56.5108],[-5.5224,56.5125],[-5.4678,56.5491],[-5.4703,56.5584],[-5.4702,56.5583],[-5.4559,56.5498],[-5.4358,56.5586],[-5.4309,56.5599]]],[[[-6.7548,56.5143],[-6.7554,56.5141],[-6.7652,56.5143],[-6.7672,56.5165],[-6.7644,56.5188],[-6.7548,56.5143]]],[[[-6.7405,56.5487],[-6.7396,56.5481],[-6.7416,56.5485],[-6.7414,56.5492],[-6.7405,56.5487]]],[[[-5.3847,56.5957],[-5.3972,56.5786],[-5.3976,56.5793],[-5.4025,56.59],[-5.4005,56.5909],[-5.3847,56.5957]]],[[[-5.4813,56.3557],[-5.4944,56.3607],[-5.4929,56.3633],[-5.496,56.3613],[-5.4971,56.3616],[-5.5185,56.3464],[-5.5201,56.3453],[-5.5382,56.3597],[-5.5141,56.3956],[-5.4728,56.4129],[-5.4839,56.4359],[-5.4791,56.4385],[-5.4612,56.4479],[-5.4474,56.4533],[-5.441,56.4556],[-5.4361,56.4473],[-5.4149,56.4552],[-5.4142,56.4497],[-5.3584,56.4584],[-5.3593,56.4574],[-5.3567,56.458],[-5.3583,56.4584],[-5.3505,56.4596],[-5.3431,56.4565],[-5.3304,56.4505],[-5.3298,56.4508],[-5.3293,56.4506],[-5.3233,56.4541],[-5.3161,56.4577],[-5.2861,56.4487],[-5.2693,56.4505],[-5.267,56.4579],[-5.2487,56.4374],[-5.2457,56.4373],[-5.2349,56.4367],[-5.2339,56.4388],[-5.2276,56.4455],[-5.2237,56.44],[-5.1904,56.4485],[-5.1571,56.472],[-5.1356,56.477],[-5.1445,56.4823],[-5.1313,56.4927],[-5.1191,56.489],[-5.1292,56.4931],[-5.096,56.5285],[-5.0617,56.5271],[-5.0519,56.5362],[-4.9943,56.5421],[-4.9851,56.5565],[-4.9711,56.5546],[-4.9515,56.5637],[-4.9475,56.5757],[-4.8785,56.566],[-4.8386,56.5738],[-4.83,56.5692],[-4.8011,56.5736],[-4.7794,56.5878],[-4.7262,56.5878],[-4.7022,56.6056],[-4.6866,56.6006],[-4.6264,56.6156],[-4.6098,56.6148],[-4.5598,56.573],[-4.5995,56.5767],[-4.6976,56.55],[-4.6976,56.541],[-4.6595,56.5345],[-4.6537,56.526],[-4.6583,56.5107],[-4.6862,56.4905],[-4.6708,56.4798],[-4.6391,56.476],[-4.6553,56.473],[-4.6655,56.4601],[-4.7001,56.4674],[-4.7264,56.4595],[-4.7334,56.4342],[-4.7681,56.4365],[-4.7986,56.4168],[-4.8117,56.4176],[-4.8126,56.3981],[-4.8545,56.3704],[-4.7832,56.3439],[-4.7928,56.3331],[-4.7858,56.3237],[-4.7399,56.3319],[-4.7218,56.3215],[-4.7159,56.33],[-4.6957,56.3225],[-4.6585,56.3219],[-4.6767,56.3129],[-4.6707,56.3025],[-4.6821,56.2978],[-4.6603,56.2811],[-4.6971,56.2744],[-4.7014,56.2547],[-4.685,56.2161],[-4.6956,56.2001],[-4.6556,56.165],[-4.64,56.1223],[-4.5904,56.1109],[-4.6053,56.0889],[-4.5982,56.0842],[-4.6219,56.045],[-4.6015,56.0202],[-4.6297,56.01],[-4.6303,56.0027],[-4.6529,56.0081],[-4.6599,56.0027],[-4.6162,55.9874],[-4.6249,55.9724],[-4.6022,55.958],[-4.6099,55.9466],[-4.6664,55.9584],[-4.6837,55.9709],[-4.7017,55.9673],[-4.7007,55.9752],[-4.6851,55.9756],[-4.6921,55.9835],[-4.7007,55.9931],[-4.7211,55.9983],[-4.7213,55.9986],[-4.7271,55.9998],[-4.7875,56.0151],[-4.7894,56.018],[-4.7877,56.0244],[-4.8025,56.0377],[-4.8306,56.0798],[-4.8372,56.0498],[-4.7928,56.0008],[-4.7704,56.0007],[-4.7677,55.9881],[-4.8244,55.9848],[-4.8474,55.9879],[-4.8524,55.9899],[-4.8717,56.0297],[-4.8786,56.0535],[-4.8391,56.1135],[-4.7699,56.1872],[-4.7497,56.1955],[-4.7525,56.2038],[-4.7897,56.182],[-4.8319,56.1235],[-4.8616,56.0998],[-4.862,56.0999],[-4.8618,56.1004],[-4.8622,56.1],[-4.887,56.1091],[-4.883,56.1419],[-4.9018,56.169],[-4.9167,56.1645],[-4.8998,56.1466],[-4.9087,56.1121],[-4.8756,56.0875],[-4.8933,56.071],[-4.9144,56.0513],[-4.8976,55.9841],[-4.9394,55.9945],[-4.9394,55.9945],[-4.9619,56.0058],[-4.9609,55.9895],[-4.932,55.978],[-4.9238,55.9748],[-4.9086,55.9671],[-4.9107,55.9633],[-4.9307,55.944],[-4.9341,55.9435],[-4.9789,55.8618],[-5.0312,55.8689],[-5.0449,55.8709],[-5.0685,55.9522],[-5.1049,55.9713],[-5.1066,55.9741],[-5.1232,56.0097],[-5.1254,56.005],[-5.126,56.006],[-5.1256,56.0045],[-5.1293,55.9967],[-5.121,55.9865],[-5.1174,55.9721],[-5.0831,55.9394],[-5.0824,55.9384],[-5.0772,55.8981],[-5.1117,55.9015],[-5.173,55.9303],[-5.1721,55.931],[-5.1737,55.9308],[-5.1737,55.9306],[-5.1787,55.9329],[-5.1891,55.9717],[-5.1931,55.9865],[-5.1939,55.9715],[-5.1949,55.9525],[-5.2035,55.9259],[-5.224,55.9092],[-5.2363,55.9043],[-5.2401,55.8961],[-5.2422,55.8944],[-5.2087,55.8563],[-5.2044,55.8283],[-5.2075,55.8279],[-5.2221,55.8323],[-5.226,55.8372],[-5.2527,55.8463],[-5.2562,55.8517],[-5.2851,55.8483],[-5.2901,55.8552],[-5.2903,55.8562],[-5.2908,55.8561],[-5.2919,55.8576],[-5.311,55.853],[-5.3119,55.8529],[-5.3044,55.8555],[-5.3127,55.8567],[-5.3116,55.8746],[-5.3112,55.8756],[-5.3115,55.8754],[-5.3115,55.8754],[-5.3165,55.8712],[-5.317,55.8708],[-5.3136,55.8778],[-5.3477,55.8877],[-5.3511,55.8956],[-5.3511,55.8956],[-5.3511,55.8956],[-5.3522,55.8983],[-5.3368,55.9197],[-5.3438,55.9223],[-5.3337,55.949],[-5.327,55.9559],[-5.3359,55.9618],[-5.3464,55.9713],[-5.3441,55.983],[-5.3389,55.9972],[-5.3183,56.0118],[-5.3152,56.0119],[-5.3124,56.016],[-5.3015,56.0236],[-5.298,56.0362],[-5.2847,56.055],[-5.2102,56.1051],[-5.2032,56.1286],[-5.1009,56.1568],[-5.0831,56.1672],[-5.0608,56.2078],[-5.0304,56.2245],[-4.9811,56.2364],[-4.9267,56.2674],[-5.0398,56.2341],[-5.053,56.2464],[-5.1042,56.2018],[-5.1174,56.1707],[-5.146,56.1566],[-5.1926,56.1494],[-5.2361,56.1284],[-5.2567,56.0972],[-5.2822,56.0891],[-5.2844,56.0857],[-5.2834,56.0892],[-5.3057,56.0613],[-5.3188,56.0592],[-5.3208,56.0599],[-5.3213,56.0686],[-5.3339,56.0681],[-5.3304,56.0635],[-5.3358,56.0655],[-5.3268,56.0588],[-5.3262,56.058],[-5.3411,56.0506],[-5.3455,56.0222],[-5.3582,56.0254],[-5.361,56.0231],[-5.3623,56.0231],[-5.3891,56.0048],[-5.3944,56.0073],[-5.3999,56.004],[-5.4067,56.0011],[-5.4135,56.0045],[-5.4283,56.0172],[-5.4305,56.0348],[-5.4406,56.0379],[-5.4433,56.0208],[-5.4461,56.0207],[-5.4483,55.9893],[-5.4511,55.9719],[-5.4448,55.9648],[-5.4287,55.9468],[-5.4283,55.945],[-5.4195,55.8965],[-5.4182,55.8958],[-5.4178,55.8938],[-5.4035,55.8887],[-5.4026,55.8883],[-5.4027,55.8883],[-5.4131,55.8899],[-5.4016,55.8769],[-5.4016,55.8769],[-5.4016,55.8769],[-5.396,55.8705],[-5.4143,55.8638],[-5.4151,55.8636],[-5.415,55.8636],[-5.415,55.8636],[-5.4066,55.8633],[-5.3852,55.8625],[-5.3398,55.8272],[-5.3176,55.7885],[-5.3146,55.7831],[-5.3276,55.7646],[-5.3507,55.7661],[-5.3943,55.752],[-5.451,55.7071],[-5.4488,55.6877],[-5.4837,55.6426],[-5.4691,55.6044],[-5.4585,55.5764],[-5.4669,55.5711],[-5.4702,55.5824],[-5.4876,55.5789],[-5.4886,55.5847],[-5.4889,55.5733],[-5.4927,55.5705],[-5.4899,55.5315],[-5.49,55.5299],[-5.5042,55.5271],[-5.5104,55.4876],[-5.5435,55.4678],[-5.5436,55.4674],[-5.5455,55.4662],[-5.5505,55.4343],[-5.5806,55.4242],[-5.6037,55.4271],[-5.6013,55.4255],[-5.6036,55.4256],[-5.5965,55.4222],[-5.5947,55.421],[-5.584,55.4137],[-5.5799,55.4143],[-5.579,55.4139],[-5.577,55.4146],[-5.5524,55.4176],[-5.5419,55.4079],[-5.5264,55.3918],[-5.5203,55.3612],[-5.5618,55.3237],[-5.6036,55.3075],[-5.688,55.3088],[-5.7199,55.2933],[-5.7554,55.2895],[-5.7784,55.2947],[-5.7821,55.296],[-5.7999,55.3022],[-5.7978,55.3685],[-5.7963,55.3912],[-5.7556,55.4143],[-5.7522,55.4233],[-5.7503,55.4247],[-5.7222,55.4267],[-5.7162,55.4424],[-5.7137,55.5206],[-5.7038,55.5326],[-5.7162,55.5735],[-5.6927,55.5874],[-5.6879,55.5981],[-5.6724,55.6327],[-5.6631,55.6678],[-5.6765,55.6824],[-5.62,55.7097],[-5.5698,55.7669],[-5.5534,55.7671],[-5.5218,55.7828],[-5.5106,55.7884],[-5.479,55.804],[-5.4355,55.8572],[-5.4459,55.8572],[-5.4702,55.8335],[-5.5094,55.8044],[-5.5119,55.8028],[-5.5256,55.7944],[-5.5744,55.7769],[-5.5759,55.78],[-5.5894,55.7672],[-5.6053,55.7632],[-5.6153,55.7616],[-5.6152,55.7634],[-5.6067,55.7751],[-5.6004,55.7775],[-5.6078,55.7769],[-5.6176,55.7807],[-5.6198,55.7833],[-5.6178,55.7853],[-5.6048,55.7917],[-5.6124,55.7907],[-5.608,55.7951],[-5.6391,55.7869],[-5.6399,55.7868],[-5.6644,55.7993],[-5.6646,55.814],[-5.6636,55.842],[-5.6465,55.8645],[-5.5906,55.9215],[-5.569,55.9374],[-5.609,55.9292],[-5.6285,55.9171],[-5.6778,55.8869],[-5.6829,55.8985],[-5.6874,55.9126],[-5.6768,55.9304],[-5.6038,56.0027],[-5.5999,56.0061],[-5.5894,56.0116],[-5.5725,56.0171],[-5.57,56.0217],[-5.5693,56.0221],[-5.5699,56.022],[-5.5656,56.03],[-5.5968,56.0165],[-5.5818,56.0289],[-5.5662,56.0413],[-5.5676,56.0406],[-5.5668,56.0412],[-5.5886,56.0323],[-5.5868,56.0391],[-5.592,56.0315],[-5.5921,56.0315],[-5.5927,56.0306],[-5.609,56.024],[-5.609,56.024],[-5.5773,56.0525],[-5.597,56.0365],[-5.5796,56.0546],[-5.6121,56.0243],[-5.615,56.0242],[-5.6248,56.0245],[-5.6244,56.0242],[-5.6253,56.0242],[-5.6233,56.0235],[-5.6133,56.0169],[-5.6201,56.0094],[-5.6418,55.9894],[-5.6584,55.9836],[-5.6584,55.9836],[-5.6357,56.0129],[-5.6369,56.012],[-5.6363,56.0128],[-5.6396,56.01],[-5.652,56.0007],[-5.6728,55.9785],[-5.6704,55.9732],[-5.6547,55.9773],[-5.6683,55.9639],[-5.683,55.9579],[-5.6878,55.9559],[-5.6863,55.9578],[-5.6767,55.9692],[-5.6987,55.9574],[-5.7127,55.9499],[-5.7147,55.949],[-5.7083,55.9571],[-5.6567,56.0229],[-5.6358,56.0291],[-5.6326,56.0525],[-5.5847,56.0918],[-5.5822,56.0917],[-5.5672,56.088],[-5.555,56.0911],[-5.5533,56.0911],[-5.5505,56.0808],[-5.5367,56.0758],[-5.5211,56.0701],[-5.5094,56.0785],[-5.5284,56.0748],[-5.5289,56.0851],[-5.5375,56.0844],[-5.5447,56.0838],[-5.5381,56.0914],[-5.5303,56.1006],[-5.539,56.1007],[-5.551,56.1008],[-5.5535,56.1027],[-5.5477,56.1106],[-5.5588,56.1066],[-5.5685,56.1138],[-5.5427,56.1416],[-5.5425,56.1418],[-5.5013,56.1861],[-5.5081,56.1912],[-5.517,56.187],[-5.5259,56.1876],[-5.5329,56.1794],[-5.5333,56.1792],[-5.5343,56.1787],[-5.5321,56.1815],[-5.5401,56.1759],[-5.5456,56.1733],[-5.5794,56.1571],[-5.5924,56.1404],[-5.5941,56.1382],[-5.6023,56.1324],[-5.6143,56.1316],[-5.6146,56.1316],[-5.6043,56.14],[-5.5878,56.1535],[-5.601,56.1483],[-5.5976,56.1597],[-5.6008,56.159],[-5.6005,56.1611],[-5.5573,56.2039],[-5.5637,56.2085],[-5.5665,56.2108],[-5.5495,56.2152],[-5.5408,56.2175],[-5.5471,56.2222],[-5.5487,56.2305],[-5.5654,56.237],[-5.5518,56.2402],[-5.4813,56.2569],[-5.4946,56.2624],[-5.4973,56.2643],[-5.4938,56.2702],[-5.5052,56.2701],[-5.5173,56.2596],[-5.5335,56.2599],[-5.5537,56.2605],[-5.5619,56.2607],[-5.5817,56.2482],[-5.5831,56.2482],[-5.596,56.2501],[-5.5792,56.2839],[-5.5907,56.2826],[-5.5919,56.2828],[-5.5813,56.3205],[-5.5777,56.3332],[-5.5528,56.3471],[-5.5427,56.3447],[-5.5391,56.3495],[-5.5369,56.3495],[-5.5211,56.3409],[-5.5204,56.3404],[-5.5203,56.3405],[-5.5201,56.3404],[-5.4989,56.3521],[-5.4811,56.3545],[-5.48,56.3552],[-5.4797,56.3551],[-5.4751,56.3553],[-5.4492,56.3616],[-5.4485,56.368],[-5.4758,56.3567],[-5.4813,56.3557]]],[[[-6.7263,56.5408],[-6.7256,56.5266],[-6.7746,56.5246],[-6.775,56.5251],[-6.7802,56.5244],[-6.8043,56.5234],[-6.8134,56.5124],[-6.7966,56.5066],[-6.7951,56.5057],[-6.8114,56.4888],[-6.8755,56.4884],[-6.8777,56.4884],[-6.8987,56.4704],[-6.8948,56.4554],[-6.8942,56.4532],[-6.8941,56.4453],[-6.9327,56.4431],[-6.9467,56.4533],[-6.9549,56.4593],[-6.9792,56.452],[-6.98,56.4518],[-6.98,56.452],[-6.9738,56.4884],[-6.9861,56.5037],[-6.9877,56.5036],[-6.9877,56.504],[-6.9919,56.5036],[-6.9991,56.5035],[-6.9974,56.5044],[-6.984,56.5072],[-6.9767,56.5153],[-6.951,56.529],[-6.9128,56.5307],[-6.9121,56.5304],[-6.9027,56.5248],[-6.8983,56.5261],[-6.8796,56.5204],[-6.8743,56.5187],[-6.8713,56.5213],[-6.8219,56.5421],[-6.818,56.5432],[-6.8142,56.542],[-6.7979,56.5351],[-6.7962,56.5364],[-6.7957,56.5362],[-6.7948,56.5374],[-6.7898,56.541],[-6.7802,56.5373],[-6.78,56.5372],[-6.78,56.5373],[-6.7791,56.5369],[-6.7545,56.5559],[-6.7415,56.544],[-6.731,56.5434],[-6.7263,56.5408]]],[[[-6.6742,56.5779],[-6.6745,56.5774],[-6.6754,56.5776],[-6.6747,56.5784],[-6.6742,56.5779]]],[[[-5.153,56.6267],[-5.1531,56.6128],[-5.1188,56.6166],[-5.08,56.6095],[-5.0867,56.5962],[-5.1089,56.5875],[-5.0954,56.5739],[-5.0997,56.5553],[-5.1145,56.548],[-5.0975,56.5357],[-5.1343,56.5034],[-5.1559,56.5013],[-5.1836,56.4613],[-5.2302,56.4466],[-5.2474,56.4579],[-5.2567,56.464],[-5.2882,56.4604],[-5.3465,56.4718],[-5.362,56.4701],[-5.365,56.4628],[-5.3667,56.459],[-5.3994,56.4589],[-5.407,56.4589],[-5.4066,56.4658],[-5.401,56.4707],[-5.4059,56.4762],[-5.4054,56.4843],[-5.4202,56.4921],[-5.4222,56.4943],[-5.4233,56.4937],[-5.427,56.4957],[-5.4212,56.5048],[-5.4195,56.5076],[-5.4228,56.5048],[-5.4589,56.4747],[-5.4516,56.488],[-5.4739,56.4819],[-5.4735,56.4823],[-5.4321,56.5216],[-5.4019,56.5257],[-5.3984,56.5212],[-5.4006,56.5172],[-5.3933,56.5148],[-5.3898,56.5102],[-5.3861,56.5123],[-5.3816,56.5108],[-5.3337,56.521],[-5.2964,56.5464],[-5.2497,56.5485],[-5.2459,56.553],[-5.2611,56.5541],[-5.2315,56.5639],[-5.2821,56.5483],[-5.32,56.5478],[-5.3668,56.5235],[-5.3671,56.5235],[-5.3665,56.5238],[-5.374,56.5293],[-5.3828,56.5242],[-5.3932,56.5437],[-5.4167,56.539],[-5.4083,56.5607],[-5.3911,56.5688],[-5.3904,56.5595],[-5.3694,56.5659],[-5.3878,56.5753],[-5.3838,56.5822],[-5.325,56.6207],[-5.2974,56.598],[-5.2747,56.6007],[-5.2497,56.5922],[-5.2165,56.6022],[-5.2138,56.6319],[-5.153,56.6267]]],[[[-6.1126,56.6439],[-6.0666,56.6386],[-6.0583,56.6282],[-6.0583,56.6281],[-6.0697,56.621],[-6.067,56.6202],[-6.0674,56.6199],[-6.0532,56.6162],[-6.0325,56.6102],[-6.0122,56.588],[-5.9894,56.5797],[-5.9836,56.5709],[-5.9634,56.5371],[-5.9753,56.5315],[-5.9515,56.518],[-5.9457,56.5216],[-5.9328,56.5217],[-5.9203,56.5165],[-5.9031,56.518],[-5.8637,56.5216],[-5.845,56.5143],[-5.831,56.5084],[-5.8308,56.5087],[-5.8246,56.5062],[-5.8236,56.5172],[-5.7969,56.5151],[-5.7743,56.4946],[-5.7684,56.4893],[-5.7415,56.4819],[-5.7201,56.4851],[-5.7174,56.4833],[-5.7133,56.4748],[-5.6939,56.467],[-5.6802,56.4575],[-5.6834,56.4518],[-5.6616,56.4482],[-5.6524,56.4567],[-5.6523,56.4546],[-5.6523,56.425],[-5.6703,56.4287],[-5.6704,56.4288],[-5.6641,56.4326],[-5.6795,56.441],[-5.6954,56.4274],[-5.6781,56.4338],[-5.6755,56.4314],[-5.6753,56.4196],[-5.6677,56.4232],[-5.6657,56.4222],[-5.6645,56.4211],[-5.6637,56.4212],[-5.6526,56.4155],[-5.6795,56.3837],[-5.7175,56.3907],[-5.7138,56.4042],[-5.7106,56.4141],[-5.7111,56.414],[-5.711,56.4146],[-5.7132,56.4138],[-5.7341,56.4113],[-5.7482,56.4135],[-5.7318,56.3961],[-5.7545,56.3946],[-5.7581,56.3812],[-5.7949,56.3664],[-5.7861,56.3682],[-5.7913,56.3659],[-5.7212,56.3813],[-5.7092,56.3838],[-5.6935,56.3828],[-5.6913,56.3826],[-5.6954,56.3706],[-5.7458,56.3418],[-5.8276,56.3131],[-5.8341,56.3109],[-5.8399,56.312],[-5.8432,56.3127],[-5.8829,56.3205],[-5.889,56.3217],[-5.8833,56.3248],[-5.8462,56.3456],[-5.8524,56.3539],[-5.8767,56.3562],[-5.8834,56.3522],[-5.9018,56.3464],[-5.9246,56.3275],[-5.9344,56.3215],[-5.9868,56.3229],[-6.0171,56.3071],[-6.0442,56.2931],[-6.075,56.3012],[-6.079,56.3024],[-6.1266,56.2967],[-6.1429,56.2844],[-6.1702,56.2881],[-6.1702,56.2882],[-6.1702,56.2882],[-6.1986,56.2921],[-6.2023,56.2909],[-6.2032,56.291],[-6.2157,56.2865],[-6.22,56.2851],[-6.2201,56.2852],[-6.2202,56.2851],[-6.2255,56.2834],[-6.2454,56.2886],[-6.2479,56.2855],[-6.25,56.2857],[-6.2629,56.2665],[-6.2646,56.2644],[-6.265,56.2649],[-6.2695,56.274],[-6.3202,56.2696],[-6.3235,56.2706],[-6.323,56.2826],[-6.3295,56.2827],[-6.3292,56.2847],[-6.3496,56.2848],[-6.3481,56.2959],[-6.3468,56.306],[-6.3769,56.3088],[-6.3512,56.3467],[-6.2949,56.3443],[-6.2946,56.3442],[-6.2946,56.3441],[-6.2896,56.3369],[-6.2894,56.3369],[-6.2865,56.3329],[-6.2858,56.3368],[-6.2728,56.3368],[-6.2674,56.3243],[-6.2979,56.3244],[-6.2364,56.3157],[-6.2486,56.3431],[-6.2082,56.3356],[-6.1903,56.3322],[-6.1765,56.3343],[-6.185,56.3377],[-6.1838,56.3386],[-6.1777,56.341],[-6.1588,56.3391],[-6.1454,56.3373],[-6.145,56.3376],[-6.1419,56.3373],[-6.1303,56.3467],[-6.1031,56.3423],[-6.0709,56.3565],[-6.0186,56.3645],[-6.0033,56.3784],[-6.0138,56.3871],[-6.0083,56.3877],[-5.9793,56.3859],[-6.0227,56.3947],[-6.0242,56.3939],[-6.0246,56.394],[-6.0467,56.3823],[-6.0594,56.3758],[-6.0725,56.3839],[-6.0953,56.3707],[-6.1058,56.3669],[-6.1949,56.3588],[-6.2094,56.3723],[-6.206,56.3852],[-6.1512,56.4131],[-6.1306,56.446],[-6.1252,56.4486],[-6.0548,56.4514],[-6.0018,56.478],[-6.002,56.4801],[-5.9992,56.4816],[-6.0001,56.4927],[-6.0029,56.4933],[-6.0031,56.4961],[-5.9953,56.4932],[-6.0032,56.4968],[-6.0042,56.4965],[-6.0133,56.4999],[-6.0326,56.4896],[-6.036,56.4881],[-6.0475,56.486],[-6.0865,56.4787],[-6.1232,56.4731],[-6.1359,56.482],[-6.1468,56.4813],[-6.1493,56.4813],[-6.1478,56.4827],[-6.1379,56.4914],[-6.1487,56.5002],[-6.2254,56.5289],[-6.2291,56.5285],[-6.2298,56.5288],[-6.2511,56.5266],[-6.2868,56.5235],[-6.3405,56.5372],[-6.334,56.5541],[-6.3199,56.5567],[-6.3052,56.5584],[-6.2797,56.5773],[-6.2844,56.5773],[-6.283,56.5784],[-6.2991,56.5772],[-6.3152,56.5771],[-6.3238,56.6062],[-6.2746,56.6027],[-6.2725,56.6038],[-6.2713,56.6037],[-6.2694,56.6054],[-6.2539,56.6133],[-6.2534,56.6131],[-6.2383,56.606],[-6.1883,56.5824],[-6.2028,56.5914],[-6.1896,56.5857],[-6.2236,56.6047],[-6.2119,56.6031],[-6.227,56.6142],[-6.227,56.6334],[-6.209,56.628],[-6.1974,56.6242],[-6.1979,56.6247],[-6.1946,56.6237],[-6.2082,56.6355],[-6.2022,56.6334],[-6.2002,56.6325],[-6.2002,56.6327],[-6.1985,56.632],[-6.1983,56.6423],[-6.1662,56.6418],[-6.1524,56.6472],[-6.1286,56.6559],[-6.1126,56.6439]]],[[[-6.4534,56.6878],[-6.4527,56.6748],[-6.4743,56.6512],[-6.5057,56.6168],[-6.506,56.6167],[-6.5341,56.6394],[-6.5233,56.6132],[-6.5291,56.6092],[-6.531,56.6102],[-6.5541,56.5947],[-6.5631,56.5947],[-6.5655,56.5947],[-6.5667,56.5865],[-6.5803,56.5919],[-6.5935,56.5857],[-6.6001,56.5855],[-6.601,56.5891],[-6.6109,56.5753],[-6.625,56.5925],[-6.6356,56.5766],[-6.6382,56.5734],[-6.6476,56.5829],[-6.671,56.5833],[-6.6725,56.5809],[-6.6782,56.5804],[-6.6816,56.5656],[-6.682,56.565],[-6.6951,56.5632],[-6.7098,56.5791],[-6.709,56.5802],[-6.6994,56.585],[-6.6961,56.5828],[-6.6853,56.5921],[-6.6788,56.5953],[-6.6757,56.5951],[-6.674,56.5926],[-6.6606,56.5939],[-6.6554,56.5935],[-6.649,56.602],[-6.6487,56.6019],[-6.649,56.6021],[-6.6371,56.618],[-6.6257,56.621],[-6.6192,56.6223],[-6.619,56.6228],[-6.6159,56.6236],[-6.6122,56.6378],[-6.5848,56.6472],[-6.5822,56.6481],[-6.5716,56.6512],[-6.5716,56.6517],[-6.5701,56.6522],[-6.5474,56.66],[-6.5343,56.6735],[-6.5273,56.6766],[-6.5066,56.6787],[-6.5039,56.6857],[-6.4927,56.6819],[-6.4947,56.6905],[-6.4734,56.6868],[-6.4696,56.6914],[-6.4636,56.6902],[-6.4534,56.6878]]]]}},{"type":"Feature","properties":{"name":"City of Edinburgh","slug":"city-of-edinburgh","code":"S12000036"},"geometry":{"type":"Polygon","coordinates":[[[-3.077,55.9468],[-3.0886,55.9314],[-3.1117,55.9297],[-3.1177,55.9135],[-3.0927,55.8998],[-3.1624,55.8891],[-3.2015,55.8948],[-3.2091,55.8833],[-3.2384,55.8827],[-3.2539,55.8686],[-3.2657,55.8761],[-3.2955,55.8662],[-3.3507,55.8271],[-3.369,55.8241],[-3.3948,55.8197],[-3.396,55.8317],[-3.4201,55.846],[-3.4169,55.8604],[-3.3966,55.8687],[-3.4138,55.8784],[-3.3877,55.9029],[-3.4442,55.9077],[-3.4314,55.9318],[-3.4181,55.9336],[-3.4495,55.9509],[-3.4249,55.9538],[-3.4434,55.9615],[-3.4483,55.9776],[-3.4297,55.9818],[-3.426,55.9939],[-3.4253,55.9938],[-3.4206,55.9953],[-3.4141,55.9946],[-3.4147,55.9927],[-3.3897,55.9898],[-3.3835,55.9917],[-3.3823,55.9916],[-3.372,55.9953],[-3.352,56.0016],[-3.3038,55.9753],[-3.298,55.9824],[-3.2837,55.9811],[-3.2628,55.9792],[-3.2259,55.9871],[-3.2226,55.9877],[-3.2219,55.9808],[-3.2207,55.9879],[-3.2182,55.9806],[-3.1993,55.9803],[-3.1823,55.9914],[-3.1163,55.9568],[-3.1004,55.9527],[-3.0991,55.9519],[-3.0963,55.9517],[-3.0777,55.9468],[-3.077,55.9468]]]}},{"type":"Feature","properties":{"name":"Renfrewshire","slug":"renfrewshire","code":"S12000038"},"geometry":{"type":"Polygon","coordinates":[[[-4.3932,55.8891],[-4.3534,55.8737],[-4.3647,55.8553],[-4.3809,55.8563],[-4.368,55.8454],[-4.3814,55.8231],[-4.4006,55.8109],[-4.4658,55.8047],[-4.4727,55.7978],[-4.4951,55.8014],[-4.4957,55.7907],[-4.522,55.7744],[-4.5419,55.7785],[-4.5509,55.7664],[-4.5746,55.7835],[-4.6165,55.7615],[-4.6308,55.7644],[-4.6337,55.776],[-4.6611,55.7597],[-4.6857,55.8037],[-4.7205,55.8051],[-4.7304,55.811],[-4.7223,55.8208],[-4.7837,55.8398],[-4.7509,55.8498],[-4.7294,55.8533],[-4.7012,55.8409],[-4.6433,55.8391],[-4.623,55.8498],[-4.6228,55.8616],[-4.5973,55.8624],[-4.6104,55.8691],[-4.5991,55.8797],[-4.6192,55.889],[-4.6132,55.906],[-4.635,55.9137],[-4.6164,55.9304],[-4.6144,55.9302],[-4.5755,55.9341],[-4.4841,55.9283],[-4.3932,55.8891]]]}},{"type":"Feature","properties":{"name":"West Dunbartonshire","slug":"west-dunbartonshire","code":"S12000039"},"geometry":{"type":"Polygon","coordinates":[[[-4.402,55.9718],[-4.3796,55.921],[-4.39,55.9105],[-4.3755,55.9],[-4.3932,55.8891],[-4.4841,55.9283],[-4.5755,55.9341],[-4.5634,55.9353],[-4.6096,55.9466],[-4.6099,55.9466],[-4.6022,55.958],[-4.6249,55.9724],[-4.6162,55.9874],[-4.6599,56.0027],[-4.6529,56.0081],[-4.6303,56.0027],[-4.6297,56.01],[-4.6015,56.0202],[-4.6219,56.045],[-4.5982,56.0842],[-4.5874,56.0732],[-4.5324,56.0734],[-4.5063,56.0586],[-4.5049,56.0676],[-4.4755,56.0612],[-4.4805,56.0515],[-4.4989,56.0476],[-4.4824,56.0115],[-4.4697,56.002],[-4.4478,56.0041],[-4.4303,55.979],[-4.402,55.9718]]]}},{"type":"Feature","properties":{"name":"West Lothian","slug":"west-lothian","code":"S12000040"},"geometry":{"type":"Polygon","coordinates":[[[-3.426,55.9939],[-3.4297,55.9818],[-3.4483,55.9776],[-3.4434,55.9615],[-3.4249,55.9538],[-3.4495,55.9509],[-3.4181,55.9336],[-3.4314,55.9318],[-3.4442,55.9077],[-3.3877,55.9029],[-3.4138,55.8784],[-3.3966,55.8687],[-3.4169,55.8604],[-3.4201,55.846],[-3.396,55.8317],[-3.3948,55.8197],[-3.4355,55.8055],[-3.4394,55.7846],[-3.4716,55.771],[-3.5471,55.7907],[-3.555,55.7857],[-3.5915,55.8102],[-3.6987,55.7946],[-3.7327,55.7779],[-3.744,55.782],[-3.7335,55.793],[-3.7416,55.7994],[-3.7151,55.814],[-3.7366,55.8264],[-3.7502,55.859],[-3.7111,55.8738],[-3.7119,55.8821],[-3.7251,55.8849],[-3.7622,55.8727],[-3.7734,55.881],[-3.7955,55.8735],[-3.8229,55.8839],[-3.8312,55.8936],[-3.8226,55.8965],[-3.7821,55.9016],[-3.7304,55.9359],[-3.7032,55.9346],[-3.6676,55.9454],[-3.6742,55.9539],[-3.6529,55.9593],[-3.657,55.9648],[-3.6,55.9968],[-3.5364,55.9857],[-3.509,56.0011],[-3.426,55.9939]]]}},{"type":"Feature","properties":{"name":"Angus","slug":"angus","code":"S12000041"},"geometry":{"type":"Polygon","coordinates":[[[-2.425,56.7535],[-2.4384,56.7309],[-2.4546,56.7035],[-2.4425,56.7019],[-2.4403,56.6927],[-2.4447,56.6842],[-2.4599,56.6771],[-2.4836,56.6717],[-2.5113,56.6516],[-2.5023,56.6304],[-2.4949,56.6298],[-2.4802,56.6214],[-2.4823,56.6193],[-2.5225,56.5807],[-2.5375,56.576],[-2.5375,56.5669],[-2.6056,56.5505],[-2.6062,56.5503],[-2.6367,56.5268],[-2.6517,56.5209],[-2.716,56.4954],[-2.7332,56.4661],[-2.7498,56.4684],[-2.795,56.4805],[-2.8387,56.4741],[-2.8397,56.4737],[-2.8457,56.4779],[-2.8384,56.4925],[-2.8965,56.4932],[-2.9472,56.504],[-2.9696,56.4942],[-3.0317,56.5025],[-3.052,56.4969],[-3.0511,56.4825],[-3.098,56.4793],[-3.0894,56.4669],[-3.1196,56.4677],[-3.1187,56.4768],[-3.1436,56.4797],[-3.142,56.4876],[-3.1916,56.5033],[-3.1846,56.5078],[-3.2121,56.5243],[-3.173,56.5262],[-3.164,56.5381],[-3.1902,56.5613],[-3.1327,56.5791],[-3.0881,56.6132],[-3.1102,56.614],[-3.144,56.5956],[-3.1659,56.5989],[-3.1531,56.6139],[-3.1913,56.6219],[-3.1714,56.6261],[-3.1781,56.6356],[-3.1537,56.6379],[-3.1513,56.6532],[-3.2127,56.6554],[-3.2641,56.6706],[-3.2845,56.6657],[-3.2838,56.6778],[-3.3085,56.6899],[-3.3068,56.7027],[-3.3528,56.7262],[-3.3639,56.7381],[-3.3578,56.7477],[-3.3778,56.7532],[-3.3898,56.7692],[-3.3576,56.8044],[-3.3667,56.8134],[-3.3516,56.8203],[-3.407,56.8434],[-3.3721,56.8746],[-3.3371,56.8958],[-3.2849,56.9073],[-3.2842,56.9286],[-3.2699,56.9199],[-3.2326,56.9177],[-3.1739,56.9004],[-3.1604,56.9068],[-3.1203,56.8884],[-3.1068,56.895],[-3.1108,56.9187],[-3.0832,56.9584],[-3.0263,56.9728],[-2.9541,56.9668],[-2.9447,56.9738],[-2.9102,56.9758],[-2.913,56.9816],[-2.8924,56.9868],[-2.8511,56.9726],[-2.8332,56.977],[-2.8245,56.9619],[-2.765,56.9598],[-2.74,56.9485],[-2.7247,56.9258],[-2.6868,56.9151],[-2.681,56.888],[-2.6611,56.8857],[-2.6706,56.8423],[-2.651,56.8226],[-2.6528,56.8104],[-2.6316,56.8091],[-2.6162,56.7835],[-2.5302,56.7853],[-2.4622,56.7476],[-2.425,56.7535]]]}},{"type":"Feature","properties":{"name":"Dundee City","slug":"dundee-city","code":"S12000042"},"geometry":{"type":"Polygon","coordinates":[[[-2.8397,56.4737],[-2.8702,56.4624],[-2.871,56.4625],[-2.89,56.4684],[-2.9098,56.4669],[-2.9153,56.4675],[-2.9223,56.466],[-2.9393,56.4647],[-3.003,56.4512],[-3.0393,56.451],[-3.0519,56.4584],[-3.0521,56.4583],[-3.0579,56.463],[-3.0875,56.4619],[-3.0894,56.4669],[-3.098,56.4793],[-3.0511,56.4825],[-3.052,56.4969],[-3.0317,56.5025],[-2.9696,56.4942],[-2.9472,56.504],[-2.8965,56.4932],[-2.8384,56.4925],[-2.8457,56.4779],[-2.8397,56.4737]]]}},{"type":"Feature","properties":{"name":"East Dunbartonshire","slug":"east-dunbartonshire","code":"S12000045"},"geometry":{"type":"Polygon","coordinates":[[[-4.1524,56.008],[-4.1128,55.977],[-4.123,55.9531],[-4.0628,55.9682],[-4.0469,55.9523],[-4.0714,55.9439],[-4.0579,55.9235],[-4.1114,55.9233],[-4.1247,55.9116],[-4.1945,55.9131],[-4.1804,55.9049],[-4.2364,55.8968],[-4.2684,55.9285],[-4.298,55.9292],[-4.3013,55.9164],[-4.2904,55.9118],[-4.3278,55.8997],[-4.3485,55.9052],[-4.3462,55.9165],[-4.3796,55.921],[-4.402,55.9718],[-4.3664,55.9804],[-4.3352,55.9594],[-4.2864,55.9578],[-4.2886,55.9668],[-4.2727,55.9653],[-4.275,55.9932],[-4.2995,56.0174],[-4.2814,56.0284],[-4.257,56.0172],[-4.2225,56.0203],[-4.198,56.0101],[-4.1627,56.0303],[-4.1524,56.008]]]}},{"type":"Feature","properties":{"name":"Fife","slug":"fife","code":"S12000047"},"geometry":{"type":"Polygon","coordinates":[[[-3.7394,56.0771],[-3.7146,56.1045],[-3.6745,56.1002],[-3.6726,56.1078],[-3.6288,56.1104],[-3.6639,56.123],[-3.6283,56.1328],[-3.581,56.1393],[-3.5829,56.1509],[-3.564,56.1598],[-3.5461,56.1585],[-3.54,56.1465],[-3.4537,56.1504],[-3.4166,56.1384],[-3.3699,56.1458],[-3.3717,56.1644],[-3.3454,56.1729],[-3.3164,56.1665],[-3.2965,56.1706],[-3.3091,56.1853],[-3.2609,56.1961],[-3.2749,56.2142],[-3.2649,56.2201],[-3.2902,56.225],[-3.28,56.2338],[-3.3675,56.2398],[-3.3533,56.2553],[-3.3837,56.2688],[-3.3355,56.2894],[-3.3248,56.2828],[-3.2937,56.2887],[-3.3006,56.314],[-3.256,56.3401],[-3.2556,56.3463],[-3.2746,56.3506],[-3.2263,56.3551],[-3.191,56.3666],[-3.0396,56.4157],[-2.99,56.4207],[-2.9744,56.4278],[-2.9219,56.4514],[-2.9163,56.4516],[-2.8798,56.45],[-2.8655,56.4401],[-2.8083,56.4415],[-2.8109,56.3913],[-2.839,56.3713],[-2.8455,56.3694],[-2.8639,56.364],[-2.8389,56.3529],[-2.8198,56.3679],[-2.8062,56.3445],[-2.7906,56.3415],[-2.7845,56.3384],[-2.7902,56.335],[-2.7835,56.3378],[-2.7797,56.3359],[-2.7775,56.3327],[-2.6604,56.3183],[-2.6481,56.3079],[-2.6304,56.2929],[-2.5855,56.2791],[-2.5905,56.2746],[-2.6165,56.2604],[-2.6295,56.2575],[-2.6471,56.2474],[-2.6924,56.2212],[-2.6974,56.22],[-2.7041,56.2227],[-2.7066,56.2179],[-2.7704,56.2032],[-2.7707,56.203],[-2.7816,56.2009],[-2.801,56.19],[-2.8123,56.1837],[-2.8136,56.1838],[-2.8189,56.1897],[-2.8337,56.185],[-2.8692,56.187],[-2.8678,56.1896],[-2.866,56.193],[-2.8764,56.1929],[-2.8785,56.1946],[-2.8726,56.1979],[-2.89,56.2059],[-2.913,56.2092],[-2.9141,56.2095],[-2.9148,56.2094],[-2.9433,56.2135],[-2.9601,56.2068],[-2.9629,56.2067],[-2.968,56.2037],[-2.9687,56.2034],[-2.9963,56.1924],[-3.0144,56.1942],[-2.9967,56.1905],[-2.9986,56.1886],[-3.006,56.1812],[-3.0074,56.1804],[-3.0049,56.1856],[-3.0462,56.1676],[-3.0544,56.1628],[-3.0544,56.1627],[-3.0545,56.1627],[-3.1073,56.1312],[-3.146,56.1184],[-3.1495,56.1179],[-3.1498,56.1171],[-3.151,56.1167],[-3.1514,56.1135],[-3.1744,56.0626],[-3.2168,56.0639],[-3.2342,56.0547],[-3.2436,56.0551],[-3.2662,56.0594],[-3.2843,56.0562],[-3.2839,56.0531],[-3.2875,56.0513],[-3.295,56.053],[-3.3223,56.0336],[-3.3345,56.0396],[-3.3501,56.0302],[-3.3741,56.0274],[-3.3954,56.0292],[-3.4028,56.0241],[-3.3881,56.0225],[-3.3914,56.0061],[-3.4128,56.0166],[-3.4184,56.0161],[-3.4385,56.0238],[-3.4489,56.0216],[-3.4428,56.0179],[-3.4559,56.0204],[-3.4633,56.0302],[-3.5217,56.0417],[-3.5407,56.0402],[-3.5499,56.0418],[-3.5755,56.0589],[-3.5904,56.0595],[-3.5938,56.0458],[-3.6069,56.0461],[-3.6081,56.0462],[-3.6175,56.056],[-3.6863,56.0481],[-3.7393,56.0771],[-3.7394,56.0771]]]}},{"type":"Feature","properties":{"name":"Perth and Kinross","slug":"perth-and-kinross","code":"S12000048"},"geometry":{"type":"Polygon","coordinates":[[[-3.8016,56.9359],[-3.7835,56.9231],[-3.7407,56.9336],[-3.7103,56.9136],[-3.6836,56.9161],[-3.6755,56.9324],[-3.6547,56.9329],[-3.6458,56.923],[-3.5832,56.931],[-3.5587,56.9003],[-3.5685,56.8946],[-3.5608,56.8841],[-3.5377,56.8923],[-3.5292,56.8836],[-3.5025,56.8871],[-3.4657,56.8728],[-3.4298,56.8865],[-3.4213,56.8796],[-3.405,56.884],[-3.3721,56.8746],[-3.407,56.8434],[-3.3516,56.8203],[-3.3667,56.8134],[-3.3576,56.8044],[-3.3898,56.7692],[-3.3778,56.7532],[-3.3578,56.7477],[-3.3639,56.7381],[-3.3528,56.7262],[-3.3068,56.7027],[-3.3085,56.6899],[-3.2838,56.6778],[-3.2845,56.6657],[-3.2641,56.6706],[-3.2127,56.6554],[-3.1513,56.6532],[-3.1537,56.6379],[-3.1781,56.6356],[-3.1714,56.6261],[-3.1913,56.6219],[-3.1531,56.6139],[-3.1659,56.5989],[-3.144,56.5956],[-3.1102,56.614],[-3.0881,56.6132],[-3.1327,56.5791],[-3.1902,56.5613],[-3.164,56.5381],[-3.173,56.5262],[-3.2121,56.5243],[-3.1846,56.5078],[-3.1916,56.5033],[-3.142,56.4876],[-3.1436,56.4797],[-3.1187,56.4768],[-3.1196,56.4677],[-3.0894,56.4669],[-3.0875,56.4619],[-3.0579,56.463],[-3.0521,56.4583],[-3.1266,56.4311],[-3.2288,56.3682],[-3.2292,56.3682],[-3.2605,56.3661],[-3.2638,56.3627],[-3.2942,56.3579],[-3.2963,56.3566],[-3.3012,56.3535],[-3.2961,56.3529],[-3.2771,56.3504],[-3.2746,56.3506],[-3.2556,56.3463],[-3.256,56.3401],[-3.3006,56.314],[-3.2937,56.2887],[-3.3248,56.2828],[-3.3355,56.2894],[-3.3837,56.2688],[-3.3533,56.2553],[-3.3675,56.2398],[-3.28,56.2338],[-3.2902,56.225],[-3.2649,56.2201],[-3.2749,56.2142],[-3.2609,56.1961],[-3.3091,56.1853],[-3.2965,56.1706],[-3.3164,56.1665],[-3.3454,56.1729],[-3.3717,56.1644],[-3.3699,56.1458],[-3.4166,56.1384],[-3.4537,56.1504],[-3.54,56.1465],[-3.5461,56.1585],[-3.564,56.1598],[-3.5829,56.1509],[-3.581,56.1393],[-3.6283,56.1328],[-3.6448,56.1376],[-3.6367,56.1513],[-3.6479,56.1597],[-3.5931,56.1731],[-3.598,56.1811],[-3.5823,56.1844],[-3.5752,56.1961],[-3.6182,56.2056],[-3.6381,56.1969],[-3.6511,56.203],[-3.6669,56.1886],[-3.6865,56.1959],[-3.7368,56.189],[-3.7522,56.2119],[-3.7809,56.2172],[-3.8294,56.1965],[-3.8439,56.2018],[-3.8472,56.226],[-3.8731,56.2145],[-3.9007,56.2341],[-3.9163,56.2249],[-3.9404,56.228],[-4.0053,56.2749],[-4.0376,56.2691],[-4.0385,56.2803],[-4.0522,56.2735],[-4.0785,56.2899],[-4.0841,56.2809],[-4.1157,56.281],[-4.1399,56.2978],[-4.1882,56.3042],[-4.2373,56.329],[-4.2226,56.3423],[-4.242,56.3528],[-4.2406,56.3844],[-4.1965,56.3867],[-4.2021,56.4578],[-4.1619,56.4447],[-4.1344,56.464],[-4.0986,56.4653],[-4.1082,56.4884],[-4.1276,56.5013],[-4.1545,56.5103],[-4.1944,56.4953],[-4.2969,56.475],[-4.3312,56.539],[-4.365,56.5471],[-4.3785,56.5336],[-4.442,56.5257],[-4.4774,56.513],[-4.4944,56.5127],[-4.5074,56.5234],[-4.5288,56.5186],[-4.5285,56.5049],[-4.5773,56.5052],[-4.6251,56.4865],[-4.6285,56.4743],[-4.6391,56.476],[-4.6708,56.4798],[-4.6862,56.4905],[-4.6583,56.5107],[-4.6537,56.526],[-4.6595,56.5345],[-4.6976,56.541],[-4.6976,56.55],[-4.5995,56.5767],[-4.5598,56.573],[-4.6098,56.6148],[-4.6264,56.6156],[-4.6368,56.625],[-4.6183,56.6378],[-4.6298,56.655],[-4.6641,56.6398],[-4.7154,56.6423],[-4.7175,56.6766],[-4.6576,56.6747],[-4.592,56.6932],[-4.5912,56.7045],[-4.6059,56.708],[-4.576,56.7348],[-4.5899,56.7599],[-4.5468,56.7724],[-4.5497,56.7819],[-4.5205,56.8053],[-4.4691,56.7779],[-4.4418,56.7738],[-4.3743,56.8323],[-4.3433,56.8213],[-4.3305,56.8239],[-4.3297,56.837],[-4.304,56.8514],[-4.2277,56.8576],[-4.217,56.869],[-4.1994,56.8704],[-4.1919,56.8775],[-4.2055,56.8844],[-4.1745,56.9117],[-4.1683,56.9047],[-4.1115,56.8947],[-4.0409,56.8962],[-4.0348,56.9015],[-4.0229,56.8888],[-4.0115,56.898],[-3.9994,56.8903],[-3.9678,56.8993],[-3.9694,56.9294],[-3.9507,56.9471],[-3.9386,56.9486],[-3.9364,56.9354],[-3.9003,56.9318],[-3.8947,56.9228],[-3.8548,56.9228],[-3.8243,56.9384],[-3.8016,56.9359]]]}},{"type":"Feature","properties":{"name":"Glasgow City","slug":"glasgow-city","code":"S12000049"},"geometry":{"type":"Polygon","coordinates":[[[-4.1804,55.9049],[-4.1615,55.898],[-4.1644,55.8836],[-4.1073,55.8874],[-4.0788,55.8816],[-4.0717,55.8613],[-4.0884,55.8538],[-4.0747,55.8441],[-4.1022,55.8425],[-4.107,55.8347],[-4.1112,55.8259],[-4.1306,55.8333],[-4.1725,55.823],[-4.1805,55.8356],[-4.1988,55.8336],[-4.203,55.8441],[-4.2204,55.8331],[-4.2276,55.8408],[-4.2338,55.8187],[-4.2255,55.8122],[-4.2145,55.8151],[-4.2043,55.8004],[-4.2239,55.7919],[-4.2267,55.7813],[-4.2507,55.7849],[-4.2682,55.7916],[-4.2607,55.811],[-4.2926,55.8139],[-4.3262,55.8084],[-4.3334,55.7929],[-4.3721,55.7948],[-4.3675,55.8177],[-4.3814,55.8231],[-4.368,55.8454],[-4.3809,55.8563],[-4.3647,55.8553],[-4.3534,55.8737],[-4.3932,55.8891],[-4.3755,55.9],[-4.39,55.9105],[-4.3796,55.921],[-4.3462,55.9165],[-4.3485,55.9052],[-4.3278,55.8997],[-4.2904,55.9118],[-4.3013,55.9164],[-4.298,55.9292],[-4.2684,55.9285],[-4.2364,55.8968],[-4.1804,55.9049]]]}},{"type":"Feature","properties":{"name":"North Lanarkshire","slug":"north-lanarkshire","code":"S12000050"},"geometry":{"type":"Polygon","coordinates":[[[-4.0201,56.028],[-4.0303,56.0097],[-3.9884,56.0078],[-3.9746,55.9909],[-3.9893,55.9873],[-3.9852,55.9828],[-3.9648,55.9871],[-3.9455,55.9824],[-3.9497,55.9714],[-3.9359,55.9623],[-3.8604,55.9592],[-3.9038,55.9379],[-3.833,55.9078],[-3.8092,55.9049],[-3.8226,55.8965],[-3.8312,55.8936],[-3.8229,55.8839],[-3.7955,55.8735],[-3.7734,55.881],[-3.7622,55.8727],[-3.7251,55.8849],[-3.7119,55.8821],[-3.7111,55.8738],[-3.7502,55.859],[-3.7366,55.8264],[-3.7151,55.814],[-3.7416,55.7994],[-3.7335,55.793],[-3.744,55.782],[-3.7664,55.7701],[-3.8882,55.7591],[-3.9186,55.7348],[-3.9301,55.7485],[-3.9737,55.7671],[-4.0017,55.7704],[-3.9991,55.7789],[-4.0484,55.7973],[-4.0458,55.8117],[-4.107,55.8347],[-4.1022,55.8425],[-4.0747,55.8441],[-4.0884,55.8538],[-4.0717,55.8613],[-4.0788,55.8816],[-4.1073,55.8874],[-4.1644,55.8836],[-4.1615,55.898],[-4.1804,55.9049],[-4.1945,55.9131],[-4.1247,55.9116],[-4.1114,55.9233],[-4.0579,55.9235],[-4.0714,55.9439],[-4.0469,55.9523],[-4.0628,55.9682],[-4.123,55.9531],[-4.1128,55.977],[-4.1524,56.008],[-4.1235,56.01],[-4.0961,56.0275],[-4.0201,56.028]]]}},{"type":"Feature","properties":{"name":"Isle of Anglesey","slug":"isle-of-anglesey","code":"W06000001"},"geometry":{"type":"MultiPolygon","coordinates":[[[[-4.1587,53.2243],[-4.1635,53.2206],[-4.167,53.2214],[-4.165,53.2221],[-4.1629,53.2228],[-4.1587,53.2243]]],[[[-4.644,53.3204],[-4.6482,53.3187],[-4.6277,53.3145],[-4.6253,53.3181],[-4.6252,53.3181],[-4.6314,53.3078],[-4.6209,53.3127],[-4.6204,53.3123],[-4.6112,53.3028],[-4.585,53.3012],[-4.5838,53.2902],[-4.5869,53.2889],[-4.6099,53.2793],[-4.598,53.2827],[-4.5974,53.2744],[-4.5764,53.2724],[-4.5845,53.2632],[-4.5618,53.264],[-4.5727,53.2616],[-4.5567,53.2457],[-4.5674,53.2439],[-4.597,53.2404],[-4.6007,53.2416],[-4.6105,53.2454],[-4.6123,53.2483],[-4.6085,53.2559],[-4.6256,53.2693],[-4.6173,53.2791],[-4.65,53.2875],[-4.6516,53.2879],[-4.6527,53.2874],[-4.6558,53.2861],[-4.6777,53.2828],[-4.6828,53.2835],[-4.6802,53.2943],[-4.6777,53.2983],[-4.6967,53.3074],[-4.6958,53.3083],[-4.6833,53.3132],[-4.6815,53.3225],[-4.6619,53.3189],[-4.6236,53.3296],[-4.6473,53.3208],[-4.644,53.3204]]],[[[-4.4094,53.4237],[-4.4026,53.4209],[-4.3682,53.4241],[-4.3564,53.4142],[-4.3388,53.4196],[-4.3344,53.4133],[-4.3266,53.4176],[-4.3052,53.4138],[-4.293,53.4111],[-4.29,53.4142],[-4.2872,53.4169],[-4.2694,53.3905],[-4.2957,53.3646],[-4.2764,53.3711],[-4.28,53.3761],[-4.2648,53.3608],[-4.2301,53.3577],[-4.2339,53.3406],[-4.2191,53.319],[-4.2043,53.3138],[-4.2145,53.2988],[-4.2108,53.2965],[-4.2041,53.2922],[-4.1821,53.297],[-4.1433,53.3053],[-4.1197,53.3192],[-4.1031,53.3174],[-4.0402,53.3106],[-4.0524,53.2993],[-4.1001,53.2553],[-4.1007,53.2547],[-4.1592,53.2339],[-4.1626,53.2237],[-4.1708,53.2252],[-4.2028,53.2158],[-4.204,53.2134],[-4.205,53.2131],[-4.2127,53.1968],[-4.2185,53.1856],[-4.3177,53.1442],[-4.3186,53.15],[-4.3344,53.149],[-4.3309,53.1656],[-4.3401,53.1486],[-4.3362,53.1475],[-4.3376,53.1428],[-4.355,53.1344],[-4.3289,53.1267],[-4.3289,53.1267],[-4.3937,53.1437],[-4.395,53.144],[-4.3958,53.1443],[-4.3959,53.1442],[-4.3987,53.145],[-4.4135,53.1363],[-4.4101,53.1416],[-4.4076,53.1443],[-4.4198,53.1638],[-4.3951,53.1686],[-4.3896,53.1697],[-4.3851,53.1914],[-4.385,53.1916],[-4.3961,53.1881],[-4.3969,53.1879],[-4.4435,53.1551],[-4.4436,53.155],[-4.4661,53.1834],[-4.4601,53.1946],[-4.4668,53.1842],[-4.4667,53.1823],[-4.4864,53.1772],[-4.4878,53.1839],[-4.4875,53.1851],[-4.488,53.1852],[-4.4883,53.1866],[-4.5042,53.1871],[-4.4973,53.2072],[-4.5239,53.2265],[-4.5235,53.232],[-4.5218,53.232],[-4.5127,53.2386],[-4.5232,53.2376],[-4.5235,53.2326],[-4.5359,53.237],[-4.5555,53.2497],[-4.5542,53.2676],[-4.5603,53.2645],[-4.5886,53.2813],[-4.5762,53.286],[-4.5812,53.289],[-4.5835,53.2904],[-4.5788,53.2891],[-4.5748,53.2879],[-4.5721,53.2892],[-4.5297,53.3095],[-4.5631,53.2994],[-4.5624,53.3168],[-4.5792,53.3241],[-4.5822,53.327],[-4.5778,53.3345],[-4.5712,53.3375],[-4.5612,53.3632],[-4.5551,53.3737],[-4.5741,53.4035],[-4.5647,53.4042],[-4.5298,53.4061],[-4.5108,53.4165],[-4.5101,53.4156],[-4.5095,53.4094],[-4.5057,53.4098],[-4.5053,53.4093],[-4.5038,53.41],[-4.4919,53.4112],[-4.4781,53.4222],[-4.4502,53.4129],[-4.4504,53.416],[-4.4503,53.4231],[-4.4315,53.4283],[-4.425,53.43],[-4.4094,53.4237]]]]}},{"type":"Feature","properties":{"name":"Gwynedd","slug":"gwynedd","code":"W06000002"},"geometry":{"type":"MultiPolygon","coordinates":[[[[-4.7802,52.759],[-4.8017,52.7451],[-4.7934,52.7685],[-4.7799,52.7661],[-4.7802,52.759]]],[[[-3.9982,53.2484],[-3.9794,53.2319],[-3.9353,53.2149],[-3.939,53.2001],[-3.965,53.1834],[-3.9703,53.1602],[-4.0079,53.1438],[-4.0201,53.1248],[-3.9955,53.125],[-4.021,53.1246],[-4.0313,53.1056],[-4.0141,53.1036],[-4.0136,53.0897],[-3.9867,53.0842],[-3.9913,53.0765],[-3.9771,53.0689],[-3.9972,53.0377],[-3.9854,53.0107],[-3.8989,53.0206],[-3.8878,53.0116],[-3.8966,52.9949],[-3.8494,52.9773],[-3.841,52.9623],[-3.8132,52.9494],[-3.7697,52.9593],[-3.7353,52.9799],[-3.683,52.9868],[-3.6729,52.9971],[-3.6153,53.0114],[-3.5996,53.0117],[-3.6108,52.996],[-3.583,52.9675],[-3.5338,52.9737],[-3.5045,52.9654],[-3.458,52.9849],[-3.4368,52.9808],[-3.4487,52.9738],[-3.4467,52.9632],[-3.4914,52.9337],[-3.4651,52.9203],[-3.49,52.8958],[-3.4736,52.8713],[-3.483,52.8655],[-3.5053,52.842],[-3.5667,52.8301],[-3.5682,52.8229],[-3.5865,52.8277],[-3.5971,52.8141],[-3.6087,52.794],[-3.5835,52.7386],[-3.5993,52.7259],[-3.602,52.705],[-3.6564,52.6914],[-3.6839,52.6939],[-3.7094,52.6711],[-3.7168,52.6788],[-3.7439,52.6813],[-3.7594,52.6694],[-3.8081,52.6779],[-3.8407,52.6509],[-3.8346,52.6331],[-3.8504,52.6206],[-3.8419,52.5999],[-3.875,52.5932],[-3.8838,52.5771],[-3.9154,52.5786],[-3.9289,52.5715],[-3.9265,52.5608],[-3.9329,52.553],[-3.9418,52.5578],[-3.9416,52.558],[-3.9398,52.5607],[-3.9605,52.5607],[-4.0644,52.5414],[-4.0659,52.543],[-4.0999,52.5792],[-4.1265,52.6074],[-4.1286,52.6117],[-4.095,52.6684],[-4.0723,52.6798],[-4.0573,52.6873],[-4.0498,52.7154],[-4.0514,52.7038],[-4.0162,52.7206],[-4.0115,52.7131],[-3.9892,52.7361],[-4.0232,52.7361],[-4.0362,52.7211],[-4.0589,52.7178],[-4.0749,52.7336],[-4.1006,52.759],[-4.1506,52.8083],[-4.135,52.8237],[-4.1339,52.8242],[-4.1396,52.8155],[-4.1187,52.8303],[-4.1079,52.8266],[-4.1149,52.8321],[-4.129,52.8271],[-4.1285,52.8287],[-4.119,52.848],[-4.1452,52.8937],[-4.0865,52.902],[-4.083,52.9002],[-4.0828,52.9003],[-4.0686,52.9095],[-4.083,52.9041],[-4.0856,52.9032],[-4.0831,52.9057],[-4.0738,52.9152],[-4.0718,52.917],[-4.0591,52.916],[-4.0477,52.9269],[-4.0768,52.9227],[-4.0837,52.9191],[-4.1035,52.9089],[-4.1192,52.919],[-4.1104,52.92],[-4.1286,52.9219],[-4.1266,52.9291],[-4.1521,52.9064],[-4.2191,52.9191],[-4.225,52.918],[-4.2276,52.9185],[-4.2369,52.9156],[-4.2613,52.9109],[-4.2847,52.9172],[-4.2638,52.9106],[-4.3163,52.9087],[-4.3267,52.892],[-4.38,52.8954],[-4.3872,52.8959],[-4.3891,52.8945],[-4.3977,52.8917],[-4.3976,52.8883],[-4.4033,52.8842],[-4.4074,52.8917],[-4.4151,52.8852],[-4.3976,52.8824],[-4.3976,52.8822],[-4.4425,52.8757],[-4.4504,52.8715],[-4.4599,52.8696],[-4.4672,52.8626],[-4.4765,52.8577],[-4.4703,52.8478],[-4.4709,52.8474],[-4.4964,52.8326],[-4.4961,52.8314],[-4.5062,52.825],[-4.4974,52.8257],[-4.4999,52.8123],[-4.4899,52.808],[-4.4864,52.795],[-4.4865,52.7948],[-4.5149,52.793],[-4.528,52.7777],[-4.5426,52.7865],[-4.5362,52.8003],[-4.6015,52.8249],[-4.6048,52.823],[-4.6125,52.8226],[-4.6426,52.8007],[-4.644,52.7998],[-4.6613,52.8062],[-4.6644,52.8048],[-4.6656,52.8051],[-4.6773,52.7989],[-4.6884,52.7939],[-4.7209,52.8028],[-4.7323,52.7819],[-4.7336,52.7824],[-4.7669,52.7967],[-4.7225,52.8363],[-4.7262,52.8535],[-4.6961,52.8595],[-4.678,52.8777],[-4.6688,52.8801],[-4.6509,52.905],[-4.6498,52.9062],[-4.6497,52.9062],[-4.6322,52.906],[-4.6151,52.9238],[-4.5999,52.9289],[-4.5706,52.9389],[-4.5674,52.9485],[-4.5601,52.9377],[-4.5196,52.9403],[-4.4716,52.9667],[-4.4375,52.9983],[-4.432,52.9986],[-4.4102,52.998],[-4.3864,53.0129],[-4.3539,53.0332],[-4.352,53.038],[-4.3407,53.052],[-4.3383,53.0741],[-4.3364,53.0791],[-4.3465,53.114],[-4.3466,53.1143],[-4.3389,53.1214],[-4.3244,53.1216],[-4.3241,53.1218],[-4.3196,53.1215],[-4.3332,53.1143],[-4.3338,53.114],[-4.3193,53.0928],[-4.3058,53.1079],[-4.3138,53.1066],[-4.313,53.1147],[-4.3119,53.1271],[-4.3057,53.1298],[-4.2831,53.1395],[-4.2736,53.1328],[-4.2774,53.1427],[-4.2638,53.1544],[-4.2436,53.1705],[-4.2121,53.1832],[-4.2114,53.1847],[-4.2103,53.1852],[-4.2102,53.1871],[-4.1993,53.21],[-4.1856,53.2148],[-4.1609,53.2199],[-4.1429,53.2299],[-4.1224,53.2371],[-4.1145,53.2314],[-4.1132,53.2369],[-4.1063,53.2323],[-4.099,53.2344],[-4.0911,53.2367],[-4.0856,53.2256],[-4.0074,53.2469],[-4.0074,53.2469],[-4.0073,53.2468],[-3.9982,53.2484]]]]}},{"type":"Feature","properties":{"name":"Conwy","slug":"conwy","code":"W06000003"},"geometry":{"type":"Polygon","coordinates":[[[-3.5052,53.3135],[-3.4965,53.3023],[-3.5219,53.2834],[-3.5183,53.2564],[-3.5331,53.2489],[-3.526,53.2403],[-3.5097,53.2418],[-3.466,53.2208],[-3.4745,53.1764],[-3.461,53.165],[-3.5341,53.1399],[-3.5633,53.1195],[-3.556,53.1067],[-3.6016,53.0852],[-3.5929,53.0786],[-3.5649,53.0947],[-3.5157,53.0898],[-3.5099,53.0764],[-3.4869,53.084],[-3.4869,53.0659],[-3.4626,53.0462],[-3.4897,53.0379],[-3.4763,53.0264],[-3.4812,53.0185],[-3.4546,52.9979],[-3.458,52.9849],[-3.5045,52.9654],[-3.5338,52.9737],[-3.583,52.9675],[-3.6108,52.996],[-3.5996,53.0117],[-3.6153,53.0114],[-3.6729,52.9971],[-3.683,52.9868],[-3.7353,52.9799],[-3.7697,52.9593],[-3.8132,52.9494],[-3.841,52.9623],[-3.8494,52.9773],[-3.8966,52.9949],[-3.8878,53.0116],[-3.8989,53.0206],[-3.9854,53.0107],[-3.9972,53.0377],[-3.9771,53.0689],[-3.9913,53.0765],[-3.9867,53.0842],[-4.0136,53.0897],[-4.0141,53.1036],[-4.0313,53.1056],[-4.021,53.1246],[-3.9955,53.125],[-4.0201,53.1248],[-4.0079,53.1438],[-3.9703,53.1602],[-3.965,53.1834],[-3.939,53.2001],[-3.9353,53.2149],[-3.9794,53.2319],[-3.9982,53.2484],[-4.0073,53.2468],[-4.0074,53.2469],[-3.9835,53.2595],[-3.846,53.2944],[-3.8263,53.2814],[-3.8262,53.2831],[-3.823,53.2804],[-3.8261,53.286],[-3.8258,53.2908],[-3.8304,53.2938],[-3.8355,53.3028],[-3.8445,53.319],[-3.8753,53.3373],[-3.8729,53.3393],[-3.833,53.338],[-3.8188,53.3228],[-3.8031,53.3248],[-3.7752,53.3283],[-3.775,53.3282],[-3.7649,53.3188],[-3.7391,53.3141],[-3.7341,53.3043],[-3.7321,53.3004],[-3.7069,53.2937],[-3.6058,53.2908],[-3.5475,53.3069],[-3.5114,53.3168],[-3.5086,53.3136],[-3.5062,53.3107],[-3.5052,53.3135]]]}},{"type":"Feature","properties":{"name":"Denbighshire","slug":"denbighshire","code":"W06000004"},"geometry":{"type":"Polygon","coordinates":[[[-3.1296,53.0724],[-3.1478,53.0438],[-3.1309,53.0239],[-3.1488,52.9986],[-3.1206,52.9855],[-3.1223,52.9768],[-3.1052,52.9734],[-3.1113,52.9694],[-3.0903,52.9716],[-3.0921,52.9643],[-3.1107,52.9617],[-3.0967,52.9592],[-3.198,52.9442],[-3.2374,52.951],[-3.2974,52.943],[-3.3143,52.9468],[-3.3243,52.9318],[-3.3533,52.922],[-3.3489,52.9163],[-3.375,52.8925],[-3.3888,52.8761],[-3.4672,52.8621],[-3.483,52.8655],[-3.4736,52.8713],[-3.49,52.8958],[-3.4651,52.9203],[-3.4914,52.9337],[-3.4467,52.9632],[-3.4487,52.9738],[-3.4368,52.9808],[-3.458,52.9849],[-3.4546,52.9979],[-3.4812,53.0185],[-3.4763,53.0264],[-3.4897,53.0379],[-3.4626,53.0462],[-3.4869,53.0659],[-3.4869,53.084],[-3.5099,53.0764],[-3.5157,53.0898],[-3.5649,53.0947],[-3.5929,53.0786],[-3.6016,53.0852],[-3.556,53.1067],[-3.5633,53.1195],[-3.5341,53.1399],[-3.461,53.165],[-3.4745,53.1764],[-3.466,53.2208],[-3.5097,53.2418],[-3.526,53.2403],[-3.5331,53.2489],[-3.5183,53.2564],[-3.5219,53.2834],[-3.4965,53.3023],[-3.5052,53.3135],[-3.5039,53.3172],[-3.5037,53.3175],[-3.5026,53.318],[-3.4806,53.3284],[-3.3667,53.3514],[-3.3682,53.3352],[-3.3883,53.3232],[-3.3935,53.327],[-3.4006,53.3138],[-3.3813,53.3158],[-3.3943,53.3017],[-3.3751,53.2917],[-3.356,53.2973],[-3.357,53.2839],[-3.3296,53.2734],[-3.3618,53.2531],[-3.3338,53.2367],[-3.3044,53.2329],[-3.3224,53.2204],[-3.3171,53.21],[-3.3042,53.208],[-3.3077,53.1977],[-3.2752,53.1794],[-3.281,53.1686],[-3.2712,53.1575],[-3.2442,53.1523],[-3.2082,53.1598],[-3.1823,53.154],[-3.1768,53.1161],[-3.1459,53.1039],[-3.1518,53.093],[-3.1296,53.0724]]]}},{"type":"Feature","properties":{"name":"Flintshire","slug":"flintshire","code":"W06000005"},"geometry":{"type":"MultiPolygon","coordinates":[[[[-3.1074,53.2718],[-3.0861,53.2568],[-3.0914,53.2595],[-3.0916,53.2596],[-3.0926,53.2602],[-3.0945,53.2614],[-3.0955,53.2621],[-3.1123,53.2627],[-3.1017,53.2672],[-3.1113,53.2664],[-3.1074,53.2718]]],[[[-3.2983,53.3321],[-3.2732,53.3207],[-3.2646,53.3247],[-3.2597,53.3185],[-3.2595,53.3192],[-3.2583,53.3146],[-3.247,53.3104],[-3.2017,53.2938],[-3.2012,53.2936],[-3.109,53.2409],[-3.0661,53.2271],[-3.0947,53.2448],[-3.0849,53.2402],[-3.0893,53.2447],[-3.081,53.2447],[-3.077,53.2427],[-3.0722,53.2354],[-3.0752,53.2411],[-3.0593,53.2457],[-3.0738,53.242],[-3.1094,53.2576],[-3.0856,53.2566],[-3.086,53.2568],[-3.086,53.2568],[-3.036,53.2518],[-2.9984,53.2359],[-2.9223,53.1893],[-2.9278,53.1714],[-2.9951,53.1542],[-2.9795,53.1506],[-2.9638,53.1328],[-2.9969,53.1299],[-3.0291,53.1035],[-3.0276,53.093],[-3.035,53.0968],[-3.0589,53.0853],[-3.0713,53.0896],[-3.1296,53.0724],[-3.1518,53.093],[-3.1459,53.1039],[-3.1768,53.1161],[-3.1823,53.154],[-3.2082,53.1598],[-3.2442,53.1523],[-3.2712,53.1575],[-3.281,53.1686],[-3.2752,53.1794],[-3.3077,53.1977],[-3.3042,53.208],[-3.3171,53.21],[-3.3224,53.2204],[-3.3044,53.2329],[-3.3338,53.2367],[-3.3618,53.2531],[-3.3296,53.2734],[-3.357,53.2839],[-3.356,53.2973],[-3.3751,53.2917],[-3.3943,53.3017],[-3.3813,53.3158],[-3.4006,53.3138],[-3.3935,53.327],[-3.3883,53.3232],[-3.3682,53.3352],[-3.3667,53.3514],[-3.3634,53.3521],[-3.3108,53.3556],[-3.3124,53.3423],[-3.2983,53.3321]]]]}},{"type":"Feature","properties":{"name":"Wrexham","slug":"wrexham","code":"W06000006"},"geometry":{"type":"Polygon","coordinates":[[[-2.7268,52.9833],[-2.7353,52.9699],[-2.7242,52.9571],[-2.7284,52.9253],[-2.7553,52.9246],[-2.7988,52.8958],[-2.841,52.9426],[-2.8835,52.9466],[-2.8874,52.9525],[-2.9289,52.9387],[-2.9598,52.9512],[-2.975,52.969],[-2.982,52.9592],[-3.0096,52.9562],[-3.0351,52.9295],[-3.0765,52.9255],[-3.096,52.9303],[-3.1142,52.894],[-3.1475,52.8902],[-3.1744,52.9016],[-3.2054,52.8931],[-3.233,52.867],[-3.2618,52.8666],[-3.3457,52.8925],[-3.375,52.8925],[-3.3489,52.9163],[-3.3533,52.922],[-3.3243,52.9318],[-3.3143,52.9468],[-3.2974,52.943],[-3.2374,52.951],[-3.198,52.9442],[-3.0967,52.9592],[-3.1107,52.9617],[-3.0921,52.9643],[-3.0903,52.9716],[-3.1113,52.9694],[-3.1052,52.9734],[-3.1223,52.9768],[-3.1206,52.9855],[-3.1488,52.9986],[-3.1309,53.0239],[-3.1478,53.0438],[-3.1296,53.0724],[-3.0713,53.0896],[-3.0589,53.0853],[-3.035,53.0968],[-3.0276,53.093],[-3.0291,53.1035],[-2.9969,53.1299],[-2.9638,53.1328],[-2.9102,53.1126],[-2.8811,53.1216],[-2.9021,53.092],[-2.8757,53.0815],[-2.8816,53.0744],[-2.8615,53.0607],[-2.8726,53.0586],[-2.8592,53.0543],[-2.8701,53.0454],[-2.8557,53.0373],[-2.861,53.0228],[-2.8441,53.0177],[-2.836,52.9972],[-2.8033,52.9896],[-2.7683,52.9949],[-2.7599,52.9864],[-2.7268,52.9833]]]}},{"type":"Feature","properties":{"name":"Ceredigion","slug":"ceredigion","code":"W06000008"},"geometry":{"type":"Polygon","coordinates":[[[-3.7578,52.1282],[-3.7861,52.1046],[-3.7944,52.1171],[-3.8601,52.1422],[-3.9067,52.1198],[-3.9405,52.1384],[-4.0181,52.0971],[-4.0581,52.1139],[-4.1001,52.0961],[-4.144,52.0943],[-4.1588,52.0869],[-4.1473,52.0808],[-4.1586,52.0812],[-4.1642,52.0682],[-4.1915,52.0593],[-4.2058,52.0626],[-4.2345,52.0382],[-4.2825,52.0398],[-4.289,52.0528],[-4.3011,52.0516],[-4.3058,52.0386],[-4.3347,52.0413],[-4.3506,52.0268],[-4.3849,52.04],[-4.3988,52.0346],[-4.4111,52.0418],[-4.4487,52.0441],[-4.4637,52.0365],[-4.4875,52.0491],[-4.5019,52.0426],[-4.5356,52.0444],[-4.5411,52.0521],[-4.5449,52.0442],[-4.5598,52.0437],[-4.5703,52.0589],[-4.6078,52.0622],[-4.6312,52.056],[-4.647,52.0783],[-4.6649,52.0578],[-4.6803,52.0637],[-4.6697,52.0803],[-4.6817,52.0851],[-4.6886,52.1042],[-4.6884,52.1041],[-4.688,52.1086],[-4.6862,52.1297],[-4.6418,52.1383],[-4.5837,52.138],[-4.5828,52.138],[-4.5676,52.1444],[-4.5635,52.1426],[-4.5456,52.1333],[-4.5186,52.135],[-4.5096,52.1398],[-4.5062,52.1402],[-4.5017,52.144],[-4.471,52.1603],[-4.4669,52.1713],[-4.4621,52.1699],[-4.46,52.1677],[-4.4566,52.1682],[-4.4545,52.1676],[-4.4506,52.1692],[-4.4451,52.1701],[-4.4399,52.1737],[-4.4289,52.1782],[-4.3798,52.2142],[-4.3779,52.2156],[-4.3776,52.2157],[-4.3774,52.2158],[-4.3574,52.2153],[-4.3566,52.2147],[-4.3505,52.21],[-4.3432,52.211],[-4.325,52.2136],[-4.3208,52.2154],[-4.2075,52.2637],[-4.1404,52.3225],[-4.1357,52.3306],[-4.0902,52.3984],[-4.0863,52.427],[-4.0705,52.4642],[-4.0579,52.4769],[-4.0517,52.4816],[-4.0563,52.5323],[-4.0415,52.5265],[-4.0392,52.5268],[-4.0015,52.5328],[-3.9857,52.5176],[-3.997,52.5348],[-3.9667,52.5307],[-3.9845,52.5363],[-3.956,52.5554],[-3.9492,52.5517],[-3.9418,52.5578],[-3.9329,52.553],[-3.9265,52.5608],[-3.8595,52.5608],[-3.8409,52.5514],[-3.844,52.512],[-3.8268,52.4848],[-3.8125,52.4789],[-3.7333,52.5066],[-3.7448,52.4746],[-3.7664,52.4693],[-3.7716,52.4422],[-3.7121,52.4134],[-3.6972,52.3669],[-3.6855,52.3682],[-3.6582,52.3476],[-3.7051,52.3415],[-3.745,52.3176],[-3.7277,52.3058],[-3.7331,52.2903],[-3.7072,52.2741],[-3.7316,52.2715],[-3.7534,52.2518],[-3.7442,52.2463],[-3.7523,52.1976],[-3.742,52.1395],[-3.7578,52.1282]]]}},{"type":"Feature","properties":{"name":"Pembrokeshire","slug":"pembrokeshire","code":"W06000009"},"geometry":{"type":"MultiPolygon","coordinates":[[[[-4.6748,51.6376],[-4.6841,51.6299],[-4.7035,51.632],[-4.7095,51.6422],[-4.7031,51.6423],[-4.6748,51.6376]]],[[[-5.272,51.6957],[-5.2879,51.6935],[-5.2789,51.7],[-5.2736,51.7034],[-5.2647,51.7018],[-5.2701,51.696],[-5.272,51.6957]]],[[[-5.6681,51.7207],[-5.6682,51.7197],[-5.6693,51.7205],[-5.6681,51.7207]]],[[[-5.4774,51.7325],[-5.4801,51.7284],[-5.4815,51.7305],[-5.4774,51.7325]]],[[[-5.2997,51.745],[-5.2745,51.7364],[-5.2695,51.7346],[-5.2696,51.7346],[-5.2813,51.736],[-5.2814,51.7367],[-5.293,51.7283],[-5.3081,51.7321],[-5.3114,51.7346],[-5.3129,51.7388],[-5.3097,51.7411],[-5.2997,51.745]]],[[[-5.3298,51.8777],[-5.3334,51.8538],[-5.3534,51.8638],[-5.3381,51.8791],[-5.3298,51.8777]]],[[[-4.6803,52.0637],[-4.6649,52.0578],[-4.647,52.0783],[-4.6312,52.056],[-4.6078,52.0622],[-4.5703,52.0589],[-4.5598,52.0437],[-4.5464,52.0191],[-4.523,52.0113],[-4.5123,51.9949],[-4.4871,51.9887],[-4.4933,51.9613],[-4.5415,51.9566],[-4.5777,51.9319],[-4.6,51.9409],[-4.6356,51.9186],[-4.6679,51.9341],[-4.7134,51.9158],[-4.7135,51.8992],[-4.7231,51.8957],[-4.7067,51.8889],[-4.6941,51.8596],[-4.7086,51.8473],[-4.7043,51.8391],[-4.6458,51.8313],[-4.6169,51.8116],[-4.6446,51.7973],[-4.6341,51.785],[-4.644,51.7765],[-4.6226,51.7681],[-4.6322,51.7352],[-4.6329,51.7352],[-4.6763,51.7272],[-4.6966,51.7127],[-4.6921,51.7085],[-4.6927,51.7054],[-4.684,51.7009],[-4.6802,51.6973],[-4.6972,51.6863],[-4.7019,51.6745],[-4.6934,51.672],[-4.7001,51.6677],[-4.7143,51.6588],[-4.7111,51.6518],[-4.7569,51.6537],[-4.7559,51.644],[-4.7771,51.6424],[-4.7812,51.635],[-4.7815,51.635],[-4.8129,51.6451],[-4.8258,51.6457],[-4.8308,51.6469],[-4.8454,51.6465],[-4.8608,51.6471],[-4.8617,51.6392],[-4.862,51.6387],[-4.8911,51.6295],[-4.8987,51.6272],[-4.8964,51.6101],[-4.923,51.6114],[-4.9234,51.5992],[-4.9251,51.5972],[-4.9483,51.597],[-4.9754,51.6103],[-5.0076,51.6086],[-5.0594,51.6206],[-5.0501,51.6399],[-5.0621,51.6588],[-5.0651,51.6634],[-5.1234,51.6712],[-5.1257,51.6816],[-5.1051,51.6921],[-5.104,51.692],[-5.0763,51.6881],[-5.0759,51.6879],[-5.0881,51.6847],[-5.0739,51.6779],[-5.0466,51.6762],[-5.0512,51.6939],[-5.0276,51.695],[-5.0075,51.6873],[-4.9815,51.6891],[-4.9863,51.684],[-4.9754,51.6809],[-4.9755,51.6815],[-4.9735,51.6789],[-4.9766,51.6876],[-4.9767,51.6882],[-4.9492,51.7022],[-4.8912,51.706],[-4.8868,51.7168],[-4.8721,51.7177],[-4.8848,51.719],[-4.8829,51.7339],[-4.898,51.7396],[-4.8861,51.771],[-4.9129,51.7715],[-4.8951,51.7613],[-4.9025,51.7416],[-4.8869,51.7303],[-4.8956,51.7099],[-4.9463,51.7037],[-4.9432,51.7052],[-4.9849,51.6994],[-5.0192,51.7072],[-5.0139,51.7172],[-5.0226,51.708],[-5.0346,51.7107],[-5.0609,51.7082],[-5.0596,51.707],[-5.0632,51.7069],[-5.0632,51.7072],[-5.0851,51.7064],[-5.0903,51.7108],[-5.0978,51.72],[-5.0997,51.719],[-5.1051,51.7236],[-5.093,51.7405],[-5.1053,51.7361],[-5.1159,51.7104],[-5.1246,51.7174],[-5.1347,51.716],[-5.1582,51.7151],[-5.17,51.731],[-5.1685,51.7068],[-5.1496,51.7024],[-5.1581,51.7017],[-5.1573,51.688],[-5.1756,51.6803],[-5.1842,51.6868],[-5.1883,51.6899],[-5.1872,51.7089],[-5.191,51.7095],[-5.2094,51.7192],[-5.2122,51.723],[-5.2326,51.7249],[-5.2535,51.7378],[-5.254,51.7382],[-5.2109,51.7339],[-5.2032,51.7556],[-5.1889,51.7539],[-5.1861,51.7536],[-5.1603,51.7721],[-5.1186,51.7683],[-5.1076,51.7742],[-5.1029,51.8101],[-5.116,51.8373],[-5.1231,51.8519],[-5.1378,51.8639],[-5.1398,51.8638],[-5.1399,51.8638],[-5.1452,51.8634],[-5.1816,51.861],[-5.1795,51.8672],[-5.1823,51.8672],[-5.1823,51.8674],[-5.1946,51.8672],[-5.1893,51.8739],[-5.197,51.8682],[-5.1983,51.8673],[-5.2159,51.8696],[-5.221,51.8732],[-5.2297,51.8714],[-5.2458,51.8735],[-5.2826,51.8702],[-5.2963,51.8607],[-5.2976,51.8661],[-5.3183,51.8619],[-5.3197,51.8617],[-5.3073,51.8748],[-5.3075,51.8749],[-5.3074,51.875],[-5.316,51.8847],[-5.2959,51.8933],[-5.3038,51.9037],[-5.3146,51.902],[-5.3055,51.9083],[-5.2592,51.9148],[-5.2362,51.9295],[-5.2101,51.9322],[-5.2023,51.9427],[-5.1964,51.9506],[-5.1858,51.95],[-5.1577,51.9482],[-5.1574,51.9485],[-5.1541,51.9483],[-5.1503,51.9551],[-5.1434,51.9615],[-5.1246,51.9613],[-5.1219,51.9606],[-5.1205,51.9613],[-5.1071,51.9612],[-5.1046,51.9686],[-5.1032,51.9693],[-5.0858,51.9682],[-5.0799,51.9854],[-5.0949,51.9932],[-5.0956,51.9936],[-5.0726,52.004],[-5.0733,52.0045],[-5.073,52.0046],[-5.0871,52.0136],[-5.0896,52.0153],[-5.0895,52.0154],[-5.0864,52.018],[-5.0713,52.0301],[-5.0471,52.0256],[-5.0207,52.0204],[-4.9918,52.026],[-4.9895,52.0215],[-4.9871,52.0164],[-4.987,52.0164],[-4.9868,52.0161],[-4.9704,52.0128],[-4.9826,52.0147],[-4.9826,52.0147],[-4.9827,52.0147],[-4.9887,52.0086],[-4.9925,52.0048],[-4.9925,52.0047],[-4.9931,52.0041],[-4.9912,52.0042],[-4.9864,52.0024],[-4.9897,52.0007],[-4.9692,51.9949],[-4.9699,51.9973],[-4.9267,52.0089],[-4.9197,52.0101],[-4.9162,52.0191],[-4.9149,52.0223],[-4.9101,52.0346],[-4.8856,52.0208],[-4.8826,52.0209],[-4.8789,52.019],[-4.8143,52.0185],[-4.8388,52.0242],[-4.8413,52.0248],[-4.838,52.0334],[-4.8442,52.0361],[-4.8383,52.0499],[-4.838,52.0503],[-4.8351,52.0508],[-4.7914,52.0585],[-4.7591,52.0768],[-4.7414,52.0986],[-4.747,52.1023],[-4.7492,52.1042],[-4.7315,52.1179],[-4.6886,52.1042],[-4.6817,52.0851],[-4.6697,52.0803],[-4.6803,52.0637]]]]}},{"type":"Feature","properties":{"name":"Carmarthenshire","slug":"carmarthenshire","code":"W06000010"},"geometry":{"type":"Polygon","coordinates":[[[-3.8601,52.1422],[-3.7944,52.1171],[-3.7861,52.1046],[-3.7578,52.1282],[-3.7203,52.1175],[-3.7141,52.105],[-3.7288,52.094],[-3.7231,52.0852],[-3.6671,52.0743],[-3.679,52.0606],[-3.6471,52.0388],[-3.6683,52.0254],[-3.67,52.0042],[-3.7112,51.9619],[-3.6999,51.946],[-3.7203,51.9418],[-3.7275,51.9106],[-3.7136,51.9059],[-3.7138,51.8871],[-3.7726,51.846],[-3.8067,51.788],[-3.8186,51.8023],[-3.8655,51.8103],[-3.8999,51.8036],[-3.8821,51.7879],[-3.8872,51.7688],[-3.9184,51.7753],[-3.9365,51.7714],[-3.9652,51.7637],[-3.9998,51.7742],[-4.0017,51.7626],[-4.0493,51.7296],[-4.0435,51.7066],[-4.0497,51.712],[-4.044,51.7067],[-4.0563,51.7132],[-4.0549,51.7075],[-4.0592,51.7003],[-4.0718,51.6991],[-4.0673,51.6907],[-4.0816,51.6888],[-4.0814,51.6841],[-4.0814,51.6841],[-4.0813,51.6839],[-4.0811,51.6803],[-4.0805,51.6697],[-4.0813,51.6749],[-4.0897,51.6717],[-4.0817,51.6639],[-4.1294,51.6579],[-4.1332,51.6654],[-4.1462,51.6547],[-4.1676,51.6641],[-4.1685,51.6787],[-4.1686,51.6808],[-4.1688,51.6787],[-4.1701,51.6654],[-4.1806,51.6785],[-4.1823,51.6807],[-4.2154,51.6853],[-4.2891,51.677],[-4.286,51.6765],[-4.2642,51.6733],[-4.2912,51.6677],[-4.3087,51.6761],[-4.3156,51.6794],[-4.3483,51.6951],[-4.3799,51.7321],[-4.3605,51.7303],[-4.363,51.7247],[-4.3575,51.7297],[-4.3566,51.7241],[-4.3562,51.7218],[-4.3354,51.7231],[-4.3365,51.7175],[-4.3238,51.7241],[-4.3225,51.7166],[-4.3218,51.7247],[-4.3178,51.7215],[-4.3148,51.7192],[-4.315,51.7263],[-4.3098,51.7215],[-4.3019,51.7261],[-4.3182,51.7302],[-4.325,51.7319],[-4.3184,51.7341],[-4.2955,51.7419],[-4.3185,51.7354],[-4.3217,51.7345],[-4.3656,51.7379],[-4.376,51.7539],[-4.3661,51.7872],[-4.324,51.8015],[-4.3265,51.8014],[-4.3635,51.7965],[-4.4038,51.7573],[-4.4489,51.7701],[-4.4628,51.7691],[-4.459,51.7605],[-4.4178,51.7453],[-4.4237,51.7407],[-4.4632,51.7317],[-4.559,51.742],[-4.5718,51.737],[-4.6065,51.7348],[-4.6082,51.7348],[-4.6322,51.7352],[-4.6226,51.7681],[-4.644,51.7765],[-4.6341,51.785],[-4.6446,51.7973],[-4.6169,51.8116],[-4.6458,51.8313],[-4.7043,51.8391],[-4.7086,51.8473],[-4.6941,51.8596],[-4.7067,51.8889],[-4.7231,51.8957],[-4.7135,51.8992],[-4.7134,51.9158],[-4.6679,51.9341],[-4.6356,51.9186],[-4.6,51.9409],[-4.5777,51.9319],[-4.5415,51.9566],[-4.4933,51.9613],[-4.4871,51.9887],[-4.5123,51.9949],[-4.523,52.0113],[-4.5464,52.0191],[-4.5598,52.0437],[-4.5449,52.0442],[-4.5411,52.0521],[-4.5356,52.0444],[-4.5019,52.0426],[-4.4875,52.0491],[-4.4637,52.0365],[-4.4487,52.0441],[-4.4111,52.0418],[-4.3988,52.0346],[-4.3849,52.04],[-4.3506,52.0268],[-4.3347,52.0413],[-4.3058,52.0386],[-4.3011,52.0516],[-4.289,52.0528],[-4.2825,52.0398],[-4.2345,52.0382],[-4.2058,52.0626],[-4.1915,52.0593],[-4.1642,52.0682],[-4.1586,52.0812],[-4.1473,52.0808],[-4.1588,52.0869],[-4.144,52.0943],[-4.1001,52.0961],[-4.0581,52.1139],[-4.0181,52.0971],[-3.9405,52.1384],[-3.9067,52.1198],[-3.8601,52.1422]]]}},{"type":"Feature","properties":{"name":"Swansea","slug":"swansea","code":"W06000011"},"geometry":{"type":"MultiPolygon","coordinates":[[[[-4.3339,51.565],[-4.3113,51.5618],[-4.3097,51.5629],[-4.3095,51.5591],[-4.3095,51.5584],[-4.3339,51.565]]],[[[-4.3118,51.6041],[-4.3118,51.6039],[-4.3164,51.6092],[-4.3122,51.6109],[-4.3118,51.6041]]],[[[-4.0814,51.6841],[-4.0813,51.6839],[-4.0814,51.6841],[-4.0814,51.6841]]],[[[-4.0532,51.7009],[-4.0592,51.7003],[-4.0549,51.7075],[-4.0532,51.7009]]],[[[-3.9998,51.7742],[-3.9652,51.7637],[-3.9365,51.7714],[-3.8885,51.7391],[-3.876,51.704],[-3.8427,51.6974],[-3.887,51.6341],[-3.8864,51.6175],[-3.9226,51.6076],[-3.9271,51.6073],[-3.9293,51.6167],[-3.9287,51.6135],[-3.9288,51.6082],[-3.9291,51.6134],[-3.9583,51.6122],[-3.9939,51.5987],[-4.0006,51.58],[-3.9863,51.5733],[-3.9864,51.5732],[-3.9766,51.5687],[-3.9806,51.5649],[-3.9821,51.5649],[-4.0106,51.5682],[-4.0212,51.5643],[-4.0243,51.5631],[-4.035,51.5701],[-4.0644,51.5573],[-4.1113,51.5699],[-4.1037,51.5778],[-4.1564,51.5619],[-4.1529,51.5425],[-4.1751,51.5449],[-4.1948,51.5483],[-4.2108,51.5371],[-4.2788,51.5615],[-4.3082,51.563],[-4.289,51.5764],[-4.3092,51.6096],[-4.2797,51.6159],[-4.2455,51.6476],[-4.2306,51.6477],[-4.2425,51.6464],[-4.2325,51.6422],[-4.2456,51.618],[-4.2323,51.6315],[-4.2339,51.6229],[-4.2287,51.6304],[-4.2237,51.621],[-4.2254,51.6262],[-4.2223,51.6257],[-4.2055,51.6164],[-4.213,51.6242],[-4.2209,51.6255],[-4.2246,51.6277],[-4.2195,51.6315],[-4.2089,51.6249],[-4.2177,51.6356],[-4.1864,51.6267],[-4.1978,51.6223],[-4.1878,51.617],[-4.192,51.6241],[-4.1659,51.6282],[-4.1732,51.6161],[-4.1589,51.6242],[-4.1641,51.628],[-4.1557,51.6266],[-4.1643,51.6282],[-4.1547,51.6278],[-4.1585,51.6343],[-4.133,51.6325],[-4.1374,51.6421],[-4.0872,51.648],[-4.1163,51.6447],[-4.1054,51.6527],[-4.0486,51.6557],[-4.0813,51.6621],[-4.0624,51.6727],[-4.0746,51.6804],[-4.0772,51.682],[-4.0715,51.6805],[-4.0692,51.6798],[-4.0686,51.6805],[-4.0514,51.6998],[-4.0537,51.7089],[-4.0437,51.7062],[-4.0433,51.7065],[-4.0435,51.7066],[-4.0493,51.7296],[-4.0017,51.7626],[-3.9998,51.7742]]]]}},{"type":"Feature","properties":{"name":"Neath Port Talbot","slug":"neath-port-talbot","code":"W06000012"},"geometry":{"type":"Polygon","coordinates":[[[-3.8067,51.788],[-3.7703,51.7545],[-3.7461,51.7534],[-3.7279,51.7762],[-3.6704,51.7872],[-3.6034,51.7738],[-3.5913,51.7546],[-3.5786,51.7179],[-3.5896,51.6793],[-3.5633,51.6455],[-3.5957,51.6377],[-3.6657,51.6412],[-3.6807,51.6219],[-3.6767,51.6013],[-3.6911,51.6035],[-3.6944,51.5943],[-3.6553,51.5648],[-3.6566,51.5392],[-3.6878,51.5374],[-3.7031,51.5272],[-3.7623,51.5348],[-3.763,51.5365],[-3.7639,51.5377],[-3.7628,51.538],[-3.7642,51.538],[-3.7785,51.5561],[-3.78,51.5597],[-3.7819,51.5605],[-3.7893,51.5697],[-3.7972,51.5693],[-3.8173,51.5743],[-3.8173,51.5743],[-3.7979,51.5711],[-3.8022,51.5819],[-3.8107,51.5806],[-3.8096,51.5816],[-3.8109,51.5827],[-3.7907,51.593],[-3.8118,51.5835],[-3.8193,51.5905],[-3.8227,51.5921],[-3.8508,51.6145],[-3.8369,51.6237],[-3.8862,51.6175],[-3.8864,51.6175],[-3.887,51.6341],[-3.8427,51.6974],[-3.876,51.704],[-3.8885,51.7391],[-3.9365,51.7714],[-3.9184,51.7753],[-3.8872,51.7688],[-3.8821,51.7879],[-3.8999,51.8036],[-3.8655,51.8103],[-3.8186,51.8023],[-3.8067,51.788]]]}},{"type":"Feature","properties":{"name":"Bridgend","slug":"bridgend","code":"W06000013"},"geometry":{"type":"Polygon","coordinates":[[[-3.4975,51.5126],[-3.5296,51.5014],[-3.5276,51.4937],[-3.5394,51.491],[-3.5329,51.4816],[-3.5548,51.4928],[-3.6212,51.4755],[-3.6196,51.4766],[-3.6264,51.4742],[-3.6399,51.4707],[-3.6589,51.48],[-3.6798,51.4732],[-3.6988,51.478],[-3.6995,51.4745],[-3.7083,51.4757],[-3.7208,51.4797],[-3.7297,51.4873],[-3.7494,51.504],[-3.7502,51.5059],[-3.7623,51.5348],[-3.7031,51.5272],[-3.6878,51.5374],[-3.6566,51.5392],[-3.6553,51.5648],[-3.6944,51.5943],[-3.6911,51.6035],[-3.6767,51.6013],[-3.6807,51.6219],[-3.6657,51.6412],[-3.5957,51.6377],[-3.5633,51.6455],[-3.5376,51.6441],[-3.51,51.6181],[-3.4725,51.6013],[-3.4765,51.5816],[-3.4887,51.5742],[-3.463,51.5434],[-3.4975,51.5126]]]}},{"type":"Feature","properties":{"name":"Vale of Glamorgan","slug":"vale-of-glamorgan","code":"W06000014"},"geometry":{"type":"MultiPolygon","coordinates":[[[[-3.6264,51.4742],[-3.6383,51.4699],[-3.6399,51.4707],[-3.6264,51.4742]]],[[[-3.4111,51.5068],[-3.4019,51.499],[-3.3786,51.5127],[-3.3357,51.5084],[-3.2984,51.4999],[-3.2711,51.4651],[-3.2481,51.4646],[-3.2189,51.4749],[-3.1867,51.4479],[-3.1659,51.444],[-3.1697,51.4063],[-3.1876,51.4001],[-3.2242,51.4034],[-3.2609,51.3948],[-3.2646,51.3892],[-3.269,51.3879],[-3.3103,51.3928],[-3.3424,51.3811],[-3.3958,51.3827],[-3.3952,51.3979],[-3.3966,51.3824],[-3.4056,51.381],[-3.4153,51.3878],[-3.4386,51.39],[-3.559,51.4013],[-3.5968,51.441],[-3.6268,51.4555],[-3.6393,51.4634],[-3.6212,51.4755],[-3.5548,51.4928],[-3.5329,51.4816],[-3.5394,51.491],[-3.5276,51.4937],[-3.5296,51.5014],[-3.4975,51.5126],[-3.4654,51.5148],[-3.4111,51.5068]]]]}},{"type":"Feature","properties":{"name":"Cardiff","slug":"cardiff","code":"W06000015"},"geometry":{"type":"Polygon","coordinates":[[[-3.1189,51.5456],[-3.0689,51.5203],[-3.0904,51.5099],[-3.0835,51.5017],[-3.1255,51.4895],[-3.1418,51.5123],[-3.1236,51.486],[-3.1528,51.457],[-3.1641,51.4458],[-3.1644,51.4458],[-3.1657,51.4462],[-3.1659,51.444],[-3.1867,51.4479],[-3.2189,51.4749],[-3.2481,51.4646],[-3.2711,51.4651],[-3.2984,51.4999],[-3.3357,51.5084],[-3.3412,51.5353],[-3.3244,51.5358],[-3.3104,51.5489],[-3.2777,51.5519],[-3.2616,51.5378],[-3.2377,51.5526],[-3.1637,51.5605],[-3.1526,51.5516],[-3.1445,51.5553],[-3.1189,51.5456]]]}},{"type":"Feature","properties":{"name":"Rhondda Cynon Taf","slug":"rhondda-cynon-taf","code":"W06000016"},"geometry":{"type":"Polygon","coordinates":[[[-3.4442,51.8165],[-3.4407,51.7958],[-3.4166,51.7672],[-3.4275,51.7585],[-3.4531,51.7617],[-3.3999,51.7179],[-3.38,51.711],[-3.3314,51.6567],[-3.3139,51.6557],[-3.3139,51.6447],[-3.2914,51.5921],[-3.2698,51.5838],[-3.2629,51.5662],[-3.2425,51.5655],[-3.2377,51.5526],[-3.2616,51.5378],[-3.2777,51.5519],[-3.3104,51.5489],[-3.3244,51.5358],[-3.3412,51.5353],[-3.3357,51.5084],[-3.3786,51.5127],[-3.4019,51.499],[-3.4111,51.5068],[-3.4654,51.5148],[-3.4975,51.5126],[-3.463,51.5434],[-3.4887,51.5742],[-3.4765,51.5816],[-3.4725,51.6013],[-3.51,51.6181],[-3.5376,51.6441],[-3.5633,51.6455],[-3.5896,51.6793],[-3.5786,51.7179],[-3.5913,51.7546],[-3.5656,51.7649],[-3.5599,51.7775],[-3.5371,51.7762],[-3.5412,51.7846],[-3.4763,51.8095],[-3.4701,51.8285],[-3.4601,51.8301],[-3.4442,51.8165]]]}},{"type":"Feature","properties":{"name":"Caerphilly","slug":"caerphilly","code":"W06000018"},"geometry":{"type":"Polygon","coordinates":[[[-3.1161,51.6908],[-3.102,51.6821],[-3.0844,51.6884],[-3.0717,51.6742],[-3.0748,51.6522],[-3.1027,51.634],[-3.0818,51.6194],[-3.0646,51.6039],[-3.0937,51.5914],[-3.1052,51.5972],[-3.1242,51.5886],[-3.1218,51.5797],[-3.0902,51.5693],[-3.1189,51.5456],[-3.1445,51.5553],[-3.1526,51.5516],[-3.1637,51.5605],[-3.2377,51.5526],[-3.2425,51.5655],[-3.2629,51.5662],[-3.2698,51.5838],[-3.2914,51.5921],[-3.3139,51.6447],[-3.2961,51.6641],[-3.2852,51.6582],[-3.2847,51.6771],[-3.2739,51.6823],[-3.3006,51.7363],[-3.3155,51.7318],[-3.31,51.739],[-3.329,51.7587],[-3.3345,51.7904],[-3.3101,51.7943],[-3.3013,51.799],[-3.2725,51.7775],[-3.267,51.7593],[-3.2229,51.7231],[-3.224,51.7291],[-3.2109,51.7307],[-3.2196,51.7451],[-3.2101,51.7501],[-3.1672,51.7099],[-3.1564,51.714],[-3.1291,51.6958],[-3.1377,51.6819],[-3.1161,51.6908]]]}},{"type":"Feature","properties":{"name":"Blaenau Gwent","slug":"blaenau-gwent","code":"W06000019"},"geometry":{"type":"Polygon","coordinates":[[[-3.1574,51.8161],[-3.1458,51.8047],[-3.1569,51.7961],[-3.1342,51.7928],[-3.1439,51.7861],[-3.1061,51.7613],[-3.1152,51.7574],[-3.106,51.7205],[-3.1161,51.6908],[-3.1377,51.6819],[-3.1291,51.6958],[-3.1564,51.714],[-3.1672,51.7099],[-3.2101,51.7501],[-3.2196,51.7451],[-3.2109,51.7307],[-3.224,51.7291],[-3.2229,51.7231],[-3.267,51.7593],[-3.2725,51.7775],[-3.3013,51.799],[-3.3101,51.7943],[-3.3086,51.8061],[-3.2834,51.8255],[-3.2388,51.8124],[-3.1574,51.8161]]]}},{"type":"Feature","properties":{"name":"Torfaen","slug":"torfaen","code":"W06000020"},"geometry":{"type":"Polygon","coordinates":[[[-2.9589,51.6288],[-2.9893,51.6288],[-3.0196,51.6165],[-3.0472,51.6225],[-3.045,51.6067],[-3.0818,51.6194],[-3.1027,51.634],[-3.0748,51.6522],[-3.0717,51.6742],[-3.0844,51.6884],[-3.102,51.6821],[-3.1161,51.6908],[-3.106,51.7205],[-3.1152,51.7574],[-3.1061,51.7613],[-3.1439,51.7861],[-3.1342,51.7928],[-3.1082,51.7962],[-3.0589,51.7836],[-3.0434,51.7704],[-3.0493,51.7604],[-3.0278,51.7454],[-3.0313,51.7227],[-2.9835,51.7154],[-3.002,51.6908],[-2.9686,51.6914],[-2.9795,51.6737],[-2.9949,51.6793],[-3.0035,51.6691],[-2.9589,51.6288]]]}},{"type":"Feature","properties":{"name":"Monmouthshire","slug":"monmouthshire","code":"W06000021"},"geometry":{"type":"MultiPolygon","coordinates":[[[[-2.6566,51.6228],[-2.6569,51.622],[-2.6602,51.6296],[-2.6566,51.6228]]],[[[-3.0259,51.9573],[-3.0081,51.9271],[-2.9767,51.9275],[-2.9718,51.905],[-2.8778,51.9338],[-2.845,51.9221],[-2.8619,51.914],[-2.8419,51.9177],[-2.8361,51.9061],[-2.7683,51.8804],[-2.7788,51.8659],[-2.7388,51.8366],[-2.7197,51.8489],[-2.7151,51.8402],[-2.6973,51.8448],[-2.6933,51.8338],[-2.6662,51.8356],[-2.6504,51.8261],[-2.6609,51.8228],[-2.6595,51.8107],[-2.6785,51.8028],[-2.6698,51.7943],[-2.6805,51.7689],[-2.6627,51.7539],[-2.6722,51.7364],[-2.6875,51.7304],[-2.6684,51.7058],[-2.6838,51.7006],[-2.6692,51.6932],[-2.6723,51.681],[-2.6569,51.6745],[-2.6864,51.6632],[-2.6659,51.6643],[-2.6803,51.6475],[-2.6685,51.6456],[-2.6633,51.6356],[-2.6582,51.6216],[-2.6697,51.6088],[-2.6956,51.6034],[-2.7126,51.5824],[-2.7575,51.5784],[-2.8216,51.5541],[-2.8222,51.5539],[-2.8343,51.5704],[-2.8526,51.5713],[-2.8592,51.5794],[-2.8303,51.6149],[-2.8032,51.6159],[-2.8345,51.6484],[-2.8836,51.6415],[-2.9085,51.6236],[-2.9208,51.6269],[-2.9414,51.6171],[-2.9477,51.6286],[-2.9589,51.6288],[-3.0035,51.6691],[-2.9949,51.6793],[-2.9795,51.6737],[-2.9686,51.6914],[-3.002,51.6908],[-2.9835,51.7154],[-3.0313,51.7227],[-3.0278,51.7454],[-3.0493,51.7604],[-3.0434,51.7704],[-3.0589,51.7836],[-3.1082,51.7962],[-3.1342,51.7928],[-3.1569,51.7961],[-3.1458,51.8047],[-3.1574,51.8161],[-3.1205,51.8389],[-3.101,51.832],[-3.0972,51.8464],[-3.0634,51.8633],[-3.0722,51.8752],[-3.0401,51.8846],[-3.0495,51.9114],[-3.0787,51.9245],[-3.0901,51.9504],[-3.0816,51.9554],[-3.0931,51.9652],[-3.0674,51.9831],[-3.0259,51.9573]]]]}},{"type":"Feature","properties":{"name":"Newport","slug":"newport","code":"W06000022"},"geometry":{"type":"Polygon","coordinates":[[[-2.8222,51.5539],[-2.8666,51.5424],[-2.9049,51.5324],[-2.9225,51.5358],[-2.914,51.5426],[-2.9512,51.5351],[-2.9817,51.5451],[-2.9702,51.5556],[-2.9887,51.5495],[-3.0049,51.5658],[-2.9893,51.5475],[-2.9953,51.5365],[-3.0517,51.5142],[-3.0827,51.5019],[-3.0835,51.5017],[-3.0904,51.5099],[-3.0689,51.5203],[-3.1189,51.5456],[-3.0902,51.5693],[-3.1218,51.5797],[-3.1242,51.5886],[-3.1052,51.5972],[-3.0937,51.5914],[-3.0646,51.6039],[-3.0818,51.6194],[-3.045,51.6067],[-3.0472,51.6225],[-3.0196,51.6165],[-2.9893,51.6288],[-2.9589,51.6288],[-2.9477,51.6286],[-2.9414,51.6171],[-2.9208,51.6269],[-2.9085,51.6236],[-2.8836,51.6415],[-2.8345,51.6484],[-2.8032,51.6159],[-2.8303,51.6149],[-2.8592,51.5794],[-2.8526,51.5713],[-2.8343,51.5704],[-2.8222,51.5539]]]}},{"type":"Feature","properties":{"name":"Powys","slug":"powys","code":"W06000023"},"geometry":{"type":"Polygon","coordinates":[[[-3.1475,52.8902],[-3.1355,52.885],[-3.1524,52.8787],[-3.1277,52.8671],[-3.163,52.8475],[-3.1513,52.8426],[-3.1679,52.8193],[-3.1682,52.8073],[-3.1532,52.8064],[-3.1609,52.7957],[-3.1183,52.7836],[-3.0866,52.7956],[-3.0917,52.7867],[-3.0795,52.7715],[-3.0478,52.7726],[-3.0525,52.7686],[-3.039,52.7704],[-3.0354,52.764],[-3.0171,52.7676],[-3.0108,52.7585],[-3.0218,52.7519],[-2.992,52.7438],[-2.9913,52.7338],[-2.9651,52.7323],[-2.9611,52.7165],[-2.9781,52.7154],[-2.9776,52.7266],[-3.0006,52.7203],[-3.0204,52.7251],[-3.0225,52.7067],[-3.047,52.6913],[-3.0386,52.6754],[-3.0511,52.6474],[-3.0836,52.6413],[-3.0598,52.6307],[-3.0732,52.629],[-3.0936,52.6093],[-3.0896,52.5995],[-3.1174,52.5858],[-3.1395,52.5857],[-3.1115,52.5414],[-3.137,52.534],[-3.1331,52.5275],[-3.0854,52.5345],[-3.0873,52.5513],[-3.0142,52.5755],[-2.9942,52.5529],[-3.0039,52.5198],[-3.0324,52.5237],[-3.0292,52.5013],[-3.111,52.4989],[-3.1802,52.4739],[-3.1972,52.476],[-3.2356,52.4425],[-3.2195,52.4212],[-3.1789,52.4094],[-3.1544,52.3877],[-3.1106,52.3772],[-3.0607,52.3482],[-3.0402,52.3443],[-2.9745,52.3547],[-2.9547,52.3492],[-2.9668,52.3294],[-3.0009,52.3218],[-3.0126,52.2792],[-2.9496,52.2695],[-2.9772,52.2597],[-3.0058,52.2643],[-3.0359,52.2568],[-3.0483,52.2502],[-3.0442,52.2379],[-3.073,52.2359],[-3.0721,52.2131],[-3.1021,52.2027],[-3.0947,52.1837],[-3.1224,52.1634],[-3.0989,52.1547],[-3.0825,52.163],[-3.0725,52.1558],[-3.0937,52.1443],[-3.1359,52.1379],[-3.1419,52.1279],[-3.1049,52.1167],[-3.1053,52.1054],[-3.1227,52.1031],[-3.1259,52.0783],[-3.0906,52.0505],[-3.0863,52.0402],[-3.0992,52.0227],[-3.0674,51.9831],[-3.0931,51.9652],[-3.0816,51.9554],[-3.0901,51.9504],[-3.0787,51.9245],[-3.0495,51.9114],[-3.0401,51.8846],[-3.0722,51.8752],[-3.0634,51.8633],[-3.0972,51.8464],[-3.101,51.832],[-3.1205,51.8389],[-3.1574,51.8161],[-3.2388,51.8124],[-3.2834,51.8255],[-3.3086,51.8061],[-3.3101,51.7943],[-3.3345,51.7904],[-3.3601,51.7911],[-3.3575,51.807],[-3.4023,51.8142],[-3.4024,51.8263],[-3.4172,51.8351],[-3.4442,51.8165],[-3.4601,51.8301],[-3.4701,51.8285],[-3.4763,51.8095],[-3.5412,51.7846],[-3.5371,51.7762],[-3.5599,51.7775],[-3.5656,51.7649],[-3.5913,51.7546],[-3.6034,51.7738],[-3.6704,51.7872],[-3.7279,51.7762],[-3.7461,51.7534],[-3.7703,51.7545],[-3.8067,51.788],[-3.7726,51.846],[-3.7138,51.8871],[-3.7136,51.9059],[-3.7275,51.9106],[-3.7203,51.9418],[-3.6999,51.946],[-3.7112,51.9619],[-3.67,52.0042],[-3.6683,52.0254],[-3.6471,52.0388],[-3.679,52.0606],[-3.6671,52.0743],[-3.7231,52.0852],[-3.7288,52.094],[-3.7141,52.105],[-3.7203,52.1175],[-3.7578,52.1282],[-3.742,52.1395],[-3.7523,52.1976],[-3.7442,52.2463],[-3.7534,52.2518],[-3.7316,52.2715],[-3.7072,52.2741],[-3.7331,52.2903],[-3.7277,52.3058],[-3.745,52.3176],[-3.7051,52.3415],[-3.6582,52.3476],[-3.6855,52.3682],[-3.6972,52.3669],[-3.7121,52.4134],[-3.7716,52.4422],[-3.7664,52.4693],[-3.7448,52.4746],[-3.7333,52.5066],[-3.8125,52.4789],[-3.8268,52.4848],[-3.844,52.512],[-3.8409,52.5514],[-3.8595,52.5608],[-3.9265,52.5608],[-3.9289,52.5715],[-3.9154,52.5786],[-3.8838,52.5771],[-3.875,52.5932],[-3.8419,52.5999],[-3.8504,52.6206],[-3.8346,52.6331],[-3.8407,52.6509],[-3.8081,52.6779],[-3.7594,52.6694],[-3.7439,52.6813],[-3.7168,52.6788],[-3.7094,52.6711],[-3.6839,52.6939],[-3.6564,52.6914],[-3.602,52.705],[-3.5993,52.7259],[-3.5835,52.7386],[-3.6087,52.794],[-3.5971,52.8141],[-3.5865,52.8277],[-3.5682,52.8229],[-3.5667,52.8301],[-3.5053,52.842],[-3.483,52.8655],[-3.4672,52.8621],[-3.3888,52.8761],[-3.375,52.8925],[-3.3457,52.8925],[-3.2618,52.8666],[-3.233,52.867],[-3.2054,52.8931],[-3.1744,52.9016],[-3.1475,52.8902]]]}},{"type":"Feature","properties":{"name":"Merthyr Tydfil","slug":"merthyr-tydfil","code":"W06000024"},"geometry":{"type":"Polygon","coordinates":[[[-3.3345,51.7904],[-3.329,51.7587],[-3.31,51.739],[-3.3155,51.7318],[-3.3006,51.7363],[-3.2739,51.6823],[-3.2847,51.6771],[-3.2852,51.6582],[-3.2961,51.6641],[-3.3139,51.6447],[-3.3139,51.6557],[-3.3314,51.6567],[-3.38,51.711],[-3.3999,51.7179],[-3.4531,51.7617],[-3.4275,51.7585],[-3.4166,51.7672],[-3.4407,51.7958],[-3.4442,51.8165],[-3.4172,51.8351],[-3.4024,51.8263],[-3.4023,51.8142],[-3.3575,51.807],[-3.3601,51.7911],[-3.3345,51.7904]]]}}]}